solid auto-kdk-case
facet normal 0.00002935890956654122 -0.9999999995690272 0
outer loop
vertex 55.43913650512695 -77.15069580078125 -1
vertex 55.43913650512695 -77.15069580078125 -1.5094094276428223
vertex 60.3765983581543 -77.15055084228516 -1
endloop
endfacet
facet normal 0 0 1
outer loop
vertex 56.63047790527344 -75.93057250976562 0
vertex 51.33913803100586 -75.9686279296875 0
vertex 60.44190216064453 -76.13880157470703 0
endloop
endfacet
facet normal 0.10940789680104404 0.9939969376801782 0
outer loop
vertex 33.872947692871094 57.04193115234375 -1
vertex 33.45172119140625 57.088294982910156 -7.628573417663574
vertex 33.45172119140625 57.088294982910156 -1
endloop
endfacet
facet normal 0 0 1
outer loop
vertex 77.0145034790039 56.38804244995117 0
vertex 67.08940887451172 73.94674682617188 0
vertex 75.35932922363281 56.60872268676758 0
endloop
endfacet
facet normal 0 0 1
outer loop
vertex 65.54545593261719 75.50625610351562 0
vertex 67.08940887451172 73.94674682617188 0
vertex 66.74586486816406 74.45584869384766 0
endloop
endfacet
facet normal -0.06004285119591619 0.9981958004421102 0
outer loop
vertex 33.872947692871094 57.04193115234375 -7.615695953369141
vertex 33.872947692871094 57.04193115234375 -1
vertex 34.13099670410156 57.05745315551758 -1
endloop
endfacet
facet normal 0 0 1
outer loop
vertex 65.54545593261719 75.50625610351562 0
vertex 64.24629211425781 74.45723724365234 0
vertex 64.71707153320312 74.25725555419922 0
endloop
endfacet
facet normal 0 0 1
outer loop
vertex 65.54545593261719 75.50625610351562 0
vertex 64.82423400878906 75.8400650024414 0
vertex 61.72252655029297 75.71420288085938 0
endloop
endfacet
facet normal -0.06004133744459018 0.998195891495182 -5.9258370057935637e-8
outer loop
vertex 34.29595184326172 57.06737518310547 -1
vertex 33.872947692871094 57.04193115234375 -7.615695953369141
vertex 34.13099670410156 57.05745315551758 -1
endloop
endfacet
facet normal -0.24449963834941274 0.9696493834613654 0
outer loop
vertex 34.7899284362793 57.191932678222656 -1
vertex 34.29595184326172 57.06737518310547 -7.606023788452148
vertex 34.29595184326172 57.06737518310547 -1
endloop
endfacet
facet normal 0 0 1
outer loop
vertex 65.54545593261719 75.50625610351562 0
vertex 65.14167785644531 73.97207641601562 0
vertex 65.5048828125 73.61192321777344 0
endloop
endfacet
facet normal 0 0 1
outer loop
vertex -34.863826751708984 -73.35237121582031 0
vertex -34.72835159301758 -73.75389862060547 0
vertex -33.11750411987305 -74.16731262207031 0
endloop
endfacet
facet normal 0 0 1
outer loop
vertex 64.71707153320312 74.25725555419922 0
vertex 65.14167785644531 73.97207641601562 0
vertex 65.54545593261719 75.50625610351562 0
endloop
endfacet
facet normal 0.27571976953199456 0.9612380603623765 0
outer loop
vertex 33.45172119140625 57.088294982910156 -7.628573417663574
vertex 33.124908447265625 57.182037353515625 -7.626522541046143
vertex 33.45172119140625 57.088294982910156 -1
endloop
endfacet
facet normal 0 0 1
outer loop
vertex -13.052263259887695 57.96631622314453 0
vertex -14.338713645935059 57.044761657714844 0
vertex -12.30174446105957 58.22927474975586 0
endloop
endfacet
facet normal 0 0 1
outer loop
vertex 58.10139083862305 39.71832275390625 0
vertex 58.1943359375 39.2153434753418 0
vertex 59.6932487487793 39.21790313720703 0
endloop
endfacet
facet normal 0.000028869414238637377 -0.9999999995667904 0.000005742482613195877
outer loop
vertex 1.4395259618759155 -77.1522445678711 -4.375974655151367
vertex 1.5537066459655762 -77.1522445678711 -4.949999809265137
vertex 5.667887210845947 -77.1521224975586 -4.375974655151367
endloop
endfacet
facet normal -0.0008074824238503763 -0.9999996589867851 0.00017320060281300894
outer loop
vertex -59.53641128540039 -72.15141296386719 -1.5093389749526978
vertex -38.06183624267578 -72.1715087890625 -17.418500900268555
vertex -38.10219192504883 -72.16863250732422 -1
endloop
endfacet
facet normal 0 0 1
outer loop
vertex 44.06901168823242 65.40774536132812 0
vertex 45.248172760009766 64.45756530761719 0
vertex 44.70792007446289 65.91481018066406 0
endloop
endfacet
facet normal 0.000032017017728635226 -0.9999999982923663 -0.00004888944587124891
outer loop
vertex 47.19657897949219 -77.15093231201172 -1.56135094165802
vertex 19.053707122802734 -77.15174102783203 -3.450000047683716
vertex 47.860225677490234 -77.15090942382812 -1.5949000120162964
endloop
endfacet
facet normal 0 0 1
outer loop
vertex -73.00338745117188 58.35634231567383 0
vertex -73.04629516601562 56.85636901855469 0
vertex -34.85356903076172 56.849220275878906 0
endloop
endfacet
facet normal 0.99449341104693 0.10479911919592638 0
outer loop
vertex 59.84761047363281 34.89190673828125 -9.264448165893555
vertex 59.803199768066406 35.3133430480957 -9.231047630310059
vertex 59.84761047363281 34.89190673828125 -1
endloop
endfacet
facet normal 0.5787908430961889 0.8154760327244467 0
outer loop
vertex 61.03371047973633 33.209693908691406 -1
vertex 60.68813705444336 33.4549674987793 -9.495696067810059
vertex 60.68813705444336 33.4549674987793 -1
endloop
endfacet
facet normal -0.7213529316126144 -0.6925676487202438 0
outer loop
vertex -34.9771728515625 -75.92526245117188 -17.677688598632812
vertex -34.50431823730469 -76.41777038574219 -17.747819900512695
vertex -34.9771728515625 -75.92526245117188 -1
endloop
endfacet
facet normal 0.9474892575315621 0.3197875964797405 0
outer loop
vertex 77.99242401123047 56.617671966552734 -7.349188804626465
vertex 77.67742156982422 57.55098342895508 -7.371152877807617
vertex 77.99242401123047 56.617671966552734 -1
endloop
endfacet
facet normal -0.3865432801917177 -0.9222712684114536 -0.0000011643624525808136
outer loop
vertex -36.981834411621094 -72.43724060058594 -17.496902465820312
vertex -36.944007873535156 -72.45309448242188 -17.50926971435547
vertex -37.33484649658203 -72.289306640625 -1
endloop
endfacet
facet normal 0 0 1
outer loop
vertex -37.523284912109375 -71.22269439697266 0
vertex -37.109676361083984 -71.31498718261719 0
vertex -33.14629364013672 -69.66863250732422 0
endloop
endfacet
facet normal -0.8799137978481195 -0.475133358496779 -2.6443213285242314e-7
outer loop
vertex -35.94691848754883 -73.41729736328125 -17.63347816467285
vertex -35.809654235839844 -73.67150115966797 -17.654315948486328
vertex -36.01100540161133 -73.29862213134766 -1
endloop
endfacet
facet normal 0.00002861022948001482 -0.999999999574534 -0.000005690927567510071
outer loop
vertex 1.5537066459655762 -77.1522445678711 -9.949999809265137
vertex 1.4395259618759155 -77.1522445678711 -10.524024963378906
vertex 5.553706645965576 -77.15213012695312 -9.949999809265137
endloop
endfacet
facet normal 0.000028610229480478056 -0.9999999995907253 -6.533058379817308e-8
outer loop
vertex 44.93913650512695 -77.15099334716797 -5
vertex 60.3765983581543 -77.15055084228516 -17.7896671295166
vertex 56.93913650512695 -77.15065002441406 -5
endloop
endfacet
facet normal 0 0 1
outer loop
vertex 42.82634735107422 61.60333251953125 0
vertex 42.821834564208984 61.49934768676758 0
vertex 44.54806900024414 61.20404052734375 0
endloop
endfacet
facet normal 0.7263356602622396 0.687340169516824 0
outer loop
vertex 66.85169219970703 75.79888916015625 -5.925154209136963
vertex 66.85169219970703 75.79888916015625 -1
vertex 67.01319885253906 75.62821960449219 -1
endloop
endfacet
facet normal 0.5587295614384541 0.8293499123860766 0
outer loop
vertex 29.768108367919922 60.22940444946289 -7.172123432159424
vertex 30.58504867553711 59.67903518676758 -1
vertex 30.58504867553711 59.67903518676758 -7.272563457489014
endloop
endfacet
facet normal 0 0 1
outer loop
vertex 77.0145034790039 56.38804244995117 0
vertex 76.761474609375 57.13773727416992 0
vertex 67.08940887451172 73.94674682617188 0
endloop
endfacet
facet normal 0.5787937952314085 0.8154739374140797 0
outer loop
vertex 61.03371047973633 33.209693908691406 -9.54883861541748
vertex 60.79124069213867 33.38179016113281 -9.517963409423828
vertex 61.03371047973633 33.209693908691406 -1
endloop
endfacet
facet normal 0 0 1
outer loop
vertex 11.862104415893555 57.2408332824707 0
vertex 11.438368797302246 57.24634552001953 0
vertex 10.11180305480957 55.37531280517578 0
endloop
endfacet
facet normal 0.8175162468874512 0.5759055357218368 0
outer loop
vertex 64.4686508178711 30.6095027923584 -1
vertex 63.901363372802734 31.414785385131836 -9.400982856750488
vertex 63.901363372802734 31.414785385131836 -1
endloop
endfacet
facet normal 0 0 1
outer loop
vertex -69.72775268554688 -70.93057250976562 0
vertex -69.88996124267578 -70.82218170166016 0
vertex -73.48229217529297 -71.14021301269531 0
endloop
endfacet
facet normal 0.5460121193740193 0.8377772767846428 0
outer loop
vertex -32.632869720458984 58.7614631652832 -7.370943546295166
vertex -32.632869720458984 58.7614631652832 -1
vertex -31.807628631591797 58.2236213684082 -1
endloop
endfacet
facet normal 0 0 1
outer loop
vertex -32.34629440307617 52.10636901855469 0
vertex -30.63902473449707 54.88469314575195 0
vertex -30.695966720581055 54.96601486206055 0
endloop
endfacet
facet normal -0.0008832015240269287 -0.999999609711698 0.000023054713484188156
outer loop
vertex -73.58206939697266 -72.14013671875 -17.39533805847168
vertex -38.06183624267578 -72.1715087890625 -17.418500900268555
vertex -70.03640747070312 -72.14298248291016 -5
endloop
endfacet
facet normal 0 0 1
outer loop
vertex 31.674633026123047 56.86885452270508 0
vertex 31.610837936401367 56.932647705078125 0
vertex 28.498210906982422 58.073307037353516 0
endloop
endfacet
facet normal 0.00002833775132980322 -0.999999999559534 0.000008826310547431435
outer loop
vertex 7.053706645965576 -77.15208435058594 -3.450000047683716
vertex 0.05370670184493065 -77.15228271484375 -3.450000047683716
vertex 0.6277318596839905 -77.15226745605469 -3.564180612564087
endloop
endfacet
facet normal 0.8438680282689758 -0.5365507905738571 0
outer loop
vertex 60.98676681518555 42.294227600097656 -8.57944107055664
vertex 60.770565032958984 41.954193115234375 -1
vertex 60.770565032958984 41.954193115234375 -8.629862785339355
endloop
endfacet
facet normal 0.0000286102177869796 -0.9999999995907276 0
outer loop
vertex 50.53913879394531 -77.15083312988281 -1.668005347251892
vertex 44.93913650512695 -77.15099334716797 -4
vertex 50.53913879394531 -77.15083312988281 -4
endloop
endfacet
facet normal -0.9991090146244667 -0.042203991471511756 0
outer loop
vertex 41.782379150390625 62.62312698364258 -6.851521015167236
vertex 41.81978225708008 61.7376708984375 -7.009434700012207
vertex 41.782379150390625 62.62312698364258 -1
endloop
endfacet
facet normal -0.8412683035731048 0.5406178330421859 4.190728049626318e-8
outer loop
vertex 41.45066452026367 60.199676513671875 -7.3494415283203125
vertex 41.3089485168457 59.979148864746094 -7.399467468261719
vertex 41.538047790527344 60.335655212402344 -1
endloop
endfacet
facet normal -0.13534857540343723 0.990798043567033 0
outer loop
vertex 63.218379974365234 77.07840728759766 -1
vertex 62.24240493774414 76.94508361816406 -5.956003189086914
vertex 62.24240493774414 76.94508361816406 -1
endloop
endfacet
facet normal -0.9458117436634684 0.32471548059310384 -0.000047026151386310876
outer loop
vertex 41.971961975097656 63.747554779052734 -6.898626804351807
vertex 41.920780181884766 63.598480224609375 -6.866187572479248
vertex 42.24066162109375 64.53022766113281 -6.755720138549805
endloop
endfacet
facet normal 0.9898996835098778 0.1417658487343771 0.0010299124553912328
outer loop
vertex 60.69601821899414 39.269813537597656 -1
vertex 60.48957443237305 40.76736831665039 -8.712777137756348
vertex 60.487281799316406 40.72734451293945 -1
endloop
endfacet
facet normal 0 0 1
outer loop
vertex -76.76165008544922 56.10350036621094 0
vertex -77.24628448486328 -66.92547607421875 0
vertex -76.32772827148438 56.76930236816406 0
endloop
endfacet
facet normal 0 0 1
outer loop
vertex 43.15557861328125 64.11551666259766 0
vertex 42.89749526977539 63.363773345947266 0
vertex 44.40285110473633 63.198978424072266 0
endloop
endfacet
facet normal 0.00002845944693268545 -0.9999999995930748 0.000001977395616767851
outer loop
vertex 0.05370670184493065 -77.15228271484375 -11.449999809265137
vertex -32.75425338745117 -77.15322875976562 -17.694841384887695
vertex 6.479681491851807 -77.152099609375 -11.335819244384766
endloop
endfacet
facet normal 0.023615429946830937 0.9997211168462855 2.0433627528212275e-7
outer loop
vertex 26.919137954711914 60.84754943847656 -7.245004177093506
vertex 26.914562225341797 60.84765625 -1
vertex 27.42341423034668 60.835636138916016 -1
endloop
endfacet
facet normal 0.00003058959470824562 -0.9999999991430494 -0.000027895843893589147
outer loop
vertex 48.57978820800781 -77.15089416503906 -1.6274160146713257
vertex 19.627731323242188 -77.15172576904297 -3.564180612564087
vertex 49.796146392822266 -77.1508560180664 -1.6610794067382812
endloop
endfacet
facet normal -0.0008036126395590467 -0.999999677103125 -6.091577418497496e-7
outer loop
vertex -66.3939437866211 -72.14590454101562 -1.6279810667037964
vertex -64.43640899658203 -72.14747619628906 -4
vertex -65.17870330810547 -72.14688110351562 -1.6615092754364014
endloop
endfacet
facet normal 0 0 1
outer loop
vertex -15.608287811279297 55.015541076660156 0
vertex -13.98914623260498 54.349090576171875 0
vertex -15.375763893127441 55.36981964111328 0
endloop
endfacet
facet normal 0 0 1
outer loop
vertex 8.880274772644043 56.58624267578125 0
vertex 9.317452430725098 56.32072067260742 0
vertex 8.139591217041016 58.327972412109375 0
endloop
endfacet
facet normal 0 0 1
outer loop
vertex -17.138099670410156 53.85031509399414 0
vertex -13.996293067932129 52.10636901855469 0
vertex -17.10142707824707 53.86014175415039 0
endloop
endfacet
facet normal -0.6714818282694552 -0.7410210214993296 0
outer loop
vertex -36.272438049316406 -72.96510314941406 -17.64056968688965
vertex -36.272438049316406 -72.96510314941406 -1
vertex -36.34597396850586 -72.89846801757812 -1
endloop
endfacet
facet normal -0.5579579858826811 -0.8298691981208495 0
outer loop
vertex -34.50431823730469 -76.41777038574219 -1
vertex -33.93771743774414 -76.79872131347656 -17.709304809570312
vertex -33.93771743774414 -76.79872131347656 -1
endloop
endfacet
facet normal 0.8260604375390503 0.5635815411563043 8.231721823337379e-7
outer loop
vertex -30.07501220703125 55.82361602783203 -7.650815963745117
vertex -30.111804962158203 55.87754440307617 -7.647698402404785
vertex -29.87298011779785 55.52748107910156 -1
endloop
endfacet
facet normal 0 0 1
outer loop
vertex -75.65922546386719 -70.25006103515625 0
vertex -75.34700012207031 -68.38119506835938 0
vertex -76.23123168945312 -69.69834899902344 0
endloop
endfacet
facet normal 0.9114629843477832 0.411382095093883 0
outer loop
vertex 64.8738784790039 29.7116756439209 -9.481705665588379
vertex 64.4686508178711 30.6095027923584 -9.507113456726074
vertex 64.8738784790039 29.7116756439209 -1
endloop
endfacet
facet normal -0.3061353473070597 0.9519879984164151 -5.417528015835828e-7
outer loop
vertex -17.571598052978516 54.75862121582031 -7.812394142150879
vertex -17.84686851501465 54.670101165771484 -7.82488489151001
vertex -17.44344711303711 54.799835205078125 -1
endloop
endfacet
facet normal 0 0 1
outer loop
vertex 75.35932922363281 56.60872268676758 0
vertex 75.53822326660156 56.12953186035156 0
vertex 77.0145034790039 56.38804244995117 0
endloop
endfacet
facet normal -0.3061436534362892 0.9519853273347657 0
outer loop
vertex -17.44344711303711 54.799835205078125 -1
vertex -17.84686851501465 54.670101165771484 -7.82488489151001
vertex -17.84686851501465 54.670101165771484 -1
endloop
endfacet
facet normal 0.8059078128563891 -0.5920410434902561 0
outer loop
vertex 63.970062255859375 -75.27014923095703 -1
vertex 63.970062255859375 -75.27014923095703 -17.575162887573242
vertex 64.30500793457031 -74.814208984375 -17.568723678588867
endloop
endfacet
facet normal 0 0 1
outer loop
vertex 43.65370559692383 31.765031814575195 0
vertex 43.65370559692383 30.731369018554688 0
vertex 60.14643096923828 30.72422218322754 0
endloop
endfacet
facet normal 0 0 1
outer loop
vertex 60.413482666015625 -69.62893676757812 0
vertex 61.76931381225586 -75.75333404541016 0
vertex 62.16979217529297 -75.53365325927734 0
endloop
endfacet
facet normal 0 0 1
outer loop
vertex 57.26464080810547 36.93095779418945 0
vertex 58.84579849243164 35.909873962402344 0
vertex 58.861297607421875 35.96771240234375 0
endloop
endfacet
facet normal 0 0 1
outer loop
vertex -75.70659637451172 -67.42840576171875 0
vertex -76.23123168945312 -69.69834899902344 0
vertex -75.57212829589844 -67.92191314697266 0
endloop
endfacet
facet normal 0 0 1
outer loop
vertex 31.610837936401367 56.932647705078125 0
vertex 31.312110900878906 57.233219146728516 0
vertex 28.498210906982422 58.073307037353516 0
endloop
endfacet
facet normal -0.0710610923995747 -0.9974719650932414 7.866270459624879e-8
outer loop
vertex -38.10219192504883 -72.16863250732422 -1
vertex -38.06183624267578 -72.1715087890625 -17.418500900268555
vertex -37.74773406982422 -72.19388580322266 -17.42815399169922
endloop
endfacet
facet normal 0.00002783543739303911 -0.9999999995927443 -0.000006300771395637353
outer loop
vertex 19.627731323242188 -77.15172576904297 -11.335819244384766
vertex 19.053707122802734 -77.15174102783203 -11.449999809265137
vertex 60.3765983581543 -77.15055084228516 -17.7896671295166
endloop
endfacet
facet normal -0.2251669034787543 -0.9743202069021197 0
outer loop
vertex -37.74773406982422 -72.19388580322266 -1
vertex -37.74773406982422 -72.19388580322266 -17.42815399169922
vertex -37.485477447509766 -72.2544937133789 -17.44048309326172
endloop
endfacet
facet normal 0.500217112288945 -0.8659000176540618 6.780618006647657e-8
outer loop
vertex 61.61591339111328 42.88736343383789 -1
vertex 61.815311431884766 43.0025520324707 -8.41172981262207
vertex 75.52381134033203 50.9217414855957 -7.685394287109375
endloop
endfacet
facet normal 0.00002814882409216645 -0.9999999995923045 0.0000047994738387416296
outer loop
vertex 6.479681491851807 -77.152099609375 -3.564180612564087
vertex 1.114366888999939 -77.15225219726562 -3.8893399238586426
vertex 5.993046760559082 -77.15211486816406 -3.8893399238586426
endloop
endfacet
facet normal 0.9906314674213703 0.13656242438746666 0
outer loop
vertex 60.48957443237305 40.76736831665039 -8.712777137756348
vertex 60.69601821899414 39.269813537597656 -1
vertex 60.69601821899414 39.269813537597656 -8.692237854003906
endloop
endfacet
facet normal 0 0 1
outer loop
vertex -32.745582580566406 55.568931579589844 0
vertex -32.52045440673828 55.10964584350586 0
vertex -32.4333610534668 57.437801361083984 0
endloop
endfacet
facet normal -0.499082979843519 0.8665541986687928 0
outer loop
vertex 61.3090934753418 76.63008117675781 -5.782338619232178
vertex 51.80195236206055 71.154541015625 -6.323193550109863
vertex 51.80195236206055 71.154541015625 -3.5
endloop
endfacet
facet normal 0.9907990822035566 0.13534097200991962 0
outer loop
vertex 78.12574005126953 55.64169692993164 -1
vertex 77.99242401123047 56.617671966552734 -7.349188804626465
vertex 77.99242401123047 56.617671966552734 -1
endloop
endfacet
facet normal 0 0 1
outer loop
vertex -35.48727035522461 -72.34962463378906 0
vertex -35.22583770751953 -72.68314361572266 0
vertex -33.14629364013672 -69.66863250732422 0
endloop
endfacet
facet normal 0.2801803750349073 -0.9599473722268433 -2.7714944033772617e-7
outer loop
vertex 61.13674545288086 -77.0313949584961 -1
vertex 61.679832458496094 -76.87287902832031 -17.70477294921875
vertex 61.37451171875 -76.96199798583984 -1
endloop
endfacet
facet normal 0 0 1
outer loop
vertex -33.14629364013672 -69.66863250732422 0
vertex -36.051246643066406 -71.83915710449219 0
vertex -35.943660736083984 -71.91448974609375 0
endloop
endfacet
facet normal 0.00002878375793919831 -0.9999999995857477 0
outer loop
vertex 20.553707122802734 -77.15169525146484 -4.949999809265137
vertex 20.553707122802734 -77.15169525146484 -9.949999809265137
vertex 44.93913650512695 -77.15099334716797 -4
endloop
endfacet
facet normal 0 0 1
outer loop
vertex -34.690574645996094 -73.89488983154297 0
vertex -34.590877532958984 -74.44314575195312 0
vertex -33.11750411987305 -74.16731262207031 0
endloop
endfacet
facet normal -0.613276945000901 0.7898679565157426 -8.121936544445745e-8
outer loop
vertex 40.868377685546875 59.54645919799805 -7.456780910491943
vertex 40.68821334838867 59.40657424926758 -7.509853839874268
vertex 41.02293395996094 59.66646194458008 -1
endloop
endfacet
facet normal 0.000028337751330276697 -0.9999999995762424 -0.0000066698393844686055
outer loop
vertex -32.75425338745117 -77.15322875976562 -1
vertex 0.05370670184493065 -77.15228271484375 -3.450000047683716
vertex 7.053706645965576 -77.15208435058594 -3.450000047683716
endloop
endfacet
facet normal 0.00003228740122164989 -0.9999999994309186 -0.000009781963013534454
outer loop
vertex -13.006953239440918 -77.15265655517578 -11.010660171508789
vertex -13.332112312316895 -77.15267181396484 -10.524024963378906
vertex -32.75425338745117 -77.15322875976562 -17.694841384887695
endloop
endfacet
facet normal 0 0 1
outer loop
vertex 44.70792007446289 65.91481018066406 0
vertex 62.2513542175293 74.31199645996094 0
vertex 61.72252655029297 75.71420288085938 0
endloop
endfacet
facet normal -0.49908010340751724 0.8665558551937376 -0.000014566820734004604
outer loop
vertex 61.3090934753418 76.63008117675781 -1
vertex 51.80195236206055 71.154541015625 -3.5
vertex 60.569541931152344 76.20414733886719 -1
endloop
endfacet
facet normal -0.49908345539591586 0.8665539247791063 0
outer loop
vertex 44.14445877075195 66.7442855834961 -1
vertex 49.89927291870117 70.0587158203125 -1.100000023841858
vertex 49.89927291870117 70.0587158203125 -2.5
endloop
endfacet
facet normal 0 0 1
outer loop
vertex 20.553707122802734 -74.9686279296875 0
vertex -32.446292877197266 -74.9686279296875 0
vertex 45.24779510498047 -75.93057250976562 0
endloop
endfacet
facet normal 0 0 1
outer loop
vertex 44.60283279418945 63.66975402832031 0
vertex 43.15557861328125 64.11551666259766 0
vertex 44.40285110473633 63.198978424072266 0
endloop
endfacet
facet normal 0.00002450479256680703 -0.9999999996124994 0.000013210458083304184
outer loop
vertex -13.006953239440918 -77.15265655517578 -11.010660171508789
vertex -32.75425338745117 -77.15322875976562 -17.694841384887695
vertex -12.520318031311035 -77.15264892578125 -11.335819244384766
endloop
endfacet
facet normal -0.4113788778388366 0.9114644364252834 0
outer loop
vertex -74.72660064697266 59.0765380859375 -7.168430328369141
vertex -75.62442779541016 58.67131423950195 -7.200322151184082
vertex -74.72660064697266 59.0765380859375 -1
endloop
endfacet
facet normal 0.8260716248463683 0.5635651431943612 0
outer loop
vertex -30.111804962158203 55.87754440307617 -7.647698402404785
vertex -30.111804962158203 55.87754440307617 -1
vertex -29.979755401611328 55.68398666381836 -1
endloop
endfacet
facet normal 0 0 1
outer loop
vertex 42.77096939086914 60.90926742553711 0
vertex 42.67690658569336 60.496055603027344 0
vertex 44.54806900024414 61.20404052734375 0
endloop
endfacet
facet normal 0 0 1
outer loop
vertex 42.45559310913086 59.946144104003906 0
vertex 46.03019332885742 58.622642517089844 0
vertex 42.621185302734375 60.33622360229492 0
endloop
endfacet
facet normal 0 0 1
outer loop
vertex 42.14767837524414 59.44017028808594 0
vertex 42.07499313354492 59.33636474609375 0
vertex 46.03019332885742 58.622642517089844 0
endloop
endfacet
facet normal 0 0 1
outer loop
vertex 64.14971160888672 -72.10488891601562 0
vertex 63.880191802978516 -73.45291900634766 0
vertex 64.01821899414062 -73.01750183105469 0
endloop
endfacet
facet normal 0.5587290420470676 0.829350262297641 0
outer loop
vertex 30.354116439819336 59.83461380004883 -1
vertex 29.768108367919922 60.22940444946289 -7.172123432159424
vertex 29.768108367919922 60.22940444946289 -1
endloop
endfacet
facet normal 0 0 1
outer loop
vertex 58.10889434814453 43.75394058227539 0
vertex 61.11570739746094 43.75324249267578 0
vertex 74.99337768554688 51.77018356323242 0
endloop
endfacet
facet normal 0.7092782933457275 0.7049285797785277 0
outer loop
vertex 32.317420959472656 57.6348991394043 -7.588940620422363
vertex 32.2098503112793 57.743133544921875 -7.548172950744629
vertex 32.317420959472656 57.6348991394043 -1
endloop
endfacet
facet normal 0 0 1
outer loop
vertex -75.77600860595703 57.34130859375 0
vertex -75.47616577148438 55.33293533325195 0
vertex -75.21064758300781 55.77011489868164 0
endloop
endfacet
facet normal 0 0 1
outer loop
vertex 56.90107727050781 -75.65997314453125 0
vertex 56.79269027709961 -75.82218170166016 0
vertex 60.44190216064453 -76.13880157470703 0
endloop
endfacet
facet normal 0.0008929104275489295 0.9999995825930245 0.00019371304841714926
outer loop
vertex -65.03640747070312 59.349708557128906 -3.5
vertex -65.03633880615234 59.35044860839844 -7.320662975311279
vertex -73.03804016113281 59.35636901855469 -1
endloop
endfacet
facet normal 0.8189136179935143 0.5739167938514845 -7.318567600082716e-8
outer loop
vertex 32.01869201660156 57.93546676635742 -1
vertex 31.86142349243164 58.15987014770508 -7.380647659301758
vertex 31.743431091308594 58.32823181152344 -7.350495338439941
endloop
endfacet
facet normal 0.00002268352877193083 -0.9999999997219131 0.0000064522317559669854
outer loop
vertex 54.01842498779297 -77.1507339477539 -1.5949000120162964
vertex 51.33913803100586 -77.15081024169922 -4
vertex 54.68157196044922 -77.15071868896484 -1.5613805055618286
endloop
endfacet
facet normal 0 0 1
outer loop
vertex 75.0194091796875 53.7183952331543 0
vertex 74.65926361083984 53.35519027709961 0
vertex 76.08975982666016 52.6693000793457 0
endloop
endfacet
facet normal 0 0 1
outer loop
vertex -16.606502532958984 54.11173629760742 0
vertex -16.98221778869629 53.91572952270508 0
vertex -13.996293067932129 52.10636901855469 0
endloop
endfacet
facet normal 0 0 1
outer loop
vertex 61.900394439697266 31.74701690673828 0
vertex 64.1106948852539 28.60149574279785 0
vertex 63.92326354980469 29.38702964782715 0
endloop
endfacet
facet normal 0 0 1
outer loop
vertex 28.55727767944336 59.65863800048828 0
vertex 27.780576705932617 59.82691955566406 0
vertex 28.498210906982422 58.073307037353516 0
endloop
endfacet
facet normal 0.000029654844478149495 -0.9999999995561812 -0.000002868355510553091
outer loop
vertex 55.43913650512695 -77.15069580078125 -1.5094094276428223
vertex 51.33913803100586 -77.15081024169922 -4
vertex 60.3765983581543 -77.15055084228516 -1
endloop
endfacet
facet normal 0 0 1
outer loop
vertex 60.45711135864258 32.39730453491211 0
vertex 60.10934829711914 32.63949203491211 0
vertex 61.13027572631836 30.46124267578125 0
endloop
endfacet
facet normal 0 0 1
outer loop
vertex 58.10889434814453 43.75394058227539 0
vertex 59.904541015625 42.454193115234375 0
vertex 59.9290771484375 42.489234924316406 0
endloop
endfacet
facet normal 0.8172733523580396 0.576250177896243 0
outer loop
vertex 60.388954162597656 33.75508499145508 -1
vertex 60.388954162597656 33.75508499145508 -9.426008224487305
vertex 60.14475631713867 34.10142135620117 -9.363080978393555
endloop
endfacet
facet normal 0 0 1
outer loop
vertex 10.11180305480957 55.37531280517578 0
vertex 10.853240966796875 57.34165954589844 0
vertex 10.690086364746094 57.38747024536133 0
endloop
endfacet
facet normal 0.10402890278808449 0.994574274442142 -0.0000016106785283516857
outer loop
vertex -28.380538940429688 54.65299606323242 -7.8516950607299805
vertex -28.451875686645508 54.660457611083984 -7.864048004150391
vertex -27.93465232849121 54.60636901855469 -1
endloop
endfacet
facet normal 0.19681167234922992 0.9804413116689339 0
outer loop
vertex -33.544742584228516 59.134002685546875 -7.27217435836792
vertex -34.51051330566406 59.3278694152832 -7.358429908752441
vertex -33.544742584228516 59.134002685546875 -1
endloop
endfacet
facet normal 0 0 1
outer loop
vertex -73.74345397949219 -69.5768051147461 0
vertex -74.22286224365234 -69.39850616455078 0
vertex -74.25773620605469 -70.98455047607422 0
endloop
endfacet
facet normal 0.1846516444657078 0.9828040344830244 0
outer loop
vertex 11.037888526916504 58.324466705322266 -7.610864162445068
vertex 11.037888526916504 58.324466705322266 -1
vertex 11.41986083984375 58.25270080566406 -1
endloop
endfacet
facet normal 0.015995077609440335 0.9998720705631606 7.618571255666454e-8
outer loop
vertex 11.87808609008789 58.239437103271484 -1
vertex 11.454371452331543 58.2462158203125 -7.580346584320068
vertex 11.538516998291016 58.244869232177734 -1
endloop
endfacet
facet normal -0.8360167149858174 0.5487039750761086 0
outer loop
vertex -16.208974838256836 55.916683197021484 -7.573782444000244
vertex -16.377296447753906 55.66022491455078 -7.6290740966796875
vertex -16.208974838256836 55.916683197021484 -1
endloop
endfacet
facet normal 0 0 1
outer loop
vertex 64.0530014038086 76.03184509277344 0
vertex 61.72252655029297 75.71420288085938 0
vertex 64.82423400878906 75.8400650024414 0
endloop
endfacet
facet normal 0.99999999845063 -0.00004279176277816632 0.000035603439280772786
outer loop
vertex 65.14970397949219 -72.1495590209961 -17.503599166870117
vertex 65.14971160888672 -71.99303436279297 -17.529760360717773
vertex 65.1537094116211 28.023113250732422 -9.607364654541016
endloop
endfacet
facet normal 0.9960216268390214 -0.08911183349560992 0
outer loop
vertex 65.14970397949219 -72.1495590209961 -17.503599166870117
vertex 65.09928894042969 -72.71305847167969 -1
vertex 65.09928894042969 -72.71305847167969 -17.457441329956055
endloop
endfacet
facet normal 0.8175166196712338 0.5759050065430229 0
outer loop
vertex -30.531349182128906 56.734500885009766 -1
vertex -31.0986385345459 57.53978729248047 -7.4258551597595215
vertex -31.0986385345459 57.53978729248047 -1
endloop
endfacet
facet normal 0 0 1
outer loop
vertex -69.53640747070312 -70.9686279296875 0
vertex -73.48229217529297 -71.14021301269531 0
vertex -64.43640899658203 -71.14747619628906 0
endloop
endfacet
facet normal -0.8412679614432463 0.5406183654382495 0
outer loop
vertex 41.3089485168457 59.979148864746094 -7.399467468261719
vertex 41.3089485168457 59.979148864746094 -1
vertex 41.538047790527344 60.335655212402344 -1
endloop
endfacet
facet normal 0 0 1
outer loop
vertex -34.610260009765625 58.327945709228516 0
vertex -34.85356903076172 56.849220275878906 0
vertex -34.34913635253906 56.76454162597656 0
endloop
endfacet
facet normal -0.9839920361891529 -0.17821243704165185 0
outer loop
vertex -35.67417907714844 -74.07302856445312 -17.671714782714844
vertex -35.56074523925781 -74.69934844970703 -17.660106658935547
vertex -35.67417907714844 -74.07302856445312 -1
endloop
endfacet
facet normal 0 0 1
outer loop
vertex -34.610260009765625 58.327945709228516 0
vertex -33.43254852294922 56.32072067260742 0
vertex -32.4333610534668 57.437801361083984 0
endloop
endfacet
facet normal 0.3828365156375697 -0.9238161084839802 0
outer loop
vertex 61.679832458496094 -76.87287902832031 -17.70477294921875
vertex 62.202484130859375 -76.65628814697266 -17.755510330200195
vertex 61.679832458496094 -76.87287902832031 -1
endloop
endfacet
facet normal 0 0 1
outer loop
vertex 58.989349365234375 36.490421295166016 0
vertex 57.26464080810547 36.93095779418945 0
vertex 58.95639419555664 36.38068771362305 0
endloop
endfacet
facet normal 0 0 1
outer loop
vertex -75.74629211425781 -66.9686279296875 0
vertex -76.68891906738281 -69.04865264892578 0
vertex -75.70659637451172 -67.42840576171875 0
endloop
endfacet
facet normal 0 0 1
outer loop
vertex -29.683313369750977 54.077476501464844 0
vertex -32.34629440307617 52.10636901855469 0
vertex -29.3026123046875 53.89130783081055 0
endloop
endfacet
facet normal 0 0 1
outer loop
vertex 56.42840576171875 36.441280364990234 0
vertex 59.330589294433594 33.52736282348633 0
vertex 59.27873229980469 33.60142135620117 0
endloop
endfacet
facet normal 0.4327380911404977 0.9015196861278617 0
outer loop
vertex 61.41574478149414 33.02631378173828 -1
vertex 61.03371047973633 33.209693908691406 -9.54883861541748
vertex 61.03371047973633 33.209693908691406 -1
endloop
endfacet
facet normal 0 0 1
outer loop
vertex 58.09075164794922 38.202239990234375 0
vertex 59.48072814941406 37.63906478881836 0
vertex 58.19074630737305 38.70386505126953 0
endloop
endfacet
facet normal 0 0 1
outer loop
vertex 62.38357925415039 -68.14520263671875 0
vertex 64.14971160888672 -72.10488891601562 0
vertex 62.56188201904297 -67.66578674316406 0
endloop
endfacet
facet normal 0 0 1
outer loop
vertex -32.34629440307617 52.10636901855469 0
vertex -30.16765594482422 54.419212341308594 0
vertex -30.221250534057617 54.45674133300781 0
endloop
endfacet
facet normal 0 0 1
outer loop
vertex 35.631744384765625 54.837890625 0
vertex 29.30525779724121 57.45219421386719 0
vertex 29.606700897216797 57.038963317871094 0
endloop
endfacet
facet normal 0.0010404652806094393 0.9999994587158535 0
outer loop
vertex 8.239484786987305 59.3278694152832 -7.358553886413574
vertex -11.57706069946289 59.348487854003906 -7.359274387359619
vertex 8.239484786987305 59.3278694152832 -1
endloop
endfacet
facet normal 0.7263171141364059 0.6873597594402479 -0.00010399426704022745
outer loop
vertex 67.44012451171875 75.17708587646484 -6.0607075691223145
vertex 66.85169219970703 75.79888916015625 -5.925154209136963
vertex 67.52876281738281 75.08342742919922 -6.036950588226318
endloop
endfacet
facet normal -0.9726951598415641 -0.23208646238157493 0
outer loop
vertex -78.19507598876953 -67.6907958984375 -17.14166831970215
vertex -77.96646118164062 -68.64894104003906 -17.125761032104492
vertex -78.19507598876953 -67.6907958984375 -1
endloop
endfacet
facet normal 0.9075122884880031 -0.4200255304660272 0
outer loop
vertex 77.421142578125 52.80823516845703 -7.4415998458862305
vertex 77.83488464355469 53.702171325683594 -7.549624919891357
vertex 77.421142578125 52.80823516845703 -1
endloop
endfacet
facet normal 0.18465584664824625 0.9828032449573106 0
outer loop
vertex 11.454371452331543 58.2462158203125 -7.580346584320068
vertex 11.338826179504395 58.26792526245117 -7.592490196228027
vertex 11.454371452331543 58.2462158203125 -1
endloop
endfacet
facet normal 0.617084462979671 -0.7868969218068468 0
outer loop
vertex 61.410552978515625 42.726322174072266 -8.453351974487305
vertex 61.282447814941406 42.62586212158203 -1
vertex 61.282447814941406 42.62586212158203 -8.494946479797363
endloop
endfacet
facet normal 0.5733582578784906 -0.8193047712069924 0
outer loop
vertex 62.69850540161133 -76.38420104980469 -1
vertex 63.16202926635742 -76.05982208251953 -17.724552154541016
vertex 63.16202926635742 -76.05982208251953 -1
endloop
endfacet
facet normal 0.9743604284971691 -0.2249927896145777 -5.132317841313402e-7
outer loop
vertex 60.51151657104492 41.150421142578125 -1
vertex 60.5381965637207 41.2659797668457 -8.653738975524902
vertex 60.60685729980469 41.563323974609375 -8.650911331176758
endloop
endfacet
facet normal 0 0 1
outer loop
vertex 60.413482666015625 -69.62893676757812 0
vertex 20.679628372192383 -74.65721130371094 0
vertex 45.24779510498047 -74.0066909790039 0
endloop
endfacet
facet normal 0.9704462721628333 -0.2413172853157953 -0.000025555330103573442
outer loop
vertex 77.83488464355469 53.702171325683594 -7.549624919891357
vertex 77.86847686767578 53.83726501464844 -7.588505744934082
vertex 78.07259368896484 54.65809631347656 -7.446556091308594
endloop
endfacet
facet normal 0 0 1
outer loop
vertex -32.385990142822266 54.616146087646484 0
vertex -32.4333610534668 57.437801361083984 0
vertex -32.52045440673828 55.10964584350586 0
endloop
endfacet
facet normal -0.9975507294718493 -0.06994670921624145 0
outer loop
vertex -78.24629211425781 -66.96037292480469 -1
vertex -78.19507598876953 -67.6907958984375 -17.14166831970215
vertex -78.19507598876953 -67.6907958984375 -1
endloop
endfacet
facet normal -0.7582361153940558 0.6519800559159246 0
outer loop
vertex 43.37281799316406 66.13187408447266 -6.680486679077148
vertex 42.73053741455078 65.38491821289062 -6.785250186920166
vertex 43.37281799316406 66.13187408447266 -1
endloop
endfacet
facet normal -0.9732702536815063 0.2296628252433034 0
outer loop
vertex 41.800968170166016 61.1381721496582 -7.158629894256592
vertex 41.77700424194336 61.036617279052734 -7.1734700202941895
vertex 41.800968170166016 61.1381721496582 -1
endloop
endfacet
facet normal 0.9704456272015177 -0.24131988033614818 0
outer loop
vertex 77.83488464355469 53.702171325683594 -1
vertex 78.07259368896484 54.65809631347656 -7.446556091308594
vertex 78.07259368896484 54.65809631347656 -1
endloop
endfacet
facet normal 0 0 1
outer loop
vertex -35.14497756958008 -72.79862213134766 0
vertex -34.931575775146484 -73.19734954833984 0
vertex -33.14629364013672 -69.66863250732422 0
endloop
endfacet
facet normal -0.7870226600972048 -0.6169240897334919 1.4874729676177817e-7
outer loop
vertex -36.01100540161133 -73.29862213134766 -17.649076461791992
vertex -36.272438049316406 -72.96510314941406 -1
vertex -36.12617111206055 -73.15170288085938 -17.641801834106445
endloop
endfacet
facet normal 0 0 1
outer loop
vertex -37.5740852355957 -71.20907592773438 0
vertex -37.523284912109375 -71.22269439697266 0
vertex -33.14629364013672 -69.66863250732422 0
endloop
endfacet
facet normal 0.6873546431231564 -0.7263219634410919 3.39597721439795e-7
outer loop
vertex 76.13076782226562 51.33131408691406 -1
vertex 76.84622192382812 52.00838088989258 -7.504549980163574
vertex 76.6755599975586 51.84687805175781 -1
endloop
endfacet
facet normal -0.9732716666912625 0.2296568370739972 0.0000010860377821001721
outer loop
vertex 41.73177719116211 60.844974517822266 -7.241670608520508
vertex 41.70363998413086 60.725730895996094 -7.272381782531738
vertex 41.800968170166016 61.1381721496582 -1
endloop
endfacet
facet normal -0.0009457208662163268 -0.9999995528059216 0
outer loop
vertex -58.03641128540039 -72.15261840820312 -5
vertex -38.06183624267578 -72.1715087890625 -17.418500900268555
vertex -58.03641128540039 -72.15261840820312 -4
endloop
endfacet
facet normal 0 0 1
outer loop
vertex -33.0206298828125 -74.3687973022461 0
vertex -33.857295989990234 -75.64778137207031 0
vertex -33.46882629394531 -75.90896606445312 0
endloop
endfacet
facet normal 0.43410246598384206 0.9008635018836969 7.679275882420876e-7
outer loop
vertex 32.826141357421875 57.310302734375 -7.646082401275635
vertex 32.662620544433594 57.38909912109375 -7.647016525268555
vertex 33.044376373291016 57.205135345458984 -1
endloop
endfacet
facet normal 0 0 1
outer loop
vertex -33.0206298828125 -74.3687973022461 0
vertex -32.6617317199707 -76.1532211303711 0
vertex -32.86517333984375 -74.52947235107422 0
endloop
endfacet
facet normal 0 0 1
outer loop
vertex 28.498210906982422 58.073307037353516 0
vertex 35.631744384765625 54.837890625 0
vertex 32.61188507080078 56.30763244628906 0
endloop
endfacet
facet normal 0.000026587405420015557 -0.9999999995132647 -0.00001632729821431145
outer loop
vertex -32.75425338745117 -77.15322875976562 -1
vertex -13.006953239440918 -77.15265655517578 -3.8893399238586426
vertex -12.520318031311035 -77.15264892578125 -3.564180612564087
endloop
endfacet
facet normal -0.3690162209059604 -0.9294229546769309 0.000005280824608097767
outer loop
vertex -33.32030487060547 -77.04395294189453 -17.78760528564453
vertex -33.93771743774414 -76.79872131347656 -1
vertex -33.351722717285156 -77.03147888183594 -17.79088020324707
endloop
endfacet
facet normal 0 0 1
outer loop
vertex 33.34270095825195 56.09783172607422 0
vertex 33.278072357177734 56.103485107421875 0
vertex 35.631744384765625 54.837890625 0
endloop
endfacet
facet normal 0.9983633996850744 -0.0571884793403417 0
outer loop
vertex 60.487281799316406 40.72734451293945 -1
vertex 60.51151657104492 41.150421142578125 -8.67802906036377
vertex 60.51151657104492 41.150421142578125 -1
endloop
endfacet
facet normal -0.47106192773508504 0.88210014184247 0
outer loop
vertex 40.68821334838867 59.40657424926758 -1
vertex 40.31440353393555 59.20695114135742 -7.551460266113281
vertex 40.31440353393555 59.20695114135742 -1
endloop
endfacet
facet normal 0.00002671394627854724 -0.9999999996290647 0.000005313727899220024
outer loop
vertex -13.332112312316895 -77.15267181396484 -10.524024963378906
vertex -13.446292877197266 -77.15267181396484 -9.949999809265137
vertex -32.75425338745117 -77.15322875976562 -17.694841384887695
endloop
endfacet
facet normal -0.49908313861658343 0.8665541069959796 0.000019925371927223828
outer loop
vertex 51.97900390625 71.25651550292969 -1.100000023841858
vertex 44.14445877075195 66.7442855834961 -1
vertex 60.569541931152344 76.20414733886719 -1
endloop
endfacet
facet normal 0.8289257332300966 0.5593586763329471 0
outer loop
vertex 67.52876281738281 75.08342742919922 -6.036950588226318
vertex 67.9383316040039 74.47647857666016 -1
vertex 67.9383316040039 74.47647857666016 -6.032046794891357
endloop
endfacet
facet normal 0.10940868120667487 0.9939968513413994 0
outer loop
vertex 33.872947692871094 57.04193115234375 -7.615695953369141
vertex 33.554344177246094 57.07699966430664 -7.608801364898682
vertex 33.872947692871094 57.04193115234375 -1
endloop
endfacet
facet normal 0.7368137064661303 -0.6760958230633016 0
outer loop
vertex 63.58755874633789 -75.68700408935547 -1
vertex 63.58755874633789 -75.68700408935547 -17.637414932250977
vertex 63.970062255859375 -75.27014923095703 -1
endloop
endfacet
facet normal 0 0 1
outer loop
vertex 44.70792007446289 65.91481018066406 0
vertex 45.67036437988281 64.74632263183594 0
vertex 46.08426284790039 64.9312973022461 0
endloop
endfacet
facet normal 0 0 1
outer loop
vertex 75.53822326660156 56.12953186035156 0
vertex 75.62351989746094 55.62520217895508 0
vertex 77.12206268310547 55.60063552856445 0
endloop
endfacet
facet normal 0 0 1
outer loop
vertex 44.06901168823242 65.40774536132812 0
vertex 43.550811767578125 64.80509185791016 0
vertex 44.88801956176758 64.09436798095703 0
endloop
endfacet
facet normal 0 0 1
outer loop
vertex 21.249710083007812 -74.04332733154297 0
vertex 21.19066047668457 -74.25895690917969 0
vertex 60.413482666015625 -69.62893676757812 0
endloop
endfacet
facet normal 0 0 1
outer loop
vertex -63.636409759521484 -70.9686279296875 0
vertex -63.636409759521484 -71.14812469482422 0
vertex -58.345069885253906 -70.93057250976562 0
endloop
endfacet
facet normal -0.9991090059308225 -0.04220419727851404 0
outer loop
vertex 41.782379150390625 62.62312698364258 -1
vertex 41.827239990234375 61.561126708984375 -7.048501014709473
vertex 41.827239990234375 61.561126708984375 -1
endloop
endfacet
facet normal 0 0 1
outer loop
vertex 42.89749526977539 63.363773345947266 0
vertex 44.28388977050781 62.187564849853516 0
vertex 44.295249938964844 62.69893264770508 0
endloop
endfacet
facet normal 0 0 1
outer loop
vertex 42.785362243652344 62.57356643676758 0
vertex 44.36918258666992 61.683231353759766 0
vertex 44.28388977050781 62.187564849853516 0
endloop
endfacet
facet normal 0.000739893714231421 0.9999997262786083 0
outer loop
vertex -65.03633880615234 59.35044860839844 -7.320662975311279
vertex -73.03804016113281 59.35636901855469 -7.308675289154053
vertex -73.03804016113281 59.35636901855469 -1
endloop
endfacet
facet normal 0 0 1
outer loop
vertex 57.26464080810547 36.93095779418945 0
vertex 56.84688186645508 36.635826110839844 0
vertex 58.84579849243164 35.909873962402344 0
endloop
endfacet
facet normal 0 0 1
outer loop
vertex 42.78577423095703 60.96452331542969 0
vertex 44.54806900024414 61.20404052734375 0
vertex 42.795562744140625 61.076393127441406 0
endloop
endfacet
facet normal 0.000027793141790989028 -0.9999999995952364 0.000006088369279683209
outer loop
vertex 6.479681491851807 -77.152099609375 -11.335819244384766
vertex -32.75425338745117 -77.15322875976562 -17.694841384887695
vertex 7.053706645965576 -77.15208435058594 -11.449999809265137
endloop
endfacet
facet normal 0.00002886941423892505 -0.9999999995767549 -0.0000036120638437475
outer loop
vertex 1.4395259618759155 -77.1522445678711 -10.524024963378906
vertex 1.114366888999939 -77.15225219726562 -11.010660171508789
vertex 5.667887210845947 -77.1521224975586 -10.524024963378906
endloop
endfacet
facet normal 0 0 1
outer loop
vertex 20.553707122802734 -74.9686279296875 0
vertex 45.0855827331543 -75.82218170166016 0
vertex 44.977195739746094 -75.65997314453125 0
endloop
endfacet
facet normal 0 0 1
outer loop
vertex 59.48072814941406 37.63906478881836 0
vertex 57.89794158935547 37.72848129272461 0
vertex 59.01320266723633 36.54157257080078 0
endloop
endfacet
facet normal 0 0 1
outer loop
vertex 20.890302658081055 -74.58238983154297 0
vertex 20.679628372192383 -74.65721130371094 0
vertex 60.413482666015625 -69.62893676757812 0
endloop
endfacet
facet normal 0 0 1
outer loop
vertex -12.30174446105957 58.22927474975586 0
vertex -14.338713645935059 57.044761657714844 0
vertex -11.503376960754395 58.34840774536133 0
endloop
endfacet
facet normal 0.9979067603499145 -0.06466913984226191 0
outer loop
vertex 59.803199768066406 35.3133430480957 -1
vertex 59.830604553222656 35.73622512817383 -9.161678314208984
vertex 59.830604553222656 35.73622512817383 -1
endloop
endfacet
facet normal 0 0 1
outer loop
vertex 41.63462448120117 58.87864303588867 0
vertex 41.299903869628906 58.61875534057617 0
vertex 46.03019332885742 58.622642517089844 0
endloop
endfacet
facet normal 0 0 1
outer loop
vertex 41.18821334838867 58.54054641723633 0
vertex 41.158172607421875 58.52653884887695 0
vertex 46.03019332885742 58.622642517089844 0
endloop
endfacet
facet normal 0.0007397784951527681 0.9999997263638516 0
outer loop
vertex -34.51051330566406 59.3278694152832 -7.358429908752441
vertex -63.03648376464844 59.34897232055664 -7.3236589431762695
vertex -63.03648376464844 59.34897232055664 -3.5
endloop
endfacet
facet normal 0.053961482325510575 0.9985430178140716 0
outer loop
vertex 63.218379974365234 77.07840728759766 -5.867335796356201
vertex 64.20198059082031 77.02525329589844 -1
vertex 64.20198059082031 77.02525329589844 -5.962982177734375
endloop
endfacet
facet normal 0 0 1
outer loop
vertex 45.43913650512695 -75.9686279296875 0
vertex -32.6617317199707 -76.1532211303711 0
vertex 50.53913879394531 -76.15083312988281 0
endloop
endfacet
facet normal -0.3426618485931054 0.9394588109751033 2.3130965617390926e-8
outer loop
vertex 34.7899284362793 57.191932678222656 -1
vertex 40.31440353393555 59.20695114135742 -1
vertex 34.79510498046875 57.19382095336914 -7.5938720703125
endloop
endfacet
facet normal -0.1353462967480301 0.9907983548414855 0
outer loop
vertex 62.289302825927734 76.95149230957031 -5.974330902099609
vertex 63.218379974365234 77.07840728759766 -1
vertex 63.218379974365234 77.07840728759766 -5.867335796356201
endloop
endfacet
facet normal -0.33065893997127244 0.9437503194262106 0
outer loop
vertex -12.543013572692871 59.204345703125 -1
vertex -13.472726821899414 58.878604888916016 -7.36726188659668
vertex -13.472726821899414 58.878604888916016 -1
endloop
endfacet
facet normal -0.000803366691868087 -0.9999996773009271 0
outer loop
vertex -59.53641128540039 -72.15141296386719 -1
vertex -59.53641128540039 -72.15141296386719 -1.5093389749526978
vertex -38.10219192504883 -72.16863250732422 -1
endloop
endfacet
facet normal 0 0 1
outer loop
vertex -14.338713645935059 57.044761657714844 0
vertex -12.249571800231934 56.68220901489258 0
vertex -11.75606918334961 56.81666946411133 0
endloop
endfacet
facet normal -0.0008003666696225244 -0.9999996797040225 0.000002246482163307867
outer loop
vertex -67.77542877197266 -72.1447982788086 -1.562195062637329
vertex -64.43640899658203 -72.14747619628906 -4
vertex -67.1273193359375 -72.14531707763672 -1.5949000120162964
endloop
endfacet
facet normal 0 0 1
outer loop
vertex -14.338713645935059 57.044761657714844 0
vertex -13.460646629333496 55.77011489868164 0
vertex -13.117436408996582 56.14936447143555 0
endloop
endfacet
facet normal 0 0 1
outer loop
vertex -58.07447052001953 -70.65997314453125 0
vertex -58.182857513427734 -70.82218170166016 0
vertex -38.10139083862305 -71.168701171875 0
endloop
endfacet
facet normal 0 0 1
outer loop
vertex -75.77600860595703 57.34130859375 0
vertex -73.99957275390625 56.68220901489258 0
vertex -73.50606536865234 56.81666946411133 0
endloop
endfacet
facet normal -0.3197875964797405 0.947489257531562 0
outer loop
vertex 61.3090934753418 76.63008117675781 -5.782338619232178
vertex 62.24240493774414 76.94508361816406 -1
vertex 62.24240493774414 76.94508361816406 -5.956003189086914
endloop
endfacet
facet normal 0 0 1
outer loop
vertex -77.24628448486328 -66.92547607421875 0
vertex -75.74629211425781 -66.9686279296875 0
vertex -75.73914337158203 54.349090576171875 0
endloop
endfacet
facet normal 0.00003050571924989797 -0.9999999995255882 -0.00000426906155515852
outer loop
vertex 54.68157196044922 -77.15071868896484 -1.5613805055618286
vertex 51.33913803100586 -77.15081024169922 -4
vertex 55.43913650512695 -77.15069580078125 -1.5094094276428223
endloop
endfacet
facet normal -0.0008028824079488999 -0.9999996776897158 -5.509902652899102e-7
outer loop
vertex -62.893795013427734 -72.14871978759766 -1.6613107919692993
vertex -58.03641128540039 -72.15261840820312 -4
vertex -61.67749786376953 -72.14969635009766 -1.6275516748428345
endloop
endfacet
facet normal 0 0 1
outer loop
vertex -15.675455093383789 54.91961669921875 0
vertex -15.712508201599121 54.882564544677734 0
vertex -13.996293067932129 52.10636901855469 0
endloop
endfacet
facet normal 0 0 1
outer loop
vertex 8.400864601135254 56.76454162597656 0
vertex 8.139591217041016 58.327972412109375 0
vertex 7.896429538726807 56.849220275878906 0
endloop
endfacet
facet normal 0.00036813170168334094 0.999998295223429 0.0018094278892013791
outer loop
vertex -63.03648376464844 59.34897232055664 -3.5
vertex -65.03640747070312 59.349708557128906 -3.5
vertex -50.86936950683594 59.339969635009766 -1
endloop
endfacet
facet normal 0.5836497732230369 0.8120055062724005 0
outer loop
vertex 66.85169219970703 75.79888916015625 -1
vertex 66.05184173583984 76.3738021850586 -5.9795708656311035
vertex 66.05184173583984 76.3738021850586 -1
endloop
endfacet
facet normal 0 0 1
outer loop
vertex -16.567731857299805 54.12981414794922 0
vertex -16.606502532958984 54.11173629760742 0
vertex -13.996293067932129 52.10636901855469 0
endloop
endfacet
facet normal 0 0 1
outer loop
vertex 61.03657150268555 32.10098648071289 0
vertex 60.984622955322266 32.128170013427734 0
vertex 61.13027572631836 30.46124267578125 0
endloop
endfacet
facet normal 0.000028587719825531988 -0.9999999995855098 0.0000034238451119063697
outer loop
vertex 20.11436653137207 -77.1517105102539 -3.8893399238586426
vertex 20.439525604248047 -77.15170288085938 -4.375974655151367
vertex 50.53913879394531 -77.15083312988281 -1.668005347251892
endloop
endfacet
facet normal 0.0007398579079560848 0.9999997263051005 0
outer loop
vertex -62.83641052246094 59.34882354736328 -2.5
vertex -62.83641052246094 59.34882354736328 -1.100000023841858
vertex -50.86936950683594 59.339969635009766 -1
endloop
endfacet
facet normal 0 0 1
outer loop
vertex -18.265993118286133 53.61040496826172 0
vertex -13.996293067932129 52.10636901855469 0
vertex -18.125782012939453 53.6226692199707 0
endloop
endfacet
facet normal 0 0 1
outer loop
vertex 26.98934555053711 59.845611572265625 0
vertex 28.021575927734375 58.25890350341797 0
vertex 28.498210906982422 58.073307037353516 0
endloop
endfacet
facet normal -0.3865014443683507 -0.9222888015698654 0
outer loop
vertex -37.33484649658203 -72.289306640625 -1
vertex -36.944007873535156 -72.45309448242188 -17.50926971435547
vertex -36.944007873535156 -72.45309448242188 -1
endloop
endfacet
facet normal 0 0 1
outer loop
vertex 30.515512466430664 58.337913513183594 0
vertex 29.94740104675293 58.90285110473633 0
vertex 28.55727767944336 59.65863800048828 0
endloop
endfacet
facet normal 0 0 1
outer loop
vertex 59.98262405395508 32.751651763916016 0
vertex 59.683441162109375 33.05176544189453 0
vertex 61.13027572631836 30.46124267578125 0
endloop
endfacet
facet normal -0.8799088600826409 -0.47514250278002657 0
outer loop
vertex -36.01100540161133 -73.29862213134766 -1
vertex -35.809654235839844 -73.67150115966797 -17.654315948486328
vertex -35.809654235839844 -73.67150115966797 -1
endloop
endfacet
facet normal 0 0 1
outer loop
vertex 56.42840576171875 36.441280364990234 0
vertex 60.65086364746094 30.639543533325195 0
vertex 61.13027572631836 30.46124267578125 0
endloop
endfacet
facet normal -0.0008026042253180078 -0.9999996779131769 0
outer loop
vertex -70.03640747070312 -72.14298248291016 -4
vertex -73.58206939697266 -72.14013671875 -1
vertex -73.58206939697266 -72.14013671875 -17.39533805847168
endloop
endfacet
facet normal -0.18350397849146835 -0.9830189672014485 0
outer loop
vertex -33.30318069458008 -77.0507583618164 -1
vertex -32.75425338745117 -77.15322875976562 -17.694841384887695
vertex -32.75425338745117 -77.15322875976562 -1
endloop
endfacet
facet normal 0.5913003154530972 0.8064514473574773 3.12621908265378e-7
outer loop
vertex -29.51108741760254 55.17338562011719 -7.769701957702637
vertex -29.578462600708008 55.22278594970703 -7.770577430725098
vertex -29.23671531677246 54.97220993041992 -1
endloop
endfacet
facet normal 0 0 1
outer loop
vertex 57.0198974609375 42.71066665649414 0
vertex 59.6356086730957 41.7875862121582 0
vertex 59.68727493286133 41.9484748840332 0
endloop
endfacet
facet normal 0.5913053319724577 0.8064477691586366 0
outer loop
vertex -29.23671531677246 54.97220993041992 -7.838226318359375
vertex -29.51108741760254 55.17338562011719 -7.769701957702637
vertex -29.23671531677246 54.97220993041992 -1
endloop
endfacet
facet normal 0.8059078128563891 -0.5920410434902561 0
outer loop
vertex 63.970062255859375 -75.27014923095703 -1
vertex 64.30500793457031 -74.814208984375 -17.568723678588867
vertex 64.30500793457031 -74.814208984375 -1
endloop
endfacet
facet normal 0.9726435981857465 -0.23230245566492289 -5.751444400534445e-7
outer loop
vertex 59.830604553222656 35.73622512817383 -1
vertex 59.89315414428711 35.998138427734375 -9.073348045349121
vertex 59.92904281616211 36.14840316772461 -9.040578842163086
endloop
endfacet
facet normal 0 0 1
outer loop
vertex 12.022746086120605 57.24995422363281 0
vertex 10.11180305480957 55.37531280517578 0
vertex 12.520039558410645 57.323036193847656 0
endloop
endfacet
facet normal 0.9189026049856512 -0.3944844769450174 6.388789905230829e-9
outer loop
vertex 59.92904281616211 36.14840316772461 -1
vertex 60.02411651611328 36.36986541748047 -8.950292587280273
vertex 60.12404251098633 36.602630615234375 -8.904536247253418
endloop
endfacet
facet normal 0 0 1
outer loop
vertex -75.03929138183594 -68.7897720336914 0
vertex -75.65922546386719 -70.25006103515625 0
vertex -74.66004180908203 -69.13298797607422 0
endloop
endfacet
facet normal -0.7871882031075111 0.6167128447570599 1.5026130492120526e-7
outer loop
vertex -15.067215919494629 57.736385345458984 -1
vertex -15.674756050109863 56.960906982421875 -7.365035533905029
vertex -15.65952205657959 56.980350494384766 -1
endloop
endfacet
facet normal 0.19681167234922992 0.9804413116689339 0
outer loop
vertex 9.205255508422852 59.134002685546875 -1
vertex 8.239484786987305 59.3278694152832 -7.358553886413574
vertex 8.239484786987305 59.3278694152832 -1
endloop
endfacet
facet normal 0.997550447224277 0.06995073439590911 3.4351461442766497e-7
outer loop
vertex 65.1537094116211 28.023113250732422 -1
vertex 65.10249328613281 28.753536224365234 -9.600913047790527
vertex 65.10938262939453 28.65524673461914 -1
endloop
endfacet
facet normal -0.3782018383125398 -0.9257231602898437 0
outer loop
vertex -74.54784393310547 -71.9462661743164 -17.216075897216797
vertex -75.459716796875 -71.57372283935547 -1
vertex -75.459716796875 -71.57372283935547 -17.186756134033203
endloop
endfacet
facet normal -0.00039399159709837286 0.9999999223853075 0
outer loop
vertex -18.266407012939453 54.61036682128906 -7.817017078399658
vertex -18.421321868896484 54.61030578613281 -7.800479888916016
vertex -18.266407012939453 54.61036682128906 -1
endloop
endfacet
facet normal -0.7313431028781204 0.6820097256430385 9.540911948228247e-7
outer loop
vertex -16.690229415893555 55.295692443847656 -7.758442401885986
vertex -16.730520248413086 55.25248718261719 -7.77323579788208
vertex -16.441499710083008 55.56240463256836 -1
endloop
endfacet
facet normal -0.1446558918268581 0.9894820225551227 0
outer loop
vertex 12.34829044342041 58.30817794799805 -1
vertex 11.87808609008789 58.239437103271484 -7.52109956741333
vertex 11.87808609008789 58.239437103271484 -1
endloop
endfacet
facet normal -0.7871876043653961 0.6167136090062133 0
outer loop
vertex -15.067215919494629 57.736385345458984 -7.4079270362854
vertex -15.674756050109863 56.960906982421875 -7.365035533905029
vertex -15.067215919494629 57.736385345458984 -1
endloop
endfacet
facet normal -0.8518955275342665 -0.5237117624868796 0
outer loop
vertex -35.33474349975586 -75.34362030029297 -17.70172691345215
vertex -34.9771728515625 -75.92526245117188 -17.677688598632812
vertex -35.33474349975586 -75.34362030029297 -1
endloop
endfacet
facet normal 0.000028184575045747463 -0.9999999995703651 0.000008056004105255485
outer loop
vertex 19.053707122802734 -77.15174102783203 -3.450000047683716
vertex 19.627731323242188 -77.15172576904297 -3.564180612564087
vertex 48.57978820800781 -77.15089416503906 -1.6274160146713257
endloop
endfacet
facet normal -0.5027238821813261 0.8644470477042165 0
outer loop
vertex -13.472726821899414 58.878604888916016 -7.36726188659668
vertex -14.32431697845459 58.383358001708984 -7.306033611297607
vertex -13.472726821899414 58.878604888916016 -1
endloop
endfacet
facet normal 0 0 1
outer loop
vertex -34.610260009765625 58.327945709228516 0
vertex -32.4333610534668 57.437801361083984 0
vertex -33.099159240722656 57.871726989746094 0
endloop
endfacet
facet normal -0.9900819539820008 0.14049101180923634 0
outer loop
vertex 41.920780181884766 63.598480224609375 -1
vertex 41.782379150390625 62.62312698364258 -6.851521015167236
vertex 41.782379150390625 62.62312698364258 -1
endloop
endfacet
facet normal 0.05396148232551059 0.9985430178140718 0
outer loop
vertex 64.20198059082031 77.02525329589844 -1
vertex 63.218379974365234 77.07840728759766 -5.867335796356201
vertex 63.218379974365234 77.07840728759766 -1
endloop
endfacet
facet normal 0 0 1
outer loop
vertex -32.34629440307617 52.10636901855469 0
vertex -13.996293067932129 52.10636901855469 0
vertex -18.265993118286133 53.61040496826172 0
endloop
endfacet
facet normal -0.973260522424049 0.22970406066515625 -0.0000021920803499802377
outer loop
vertex 41.800968170166016 61.1381721496582 -1
vertex 41.70363998413086 60.725730895996094 -7.272381782531738
vertex 41.793033599853516 61.10455322265625 -1
endloop
endfacet
facet normal 0.000028708956296219977 -0.999999999587886 -1.5488117880804228e-7
outer loop
vertex 46.43913650512695 -77.15095520019531 -1
vertex -32.75425338745117 -77.15322875976562 -1
vertex 19.053707122802734 -77.15174102783203 -3.450000047683716
endloop
endfacet
facet normal 0 0 1
outer loop
vertex 56.42840576171875 36.441280364990234 0
vertex 59.62290954589844 33.11229705810547 0
vertex 59.57478332519531 33.181026458740234 0
endloop
endfacet
facet normal 0.7368137064661302 -0.6760958230633015 0
outer loop
vertex 63.58755874633789 -75.68700408935547 -17.637414932250977
vertex 63.970062255859375 -75.27014923095703 -17.575162887573242
vertex 63.970062255859375 -75.27014923095703 -1
endloop
endfacet
facet normal 0.8172733523580396 0.576250177896243 0
outer loop
vertex 60.388954162597656 33.75508499145508 -1
vertex 60.14475631713867 34.10142135620117 -9.363080978393555
vertex 60.14475631713867 34.10142135620117 -1
endloop
endfacet
facet normal -0.19681008963804383 -0.9804416293776316 0
outer loop
vertex -74.54784393310547 -71.9462661743164 -17.216075897216797
vertex -73.62339782714844 -72.1318359375 -17.397397994995117
vertex -74.54784393310547 -71.9462661743164 -1
endloop
endfacet
facet normal 0.6942224272640184 0.7197605306514485 0
outer loop
vertex 63.901363372802734 31.414785385131836 -1
vertex 63.1923713684082 32.0986213684082 -9.445937156677246
vertex 63.1923713684082 32.0986213684082 -1
endloop
endfacet
facet normal 0.6589707656408341 -0.7521685516097657 0
outer loop
vertex 63.16202926635742 -76.05982208251953 -17.724552154541016
vertex 63.22868347167969 -76.00142669677734 -17.73353385925293
vertex 63.16202926635742 -76.05982208251953 -1
endloop
endfacet
facet normal 0 0 1
outer loop
vertex -32.4333610534668 57.437801361083984 0
vertex -32.385990142822266 54.616146087646484 0
vertex -31.006689071655273 55.439430236816406 0
endloop
endfacet
facet normal 0 0 1
outer loop
vertex 60.906986236572266 -69.49446868896484 0
vertex 60.413482666015625 -69.62893676757812 0
vertex 64.14971160888672 -72.10488891601562 0
endloop
endfacet
facet normal 0.000028760259819912698 -0.9999999995864172 1.1575994969821443e-7
outer loop
vertex 20.553707122802734 -77.15169525146484 -9.949999809265137
vertex 60.3765983581543 -77.15055084228516 -17.7896671295166
vertex 44.93913650512695 -77.15099334716797 -5
endloop
endfacet
facet normal 0 0 1
outer loop
vertex -30.294845581054688 54.53033447265625 0
vertex -32.34629440307617 52.10636901855469 0
vertex -30.221250534057617 54.45674133300781 0
endloop
endfacet
facet normal -0.9475177244871149 -0.31970324018182666 -3.483582640331894e-8
outer loop
vertex -35.77719497680664 -73.7677001953125 -17.64550018310547
vertex -35.70386505126953 -73.98503112792969 -17.669391632080078
vertex -35.809654235839844 -73.67150115966797 -1
endloop
endfacet
facet normal 0 0 1
outer loop
vertex -32.34629440307617 52.10636901855469 0
vertex -29.199573516845703 53.84326171875 0
vertex -29.3026123046875 53.89130783081055 0
endloop
endfacet
facet normal 0.4341133171286645 0.900858272921744 0
outer loop
vertex 33.044376373291016 57.205135345458984 -1
vertex 32.662620544433594 57.38909912109375 -7.647016525268555
vertex 32.662620544433594 57.38909912109375 -1
endloop
endfacet
facet normal 0 0 1
outer loop
vertex 61.366268157958984 -69.26934051513672 0
vertex 60.906986236572266 -69.49446868896484 0
vertex 64.14971160888672 -72.10488891601562 0
endloop
endfacet
facet normal 0 0 1
outer loop
vertex 57.61923599243164 37.29958724975586 0
vertex 57.26464080810547 36.93095779418945 0
vertex 58.989349365234375 36.490421295166016 0
endloop
endfacet
facet normal 0 0 1
outer loop
vertex 61.72252655029297 75.71420288085938 0
vertex 64.24629211425781 74.45723724365234 0
vertex 65.54545593261719 75.50625610351562 0
endloop
endfacet
facet normal 0 0 1
outer loop
vertex 56.42840576171875 36.441280364990234 0
vertex 58.856746673583984 34.7874870300293 0
vertex 58.80870819091797 35.20853805541992 0
endloop
endfacet
facet normal 0 0 1
outer loop
vertex -32.4333610534668 57.437801361083984 0
vertex -33.43254852294922 56.32072067260742 0
vertex -33.05329513549805 55.97751235961914 0
endloop
endfacet
facet normal 0.000027717484367759686 -0.999999999600672 -0.0000055133437959870415
outer loop
vertex -32.75425338745117 -77.15322875976562 -1
vertex -13.446292877197266 -77.15267181396484 -4.949999809265137
vertex -13.332112312316895 -77.15267181396484 -4.375974655151367
endloop
endfacet
facet normal 0 0 1
outer loop
vertex 58.1943359375 39.2153434753418 0
vertex 58.19074630737305 38.70386505126953 0
vertex 59.66224670410156 38.41939926147461 0
endloop
endfacet
facet normal 0 0 1
outer loop
vertex 29.82479476928711 56.576297760009766 0
vertex 30.45258331298828 53.2445068359375 0
vertex 30.957717895507812 53.13666915893555 0
endloop
endfacet
facet normal -0.9436267741414422 -0.33101134591342246 0
outer loop
vertex -35.56074523925781 -74.69934844970703 -17.660106658935547
vertex -35.33474349975586 -75.34362030029297 -17.70172691345215
vertex -35.56074523925781 -74.69934844970703 -1
endloop
endfacet
facet normal 0 0 1
outer loop
vertex 29.606700897216797 57.038963317871094 0
vertex 29.82479476928711 56.576297760009766 0
vertex 35.631744384765625 54.837890625 0
endloop
endfacet
facet normal 0 0 1
outer loop
vertex 61.72252655029297 75.71420288085938 0
vertex 62.73054504394531 74.49088287353516 0
vertex 63.2348747253418 74.57617950439453 0
endloop
endfacet
facet normal 0 0 1
outer loop
vertex 62.56188201904297 -67.66578674316406 0
vertex 64.14971160888672 -72.10488891601562 0
vertex 62.64656066894531 -67.1613540649414 0
endloop
endfacet
facet normal 0 0 1
outer loop
vertex 57.61923599243164 37.29958724975586 0
vertex 58.989349365234375 36.490421295166016 0
vertex 59.01320266723633 36.54157257080078 0
endloop
endfacet
facet normal 0 0 1
outer loop
vertex 32.084781646728516 56.57757568359375 0
vertex 28.498210906982422 58.073307037353516 0
vertex 32.162620544433594 56.523075103759766 0
endloop
endfacet
facet normal -0.17174906167937085 0.9851407309680457 -2.2047933153938446e-8
outer loop
vertex 26.914562225341797 60.84765625 -1
vertex 12.374679565429688 58.31277847290039 -7.462215900421143
vertex 12.34829044342041 58.30817794799805 -1
endloop
endfacet
facet normal 0.00002826293546077697 -0.9999999995954614 -0.0000032068279009513725
outer loop
vertex 20.11436653137207 -77.1517105102539 -11.010660171508789
vertex 60.3765983581543 -77.15055084228516 -17.7896671295166
vertex 20.439525604248047 -77.15170288085938 -10.524024963378906
endloop
endfacet
facet normal -0.5366646647063248 -0.8437956136729202 0.000001409982490275985
outer loop
vertex -36.65373229980469 -72.63774108886719 -17.56272315979004
vertex -36.586448669433594 -72.68053436279297 -17.58392906188965
vertex -36.944007873535156 -72.45309448242188 -1
endloop
endfacet
facet normal 0.8667529008779151 0.4987378157105386 0
outer loop
vertex 67.9383316040039 74.47647857666016 -6.032046794891357
vertex 77.67742156982422 57.55098342895508 -1
vertex 77.67742156982422 57.55098342895508 -7.371152877807617
endloop
endfacet
facet normal 0.1968116723492299 0.9804413116689337 0
outer loop
vertex 9.205255508422852 59.134002685546875 -7.274762153625488
vertex 8.239484786987305 59.3278694152832 -7.358553886413574
vertex 9.205255508422852 59.134002685546875 -1
endloop
endfacet
facet normal 0.0000286821811805182 -0.9999999995329317 -0.00001055787750179677
outer loop
vertex 7.053706645965576 -77.15208435058594 -3.450000047683716
vertex 0.6277318596839905 -77.15226745605469 -3.564180612564087
vertex 6.479681491851807 -77.152099609375 -3.564180612564087
endloop
endfacet
facet normal 0.3791794531829823 0.9253231555969269 0
outer loop
vertex 61.41574478149414 33.02631378173828 -9.523951530456543
vertex 61.41574478149414 33.02631378173828 -1
vertex 61.73353958129883 32.896087646484375 -1
endloop
endfacet
facet normal 0.9985434351231326 -0.053953759577015196 0
outer loop
vertex 78.12574005126953 55.64169692993164 -7.461675643920898
vertex 78.07259368896484 54.65809631347656 -1
vertex 78.07259368896484 54.65809631347656 -7.446556091308594
endloop
endfacet
facet normal 0.4839953122735303 0.875070590122447 0
outer loop
vertex 10.117128372192383 58.7614631652832 -7.408070087432861
vertex 10.640605926513672 58.47193145751953 -1
vertex 10.640605926513672 58.47193145751953 -7.569421291351318
endloop
endfacet
facet normal 0.6873530143523705 -0.7263235048246133 0
outer loop
vertex 76.84622192382812 52.00838088989258 -7.504549980163574
vertex 76.13076782226562 51.33131408691406 -1
vertex 76.13076782226562 51.33131408691406 -7.69679594039917
endloop
endfacet
facet normal 0.5002169751337955 -0.8659000968864687 0
outer loop
vertex 61.71940231323242 42.947147369384766 -8.412507057189941
vertex 61.61591339111328 42.88736343383789 -1
vertex 61.61591339111328 42.88736343383789 -8.435541152954102
endloop
endfacet
facet normal 0.01599952454257033 0.9998719994151309 0
outer loop
vertex 11.87808609008789 58.239437103271484 -7.52109956741333
vertex 11.557921409606934 58.24456024169922 -7.54943323135376
vertex 11.87808609008789 58.239437103271484 -1
endloop
endfacet
facet normal 0.7517098359017205 -0.65949385564138 0.0004206897610746649
outer loop
vertex 61.131351470947266 42.459068298339844 -8.518303871154785
vertex 60.99794006347656 42.311798095703125 -1
vertex 60.98676681518555 42.294227600097656 -8.57944107055664
endloop
endfacet
facet normal -0.22517512311271184 -0.974318307295503 -3.220262294668326e-8
outer loop
vertex -37.336692810058594 -72.28887939453125 -17.452898025512695
vertex -37.33484649658203 -72.289306640625 -1
vertex -37.485477447509766 -72.2544937133789 -17.44048309326172
endloop
endfacet
facet normal 0.9223653027680438 -0.38631884273173606 -1.649398361789522e-7
outer loop
vertex 60.60685729980469 41.563323974609375 -1
vertex 60.64402389526367 41.65206527709961 -8.634342193603516
vertex 60.71371841430664 41.81846618652344 -8.637978553771973
endloop
endfacet
facet normal 0.000028148824092352717 -0.9999999995989216 0.0000031305842313830823
outer loop
vertex 1.114366888999939 -77.15225219726562 -3.8893399238586426
vertex 1.4395259618759155 -77.1522445678711 -4.375974655151367
vertex 5.993046760559082 -77.15211486816406 -3.8893399238586426
endloop
endfacet
facet normal 0.9983634793454188 -0.05718708865909798 7.688109528088495e-8
outer loop
vertex 60.487281799316406 40.72734451293945 -1
vertex 60.495452880859375 40.8699836730957 -8.68851089477539
vertex 60.51151657104492 41.150421142578125 -8.67802906036377
endloop
endfacet
facet normal 0.4809459853159177 -0.8767502262380666 0
outer loop
vertex 62.290287017822266 -76.6081314086914 -1
vertex 62.69850540161133 -76.38420104980469 -17.721073150634766
vertex 62.69850540161133 -76.38420104980469 -1
endloop
endfacet
facet normal 1 0 0
outer loop
vertex 60.65780258178711 38.285518646240234 -8.801217079162598
vertex 60.65780258178711 38.44204330444336 -8.838336944580078
vertex 60.65780258178711 38.285518646240234 -1
endloop
endfacet
facet normal 0.3781985195962408 0.9257245161359895 0
outer loop
vertex 10.117128372192383 58.7614631652832 -7.408070087432861
vertex 9.205255508422852 59.134002685546875 -7.274762153625488
vertex 10.117128372192383 58.7614631652832 -1
endloop
endfacet
facet normal 0.6873500129443637 -0.7263263448733775 0.000021172212935082323
outer loop
vertex 76.13076782226562 51.33131408691406 -7.69679594039917
vertex 76.19523620605469 51.3923225402832 -7.710846900939941
vertex 76.84622192382812 52.00838088989258 -7.504549980163574
endloop
endfacet
facet normal 0.2413198803361482 0.9704456272015178 0
outer loop
vertex 65.15790557861328 76.78754425048828 -1
vertex 64.20198059082031 77.02525329589844 -5.962982177734375
vertex 64.20198059082031 77.02525329589844 -1
endloop
endfacet
facet normal -0.5367219418529311 -0.8437591819551471 0
outer loop
vertex -36.65373229980469 -72.63774108886719 -17.56272315979004
vertex -36.944007873535156 -72.45309448242188 -1
vertex -36.944007873535156 -72.45309448242188 -17.50926971435547
endloop
endfacet
facet normal -0.4990894403369651 0.8665504621680931 0.00016450045380891987
outer loop
vertex 44.23272705078125 66.79512786865234 -6.7538018226623535
vertex 44.14445877075195 66.7442855834961 -6.7316789627075195
vertex 50.076324462890625 70.16068267822266 -6.421363353729248
endloop
endfacet
facet normal 0.947489257531562 0.3197875964797405 0
outer loop
vertex 77.99242401123047 56.617671966552734 -1
vertex 77.67742156982422 57.55098342895508 -7.371152877807617
vertex 77.67742156982422 57.55098342895508 -1
endloop
endfacet
facet normal -0.9458134570123891 0.3247104934157095 0
outer loop
vertex 42.24066162109375 64.53022766113281 -6.755720138549805
vertex 41.920780181884766 63.598480224609375 -6.866187572479248
vertex 42.24066162109375 64.53022766113281 -1
endloop
endfacet
facet normal -0.3857285737923682 -0.9226123058937342 0.00001932749840521758
outer loop
vertex -37.33484649658203 -72.289306640625 -1
vertex -37.336692810058594 -72.28887939453125 -17.452898025512695
vertex -36.981834411621094 -72.43724060058594 -17.496902465820312
endloop
endfacet
facet normal -0.9980761748863054 0.06199958971090972 0
outer loop
vertex 41.827239990234375 61.561126708984375 -7.048501014709473
vertex 41.81977462768555 61.440948486328125 -7.062416076660156
vertex 41.827239990234375 61.561126708984375 -1
endloop
endfacet
facet normal 0.9985434351231325 -0.05395375957701519 0
outer loop
vertex 78.07259368896484 54.65809631347656 -1
vertex 78.12574005126953 55.64169692993164 -7.461675643920898
vertex 78.12574005126953 55.64169692993164 -1
endloop
endfacet
facet normal 0 0 1
outer loop
vertex -34.863826751708984 -73.35237121582031 0
vertex -33.11750411987305 -74.16731262207031 0
vertex -34.931575775146484 -73.19734954833984 0
endloop
endfacet
facet normal 0 0 1
outer loop
vertex -33.14629364013672 -69.66863250732422 0
vertex -38.0313835144043 -71.1748275756836 0
vertex -37.67692565917969 -71.20008087158203 0
endloop
endfacet
facet normal -0.3197906603811016 0.9474882234270877 0
outer loop
vertex 61.3090934753418 76.63008117675781 -5.782338619232178
vertex 61.3090934753418 76.63008117675781 -1
vertex 61.653385162353516 76.74628448486328 -1
endloop
endfacet
facet normal 0 0 1
outer loop
vertex -33.14629364013672 -69.66863250732422 0
vertex -36.992828369140625 -71.34961700439453 0
vertex -36.949520111083984 -71.36981201171875 0
endloop
endfacet
facet normal 0 0 1
outer loop
vertex -33.14629364013672 -69.66863250732422 0
vertex -36.55868148803711 -71.5335922241211 0
vertex -36.444007873535156 -71.58706665039062 0
endloop
endfacet
facet normal -0.9999999725724936 0.00023421146815308638 0
outer loop
vertex -78.24629211425781 -66.96037292480469 -17.082420349121094
vertex -78.24629211425781 -66.96037292480469 -1
vertex -78.22989654541016 3.042896032333374 -1
endloop
endfacet
facet normal 0 0 1
outer loop
vertex -33.14629364013672 -69.66863250732422 0
vertex -35.943660736083984 -71.91448974609375 0
vertex -35.91667938232422 -71.94147491455078 0
endloop
endfacet
facet normal 0.5593574248634925 -0.828926577719693 0
outer loop
vertex 75.52381134033203 50.9217414855957 -1
vertex 76.13076782226562 51.33131408691406 -7.69679594039917
vertex 76.13076782226562 51.33131408691406 -1
endloop
endfacet
facet normal -0.9205058139051308 0.39072886578990107 0.0000023216750971751756
outer loop
vertex 41.56536102294922 60.400001525878906 -7.3404083251953125
vertex 41.538047790527344 60.335655212402344 -7.352106094360352
vertex 41.70363998413086 60.725730895996094 -1
endloop
endfacet
facet normal -0.7378760996313354 0.6749361907564622 -6.402344483523715e-8
outer loop
vertex 41.190406799316406 59.849552154541016 -7.3999409675598145
vertex 41.02293395996094 59.66646194458008 -7.452703475952148
vertex 41.3089485168457 59.979148864746094 -1
endloop
endfacet
facet normal -0.0015801358777399817 -0.9999983056549695 -0.0009443822308655282
outer loop
vertex -58.03641128540039 -72.15261840820312 -4
vertex -38.06183624267578 -72.1715087890625 -17.418500900268555
vertex -60.95613098144531 -72.15027618408203 -1.5949000120162964
endloop
endfacet
facet normal 0 0 1
outer loop
vertex -34.590877532958984 -74.44314575195312 0
vertex -34.42664337158203 -74.91133880615234 0
vertex -33.0206298828125 -74.3687973022461 0
endloop
endfacet
facet normal -0.0008147391303465382 -0.9999996548106431 0.00016302988706902427
outer loop
vertex -60.95613098144531 -72.15027618408203 -1.5949000120162964
vertex -38.06183624267578 -72.1715087890625 -17.418500900268555
vertex -60.29392623901367 -72.15081024169922 -1.5613682270050049
endloop
endfacet
facet normal 0 0 1
outer loop
vertex -33.0206298828125 -74.3687973022461 0
vertex -33.11750411987305 -74.16731262207031 0
vertex -34.590877532958984 -74.44314575195312 0
endloop
endfacet
facet normal 0.2757010323941486 0.9612434346906096 0.0000010001230154595206
outer loop
vertex 33.124908447265625 57.182037353515625 -7.626522541046143
vertex 33.044376373291016 57.205135345458984 -7.643694877624512
vertex 33.45172119140625 57.088294982910156 -1
endloop
endfacet
facet normal 0 0 1
outer loop
vertex -32.666988372802734 -74.63292694091797 0
vertex -32.86517333984375 -74.52947235107422 0
vertex -32.6617317199707 -76.1532211303711 0
endloop
endfacet
facet normal -0.19691630190976836 -0.9804203027290775 -0.000006229348226678008
outer loop
vertex -73.62339782714844 -72.1318359375 -17.397397994995117
vertex -73.58206939697266 -72.14013671875 -17.39533805847168
vertex -74.54784393310547 -71.9462661743164 -1
endloop
endfacet
facet normal -0.4710634705558687 0.8820993179386596 -1.0858604390964758e-7
outer loop
vertex 40.49058151245117 59.30103302001953 -7.5183796882629395
vertex 40.44355010986328 59.275917053222656 -7.5317583084106445
vertex 40.68821334838867 59.40657424926758 -1
endloop
endfacet
facet normal 0.000028610230483989206 -0.9999999995861639 -0.0000030210699898596415
outer loop
vertex -32.75425338745117 -77.15322875976562 -1
vertex -11.946292877197266 -77.15262603759766 -3.450000047683716
vertex 0.05370670184493065 -77.15228271484375 -3.450000047683716
endloop
endfacet
facet normal -0.7213552179694064 -0.6925652665814539 -0.000032144513986247866
outer loop
vertex -34.57871627807617 -76.34027862548828 -17.769182205200195
vertex -34.50431823730469 -76.41777038574219 -17.747819900512695
vertex -34.9771728515625 -75.92526245117188 -17.677688598632812
endloop
endfacet
facet normal 0.922366968403757 -0.3863148658771275 0
outer loop
vertex 60.70920181274414 41.807682037353516 -1
vertex 60.770565032958984 41.954193115234375 -8.629862785339355
vertex 60.770565032958984 41.954193115234375 -1
endloop
endfacet
facet normal 0.9223669014754702 -0.38631502567534215 -3.6067678601499305e-9
outer loop
vertex 60.60685729980469 41.563323974609375 -1
vertex 60.770565032958984 41.954193115234375 -8.629862785339355
vertex 60.70920181274414 41.807682037353516 -1
endloop
endfacet
facet normal 0 0 1
outer loop
vertex 32.70235824584961 56.265445709228516 0
vertex 32.61188507080078 56.30763244628906 0
vertex 35.631744384765625 54.837890625 0
endloop
endfacet
facet normal -0.18951715049838277 -0.9818773893702761 -0.00020472025896589284
outer loop
vertex -32.75425338745117 -77.15322875976562 -17.694841384887695
vertex -33.30318069458008 -77.0507583618164 -1
vertex -33.32030487060547 -77.04395294189453 -17.78760528564453
endloop
endfacet
facet normal 0.000028610228343537843 -0.9999999995882128 -0.00000224259292360421
outer loop
vertex 7.053706645965576 -77.15208435058594 -3.450000047683716
vertex 19.053707122802734 -77.15174102783203 -3.450000047683716
vertex -32.75425338745117 -77.15322875976562 -1
endloop
endfacet
facet normal 0.000028853303136328894 -0.9999999995837435 0
outer loop
vertex 56.93913650512695 -77.15065002441406 -5
vertex 60.3765983581543 -77.15055084228516 -17.7896671295166
vertex 60.3765983581543 -77.15055084228516 -1
endloop
endfacet
facet normal 0 0 1
outer loop
vertex 33.34270095825195 56.09783172607422 0
vertex 35.631744384765625 54.837890625 0
vertex 33.7639274597168 56.05146789550781 0
endloop
endfacet
facet normal 0.9028638466390513 0.42992659191091637 0
outer loop
vertex 60.14475631713867 34.10142135620117 -1
vertex 59.96256637573242 34.48402786254883 -9.308574676513672
vertex 59.96256637573242 34.48402786254883 -1
endloop
endfacet
facet normal 0 0 1
outer loop
vertex 33.872947692871094 56.04193115234375 0
vertex 35.631744384765625 54.837890625 0
vertex 33.93299102783203 56.04373550415039 0
endloop
endfacet
facet normal 0.999247145420241 -0.03879616436582208 0
outer loop
vertex 60.65780258178711 38.285518646240234 -1
vertex 60.69601821899414 39.269813537597656 -8.692237854003906
vertex 60.69601821899414 39.269813537597656 -1
endloop
endfacet
facet normal 0 0 1
outer loop
vertex 34.539546966552734 56.10131072998047 0
vertex 34.469600677490234 56.08256912231445 0
vertex 35.631744384765625 54.837890625 0
endloop
endfacet
facet normal 0 0 1
outer loop
vertex 35.03352355957031 56.225868225097656 0
vertex 34.539546966552734 56.10131072998047 0
vertex 35.631744384765625 54.837890625 0
endloop
endfacet
facet normal 0.9147636548709007 -0.4039893939369206 0.00015910283188903297
outer loop
vertex 64.58843231201172 -74.32456970214844 -17.618179321289062
vertex 64.6404800415039 -74.20672607421875 -17.64203453063965
vertex 64.81697845458984 -73.80703735351562 -17.543540954589844
endloop
endfacet
facet normal 0 0 1
outer loop
vertex -77.06221771240234 55.3678092956543 0
vertex -77.24628448486328 -66.92547607421875 0
vertex -76.76165008544922 56.10350036621094 0
endloop
endfacet
facet normal 0 0 1
outer loop
vertex 56.42840576171875 36.441280364990234 0
vertex 59.00364303588867 34.21377182006836 0
vertex 58.885108947753906 34.620643615722656 0
endloop
endfacet
facet normal -0.49908224828948233 0.8665546199821887 -0.00000546261203228562
outer loop
vertex 60.569541931152344 76.20414733886719 -1
vertex 50.076324462890625 70.16068267822266 -3.5
vertex 51.97900390625 71.25651550292969 -2.5
endloop
endfacet
facet normal 0.7082086434511408 0.7060031992428187 0
outer loop
vertex 60.68813705444336 33.4549674987793 -1
vertex 60.388954162597656 33.75508499145508 -9.426008224487305
vertex 60.388954162597656 33.75508499145508 -1
endloop
endfacet
facet normal -0.49908298153586234 0.8665541969342133 0.000036290147909433257
outer loop
vertex 44.14445877075195 66.7442855834961 -1
vertex 51.97900390625 71.25651550292969 -1.100000023841858
vertex 49.89927291870117 70.0587158203125 -1.100000023841858
endloop
endfacet
facet normal 0 0 1
outer loop
vertex 60.413482666015625 -69.62893676757812 0
vertex 61.34733963012695 -75.9281997680664 0
vertex 61.76931381225586 -75.75333404541016 0
endloop
endfacet
facet normal -0.4990842178078336 0.8665534856660434 -0.000003895299002219373
outer loop
vertex 50.076324462890625 70.16068267822266 -3.5
vertex 44.14445877075195 66.7442855834961 -1
vertex 49.89927291870117 70.0587158203125 -2.5
endloop
endfacet
facet normal 0 0 -1
outer loop
vertex 56.42840576171875 36.441280364990234 0
vertex 59.683441162109375 33.05176544189453 0
vertex 59.62290954589844 33.11229705810547 0
endloop
endfacet
facet normal -0.9804419416159897 0.19680852643968477 0.000055144427441015985
outer loop
vertex -78.02392578125 55.65791702270508 -7.434263229370117
vertex -78.1866455078125 54.84733581542969 -7.578460693359375
vertex -78.2177963256836 54.69214630126953 -7.559397220611572
endloop
endfacet
facet normal -0.9257258719742093 0.3781952008653598 0
outer loop
vertex -77.6513900756836 56.56978988647461 -7.458293914794922
vertex -78.02392578125 55.65791702270508 -7.434263229370117
vertex -77.6513900756836 56.56978988647461 -1
endloop
endfacet
facet normal 0.7263252307235687 0.687351190596448 0
outer loop
vertex 67.52876281738281 75.08342742919922 -6.036950588226318
vertex 66.85169219970703 75.79888916015625 -5.925154209136963
vertex 67.52876281738281 75.08342742919922 -1
endloop
endfacet
facet normal 0 0 1
outer loop
vertex 43.550811767578125 64.80509185791016 0
vertex 44.60283279418945 63.66975402832031 0
vertex 44.88801956176758 64.09436798095703 0
endloop
endfacet
facet normal -0.9732686361887748 0.2296696797821657 0
outer loop
vertex 41.70363998413086 60.725730895996094 -7.272381782531738
vertex 41.70363998413086 60.725730895996094 -1
vertex 41.793033599853516 61.10455322265625 -1
endloop
endfacet
facet normal 0 0 1
outer loop
vertex 44.54806900024414 61.20404052734375 0
vertex 42.67690658569336 60.496055603027344 0
vertex 46.03019332885742 58.622642517089844 0
endloop
endfacet
facet normal 0.28906685522503417 0.957308912112652 0
outer loop
vertex -28.451875686645508 54.660457611083984 -1
vertex -28.857553482055664 54.782955169677734 -7.884530544281006
vertex -28.857553482055664 54.782955169677734 -1
endloop
endfacet
facet normal 0 0 1
outer loop
vertex 43.550811767578125 64.80509185791016 0
vertex 43.15557861328125 64.11551666259766 0
vertex 44.60283279418945 63.66975402832031 0
endloop
endfacet
facet normal 0 0 1
outer loop
vertex 42.89749526977539 63.363773345947266 0
vertex 44.295249938964844 62.69893264770508 0
vertex 44.40285110473633 63.198978424072266 0
endloop
endfacet
facet normal -0.719757696716504 0.6942253654378764 0
outer loop
vertex -76.4297103881836 58.10402297973633 -7.394381046295166
vertex -77.1135482788086 57.39503479003906 -7.351645469665527
vertex -76.4297103881836 58.10402297973633 -1
endloop
endfacet
facet normal 0 0 1
outer loop
vertex 20.679628372192383 -74.65721130371094 0
vertex 44.93913650512695 -74.4686279296875 0
vertex 44.977195739746094 -74.27729034423828 0
endloop
endfacet
facet normal -0.06989775503844936 0.9975541608396914 -0.000005657219009694112
outer loop
vertex -73.73204040527344 59.30770492553711 -7.3652143478393555
vertex -73.76846313476562 59.305152893066406 -7.3517069816589355
vertex -73.03804016113281 59.35636901855469 -1
endloop
endfacet
facet normal 0 0 1
outer loop
vertex 20.679628372192383 -74.65721130371094 0
vertex 44.93913650512695 -75.4686279296875 0
vertex 44.93913650512695 -74.4686279296875 0
endloop
endfacet
facet normal 0 0 1
outer loop
vertex 58.84579849243164 35.909873962402344 0
vertex 56.84688186645508 36.635826110839844 0
vertex 58.83624267578125 35.80066680908203 0
endloop
endfacet
facet normal 0 0 1
outer loop
vertex 42.821834564208984 61.49934768676758 0
vertex 42.795562744140625 61.076393127441406 0
vertex 44.54806900024414 61.20404052734375 0
endloop
endfacet
facet normal 0 0 1
outer loop
vertex 66.1907730102539 75.04241943359375 0
vertex 65.54545593261719 75.50625610351562 0
vertex 66.74586486816406 74.45584869384766 0
endloop
endfacet
facet normal 0 0 1
outer loop
vertex 42.78577423095703 60.96452331542969 0
vertex 42.77096939086914 60.90926742553711 0
vertex 44.54806900024414 61.20404052734375 0
endloop
endfacet
facet normal 0.9804393424571728 -0.19682148196308868 0
outer loop
vertex 65.09928894042969 -72.71305847167969 -17.457441329956055
vertex 64.9879379272461 -73.26773834228516 -1
vertex 64.9879379272461 -73.26773834228516 -17.470808029174805
endloop
endfacet
facet normal 0 0 1
outer loop
vertex 42.64332962036133 60.38371276855469 0
vertex 46.03019332885742 58.622642517089844 0
vertex 42.67690658569336 60.496055603027344 0
endloop
endfacet
facet normal 0 0 1
outer loop
vertex 35.132591247558594 56.25247573852539 0
vertex 35.631744384765625 54.837890625 0
vertex 46.03019332885742 58.622642517089844 0
endloop
endfacet
facet normal 0.000028610228343598708 -0.9999999995903402 8.798226029023684e-7
outer loop
vertex 7.053706645965576 -77.15208435058594 -11.449999809265137
vertex -32.75425338745117 -77.15322875976562 -17.694841384887695
vertex 19.053707122802734 -77.15174102783203 -11.449999809265137
endloop
endfacet
facet normal 0.0000286821811805182 -0.9999999995329317 -0.000010557878437590452
outer loop
vertex 0.6277318596839905 -77.15226745605469 -11.335819244384766
vertex 0.05370670184493065 -77.15228271484375 -11.449999809265137
vertex 6.479681491851807 -77.152099609375 -11.335819244384766
endloop
endfacet
facet normal 0 0 1
outer loop
vertex 42.40407180786133 59.835655212402344 0
vertex 42.37677764892578 59.79667282104492 0
vertex 46.03019332885742 58.622642517089844 0
endloop
endfacet
facet normal 0 0 1
outer loop
vertex 75.62351989746094 55.62520217895508 0
vertex 75.61216735839844 55.113834381103516 0
vertex 77.12206268310547 55.60063552856445 0
endloop
endfacet
facet normal 0.39227954195932563 0.9198460528589453 0
outer loop
vertex 29.768108367919922 60.22940444946289 -1
vertex 28.86202621459961 60.615814208984375 -7.2425007820129395
vertex 28.86202621459961 60.615814208984375 -1
endloop
endfacet
facet normal 0 0 1
outer loop
vertex 42.04474639892578 59.306114196777344 0
vertex 41.75872802734375 58.99342727661133 0
vertex 46.03019332885742 58.622642517089844 0
endloop
endfacet
facet normal 0 0 1
outer loop
vertex -30.9378719329834 55.31397247314453 0
vertex -32.34629440307617 52.10636901855469 0
vertex -30.695966720581055 54.96601486206055 0
endloop
endfacet
facet normal 0 0 1
outer loop
vertex 41.66572189331055 58.90041732788086 0
vertex 41.63462448120117 58.87864303588867 0
vertex 46.03019332885742 58.622642517089844 0
endloop
endfacet
facet normal 0.000024365488166812652 -0.9999999972583616 0.00006992567094006626
outer loop
vertex 19.053707122802734 -77.15174102783203 -3.450000047683716
vertex 48.57978820800781 -77.15089416503906 -1.6274160146713257
vertex 47.860225677490234 -77.15090942382812 -1.5949000120162964
endloop
endfacet
facet normal 0 0 1
outer loop
vertex 64.14971160888672 -72.10488891601562 0
vertex 63.46684265136719 -74.26608276367188 0
vertex 63.69567108154297 -73.87075805664062 0
endloop
endfacet
facet normal 0 0 1
outer loop
vertex 56.79269027709961 -75.82218170166016 0
vertex 56.63047790527344 -75.93057250976562 0
vertex 60.44190216064453 -76.13880157470703 0
endloop
endfacet
facet normal -0.06003793207841703 0.9981960963216332 0
outer loop
vertex 34.29595184326172 57.06737518310547 -7.606023788452148
vertex 33.990631103515625 57.04901123046875 -7.594787120819092
vertex 34.29595184326172 57.06737518310547 -1
endloop
endfacet
facet normal -0.2445083806635689 0.9696471790217285 6.952863308320587e-7
outer loop
vertex 34.42210388183594 57.099185943603516 -7.5823073387146
vertex 34.29595184326172 57.06737518310547 -7.606023788452148
vertex 34.7899284362793 57.191932678222656 -1
endloop
endfacet
facet normal -0.9804405643880454 0.19681539498334819 0
outer loop
vertex -78.02392578125 55.65791702270508 -1
vertex -78.2177963256836 54.69214630126953 -7.559397220611572
vertex -78.2177963256836 54.69214630126953 -1
endloop
endfacet
facet normal 0.9625032077618553 0.27127029886837734 0
outer loop
vertex 59.96256637573242 34.48402786254883 -1
vertex 59.84761047363281 34.89190673828125 -9.264448165893555
vertex 59.84761047363281 34.89190673828125 -1
endloop
endfacet
facet normal 0 0 1
outer loop
vertex 77.07918548583984 54.807071685791016 0
vertex 75.50457000732422 54.61378860473633 0
vertex 76.88739776611328 54.03583908081055 0
endloop
endfacet
facet normal 0 0 1
outer loop
vertex 41.158172607421875 58.52653884887695 0
vertex 40.78436279296875 58.3269157409668 0
vertex 46.03019332885742 58.622642517089844 0
endloop
endfacet
facet normal 0.0010405937927809288 0.9999994585820525 -4.0046550840981137e-7
outer loop
vertex -11.57706069946289 59.348487854003906 -7.359274387359619
vertex 0.6877655982971191 59.33572769165039 -1
vertex 8.239484786987305 59.3278694152832 -1
endloop
endfacet
facet normal 0.5587271801294812 0.8293515161810187 -0.000028156770325610923
outer loop
vertex 30.58504867553711 59.67903518676758 -7.272563457489014
vertex 30.49549674987793 59.73936462402344 -7.3004302978515625
vertex 29.768108367919922 60.22940444946289 -7.172123432159424
endloop
endfacet
facet normal -0.6567215947072904 0.7541331096225639 -0.000004014376609648616
outer loop
vertex -14.32431697845459 58.383358001708984 -1
vertex -15.067215919494629 57.736385345458984 -7.4079270362854
vertex -14.361564636230469 58.350921630859375 -1
endloop
endfacet
facet normal 0 0 1
outer loop
vertex 75.50457000732422 54.61378860473633 0
vertex 75.30459594726562 54.14300537109375 0
vertex 76.88739776611328 54.03583908081055 0
endloop
endfacet
facet normal 0 0 1
outer loop
vertex -14.338713645935059 57.044761657714844 0
vertex -11.296293258666992 56.85636901855469 0
vertex 7.896429538726807 56.849220275878906 0
endloop
endfacet
facet normal 0.21177080856693534 0.9773193565252386 0
outer loop
vertex 28.81104278564453 60.626861572265625 -7.257452487945557
vertex 28.86202621459961 60.615814208984375 -1
vertex 28.86202621459961 60.615814208984375 -7.2425007820129395
endloop
endfacet
facet normal 0.9999999992005888 -0.00003998527776956097 0
outer loop
vertex 65.14970397949219 -72.1495590209961 -1
vertex 65.14970397949219 -72.1495590209961 -17.503599166870117
vertex 65.1537094116211 28.023113250732422 -9.607364654541016
endloop
endfacet
facet normal 0 0 1
outer loop
vertex 75.30459594726562 54.14300537109375 0
vertex 76.55359649658203 53.31461715698242 0
vertex 76.88739776611328 54.03583908081055 0
endloop
endfacet
facet normal 0 0 1
outer loop
vertex -14.338713645935059 57.044761657714844 0
vertex -13.052263259887695 57.96631622314453 0
vertex -13.739335060119629 57.566749572753906 0
endloop
endfacet
facet normal 0 0 1
outer loop
vertex -58.345069885253906 -70.93057250976562 0
vertex -63.636409759521484 -71.14812469482422 0
vertex -38.10139083862305 -71.168701171875 0
endloop
endfacet
facet normal 0 0 1
outer loop
vertex -75.77600860595703 57.34130859375 0
vertex -76.32772827148438 56.76930236816406 0
vertex -75.65446472167969 54.8535270690918 0
endloop
endfacet
facet normal 0 0 1
outer loop
vertex 60.666812896728516 43.410919189453125 0
vertex 58.10889434814453 43.75394058227539 0
vertex 60.6396598815918 43.39190673828125 0
endloop
endfacet
facet normal 0 0 1
outer loop
vertex -75.77600860595703 57.34130859375 0
vertex -74.86743927001953 56.14936447143555 0
vertex -74.45885467529297 56.45707702636719 0
endloop
endfacet
facet normal 0 0 1
outer loop
vertex -58.03641128540039 -69.66419219970703 0
vertex -58.03641128540039 -70.4686279296875 0
vertex -33.14629364013672 -69.66863250732422 0
endloop
endfacet
facet normal 0 0 1
outer loop
vertex -75.77600860595703 57.34130859375 0
vertex -73.04629516601562 56.85636901855469 0
vertex -73.00338745117188 58.35634231567383 0
endloop
endfacet
facet normal -0.6942194178862406 -0.7197634332401787 0
outer loop
vertex -76.99394989013672 -70.35205078125 -17.214120864868164
vertex -76.28495788574219 -71.03588104248047 -17.31859588623047
vertex -76.99394989013672 -70.35205078125 -1
endloop
endfacet
facet normal -0.5759081239317179 0.8175144235971921 0
outer loop
vertex -75.62442779541016 58.67131423950195 -1
vertex -76.4297103881836 58.10402297973633 -7.394381046295166
vertex -76.4297103881836 58.10402297973633 -1
endloop
endfacet
facet normal -0.9999999725571573 0.0002342767674553373 -2.8423363961398455e-7
outer loop
vertex -78.24629211425781 -66.96037292480469 -17.082420349121094
vertex -78.22989654541016 3.042896032333374 -1
vertex -78.2177963256836 54.69214630126953 -1
endloop
endfacet
facet normal -0.23208821088009504 0.9726947426456445 0
outer loop
vertex -73.76846313476562 59.305152893066406 -1
vertex -74.72660064697266 59.0765380859375 -7.168430328369141
vertex -74.72660064697266 59.0765380859375 -1
endloop
endfacet
facet normal -0.0008024487779536368 -0.9999996780378664 3.496461395174379e-7
outer loop
vertex -63.636409759521484 -72.14812469482422 -4
vertex -58.03641128540039 -72.15261840820312 -4
vertex -62.893795013427734 -72.14871978759766 -1.6613107919692993
endloop
endfacet
facet normal 0 0 1
outer loop
vertex -14.82828140258789 56.41986846923828 0
vertex -13.98914623260498 54.349090576171875 0
vertex -13.904467582702637 54.8535270690918 0
endloop
endfacet
facet normal 0.39227954195932563 0.9198460528589453 0
outer loop
vertex 29.768108367919922 60.22940444946289 -7.172123432159424
vertex 28.86202621459961 60.615814208984375 -7.2425007820129395
vertex 29.768108367919922 60.22940444946289 -1
endloop
endfacet
facet normal 0 0 1
outer loop
vertex -13.98914623260498 54.349090576171875 0
vertex -15.342949867248535 55.416683197021484 0
vertex -15.375763893127441 55.36981964111328 0
endloop
endfacet
facet normal 0 0 1
outer loop
vertex 56.93913650512695 -74.4686279296875 0
vertex 56.93913650512695 -75.4686279296875 0
vertex 60.44190216064453 -76.13880157470703 0
endloop
endfacet
facet normal 0.000028853303136328894 -0.9999999995837434 0
outer loop
vertex 56.93913650512695 -77.15065002441406 -4
vertex 56.93913650512695 -77.15065002441406 -5
vertex 60.3765983581543 -77.15055084228516 -1
endloop
endfacet
facet normal -0.3426618242034376 0.9394588198710854 0
outer loop
vertex 40.31440353393555 59.20695114135742 -7.551460266113281
vertex 34.79510498046875 57.19382095336914 -7.5938720703125
vertex 40.31440353393555 59.20695114135742 -1
endloop
endfacet
facet normal 0 0 1
outer loop
vertex -16.001527786254883 54.57264709472656 0
vertex -16.087732315063477 54.48644256591797 0
vertex -13.996293067932129 52.10636901855469 0
endloop
endfacet
facet normal 0 0 1
outer loop
vertex 60.666812896728516 43.410919189453125 0
vertex 61.00027847290039 43.672420501708984 0
vertex 58.10889434814453 43.75394058227539 0
endloop
endfacet
facet normal 0.00003196542803323294 -0.9999999994815482 -0.000003887825525479205
outer loop
vertex 53.298439025878906 -77.1507568359375 -1.6274312734603882
vertex 51.33913803100586 -77.15081024169922 -4
vertex 54.01842498779297 -77.1507339477539 -1.5949000120162964
endloop
endfacet
facet normal 0.000028845397744301717 -0.9999999995839715 0
outer loop
vertex -13.446292877197266 -77.15267181396484 -4.949999809265137
vertex -32.75425338745117 -77.15322875976562 -1
vertex -32.75425338745117 -77.15322875976562 -17.694841384887695
endloop
endfacet
facet normal 0 0 1
outer loop
vertex 50.53913879394531 -75.9686279296875 0
vertex 45.43913650512695 -75.9686279296875 0
vertex 50.53913879394531 -76.15083312988281 0
endloop
endfacet
facet normal 0.9189020701436562 -0.3944857227907025 0
outer loop
vertex 59.92904281616211 36.14840316772461 -1
vertex 60.434627532958984 37.32609558105469 -8.780405044555664
vertex 60.434627532958984 37.32609558105469 -1
endloop
endfacet
facet normal 0 0 1
outer loop
vertex -16.12671661376953 54.45914840698242 0
vertex -16.46392822265625 54.20249938964844 0
vertex -13.996293067932129 52.10636901855469 0
endloop
endfacet
facet normal 0 0 1
outer loop
vertex 9.696703910827637 55.97751235961914 0
vertex 10.11180305480957 55.37531280517578 0
vertex 8.915145874023438 58.17229080200195 0
endloop
endfacet
facet normal 0 0 1
outer loop
vertex -73.61641693115234 58.313358306884766 0
vertex -74.4019546508789 58.12592697143555 0
vertex -75.77600860595703 57.34130859375 0
endloop
endfacet
facet normal 0.000029085732881264682 -0.9999999995712394 -0.000003397249727449877
outer loop
vertex 19.627731323242188 -77.15172576904297 -3.564180612564087
vertex 20.11436653137207 -77.1517105102539 -3.8893399238586426
vertex 50.53913879394531 -77.15083312988281 -1.668005347251892
endloop
endfacet
facet normal 0 0 1
outer loop
vertex 62.5666389465332 31.31279945373535 0
vertex 61.900394439697266 31.74701690673828 0
vertex 63.138648986816406 30.76108741760254 0
endloop
endfacet
facet normal -0.983992036189153 -0.17821243704165185 0
outer loop
vertex -35.67417907714844 -74.07302856445312 -1
vertex -35.56074523925781 -74.69934844970703 -17.660106658935547
vertex -35.56074523925781 -74.69934844970703 -1
endloop
endfacet
facet normal 0.0007397988342985805 0.9999997263488049 0
outer loop
vertex -73.03804016113281 59.35636901855469 -1
vertex -65.23641204833984 59.3505973815918 -1.100000023841858
vertex -65.23641204833984 59.3505973815918 -2.5
endloop
endfacet
facet normal 0.6589847024564345 -0.7521563414134088 0
outer loop
vertex 63.16202926635742 -76.05982208251953 -1
vertex 63.58755874633789 -75.68700408935547 -17.637414932250977
vertex 63.58755874633789 -75.68700408935547 -1
endloop
endfacet
facet normal 0.0008683917523056975 0.9999990971733791 -0.0010254502383365964
outer loop
vertex -50.86936950683594 59.339969635009766 -1
vertex -65.03640747070312 59.349708557128906 -3.5
vertex -62.83641052246094 59.34882354736328 -2.5
endloop
endfacet
facet normal -0.8518948568905333 -0.5237128533876725 0
outer loop
vertex -35.042686462402344 -75.81869506835938 -1
vertex -34.9771728515625 -75.92526245117188 -17.677688598632812
vertex -34.9771728515625 -75.92526245117188 -1
endloop
endfacet
facet normal 0 0 1
outer loop
vertex -17.70624351501465 53.682403564453125 0
vertex -13.996293067932129 52.10636901855469 0
vertex -17.673221588134766 53.6852912902832 0
endloop
endfacet
facet normal 0 0 1
outer loop
vertex 60.25873947143555 42.98143005371094 0
vertex 60.54324722290039 43.295494079589844 0
vertex 58.10889434814453 43.75394058227539 0
endloop
endfacet
facet normal 0.0007397547337064773 0.9999997263052066 0.000012346901833754057
outer loop
vertex -62.83641052246094 59.34882354736328 -1.100000023841858
vertex -73.03804016113281 59.35636901855469 -1
vertex -50.86936950683594 59.339969635009766 -1
endloop
endfacet
facet normal -0.9436320104676497 -0.33099641813826824 -6.466974469872227e-7
outer loop
vertex -35.56074523925781 -74.69934844970703 -1
vertex -35.33474349975586 -75.34362030029297 -17.70172691345215
vertex -35.501548767089844 -74.86811065673828 -1
endloop
endfacet
facet normal 0.0007396737441567452 0.9999997264413387 0
outer loop
vertex -34.51051330566406 59.3278694152832 -7.358429908752441
vertex -50.86936950683594 59.339969635009766 -1
vertex -34.51051330566406 59.3278694152832 -1
endloop
endfacet
facet normal 0 0 1
outer loop
vertex 26.98934555053711 59.845611572265625 0
vertex 10.11180305480957 55.37531280517578 0
vertex 27.007017135620117 58.34709167480469 0
endloop
endfacet
facet normal -0.22516420693172523 -0.9743208300743592 -1.3756084322922587e-7
outer loop
vertex -37.485477447509766 -72.2544937133789 -17.44048309326172
vertex -37.33484649658203 -72.289306640625 -1
vertex -37.666236877441406 -72.21272277832031 -1
endloop
endfacet
facet normal 0 0 1
outer loop
vertex 26.98934555053711 59.845611572265625 0
vertex 28.498210906982422 58.073307037353516 0
vertex 27.780576705932617 59.82691955566406 0
endloop
endfacet
facet normal 0.000028801668571381956 -0.9999999995851263 -4.5974583624507173e-7
outer loop
vertex 50.53913879394531 -77.15083312988281 -1.668005347251892
vertex 20.553707122802734 -77.15169525146484 -4.949999809265137
vertex 44.93913650512695 -77.15099334716797 -4
endloop
endfacet
facet normal 0 0 1
outer loop
vertex 29.288297653198242 59.346885681152344 0
vertex 28.55727767944336 59.65863800048828 0
vertex 29.94740104675293 58.90285110473633 0
endloop
endfacet
facet normal 0 0 1
outer loop
vertex 60.44190216064453 -76.13880157470703 0
vertex 60.90886306762695 -76.05618286132812 0
vertex 60.413482666015625 -69.62893676757812 0
endloop
endfacet
facet normal 0 0 1
outer loop
vertex 61.94670486450195 29.85251235961914 0
vertex 62.254417419433594 29.443931579589844 0
vertex 64.1106948852539 28.60149574279785 0
endloop
endfacet
facet normal 0.91477214604417 -0.4039701979376 0
outer loop
vertex 64.58843231201172 -74.32456970214844 -1
vertex 64.81697845458984 -73.80703735351562 -17.543540954589844
vertex 64.81697845458984 -73.80703735351562 -1
endloop
endfacet
facet normal -0.6715252735247343 -0.7409816509316599 -3.4964246164471757e-7
outer loop
vertex -36.586448669433594 -72.68053436279297 -1
vertex -36.272438049316406 -72.96510314941406 -17.64056968688965
vertex -36.34597396850586 -72.89846801757812 -1
endloop
endfacet
facet normal 0 0 1
outer loop
vertex 60.60258865356445 32.311553955078125 0
vertex 61.13027572631836 30.46124267578125 0
vertex 60.984622955322266 32.128170013427734 0
endloop
endfacet
facet normal 0.0000295624671091037 -0.9999999995355714 -0.000007410663296687378
outer loop
vertex 20.439525604248047 -77.15170288085938 -4.375974655151367
vertex 20.553707122802734 -77.15169525146484 -4.949999809265137
vertex 50.53913879394531 -77.15083312988281 -1.668005347251892
endloop
endfacet
facet normal 0 0 1
outer loop
vertex 60.45711135864258 32.39730453491211 0
vertex 61.13027572631836 30.46124267578125 0
vertex 60.53371047973633 32.34366989135742 0
endloop
endfacet
facet normal 0.8654653680969057 -0.500968758132568 0
outer loop
vertex 64.30500793457031 -74.814208984375 -1
vertex 64.58843231201172 -74.32456970214844 -17.618179321289062
vertex 64.58843231201172 -74.32456970214844 -1
endloop
endfacet
facet normal 0.3791722260935003 0.9253261170848359 0
outer loop
vertex 62.367130279541016 32.6364631652832 -9.39466667175293
vertex 61.41574478149414 33.02631378173828 -9.523951530456543
vertex 62.367130279541016 32.6364631652832 -1
endloop
endfacet
facet normal -0.36914508548141434 -0.9293717802176247 -2.0609283879262539e-7
outer loop
vertex -33.93771743774414 -76.79872131347656 -1
vertex -33.32030487060547 -77.04395294189453 -17.78760528564453
vertex -33.30318069458008 -77.0507583618164 -1
endloop
endfacet
facet normal 0.5787839609022728 0.8154809173745877 4.209636235792421e-7
outer loop
vertex 60.79124069213867 33.38179016113281 -9.517963409423828
vertex 60.68813705444336 33.4549674987793 -9.495696067810059
vertex 61.03371047973633 33.209693908691406 -1
endloop
endfacet
facet normal 0 0 1
outer loop
vertex 59.848201751708984 42.340511322021484 0
vertex 57.0198974609375 42.71066665649414 0
vertex 59.68727493286133 41.9484748840332 0
endloop
endfacet
facet normal 0 0 1
outer loop
vertex 8.915145874023438 58.17229080200195 0
vertex 10.11180305480957 55.37531280517578 0
vertex 10.157307624816895 57.59811782836914 0
endloop
endfacet
facet normal 0.8260690443886465 0.5635689256007896 0
outer loop
vertex -30.07501220703125 55.82361602783203 -7.650815963745117
vertex -29.87298011779785 55.52748107910156 -1
vertex -29.87298011779785 55.52748107910156 -7.708370208740234
endloop
endfacet
facet normal -0.8175180701776491 -0.5759029474946386 0
outer loop
vertex -77.56123352050781 -69.54676818847656 -1
vertex -76.99394989013672 -70.35205078125 -17.214120864868164
vertex -76.99394989013672 -70.35205078125 -1
endloop
endfacet
facet normal 0.8175166196712338 0.5759050065430229 0
outer loop
vertex -30.531349182128906 56.734500885009766 -7.455067157745361
vertex -31.0986385345459 57.53978729248047 -7.4258551597595215
vertex -30.531349182128906 56.734500885009766 -1
endloop
endfacet
facet normal 0 0 1
outer loop
vertex 10.853240966796875 57.34165954589844 0
vertex 10.11180305480957 55.37531280517578 0
vertex 11.269891738891602 57.264312744140625 0
endloop
endfacet
facet normal 0.4465977286504433 0.8947348594775135 1.3809910969642368e-7
outer loop
vertex -29.073850631713867 54.89091873168945 -7.855470180511475
vertex -29.14147186279297 54.9246711730957 -7.838889122009277
vertex -28.857553482055664 54.782955169677734 -1
endloop
endfacet
facet normal 0 0 1
outer loop
vertex 57.0198974609375 42.71066665649414 0
vertex 59.52670669555664 41.324066162109375 0
vertex 59.54026794433594 41.37468338012695 0
endloop
endfacet
facet normal 0.10401895530421473 0.9945753148642991 0
outer loop
vertex -27.93465232849121 54.60636901855469 -7.778840065002441
vertex -28.008512496948242 54.61409378051758 -7.777716636657715
vertex -27.93465232849121 54.60636901855469 -1
endloop
endfacet
facet normal -0.49908297984351896 0.8665541986687927 0
outer loop
vertex 61.3090934753418 76.63008117675781 -5.782338619232178
vertex 51.80195236206055 71.154541015625 -3.5
vertex 61.3090934753418 76.63008117675781 -1
endloop
endfacet
facet normal 0.9625032077618554 0.27127029886837734 0
outer loop
vertex 59.96256637573242 34.48402786254883 -1
vertex 59.96256637573242 34.48402786254883 -9.308574676513672
vertex 59.84761047363281 34.89190673828125 -9.264448165893555
endloop
endfacet
facet normal 0.4200255304660272 0.907512288488003 0
outer loop
vertex 66.05184173583984 76.3738021850586 -1
vertex 65.15790557861328 76.78754425048828 -5.880308628082275
vertex 65.15790557861328 76.78754425048828 -1
endloop
endfacet
facet normal 0.97264701696917 -0.2322881408530687 0
outer loop
vertex 59.830604553222656 35.73622512817383 -9.161678314208984
vertex 59.88359451293945 35.958106994628906 -9.090160369873047
vertex 59.830604553222656 35.73622512817383 -1
endloop
endfacet
facet normal 0 0 1
outer loop
vertex 11.862104415893555 57.2408332824707 0
vertex 10.11180305480957 55.37531280517578 0
vertex 12.022746086120605 57.24995422363281 0
endloop
endfacet
facet normal 0.37818901692441037 0.9257283926732873 -0.0001023537009145491
outer loop
vertex -32.632869720458984 58.7614631652832 -7.370943546295166
vertex -32.706390380859375 58.79149627685547 -7.392458915710449
vertex -33.544742584228516 59.134002685546875 -7.27217435836792
endloop
endfacet
facet normal 0 0 1
outer loop
vertex -74.99342346191406 -70.68399047851562 0
vertex -74.66004180908203 -69.13298797607422 0
vertex -75.65922546386719 -70.25006103515625 0
endloop
endfacet
facet normal 0.3781985195962408 0.9257245161359894 0
outer loop
vertex -32.632869720458984 58.7614631652832 -7.370943546295166
vertex -33.544742584228516 59.134002685546875 -7.27217435836792
vertex -32.632869720458984 58.7614631652832 -1
endloop
endfacet
facet normal 0.9739960640122048 -0.22656492952072918 0
outer loop
vertex 60.434627532958984 37.32609558105469 -8.780405044555664
vertex 60.65780258178711 38.285518646240234 -8.801217079162598
vertex 60.434627532958984 37.32609558105469 -1
endloop
endfacet
facet normal 0 0 1
outer loop
vertex 64.1106948852539 28.60149574279785 0
vertex 62.65370559692383 28.031368255615234 0
vertex 64.15370178222656 27.988115310668945 0
endloop
endfacet
facet normal -0.8902607296355054 0.4554512413737149 0
outer loop
vertex -16.061004638671875 56.20591735839844 -1
vertex -16.208974838256836 55.916683197021484 -7.573782444000244
vertex -16.208974838256836 55.916683197021484 -1
endloop
endfacet
facet normal 0 0 1
outer loop
vertex -74.25773620605469 -70.98455047607422 0
vertex -73.48229217529297 -71.14021301269531 0
vertex -73.74345397949219 -69.5768051147461 0
endloop
endfacet
facet normal -0.6056280227673 0.7957478859783235 0
outer loop
vertex -17.067731857299805 54.99584197998047 -7.832108020782471
vertex -17.067731857299805 54.99584197998047 -1
vertex -16.84674835205078 55.16402816772461 -1
endloop
endfacet
facet normal 0 0 1
outer loop
vertex 56.42840576171875 36.441280364990234 0
vertex 58.885108947753906 34.620643615722656 0
vertex 58.856746673583984 34.7874870300293 0
endloop
endfacet
facet normal 0.9726948469455083 0.2320877737530654 0
outer loop
vertex 64.8738784790039 29.7116756439209 -9.481705665588379
vertex 64.8738784790039 29.7116756439209 -1
vertex 65.10249328613281 28.753536224365234 -1
endloop
endfacet
facet normal 0.4839864952498967 0.8750754666969226 9.406009643819753e-7
outer loop
vertex 10.640605926513672 58.47193145751953 -1
vertex 10.117128372192383 58.7614631652832 -7.408070087432861
vertex 10.563267707824707 58.514705657958984 -1
endloop
endfacet
facet normal 0.9739960640122048 -0.22656492952072918 0
outer loop
vertex 60.434627532958984 37.32609558105469 -1
vertex 60.65780258178711 38.285518646240234 -8.801217079162598
vertex 60.65780258178711 38.285518646240234 -1
endloop
endfacet
facet normal 0 0 1
outer loop
vertex 59.245304107666016 33.67311096191406 0
vertex 56.42840576171875 36.441280364990234 0
vertex 59.27873229980469 33.60142135620117 0
endloop
endfacet
facet normal 0.18468042825639114 0.9827986260755921 -0.0000017218248700202176
outer loop
vertex 11.454371452331543 58.2462158203125 -1
vertex 11.037888526916504 58.324466705322266 -7.610864162445068
vertex 11.41986083984375 58.25270080566406 -1
endloop
endfacet
facet normal 0.016001033956326186 0.9998719752609975 0
outer loop
vertex 11.454371452331543 58.2462158203125 -7.580346584320068
vertex 11.454371452331543 58.2462158203125 -1
vertex 11.538516998291016 58.244869232177734 -1
endloop
endfacet
facet normal -0.1409485317838299 0.9900169247987545 0
outer loop
vertex -17.84686851501465 54.670101165771484 -7.82488489151001
vertex -17.998952865600586 54.6484489440918 -7.801112651824951
vertex -17.84686851501465 54.670101165771484 -1
endloop
endfacet
facet normal 0 0 1
outer loop
vertex 77.0145034790039 56.38804244995117 0
vertex 75.53822326660156 56.12953186035156 0
vertex 77.12206268310547 55.60063552856445 0
endloop
endfacet
facet normal -0.46253593130966364 0.8866005370218891 0
outer loop
vertex -17.067731857299805 54.99584197998047 -7.832108020782471
vertex -17.209930419921875 54.92165756225586 -7.828017234802246
vertex -17.067731857299805 54.99584197998047 -1
endloop
endfacet
facet normal -0.621656728226252 0.78328980093643 0
outer loop
vertex 43.37281799316406 66.13187408447266 -6.680486679077148
vertex 43.37281799316406 66.13187408447266 -1
vertex 44.14445877075195 66.7442855834961 -1
endloop
endfacet
facet normal -0.7313322653403708 0.6820213469328665 0
outer loop
vertex -16.441499710083008 55.56240463256836 -7.674476623535156
vertex -16.656343460083008 55.332027435302734 -7.738061428070068
vertex -16.441499710083008 55.56240463256836 -1
endloop
endfacet
facet normal 0 0 1
outer loop
vertex -69.99835205078125 -70.65997314453125 0
vertex -70.03640747070312 -70.4686279296875 0
vertex -73.48229217529297 -71.14021301269531 0
endloop
endfacet
facet normal -0.8902993842512511 0.4553750848404491 0.0007338313136270322
outer loop
vertex -16.134525299072266 56.06221008300781 -7.536688327789307
vertex -16.159912109375 56.0125846862793 -7.541719913482666
vertex -15.65952205657959 56.980350494384766 -1
endloop
endfacet
facet normal 0 0 1
outer loop
vertex -69.99835205078125 -70.65997314453125 0
vertex -73.48229217529297 -71.14021301269531 0
vertex -69.88996124267578 -70.82218170166016 0
endloop
endfacet
facet normal -0.6567413387748201 0.7541159154558464 6.690339636583745e-7
outer loop
vertex -14.974857330322266 57.81681823730469 -7.438368797302246
vertex -15.067215919494629 57.736385345458984 -7.4079270362854
vertex -14.32431697845459 58.383358001708984 -7.306033611297607
endloop
endfacet
facet normal -0.8675947168125413 0.49727196518501476 0
outer loop
vertex 42.24066162109375 64.53022766113281 -6.755720138549805
vertex 42.24066162109375 64.53022766113281 -1
vertex 42.73053741455078 65.38491821289062 -1
endloop
endfacet
facet normal -0.33065667032831175 0.9437511143175461 -0.00002432661491520979
outer loop
vertex -12.543013572692871 59.204345703125 -7.269876956939697
vertex -13.404959678649902 58.902347564697266 -7.387043476104736
vertex -13.472726821899414 58.878604888916016 -7.36726188659668
endloop
endfacet
facet normal -0.9458177974093163 0.32469785046832444 0.0000022448048360635434
outer loop
vertex 42.24066162109375 64.53022766113281 -1
vertex 41.920780181884766 63.598480224609375 -6.866187572479248
vertex 42.210567474365234 64.44256591796875 -1
endloop
endfacet
facet normal -0.1475885946277641 0.9890488394087531 0
outer loop
vertex -11.57706069946289 59.348487854003906 -7.359274387359619
vertex -12.543013572692871 59.204345703125 -7.269876956939697
vertex -11.57706069946289 59.348487854003906 -1
endloop
endfacet
facet normal 0 0 1
outer loop
vertex 61.77484893798828 -68.96163177490234 0
vertex 61.366268157958984 -69.26934051513672 0
vertex 64.14971160888672 -72.10488891601562 0
endloop
endfacet
facet normal -0.14095945759701664 0.9900153692311827 0
outer loop
vertex -17.84686851501465 54.670101165771484 -1
vertex -18.266407012939453 54.61036682128906 -7.817017078399658
vertex -18.266407012939453 54.61036682128906 -1
endloop
endfacet
facet normal 0.6942223916718342 0.7197605649807709 0
outer loop
vertex -31.0986385345459 57.53978729248047 -1
vertex -31.807628631591797 58.2236213684082 -7.313350200653076
vertex -31.807628631591797 58.2236213684082 -1
endloop
endfacet
facet normal 0 0 1
outer loop
vertex 56.84688186645508 36.635826110839844 0
vertex 58.80870819091797 35.20853805541992 0
vertex 58.808837890625 35.377784729003906 0
endloop
endfacet
facet normal 0.8981412617259418 0.4397070319944096 -2.8482263227647818e-8
outer loop
vertex -30.111804962158203 55.87754440307617 -1
vertex -30.531349182128906 56.734500885009766 -7.455067157745361
vertex -30.346651077270508 56.35723876953125 -1
endloop
endfacet
facet normal 0.9147721460441699 -0.4039701979376 0
outer loop
vertex 64.81697845458984 -73.80703735351562 -17.543540954589844
vertex 64.58843231201172 -74.32456970214844 -1
vertex 64.58843231201172 -74.32456970214844 -17.618179321289062
endloop
endfacet
facet normal 0.8981410692660552 0.43970742511086514 0
outer loop
vertex -30.346651077270508 56.35723876953125 -1
vertex -30.531349182128906 56.734500885009766 -7.455067157745361
vertex -30.531349182128906 56.734500885009766 -1
endloop
endfacet
facet normal 0.2757239622561135 0.9612368577190107 -5.214423760550531e-7
outer loop
vertex 33.45172119140625 57.088294982910156 -1
vertex 33.044376373291016 57.205135345458984 -7.643694877624512
vertex 33.23540115356445 57.15034484863281 -1
endloop
endfacet
facet normal 0.3781985195962408 0.9257245161359895 0
outer loop
vertex -32.632869720458984 58.7614631652832 -1
vertex -33.544742584228516 59.134002685546875 -7.27217435836792
vertex -33.544742584228516 59.134002685546875 -1
endloop
endfacet
facet normal 0.44659776577391624 0.8947348409477225 0
outer loop
vertex -28.857553482055664 54.782955169677734 -1
vertex -29.23671531677246 54.97220993041992 -7.838226318359375
vertex -29.23671531677246 54.97220993041992 -1
endloop
endfacet
facet normal 0 0 1
outer loop
vertex 45.24779510498047 -75.93057250976562 0
vertex -32.446292877197266 -74.9686279296875 0
vertex 45.43913650512695 -75.9686279296875 0
endloop
endfacet
facet normal -0.9204922156354981 0.39076089998162783 0
outer loop
vertex 41.538047790527344 60.335655212402344 -7.352106094360352
vertex 41.538047790527344 60.335655212402344 -1
vertex 41.70363998413086 60.725730895996094 -1
endloop
endfacet
facet normal -0.5579579858826812 -0.8298691981208495 0
outer loop
vertex -33.93771743774414 -76.79872131347656 -17.709304809570312
vertex -34.50431823730469 -76.41777038574219 -1
vertex -34.50431823730469 -76.41777038574219 -17.747819900512695
endloop
endfacet
facet normal 0 0 1
outer loop
vertex 56.42840576171875 36.441280364990234 0
vertex 43.68800354003906 31.804134368896484 0
vertex 60.14643096923828 30.72422218322754 0
endloop
endfacet
facet normal -0.7378767576183876 0.6749354714093602 0
outer loop
vertex 41.3089485168457 59.979148864746094 -1
vertex 41.02293395996094 59.66646194458008 -7.452703475952148
vertex 41.02293395996094 59.66646194458008 -1
endloop
endfacet
facet normal 0 0 1
outer loop
vertex 56.42840576171875 36.441280364990234 0
vertex 59.245304107666016 33.67311096191406 0
vertex 59.0597038269043 34.05409240722656 0
endloop
endfacet
facet normal 0 0 1
outer loop
vertex 62.88759231567383 -74.97074890136719 0
vertex 63.196414947509766 -74.63420104980469 0
vertex 64.14971160888672 -72.10488891601562 0
endloop
endfacet
facet normal 0 0 1
outer loop
vertex -29.73671531677246 54.10618591308594 0
vertex -32.34629440307617 52.10636901855469 0
vertex -29.683313369750977 54.077476501464844 0
endloop
endfacet
facet normal 0.5460121193740193 0.8377772767846428 0
outer loop
vertex 62.367130279541016 32.6364631652832 -9.39466667175293
vertex 62.367130279541016 32.6364631652832 -1
vertex 63.1923713684082 32.0986213684082 -1
endloop
endfacet
facet normal 0 0 1
outer loop
vertex 58.10889434814453 43.75394058227539 0
vertex 57.0198974609375 42.71066665649414 0
vertex 59.848201751708984 42.340511322021484 0
endloop
endfacet
facet normal 0 0 1
outer loop
vertex -32.385990142822266 54.616146087646484 0
vertex -32.34629440307617 52.10636901855469 0
vertex -31.006689071655273 55.439430236816406 0
endloop
endfacet
facet normal 0 0 1
outer loop
vertex 60.413482666015625 -69.62893676757812 0
vertex 62.54402542114258 -75.27175903320312 0
vertex 62.88759231567383 -74.97074890136719 0
endloop
endfacet
facet normal 0 0 1
outer loop
vertex -33.05329513549805 55.97751235961914 0
vertex -32.745582580566406 55.568931579589844 0
vertex -32.4333610534668 57.437801361083984 0
endloop
endfacet
facet normal 0.48094006137773193 -0.8767534758197124 1.9091073663399416e-7
outer loop
vertex 62.202484130859375 -76.65628814697266 -1
vertex 62.26243591308594 -76.62340545654297 -17.76540184020996
vertex 62.69850540161133 -76.38420104980469 -17.721073150634766
endloop
endfacet
facet normal 0 0 1
outer loop
vertex -32.4333610534668 57.437801361083984 0
vertex -31.39458465576172 56.22349548339844 0
vertex -31.861352920532227 56.886085510253906 0
endloop
endfacet
facet normal -0.9475352162063394 -0.3196513945653127 -0.000001120993594679225
outer loop
vertex -35.70386505126953 -73.98503112792969 -17.669391632080078
vertex -35.67417907714844 -74.07302856445312 -17.671714782714844
vertex -35.809654235839844 -73.67150115966797 -1
endloop
endfacet
facet normal 0.17423151121612884 -0.9847047174149944 0
outer loop
vertex 61.13674545288086 -77.0313949584961 -17.706865310668945
vertex 60.579647064208984 -77.12996673583984 -1
vertex 60.579647064208984 -77.12996673583984 -17.761764526367188
endloop
endfacet
facet normal 0 0 1
outer loop
vertex 57.89794158935547 37.72848129272461 0
vertex 57.61923599243164 37.29958724975586 0
vertex 59.01320266723633 36.54157257080078 0
endloop
endfacet
facet normal 0 0 1
outer loop
vertex -76.23123168945312 -69.69834899902344 0
vertex -75.70659637451172 -67.42840576171875 0
vertex -76.68891906738281 -69.04865264892578 0
endloop
endfacet
facet normal 0 0 1
outer loop
vertex -32.34629440307617 52.10636901855469 0
vertex -30.58936309814453 54.83503341674805 0
vertex -30.63902473449707 54.88469314575195 0
endloop
endfacet
facet normal 0 0 1
outer loop
vertex 8.139591217041016 58.327972412109375 0
vertex -11.503376960754395 58.34840774536133 0
vertex 7.896429538726807 56.849220275878906 0
endloop
endfacet
facet normal 0 0 1
outer loop
vertex -29.82590675354004 54.168636322021484 0
vertex -32.34629440307617 52.10636901855469 0
vertex -29.73671531677246 54.10618591308594 0
endloop
endfacet
facet normal 0 0 1
outer loop
vertex -31.006689071655273 55.439430236816406 0
vertex -32.34629440307617 52.10636901855469 0
vertex -30.977828979492188 55.37754440307617 0
endloop
endfacet
facet normal 0.5800326499748929 0.814593226686242 0
outer loop
vertex 32.317420959472656 57.6348991394043 -7.588940620422363
vertex 32.317420959472656 57.6348991394043 -1
vertex 32.662620544433594 57.38909912109375 -1
endloop
endfacet
facet normal 0 0 1
outer loop
vertex -32.34629440307617 52.10636901855469 0
vertex -28.73998260498047 53.70631790161133 0
vertex -29.145660400390625 53.82881546020508 0
endloop
endfacet
facet normal 0 0 1
outer loop
vertex -75.74629211425781 -66.9686279296875 0
vertex -77.20328521728516 -67.53875732421875 0
vertex -77.01585388183594 -68.32429504394531 0
endloop
endfacet
facet normal 0 0 1
outer loop
vertex -28.73998260498047 53.70631790161133 0
vertex -32.34629440307617 52.10636901855469 0
vertex -28.625524520874023 53.67565155029297 0
endloop
endfacet
facet normal 0.275707205483424 0.9612416641222544 0
outer loop
vertex 33.044376373291016 57.205135345458984 -7.643694877624512
vertex 33.044376373291016 57.205135345458984 -1
vertex 33.23540115356445 57.15034484863281 -1
endloop
endfacet
facet normal 0 0 1
outer loop
vertex -77.24628448486328 -66.92547607421875 0
vertex -77.20328521728516 -67.53875732421875 0
vertex -75.74629211425781 -66.9686279296875 0
endloop
endfacet
facet normal 0 0 1
outer loop
vertex 56.84688186645508 36.635826110839844 0
vertex 58.808837890625 35.377784729003906 0
vertex 58.83624267578125 35.80066680908203 0
endloop
endfacet
facet normal 0 0 1
outer loop
vertex 65.54545593261719 75.50625610351562 0
vertex 65.76915740966797 73.23359680175781 0
vertex 67.08940887451172 73.94674682617188 0
endloop
endfacet
facet normal 0 0 1
outer loop
vertex 56.84688186645508 36.635826110839844 0
vertex 56.42840576171875 36.441280364990234 0
vertex 58.80870819091797 35.20853805541992 0
endloop
endfacet
facet normal 0 0 1
outer loop
vertex -29.199573516845703 53.84326171875 0
vertex -32.34629440307617 52.10636901855469 0
vertex -29.145660400390625 53.82881546020508 0
endloop
endfacet
facet normal 0 0 1
outer loop
vertex 59.00364303588867 34.21377182006836 0
vertex 56.42840576171875 36.441280364990234 0
vertex 59.02287292480469 34.142005920410156 0
endloop
endfacet
facet normal 0 0 1
outer loop
vertex 65.5048828125 73.61192321777344 0
vertex 65.76915740966797 73.23359680175781 0
vertex 65.54545593261719 75.50625610351562 0
endloop
endfacet
facet normal 0.37916860112229317 0.9253276024861358 4.7253080163133606e-7
outer loop
vertex 62.367130279541016 32.6364631652832 -1
vertex 61.41574478149414 33.02631378173828 -9.523951530456543
vertex 61.73353958129883 32.896087646484375 -1
endloop
endfacet
facet normal 0 0 1
outer loop
vertex 58.1943359375 39.2153434753418 0
vertex 59.66224670410156 38.41939926147461 0
vertex 59.6932487487793 39.21790313720703 0
endloop
endfacet
facet normal 0.000030575013217200695 -0.999999999472894 0.000010926154180275592
outer loop
vertex -32.75425338745117 -77.15322875976562 -1
vertex -13.332112312316895 -77.15267181396484 -4.375974655151367
vertex -13.006953239440918 -77.15265655517578 -3.8893399238586426
endloop
endfacet
facet normal -0.9436263726621954 -0.33101248982609727 0.00001988757045581082
outer loop
vertex -35.38185501098633 -75.20932006835938 -17.73241424560547
vertex -35.33474349975586 -75.34362030029297 -17.70172691345215
vertex -35.56074523925781 -74.69934844970703 -17.660106658935547
endloop
endfacet
facet normal 0 0 1
outer loop
vertex 58.19074630737305 38.70386505126953 0
vertex 59.48072814941406 37.63906478881836 0
vertex 59.66224670410156 38.41939926147461 0
endloop
endfacet
facet normal 0 0 1
outer loop
vertex 31.202898025512695 57.363731384277344 0
vertex 28.498210906982422 58.073307037353516 0
vertex 31.252649307250977 57.29267883300781 0
endloop
endfacet
facet normal 0 0 1
outer loop
vertex -32.34629440307617 52.10636901855469 0
vertex -29.82590675354004 54.168636322021484 0
vertex -30.16765594482422 54.419212341308594 0
endloop
endfacet
facet normal 0 0 1
outer loop
vertex 28.498210906982422 58.073307037353516 0
vertex 31.312110900878906 57.233219146728516 0
vertex 31.252649307250977 57.29267883300781 0
endloop
endfacet
facet normal 0 0 1
outer loop
vertex 62.11806106567383 -68.5823745727539 0
vertex 64.14971160888672 -72.10488891601562 0
vertex 62.38357925415039 -68.14520263671875 0
endloop
endfacet
facet normal 0 0 1
outer loop
vertex 35.631744384765625 54.837890625 0
vertex 28.498210906982422 58.073307037353516 0
vertex 28.931285858154297 57.8011474609375 0
endloop
endfacet
facet normal 0 0 1
outer loop
vertex 8.915145874023438 58.17229080200195 0
vertex 10.157307624816895 57.59811782836914 0
vertex 9.68454360961914 57.85795593261719 0
endloop
endfacet
facet normal 0 0 1
outer loop
vertex 62.65370559692383 28.031368255615234 0
vertex 62.64656066894531 -67.1613540649414 0
vertex 64.15370178222656 27.988115310668945 0
endloop
endfacet
facet normal 0 0 1
outer loop
vertex -32.34629440307617 52.10636901855469 0
vertex -30.9378719329834 55.31397247314453 0
vertex -30.977828979492188 55.37754440307617 0
endloop
endfacet
facet normal 0 0 1
outer loop
vertex 32.61188507080078 56.30763244628906 0
vertex 32.162620544433594 56.523075103759766 0
vertex 28.498210906982422 58.073307037353516 0
endloop
endfacet
facet normal 0.2801882306186786 -0.9599450793783851 0
outer loop
vertex 61.679832458496094 -76.87287902832031 -17.70477294921875
vertex 61.13674545288086 -77.0313949584961 -1
vertex 61.13674545288086 -77.0313949584961 -17.706865310668945
endloop
endfacet
facet normal 0 0 1
outer loop
vertex 28.498210906982422 58.073307037353516 0
vertex 32.084781646728516 56.57757568359375 0
vertex 31.674633026123047 56.86885452270508 0
endloop
endfacet
facet normal 0 0 1
outer loop
vertex 29.30525779724121 57.45219421386719 0
vertex 35.631744384765625 54.837890625 0
vertex 28.931285858154297 57.8011474609375 0
endloop
endfacet
facet normal 0 0 1
outer loop
vertex -32.34629440307617 52.10636901855469 0
vertex -28.555503845214844 53.669525146484375 0
vertex -28.625524520874023 53.67565155029297 0
endloop
endfacet
facet normal 0.000030172471774752414 -0.9999999995182438 0.000007289324956926037
outer loop
vertex 20.439525604248047 -77.15170288085938 -10.524024963378906
vertex 60.3765983581543 -77.15055084228516 -17.7896671295166
vertex 20.553707122802734 -77.15169525146484 -9.949999809265137
endloop
endfacet
facet normal 0 0 1
outer loop
vertex -32.34629440307617 52.10636901855469 0
vertex -30.294845581054688 54.53033447265625 0
vertex -30.58936309814453 54.83503341674805 0
endloop
endfacet
facet normal 0.000029316678465385973 -0.9999999995656098 0.0000030516175372730475
outer loop
vertex 19.627731323242188 -77.15172576904297 -11.335819244384766
vertex 60.3765983581543 -77.15055084228516 -17.7896671295166
vertex 20.11436653137207 -77.1517105102539 -11.010660171508789
endloop
endfacet
facet normal 0 0 1
outer loop
vertex 56.42840576171875 36.441280364990234 0
vertex 59.0597038269043 34.05409240722656 0
vertex 59.02287292480469 34.142005920410156 0
endloop
endfacet
facet normal 0 0 1
outer loop
vertex 29.82479476928711 56.576297760009766 0
vertex 30.957717895507812 53.13666915893555 0
vertex 35.631744384765625 54.837890625 0
endloop
endfacet
facet normal 0.8667538951847007 0.49873608685989884 0.000029083055367928754
outer loop
vertex 77.67742156982422 57.55098342895508 -7.371152877807617
vertex 77.60063934326172 57.684425354003906 -7.4058661460876465
vertex 67.9383316040039 74.47647857666016 -6.032046794891357
endloop
endfacet
facet normal 0 0 1
outer loop
vertex -77.01585388183594 -68.32429504394531 0
vertex -76.68891906738281 -69.04865264892578 0
vertex -75.74629211425781 -66.9686279296875 0
endloop
endfacet
facet normal 0.42002832524955747 0.907510994453485 0.00003056302818154922
outer loop
vertex 65.97370910644531 76.40996551513672 -6.002545356750488
vertex 65.15790557861328 76.78754425048828 -5.880308628082275
vertex 66.05184173583984 76.3738021850586 -5.9795708656311035
endloop
endfacet
facet normal 0 0 1
outer loop
vertex 58.09075164794922 38.202239990234375 0
vertex 57.89794158935547 37.72848129272461 0
vertex 59.48072814941406 37.63906478881836 0
endloop
endfacet
facet normal 0.10085828379200588 -0.994900802387118 0
outer loop
vertex 60.3765983581543 -77.15055084228516 -17.7896671295166
vertex 60.579647064208984 -77.12996673583984 -17.761764526367188
vertex 60.3765983581543 -77.15055084228516 -1
endloop
endfacet
facet normal 0.4808990207550586 -0.8767759872606149 0
outer loop
vertex 62.26243591308594 -76.62340545654297 -17.76540184020996
vertex 62.202484130859375 -76.65628814697266 -1
vertex 62.202484130859375 -76.65628814697266 -17.755510330200195
endloop
endfacet
facet normal 0.9907990822035567 0.13534097200991962 0
outer loop
vertex 77.99242401123047 56.617671966552734 -7.349188804626465
vertex 78.12574005126953 55.64169692993164 -1
vertex 78.12574005126953 55.64169692993164 -7.461675643920898
endloop
endfacet
facet normal 0.34798463366406873 0.9375002371912682 0
outer loop
vertex 11.037888526916504 58.324466705322266 -7.610864162445068
vertex 10.640605926513672 58.47193145751953 -7.569421291351318
vertex 11.037888526916504 58.324466705322266 -1
endloop
endfacet
facet normal 0.9704456272015177 -0.2413198803361482 0
outer loop
vertex 78.07259368896484 54.65809631347656 -7.446556091308594
vertex 77.83488464355469 53.702171325683594 -1
vertex 77.83488464355469 53.702171325683594 -7.549624919891357
endloop
endfacet
facet normal 0.812003154774345 -0.5836530447419177 0
outer loop
vertex 77.421142578125 52.80823516845703 -7.4415998458862305
vertex 76.84622192382812 52.00838088989258 -1
vertex 76.84622192382812 52.00838088989258 -7.504549980163574
endloop
endfacet
facet normal 0.18465332920200095 0.982803717949121 4.5680371546714966e-8
outer loop
vertex 11.338826179504395 58.26792526245117 -7.592490196228027
vertex 11.037888526916504 58.324466705322266 -7.610864162445068
vertex 11.454371452331543 58.2462158203125 -1
endloop
endfacet
facet normal 0.5593574248634925 -0.828926577719693 0
outer loop
vertex 75.52381134033203 50.9217414855957 -7.685394287109375
vertex 76.13076782226562 51.33131408691406 -7.69679594039917
vertex 75.52381134033203 50.9217414855957 -1
endloop
endfacet
facet normal 0.5002133318404943 -0.8659022015499366 -6.7840146111218e-8
outer loop
vertex 61.61591339111328 42.88736343383789 -1
vertex 61.71940231323242 42.947147369384766 -8.412507057189941
vertex 61.815311431884766 43.0025520324707 -8.41172981262207
endloop
endfacet
facet normal 0.015985970569238367 0.9998722162079113 6.627465380850524e-7
outer loop
vertex 11.557921409606934 58.24456024169922 -7.54943323135376
vertex 11.454371452331543 58.2462158203125 -7.580346584320068
vertex 11.87808609008789 58.239437103271484 -1
endloop
endfacet
facet normal 0.6170788981026998 -0.7869012857508456 -1.5446627528070788e-7
outer loop
vertex 61.282447814941406 42.62586212158203 -1
vertex 61.410552978515625 42.726322174072266 -8.453351974487305
vertex 61.61591339111328 42.88736343383789 -8.435541152954102
endloop
endfacet
facet normal -0.19681464769874213 -0.9804407143989993 0
outer loop
vertex -74.54784393310547 -71.9462661743164 -1
vertex -73.58206939697266 -72.14013671875 -17.39533805847168
vertex -73.58206939697266 -72.14013671875 -1
endloop
endfacet
facet normal 0.7411208192944939 -0.6713716788845377 1.2348716612612555e-7
outer loop
vertex 60.99794006347656 42.311798095703125 -1
vertex 61.131351470947266 42.459068298339844 -8.518303871154785
vertex 61.282447814941406 42.62586212158203 -8.494946479797363
endloop
endfacet
facet normal -0.14463535373164596 0.98948502487336 -0.0000015125491594933584
outer loop
vertex 12.000534057617188 58.2573356628418 -7.487008571624756
vertex 11.87808609008789 58.239437103271484 -7.52109956741333
vertex 12.34829044342041 58.30817794799805 -1
endloop
endfacet
facet normal 0.9960216268390214 -0.08911183349560993 0
outer loop
vertex 65.09928894042969 -72.71305847167969 -1
vertex 65.14970397949219 -72.1495590209961 -17.503599166870117
vertex 65.14970397949219 -72.1495590209961 -1
endloop
endfacet
facet normal 0.9223666723932015 -0.3863155726323895 -3.654198269659418e-8
outer loop
vertex 60.60685729980469 41.563323974609375 -1
vertex 60.71371841430664 41.81846618652344 -8.637978553771973
vertex 60.770565032958984 41.954193115234375 -8.629862785339355
endloop
endfacet
facet normal 0.000028682181181887192 -0.9999999995806614 -0.000004001223186962032
outer loop
vertex 0.6277318596839905 -77.15226745605469 -3.564180612564087
vertex 1.114366888999939 -77.15225219726562 -3.8893399238586426
vertex 6.479681491851807 -77.152099609375 -3.564180612564087
endloop
endfacet
facet normal 0.9223703588700531 -0.3863067706861079 0
outer loop
vertex 60.60685729980469 41.563323974609375 -8.650911331176758
vertex 60.64402389526367 41.65206527709961 -8.634342193603516
vertex 60.60685729980469 41.563323974609375 -1
endloop
endfacet
facet normal 0.9743678800236153 -0.22496051737646208 0
outer loop
vertex 60.51151657104492 41.150421142578125 -8.67802906036377
vertex 60.5381965637207 41.2659797668457 -8.653738975524902
vertex 60.51151657104492 41.150421142578125 -1
endloop
endfacet
facet normal -0.1465913282660325 0.9891971347137298 0.00010559993893406883
outer loop
vertex 12.374679565429688 58.31277847290039 -7.462215900421143
vertex 12.000534057617188 58.2573356628418 -7.487008571624756
vertex 12.34829044342041 58.30817794799805 -1
endloop
endfacet
facet normal 0.9983631709658356 -0.05719247204870147 -2.332061830180523e-8
outer loop
vertex 60.487281799316406 40.72734451293945 -1
vertex 60.48957443237305 40.76736831665039 -8.712777137756348
vertex 60.495452880859375 40.8699836730957 -8.68851089477539
endloop
endfacet
facet normal 0.9989430344723826 -0.045956193243958214 -0.0009177045450695008
outer loop
vertex 60.65780258178711 38.285518646240234 -1
vertex 60.65780258178711 38.44204330444336 -8.838336944580078
vertex 60.69601821899414 39.269813537597656 -8.692237854003906
endloop
endfacet
facet normal 0.9908002718227382 0.13533224080599107 0.00007716487054674638
outer loop
vertex 78.12574005126953 55.64169692993164 -7.461675643920898
vertex 78.10425567626953 55.799007415771484 -7.493503093719482
vertex 77.99242401123047 56.617671966552734 -7.349188804626465
endloop
endfacet
facet normal 0.48088456905562715 -0.8767839136528335 -0.0000019505256091567793
outer loop
vertex 62.202484130859375 -76.65628814697266 -1
vertex 62.69850540161133 -76.38420104980469 -17.721073150634766
vertex 62.290287017822266 -76.6081314086914 -1
endloop
endfacet
facet normal 0.00002886941423892505 -0.9999999995767549 -0.000003612095671265569
outer loop
vertex 1.4395259618759155 -77.1522445678711 -4.375974655151367
vertex 5.667887210845947 -77.1521224975586 -4.375974655151367
vertex 5.993046760559082 -77.15211486816406 -3.8893399238586426
endloop
endfacet
facet normal 0 0 1
outer loop
vertex 57.0198974609375 42.71066665649414 0
vertex 58.10139083862305 39.71832275390625 0
vertex 59.49738311767578 40.58557891845703 0
endloop
endfacet
facet normal -0.9726951598415641 -0.2320864623815749 0
outer loop
vertex -78.19507598876953 -67.6907958984375 -1
vertex -77.96646118164062 -68.64894104003906 -17.125761032104492
vertex -77.96646118164062 -68.64894104003906 -1
endloop
endfacet
facet normal -0.9975507294718493 -0.06994670921624145 0
outer loop
vertex -78.24629211425781 -66.96037292480469 -17.082420349121094
vertex -78.19507598876953 -67.6907958984375 -17.14166831970215
vertex -78.24629211425781 -66.96037292480469 -1
endloop
endfacet
facet normal 0 0 1
outer loop
vertex 60.413482666015625 -69.62893676757812 0
vertex 62.88759231567383 -74.97074890136719 0
vertex 64.14971160888672 -72.10488891601562 0
endloop
endfacet
facet normal 0.00002878375793919831 -0.9999999995857476 0
outer loop
vertex 44.93913650512695 -77.15099334716797 -4
vertex 20.553707122802734 -77.15169525146484 -9.949999809265137
vertex 44.93913650512695 -77.15099334716797 -5
endloop
endfacet
facet normal 0.5733582578784906 -0.8193047712069924 0
outer loop
vertex 63.16202926635742 -76.05982208251953 -17.724552154541016
vertex 62.69850540161133 -76.38420104980469 -1
vertex 62.69850540161133 -76.38420104980469 -17.721073150634766
endloop
endfacet
facet normal -0.49908298504524545 0.8665541956729119 0
outer loop
vertex 50.076324462890625 70.16068267822266 -6.421363353729248
vertex 44.14445877075195 66.7442855834961 -6.7316789627075195
vertex 44.14445877075195 66.7442855834961 -1
endloop
endfacet
facet normal -0.6216567282262518 0.78328980093643 0
outer loop
vertex 44.14445877075195 66.7442855834961 -6.7316789627075195
vertex 43.37281799316406 66.13187408447266 -6.680486679077148
vertex 44.14445877075195 66.7442855834961 -1
endloop
endfacet
facet normal -0.8675947168125412 0.49727196518501465 0
outer loop
vertex 42.73053741455078 65.38491821289062 -6.785250186920166
vertex 42.24066162109375 64.53022766113281 -6.755720138549805
vertex 42.73053741455078 65.38491821289062 -1
endloop
endfacet
facet normal -0.9900819539820008 0.14049101180923634 0
outer loop
vertex 41.920780181884766 63.598480224609375 -6.866187572479248
vertex 41.782379150390625 62.62312698364258 -6.851521015167236
vertex 41.920780181884766 63.598480224609375 -1
endloop
endfacet
facet normal -0.31978580557464154 0.9474898619789164 -3.8932304830304233e-7
outer loop
vertex 62.24240493774414 76.94508361816406 -1
vertex 61.3090934753418 76.63008117675781 -5.782338619232178
vertex 61.653385162353516 76.74628448486328 -1
endloop
endfacet
facet normal -0.9991089605646201 -0.04220527122823363 1.88901359252066e-7
outer loop
vertex 41.81978225708008 61.7376708984375 -7.009434700012207
vertex 41.827239990234375 61.561126708984375 -7.048501014709473
vertex 41.782379150390625 62.62312698364258 -1
endloop
endfacet
facet normal -0.9980765309833718 0.061993856955228445 1.1408170829182465e-7
outer loop
vertex 41.81977462768555 61.440948486328125 -7.062416076660156
vertex 41.800968170166016 61.1381721496582 -7.158629894256592
vertex 41.827239990234375 61.561126708984375 -1
endloop
endfacet
facet normal 0.3828365156375697 -0.9238161084839801 0
outer loop
vertex 61.679832458496094 -76.87287902832031 -1
vertex 62.202484130859375 -76.65628814697266 -17.755510330200195
vertex 62.202484130859375 -76.65628814697266 -1
endloop
endfacet
facet normal 0 0 1
outer loop
vertex -35.60266876220703 -72.22604370117188 0
vertex -35.50639343261719 -72.32231903076172 0
vertex -33.14629364013672 -69.66863250732422 0
endloop
endfacet
facet normal -0.6715151000096364 -0.7409908706988556 0
outer loop
vertex -36.586448669433594 -72.68053436279297 -17.58392906188965
vertex -36.272438049316406 -72.96510314941406 -17.64056968688965
vertex -36.586448669433594 -72.68053436279297 -1
endloop
endfacet
facet normal 0 0 1
outer loop
vertex -33.14629364013672 -69.66863250732422 0
vertex -35.50639343261719 -72.32231903076172 0
vertex -35.48727035522461 -72.34962463378906 0
endloop
endfacet
facet normal 0 0 1
outer loop
vertex -33.14629364013672 -69.66863250732422 0
vertex -35.22583770751953 -72.68314361572266 0
vertex -35.14497756958008 -72.79862213134766 0
endloop
endfacet
facet normal 0.28019434805739335 -0.959943293802656 0
outer loop
vertex 61.37451171875 -76.96199798583984 -1
vertex 61.679832458496094 -76.87287902832031 -17.70477294921875
vertex 61.679832458496094 -76.87287902832031 -1
endloop
endfacet
facet normal 0 0 1
outer loop
vertex -33.14629364013672 -69.66863250732422 0
vertex -38.10139083862305 -71.168701171875 0
vertex -38.0313835144043 -71.1748275756836 0
endloop
endfacet
facet normal 0.907512288488003 -0.4200255304660272 0
outer loop
vertex 77.421142578125 52.80823516845703 -1
vertex 77.83488464355469 53.702171325683594 -7.549624919891357
vertex 77.83488464355469 53.702171325683594 -1
endloop
endfacet
facet normal 0 0 1
outer loop
vertex -33.14629364013672 -69.66863250732422 0
vertex -37.67692565917969 -71.20008087158203 0
vertex -37.5740852355957 -71.20907592773438 0
endloop
endfacet
facet normal 0 0 1
outer loop
vertex -33.86972427368164 56.58624267578125 0
vertex -33.43254852294922 56.32072067260742 0
vertex -34.610260009765625 58.327945709228516 0
endloop
endfacet
facet normal 0 0 1
outer loop
vertex -37.109676361083984 -71.31498718261719 0
vertex -36.992828369140625 -71.34961700439453 0
vertex -33.14629364013672 -69.66863250732422 0
endloop
endfacet
facet normal 0.812003154774345 -0.5836530447419177 0
outer loop
vertex 76.84622192382812 52.00838088989258 -1
vertex 77.421142578125 52.80823516845703 -7.4415998458862305
vertex 77.421142578125 52.80823516845703 -1
endloop
endfacet
facet normal 0 0 1
outer loop
vertex -33.14629364013672 -69.66863250732422 0
vertex -36.949520111083984 -71.36981201171875 0
vertex -36.55868148803711 -71.5335922241211 0
endloop
endfacet
facet normal 0 0 1
outer loop
vertex -36.408809661865234 -71.6117172241211 0
vertex -36.051246643066406 -71.83915710449219 0
vertex -33.14629364013672 -69.66863250732422 0
endloop
endfacet
facet normal 0.6873478148713722 -0.7263284252950244 0
outer loop
vertex 76.6755599975586 51.84687805175781 -1
vertex 76.84622192382812 52.00838088989258 -7.504549980163574
vertex 76.84622192382812 52.00838088989258 -1
endloop
endfacet
facet normal 0 0 1
outer loop
vertex -33.14629364013672 -69.66863250732422 0
vertex -36.444007873535156 -71.58706665039062 0
vertex -36.408809661865234 -71.6117172241211 0
endloop
endfacet
facet normal -0.7870291011675482 -0.6169158726401852 0
outer loop
vertex -36.272438049316406 -72.96510314941406 -17.64056968688965
vertex -36.12617111206055 -73.15170288085938 -17.641801834106445
vertex -36.272438049316406 -72.96510314941406 -1
endloop
endfacet
facet normal 0 0 1
outer loop
vertex -35.91667938232422 -71.94147491455078 0
vertex -35.60266876220703 -72.22604370117188 0
vertex -33.14629364013672 -69.66863250732422 0
endloop
endfacet
facet normal -0.9732644750289031 0.22968731276788654 -4.252562332151796e-7
outer loop
vertex 41.77700424194336 61.036617279052734 -7.1734700202941895
vertex 41.73177719116211 60.844974517822266 -7.241670608520508
vertex 41.800968170166016 61.1381721496582 -1
endloop
endfacet
facet normal -0.0008029937496342308 -0.9999996512492637 0.00022957000875776826
outer loop
vertex -70.03640747070312 -72.14298248291016 -5
vertex -38.06183624267578 -72.1715087890625 -17.418500900268555
vertex -58.03641128540039 -72.15261840820312 -5
endloop
endfacet
facet normal -0.9204895592661345 0.39076715737384776 0
outer loop
vertex 41.70363998413086 60.725730895996094 -7.272381782531738
vertex 41.56536102294922 60.400001525878906 -7.3404083251953125
vertex 41.70363998413086 60.725730895996094 -1
endloop
endfacet
facet normal -0.8412674135954217 0.5406192179551793 0
outer loop
vertex 41.538047790527344 60.335655212402344 -7.352106094360352
vertex 41.45066452026367 60.199676513671875 -7.3494415283203125
vertex 41.538047790527344 60.335655212402344 -1
endloop
endfacet
facet normal 0.8667529008779151 0.4987378157105386 0
outer loop
vertex 77.67742156982422 57.55098342895508 -1
vertex 67.9383316040039 74.47647857666016 -6.032046794891357
vertex 67.9383316040039 74.47647857666016 -1
endloop
endfacet
facet normal -0.7378776742215996 0.6749344693267066 0
outer loop
vertex 41.3089485168457 59.979148864746094 -7.399467468261719
vertex 41.190406799316406 59.849552154541016 -7.3999409675598145
vertex 41.3089485168457 59.979148864746094 -1
endloop
endfacet
facet normal 0.5002170878506842 -0.865900031771671 0
outer loop
vertex 61.61591339111328 42.88736343383789 -1
vertex 75.52381134033203 50.9217414855957 -7.685394287109375
vertex 75.52381134033203 50.9217414855957 -1
endloop
endfacet
facet normal 0 0 1
outer loop
vertex -34.181488037109375 -75.31011199951172 0
vertex -33.857295989990234 -75.64778137207031 0
vertex -33.0206298828125 -74.3687973022461 0
endloop
endfacet
facet normal -0.9475158985346461 -0.3197086517817156 0
outer loop
vertex -35.809654235839844 -73.67150115966797 -17.654315948486328
vertex -35.77719497680664 -73.7677001953125 -17.64550018310547
vertex -35.809654235839844 -73.67150115966797 -1
endloop
endfacet
facet normal 0 0 1
outer loop
vertex -33.0206298828125 -74.3687973022461 0
vertex -33.46882629394531 -75.90896606445312 0
vertex -33.024253845214844 -76.0855484008789 0
endloop
endfacet
facet normal 0.5800326499748929 0.8145932266862421 0
outer loop
vertex 32.662620544433594 57.38909912109375 -7.647016525268555
vertex 32.317420959472656 57.6348991394043 -7.588940620422363
vertex 32.662620544433594 57.38909912109375 -1
endloop
endfacet
facet normal 0 0 1
outer loop
vertex -33.0206298828125 -74.3687973022461 0
vertex -34.42664337158203 -74.91133880615234 0
vertex -34.181488037109375 -75.31011199951172 0
endloop
endfacet
facet normal -0.8798983026074078 -0.4751620534813388 0
outer loop
vertex -36.01100540161133 -73.29862213134766 -17.649076461791992
vertex -35.94691848754883 -73.41729736328125 -17.63347816467285
vertex -36.01100540161133 -73.29862213134766 -1
endloop
endfacet
facet normal 0 0 1
outer loop
vertex -34.72835159301758 -73.75389862060547 0
vertex -34.690574645996094 -73.89488983154297 0
vertex -33.11750411987305 -74.16731262207031 0
endloop
endfacet
facet normal 0.43412144496657273 0.9008543561642663 0
outer loop
vertex 33.044376373291016 57.205135345458984 -7.643694877624512
vertex 32.826141357421875 57.310302734375 -7.646082401275635
vertex 33.044376373291016 57.205135345458984 -1
endloop
endfacet
facet normal 0 0 1
outer loop
vertex -33.0206298828125 -74.3687973022461 0
vertex -33.024253845214844 -76.0855484008789 0
vertex -32.6617317199707 -76.1532211303711 0
endloop
endfacet
facet normal -0.0008075469961047457 -0.9999996589497346 0.00017311344156132258
outer loop
vertex -60.29392623901367 -72.15081024169922 -1.5613682270050049
vertex -38.06183624267578 -72.1715087890625 -17.418500900268555
vertex -59.53641128540039 -72.15141296386719 -1.5093389749526978
endloop
endfacet
facet normal 0 0 1
outer loop
vertex -32.446292877197266 -74.66863250732422 0
vertex -32.666988372802734 -74.63292694091797 0
vertex -32.6617317199707 -76.1532211303711 0
endloop
endfacet
facet normal 0 0 1
outer loop
vertex -64.43640899658203 -70.9686279296875 0
vertex -69.53640747070312 -70.9686279296875 0
vertex -64.43640899658203 -71.14747619628906 0
endloop
endfacet
facet normal 0 0 1
outer loop
vertex -32.446292877197266 -74.66863250732422 0
vertex -32.6617317199707 -76.1532211303711 0
vertex -32.446292877197266 -74.9686279296875 0
endloop
endfacet
facet normal -0.8903169310061194 0.4553407678569587 0.0007399265368958766
outer loop
vertex -15.674756050109863 56.960906982421875 -7.365035533905029
vertex -16.134525299072266 56.06221008300781 -7.536688327789307
vertex -15.65952205657959 56.980350494384766 -1
endloop
endfacet
facet normal 0 0 1
outer loop
vertex -33.14629364013672 -69.66863250732422 0
vertex -34.931575775146484 -73.19734954833984 0
vertex -33.11750411987305 -74.16731262207031 0
endloop
endfacet
facet normal 0.10940543134693653 0.9939972090462657 1.5857049674200245e-7
outer loop
vertex 33.554344177246094 57.07699966430664 -7.608801364898682
vertex 33.45172119140625 57.088294982910156 -7.628573417663574
vertex 33.872947692871094 57.04193115234375 -1
endloop
endfacet
facet normal 0 0 1
outer loop
vertex 31.739582061767578 56.8233757019043 0
vertex 31.674633026123047 56.86885452270508 0
vertex 32.084781646728516 56.57757568359375 0
endloop
endfacet
facet normal 0.17423151121612884 -0.9847047174149944 0
outer loop
vertex 60.579647064208984 -77.12996673583984 -1
vertex 61.13674545288086 -77.0313949584961 -17.706865310668945
vertex 61.13674545288086 -77.0313949584961 -1
endloop
endfacet
facet normal 0 0 1
outer loop
vertex 32.162620544433594 56.523075103759766 0
vertex 32.61188507080078 56.30763244628906 0
vertex 32.23012924194336 56.49159622192383 0
endloop
endfacet
facet normal 0.617081030825317 -0.7868996132897538 0
outer loop
vertex 61.282447814941406 42.62586212158203 -1
vertex 61.61591339111328 42.88736343383789 -8.435541152954102
vertex 61.61591339111328 42.88736343383789 -1
endloop
endfacet
facet normal -0.6132790618828423 0.7898663129011775 0
outer loop
vertex 41.02293395996094 59.66646194458008 -7.452703475952148
vertex 40.868377685546875 59.54645919799805 -7.456780910491943
vertex 41.02293395996094 59.66646194458008 -1
endloop
endfacet
facet normal -0.3691469198055813 -0.9293710516247274 0
outer loop
vertex -33.93771743774414 -76.79872131347656 -17.709304809570312
vertex -33.351722717285156 -77.03147888183594 -17.79088020324707
vertex -33.93771743774414 -76.79872131347656 -1
endloop
endfacet
facet normal -0.47106625725853873 0.882097829762908 0
outer loop
vertex 40.68821334838867 59.40657424926758 -7.509853839874268
vertex 40.49058151245117 59.30103302001953 -7.5183796882629395
vertex 40.68821334838867 59.40657424926758 -1
endloop
endfacet
facet normal 0.7411193529910323 -0.6713732975194603 0
outer loop
vertex 60.99794006347656 42.311798095703125 -1
vertex 61.282447814941406 42.62586212158203 -8.494946479797363
vertex 61.282447814941406 42.62586212158203 -1
endloop
endfacet
facet normal -0.47105466843955424 0.8821040184360449 -5.323169845029368e-7
outer loop
vertex 40.44355010986328 59.275917053222656 -7.5317583084106445
vertex 40.31440353393555 59.20695114135742 -7.551460266113281
vertex 40.68821334838867 59.40657424926758 -1
endloop
endfacet
facet normal 0.10085828379200588 -0.9949008023871181 0
outer loop
vertex 60.3765983581543 -77.15055084228516 -1
vertex 60.579647064208984 -77.12996673583984 -17.761764526367188
vertex 60.579647064208984 -77.12996673583984 -1
endloop
endfacet
facet normal 0.00003302161138189331 -0.9999999988615581 0.00003444498640585145
outer loop
vertex -32.75425338745117 -77.15322875976562 -1
vertex -12.520318031311035 -77.15264892578125 -3.564180612564087
vertex -11.946292877197266 -77.15262603759766 -3.450000047683716
endloop
endfacet
facet normal 0.8438664029280292 -0.5365533468437998 -1.6104374071989233e-7
outer loop
vertex 60.770565032958984 41.954193115234375 -1
vertex 60.98676681518555 42.294227600097656 -8.57944107055664
vertex 60.99794006347656 42.311798095703125 -1
endloop
endfacet
facet normal -0.7582359502852639 0.651980247928825 -0.0000023812808388260457
outer loop
vertex 43.37281799316406 66.13187408447266 -6.680486679077148
vertex 42.81934356689453 65.48819732666016 -6.816792964935303
vertex 42.73053741455078 65.38491821289062 -6.785250186920166
endloop
endfacet
facet normal 0 0 1
outer loop
vertex 61.72252655029297 75.71420288085938 0
vertex 63.746238708496094 74.56482696533203 0
vertex 64.24629211425781 74.45723724365234 0
endloop
endfacet
facet normal 0 0 1
outer loop
vertex 32.70235824584961 56.265445709228516 0
vertex 35.631744384765625 54.837890625 0
vertex 32.76865768432617 56.243900299072266 0
endloop
endfacet
facet normal 0 0 1
outer loop
vertex 76.08975982666016 52.6693000793457 0
vertex 74.99337768554688 51.77018356323242 0
vertex 75.50318908691406 52.11420822143555 0
endloop
endfacet
facet normal 0 0 1
outer loop
vertex 33.177005767822266 56.13056564331055 0
vertex 32.76865768432617 56.243900299072266 0
vertex 35.631744384765625 54.837890625 0
endloop
endfacet
facet normal 0 0 1
outer loop
vertex 33.278072357177734 56.103485107421875 0
vertex 33.177005767822266 56.13056564331055 0
vertex 35.631744384765625 54.837890625 0
endloop
endfacet
facet normal 0 0 1
outer loop
vertex 74.65926361083984 53.35519027709961 0
vertex 74.99337768554688 51.77018356323242 0
vertex 76.08975982666016 52.6693000793457 0
endloop
endfacet
facet normal 0 0 1
outer loop
vertex 61.72252655029297 75.71420288085938 0
vertex 62.2513542175293 74.31199645996094 0
vertex 62.73054504394531 74.49088287353516 0
endloop
endfacet
facet normal 0.9743625132728465 -0.2249837610331509 0
outer loop
vertex 60.51151657104492 41.150421142578125 -1
vertex 60.60685729980469 41.563323974609375 -8.650911331176758
vertex 60.60685729980469 41.563323974609375 -1
endloop
endfacet
facet normal -0.9114567177758097 -0.4113959791010291 9.239477617210976e-7
outer loop
vertex -77.61815643310547 -69.420654296875 -17.264984130859375
vertex -77.56123352050781 -69.54676818847656 -17.23990821838379
vertex -77.96646118164062 -68.64894104003906 -1
endloop
endfacet
facet normal 0 0 1
outer loop
vertex -32.446292877197266 -74.9686279296875 0
vertex -32.6617317199707 -76.1532211303711 0
vertex 45.43913650512695 -75.9686279296875 0
endloop
endfacet
facet normal 0 0 1
outer loop
vertex 33.872947692871094 56.04193115234375 0
vertex 33.7639274597168 56.05146789550781 0
vertex 35.631744384765625 54.837890625 0
endloop
endfacet
facet normal -0.00041298081587723054 0.9999999147230519 -8.571040401963574e-7
outer loop
vertex -18.266407012939453 54.61036682128906 -1
vertex -27.563297271728516 54.60652160644531 -7.740362167358398
vertex -20.741918563842773 54.609344482421875 -1
endloop
endfacet
facet normal 0.000028869414238290873 -0.9999999995547879 -0.000007548569032744902
outer loop
vertex 5.667887210845947 -77.1521224975586 -10.524024963378906
vertex 5.553706645965576 -77.15213012695312 -9.949999809265137
vertex 1.4395259618759155 -77.1522445678711 -10.524024963378906
endloop
endfacet
facet normal 0 0 1
outer loop
vertex 34.35578918457031 56.07261276245117 0
vertex 33.93299102783203 56.04373550415039 0
vertex 35.631744384765625 54.837890625 0
endloop
endfacet
facet normal 0 0 1
outer loop
vertex 34.35578918457031 56.07261276245117 0
vertex 35.631744384765625 54.837890625 0
vertex 34.469600677490234 56.08256912231445 0
endloop
endfacet
facet normal -0.6132779305011418 0.7898671913430995 0
outer loop
vertex 41.02293395996094 59.66646194458008 -1
vertex 40.68821334838867 59.40657424926758 -7.509853839874268
vertex 40.68821334838867 59.40657424926758 -1
endloop
endfacet
facet normal -0.9999999725660002 0.00023423919187000024 0
outer loop
vertex -78.2177963256836 54.69214630126953 -7.559397220611572
vertex -78.24629211425781 -66.96037292480469 -17.082420349121094
vertex -78.2177963256836 54.69214630126953 -1
endloop
endfacet
facet normal 0 0 1
outer loop
vertex 44.70792007446289 65.91481018066406 0
vertex 46.08426284790039 64.9312973022461 0
vertex 62.2513542175293 74.31199645996094 0
endloop
endfacet
facet normal 0 0 1
outer loop
vertex 35.03352355957031 56.225868225097656 0
vertex 35.631744384765625 54.837890625 0
vertex 35.132591247558594 56.25247573852539 0
endloop
endfacet
facet normal 0 0 1
outer loop
vertex -77.21781921386719 54.5926513671875 0
vertex -77.24628448486328 -66.92547607421875 0
vertex -77.06221771240234 55.3678092956543 0
endloop
endfacet
facet normal -0.4990829645439443 0.8665542074804253 0
outer loop
vertex 51.97900390625 71.25651550292969 -2.5
vertex 51.97900390625 71.25651550292969 -1.100000023841858
vertex 60.569541931152344 76.20414733886719 -1
endloop
endfacet
facet normal 0 0 1
outer loop
vertex -77.24628448486328 -66.92547607421875 0
vertex -75.73914337158203 54.349090576171875 0
vertex -76.32772827148438 56.76930236816406 0
endloop
endfacet
facet normal 0 0 1
outer loop
vertex -75.57212829589844 -67.92191314697266 0
vertex -76.23123168945312 -69.69834899902344 0
vertex -75.34700012207031 -68.38119506835938 0
endloop
endfacet
facet normal 0.000028845397744301717 -0.9999999995839715 0
outer loop
vertex -13.446292877197266 -77.15267181396484 -9.949999809265137
vertex -13.446292877197266 -77.15267181396484 -4.949999809265137
vertex -32.75425338745117 -77.15322875976562 -17.694841384887695
endloop
endfacet
facet normal 0.5460105485446028 0.8377782997791955 -0.00003601530606249305
outer loop
vertex 63.1923713684082 32.0986213684082 -9.445937156677246
vertex 63.10072708129883 32.158348083496094 -9.473749160766602
vertex 62.367130279541016 32.6364631652832 -9.39466667175293
endloop
endfacet
facet normal 0 0 1
outer loop
vertex -28.038280487060547 53.61543655395508 0
vertex -32.34629440307617 52.10636901855469 0
vertex -27.93423843383789 53.60636901855469 0
endloop
endfacet
facet normal 0 0 1
outer loop
vertex 60.413482666015625 -69.62893676757812 0
vertex 56.93913650512695 -74.4686279296875 0
vertex 60.44190216064453 -76.13880157470703 0
endloop
endfacet
facet normal 0 0 1
outer loop
vertex -34.610260009765625 58.327945709228516 0
vertex -34.34913635253906 56.76454162597656 0
vertex -33.86972427368164 56.58624267578125 0
endloop
endfacet
facet normal 0.6589872732673974 -0.7521540890479737 1.162246792194011e-7
outer loop
vertex 63.58755874633789 -75.68700408935547 -17.637414932250977
vertex 63.16202926635742 -76.05982208251953 -1
vertex 63.22868347167969 -76.00142669677734 -17.73353385925293
endloop
endfacet
facet normal 0 0 1
outer loop
vertex 43.68800354003906 31.804134368896484 0
vertex 43.65370559692383 31.765031814575195 0
vertex 60.14643096923828 30.72422218322754 0
endloop
endfacet
facet normal 0.9726943578009785 0.23208982312680385 -0.000017410091625316337
outer loop
vertex 65.10249328613281 28.753536224365234 -9.600913047790527
vertex 65.06571960449219 28.90765380859375 -9.625598907470703
vertex 64.8738784790039 29.7116756439209 -9.481705665588379
endloop
endfacet
facet normal 0 0 1
outer loop
vertex 56.42840576171875 36.441280364990234 0
vertex 59.57478332519531 33.181026458740234 0
vertex 59.330589294433594 33.52736282348633 0
endloop
endfacet
facet normal 0.8175131947918914 0.5759098661451215 -0.00004917177500037395
outer loop
vertex 64.4686508178711 30.6095027923584 -9.507113456726074
vertex 64.38578796386719 30.72712516784668 -9.539448738098145
vertex 63.901363372802734 31.414785385131836 -9.400982856750488
endloop
endfacet
facet normal 0 0 1
outer loop
vertex 44.70792007446289 65.91481018066406 0
vertex 45.248172760009766 64.45756530761719 0
vertex 45.67036437988281 64.74632263183594 0
endloop
endfacet
facet normal -0.8377708230877028 0.5460220063783667 -0.00012858264206315543
outer loop
vertex -77.57146453857422 56.692413330078125 -7.490835666656494
vertex -77.6513900756836 56.56978988647461 -7.458293914794922
vertex -77.1135482788086 57.39503479003906 -7.351645469665527
endloop
endfacet
facet normal -0.33065893997127244 0.9437503194262106 0
outer loop
vertex -12.543013572692871 59.204345703125 -7.269876956939697
vertex -13.472726821899414 58.878604888916016 -7.36726188659668
vertex -12.543013572692871 59.204345703125 -1
endloop
endfacet
facet normal -0.9804405643880453 0.19681539498334816 0
outer loop
vertex -78.02392578125 55.65791702270508 -7.434263229370117
vertex -78.2177963256836 54.69214630126953 -7.559397220611572
vertex -78.02392578125 55.65791702270508 -1
endloop
endfacet
facet normal 0 0 1
outer loop
vertex 44.06901168823242 65.40774536132812 0
vertex 44.88801956176758 64.09436798095703 0
vertex 45.248172760009766 64.45756530761719 0
endloop
endfacet
facet normal -0.8377784313280421 0.546010347888687 0
outer loop
vertex -77.1135482788086 57.39503479003906 -7.351645469665527
vertex -77.6513900756836 56.56978988647461 -7.458293914794922
vertex -77.1135482788086 57.39503479003906 -1
endloop
endfacet
facet normal -0.00041367631695459476 0.999999914435937 -1.5324318923072755e-7
outer loop
vertex -27.93465232849121 54.60636901855469 -1
vertex -20.741918563842773 54.609344482421875 -1
vertex -27.563297271728516 54.60652160644531 -7.740362167358398
endloop
endfacet
facet normal 0 0 1
outer loop
vertex 21.253705978393555 -69.66863250732422 0
vertex 21.249710083007812 -74.04332733154297 0
vertex 60.413482666015625 -69.62893676757812 0
endloop
endfacet
facet normal -0.9114640196804472 -0.41137980119101786 0
outer loop
vertex -77.96646118164062 -68.64894104003906 -17.125761032104492
vertex -77.61815643310547 -69.420654296875 -17.264984130859375
vertex -77.96646118164062 -68.64894104003906 -1
endloop
endfacet
facet normal 0 0 1
outer loop
vertex -27.93423843383789 53.60636901855469 0
vertex -32.34629440307617 52.10636901855469 0
vertex -18.265993118286133 53.61040496826172 0
endloop
endfacet
facet normal -0.5759079147483468 0.8175145709579272 -0.000001298823144989291
outer loop
vertex -76.34506225585938 58.16365432739258 -7.420388698577881
vertex -76.4297103881836 58.10402297973633 -7.394381046295166
vertex -75.62442779541016 58.67131423950195 -7.200322151184082
endloop
endfacet
facet normal 0.10400775879828456 0.9945764858017497 0
outer loop
vertex -27.93465232849121 54.60636901855469 -1
vertex -28.451875686645508 54.660457611083984 -7.864048004150391
vertex -28.451875686645508 54.660457611083984 -1
endloop
endfacet
facet normal 0.000035525556042846596 -0.9999999991301076 -0.00002185679142489859
outer loop
vertex -32.75425338745117 -77.15322875976562 -17.694841384887695
vertex -11.946292877197266 -77.15262603759766 -11.449999809265137
vertex -12.520318031311035 -77.15264892578125 -11.335819244384766
endloop
endfacet
facet normal -0.9980764281995801 0.061995511711481474 0
outer loop
vertex 41.827239990234375 61.561126708984375 -1
vertex 41.800968170166016 61.1381721496582 -7.158629894256592
vertex 41.800968170166016 61.1381721496582 -1
endloop
endfacet
facet normal 0 0 1
outer loop
vertex 21.19066047668457 -74.25895690917969 0
vertex 21.06664276123047 -74.4449691772461 0
vertex 60.413482666015625 -69.62893676757812 0
endloop
endfacet
facet normal 0 0 1
outer loop
vertex 57.26464080810547 36.93095779418945 0
vertex 58.861297607421875 35.96771240234375 0
vertex 58.95639419555664 36.38068771362305 0
endloop
endfacet
facet normal 0.7190132663839776 0.6949963473025187 0
outer loop
vertex -29.87298011779785 55.52748107910156 -7.708370208740234
vertex -29.87298011779785 55.52748107910156 -1
vertex -29.578462600708008 55.22278594970703 -1
endloop
endfacet
facet normal 0 0 1
outer loop
vertex 20.679628372192383 -74.65721130371094 0
vertex 45.0855827331543 -74.11507415771484 0
vertex 45.24779510498047 -74.0066909790039 0
endloop
endfacet
facet normal 0.1968116723492299 0.9804413116689338 0
outer loop
vertex -33.544742584228516 59.134002685546875 -1
vertex -34.51051330566406 59.3278694152832 -7.358429908752441
vertex -34.51051330566406 59.3278694152832 -1
endloop
endfacet
facet normal 0.583649773223037 0.8120055062724006 0
outer loop
vertex 66.85169219970703 75.79888916015625 -5.925154209136963
vertex 66.05184173583984 76.3738021850586 -5.9795708656311035
vertex 66.85169219970703 75.79888916015625 -1
endloop
endfacet
facet normal 0 0 1
outer loop
vertex -28.555503845214844 53.669525146484375 0
vertex -32.34629440307617 52.10636901855469 0
vertex -28.038280487060547 53.61543655395508 0
endloop
endfacet
facet normal 0 0 1
outer loop
vertex 20.679628372192383 -74.65721130371094 0
vertex 44.977195739746094 -74.27729034423828 0
vertex 45.0855827331543 -74.11507415771484 0
endloop
endfacet
facet normal 0 0 1
outer loop
vertex 42.89749526977539 63.363773345947266 0
vertex 42.785362243652344 62.57356643676758 0
vertex 44.28388977050781 62.187564849853516 0
endloop
endfacet
facet normal -0.5759081239317178 0.8175144235971921 0
outer loop
vertex -75.62442779541016 58.67131423950195 -7.200322151184082
vertex -76.4297103881836 58.10402297973633 -7.394381046295166
vertex -75.62442779541016 58.67131423950195 -1
endloop
endfacet
facet normal 0 0 1
outer loop
vertex -69.53640747070312 -70.9686279296875 0
vertex -69.72775268554688 -70.93057250976562 0
vertex -73.48229217529297 -71.14021301269531 0
endloop
endfacet
facet normal -0.23208821088009504 0.9726947426456445 0
outer loop
vertex -73.76846313476562 59.305152893066406 -7.3517069816589355
vertex -74.72660064697266 59.0765380859375 -7.168430328369141
vertex -73.76846313476562 59.305152893066406 -1
endloop
endfacet
facet normal 0 0 1
outer loop
vertex 42.785362243652344 62.57356643676758 0
vertex 44.54806900024414 61.20404052734375 0
vertex 44.36918258666992 61.683231353759766 0
endloop
endfacet
facet normal -0.06994938799774317 0.9975505416362326 0
outer loop
vertex -73.73204040527344 59.30770492553711 -7.3652143478393555
vertex -73.03804016113281 59.35636901855469 -1
vertex -73.03804016113281 59.35636901855469 -7.308675289154053
endloop
endfacet
facet normal 0.8260628796500811 0.5635779616556316 5.469429403662726e-7
outer loop
vertex -29.87298011779785 55.52748107910156 -1
vertex -30.111804962158203 55.87754440307617 -7.647698402404785
vertex -29.979755401611328 55.68398666381836 -1
endloop
endfacet
facet normal 0 0 1
outer loop
vertex 42.785362243652344 62.57356643676758 0
vertex 42.82634735107422 61.60333251953125 0
vertex 44.54806900024414 61.20404052734375 0
endloop
endfacet
facet normal 0.8654653680969058 -0.500968758132568 0
outer loop
vertex 64.58843231201172 -74.32456970214844 -17.618179321289062
vertex 64.30500793457031 -74.814208984375 -1
vertex 64.30500793457031 -74.814208984375 -17.568723678588867
endloop
endfacet
facet normal 0.000028610230484099673 -0.9999999995900251 0.0000011852376925194716
outer loop
vertex -11.946292877197266 -77.15262603759766 -11.449999809265137
vertex -32.75425338745117 -77.15322875976562 -17.694841384887695
vertex 0.05370670184493065 -77.15228271484375 -11.449999809265137
endloop
endfacet
facet normal -0.9458130062368082 0.32471180642731734 0
outer loop
vertex 41.920780181884766 63.598480224609375 -6.866187572479248
vertex 41.920780181884766 63.598480224609375 -1
vertex 42.210567474365234 64.44256591796875 -1
endloop
endfacet
facet normal 0 0 1
outer loop
vertex 45.0855827331543 -75.82218170166016 0
vertex 20.553707122802734 -74.9686279296875 0
vertex 45.24779510498047 -75.93057250976562 0
endloop
endfacet
facet normal 0.7263219634408056 0.6873546431228854 9.506974808905416e-7
outer loop
vertex 66.85169219970703 75.79888916015625 -5.925154209136963
vertex 67.01319885253906 75.62821960449219 -1
vertex 67.52876281738281 75.08342742919922 -1
endloop
endfacet
facet normal 0.4200255304660272 0.907512288488003 0
outer loop
vertex 65.15790557861328 76.78754425048828 -5.880308628082275
vertex 66.05184173583984 76.3738021850586 -1
vertex 66.05184173583984 76.3738021850586 -5.9795708656311035
endloop
endfacet
facet normal 0 0 1
outer loop
vertex -33.83485412597656 58.17229080200195 0
vertex -34.610260009765625 58.327945709228516 0
vertex -33.099159240722656 57.871726989746094 0
endloop
endfacet
facet normal -0.0008024487779536724 -0.9999996780379107 1.8372138540863329e-7
outer loop
vertex -73.58206939697266 -72.14013671875 -1
vertex -70.03640747070312 -72.14298248291016 -4
vertex -64.43640899658203 -72.14747619628906 -4
endloop
endfacet
facet normal 0.9532498726588396 -0.3021831899293969 0
outer loop
vertex 64.9879379272461 -73.26773834228516 -17.470808029174805
vertex 64.81697845458984 -73.80703735351562 -1
vertex 64.81697845458984 -73.80703735351562 -17.543540954589844
endloop
endfacet
facet normal 0.5913043434962636 0.8064484939303023 0
outer loop
vertex -29.23671531677246 54.97220993041992 -1
vertex -29.578462600708008 55.22278594970703 -7.770577430725098
vertex -29.578462600708008 55.22278594970703 -1
endloop
endfacet
facet normal 0 0 1
outer loop
vertex 44.93913650512695 -75.4686279296875 0
vertex 20.553707122802734 -74.9686279296875 0
vertex 44.977195739746094 -75.65997314453125 0
endloop
endfacet
facet normal 0.000028148824092352713 -0.9999999995989214 0.0000031306087458986765
outer loop
vertex 5.667887210845947 -77.1521224975586 -10.524024963378906
vertex 1.114366888999939 -77.15225219726562 -11.010660171508789
vertex 5.993046760559082 -77.15211486816406 -11.010660171508789
endloop
endfacet
facet normal 0 0 1
outer loop
vertex 74.65926361083984 53.35519027709961 0
vertex 58.10889434814453 43.75394058227539 0
vertex 74.99337768554688 51.77018356323242 0
endloop
endfacet
facet normal 0.00002814882409216645 -0.9999999995923045 0.000004799451558202117
outer loop
vertex 1.114366888999939 -77.15225219726562 -11.010660171508789
vertex 0.6277318596839905 -77.15226745605469 -11.335819244384766
vertex 5.993046760559082 -77.15211486816406 -11.010660171508789
endloop
endfacet
facet normal 0 0 1
outer loop
vertex 42.621185302734375 60.33622360229492 0
vertex 46.03019332885742 58.622642517089844 0
vertex 42.64332962036133 60.38371276855469 0
endloop
endfacet
facet normal -0.4625315506397625 0.886602822385975 0
outer loop
vertex -17.067731857299805 54.99584197998047 -1
vertex -17.44344711303711 54.799835205078125 -7.835103988647461
vertex -17.44344711303711 54.799835205078125 -1
endloop
endfacet
facet normal 0.000028682181181887186 -0.9999999995806612 -0.000004001252409342223
outer loop
vertex 6.479681491851807 -77.152099609375 -11.335819244384766
vertex 5.993046760559082 -77.15211486816406 -11.010660171508789
vertex 0.6277318596839905 -77.15226745605469 -11.335819244384766
endloop
endfacet
facet normal 0 0 1
outer loop
vertex 42.45559310913086 59.946144104003906 0
vertex 42.40407180786133 59.835655212402344 0
vertex 46.03019332885742 58.622642517089844 0
endloop
endfacet
facet normal 0.023615333312544326 0.9997211191289761 2.1214372763029666e-7
outer loop
vertex 27.899324417114258 60.82439422607422 -1
vertex 26.919137954711914 60.84754943847656 -7.245004177093506
vertex 27.42341423034668 60.835636138916016 -1
endloop
endfacet
facet normal 0 0 1
outer loop
vertex 21.06664276123047 -74.4449691772461 0
vertex 20.890302658081055 -74.58238983154297 0
vertex 60.413482666015625 -69.62893676757812 0
endloop
endfacet
facet normal 0 0 1
outer loop
vertex 42.37677764892578 59.79667282104492 0
vertex 42.14767837524414 59.44017028808594 0
vertex 46.03019332885742 58.622642517089844 0
endloop
endfacet
facet normal 0.2117465524864685 0.9773246121479265 0
outer loop
vertex 27.899324417114258 60.82439422607422 -7.145453929901123
vertex 27.899324417114258 60.82439422607422 -1
vertex 28.729154586791992 60.64460372924805 -1
endloop
endfacet
facet normal 0.2413198803361482 0.9704456272015178 0
outer loop
vertex 65.15790557861328 76.78754425048828 -5.880308628082275
vertex 64.20198059082031 77.02525329589844 -5.962982177734375
vertex 65.15790557861328 76.78754425048828 -1
endloop
endfacet
facet normal 0.21175803707999916 0.977322123830925 -0.0000016235803021240869
outer loop
vertex 28.86202621459961 60.615814208984375 -1
vertex 27.899324417114258 60.82439422607422 -7.145453929901123
vertex 28.729154586791992 60.64460372924805 -1
endloop
endfacet
facet normal 0 0 1
outer loop
vertex 42.07499313354492 59.33636474609375 0
vertex 42.04474639892578 59.306114196777344 0
vertex 46.03019332885742 58.622642517089844 0
endloop
endfacet
facet normal 0.000028754035083710496 -0.9999999995865535 -3.132154955398214e-7
outer loop
vertex 19.053707122802734 -77.15174102783203 -11.449999809265137
vertex -32.75425338745117 -77.15322875976562 -17.694841384887695
vertex 60.3765983581543 -77.15055084228516 -17.7896671295166
endloop
endfacet
facet normal 0.000028695100063044096 -0.9999999995882957 0
outer loop
vertex 46.43913650512695 -77.15095520019531 -1
vertex 19.053707122802734 -77.15174102783203 -3.450000047683716
vertex 46.43913650512695 -77.15095520019531 -1.5093841552734375
endloop
endfacet
facet normal 0 0 1
outer loop
vertex 64.14971160888672 -72.10488891601562 0
vertex 63.196414947509766 -74.63420104980469 0
vertex 63.46684265136719 -74.26608276367188 0
endloop
endfacet
facet normal 0 0 1
outer loop
vertex 41.75872802734375 58.99342727661133 0
vertex 41.66572189331055 58.90041732788086 0
vertex 46.03019332885742 58.622642517089844 0
endloop
endfacet
facet normal 0 0 1
outer loop
vertex 59.683441162109375 33.05176544189453 0
vertex 56.42840576171875 36.441280364990234 0
vertex 61.13027572631836 30.46124267578125 0
endloop
endfacet
facet normal 0 0 1
outer loop
vertex 59.49738311767578 40.58557891845703 0
vertex 58.10139083862305 39.71832275390625 0
vertex 59.6932487487793 39.21790313720703 0
endloop
endfacet
facet normal -0.060053620705432104 0.9981951525827186 7.28968789211787e-7
outer loop
vertex 33.990631103515625 57.04901123046875 -7.594787120819092
vertex 33.872947692871094 57.04193115234375 -7.615695953369141
vertex 34.29595184326172 57.06737518310547 -1
endloop
endfacet
facet normal 0 0 1
outer loop
vertex 60.44190216064453 -76.13880157470703 0
vertex 51.33913803100586 -76.15081024169922 0
vertex 60.326011657714844 -76.15055847167969 0
endloop
endfacet
facet normal -0.8175180701776491 -0.5759029474946386 0
outer loop
vertex -77.56123352050781 -69.54676818847656 -17.23990821838379
vertex -76.99394989013672 -70.35205078125 -17.214120864868164
vertex -77.56123352050781 -69.54676818847656 -1
endloop
endfacet
facet normal 0.5587308794305411 0.8293490244587678 -2.5362564058878614e-7
outer loop
vertex 30.58504867553711 59.67903518676758 -1
vertex 29.768108367919922 60.22940444946289 -7.172123432159424
vertex 30.354116439819336 59.83461380004883 -1
endloop
endfacet
facet normal 0 0 1
outer loop
vertex 41.299903869628906 58.61875534057617 0
vertex 41.18821334838867 58.54054641723633 0
vertex 46.03019332885742 58.622642517089844 0
endloop
endfacet
facet normal 0 0 1
outer loop
vertex 64.14971160888672 -72.10488891601562 0
vertex 63.69567108154297 -73.87075805664062 0
vertex 63.880191802978516 -73.45291900634766 0
endloop
endfacet
facet normal -0.6567412865905496 0.7541159609021608 0
outer loop
vertex -14.32431697845459 58.383358001708984 -7.306033611297607
vertex -15.067215919494629 57.736385345458984 -7.4079270362854
vertex -14.32431697845459 58.383358001708984 -1
endloop
endfacet
facet normal 0 0 1
outer loop
vertex 64.14971160888672 -72.10488891601562 0
vertex 64.01821899414062 -73.01750183105469 0
vertex 64.10812377929688 -72.56966400146484 0
endloop
endfacet
facet normal 0.00002946871754821429 -0.9999999995062061 -0.00001091707388176371
outer loop
vertex 19.053707122802734 -77.15174102783203 -3.450000047683716
vertex 47.19657897949219 -77.15093231201172 -1.56135094165802
vertex 46.43913650512695 -77.15095520019531 -1.5093841552734375
endloop
endfacet
facet normal 0.8189122487261411 0.5739187476344492 0
outer loop
vertex 32.01869201660156 57.93546676635742 -1
vertex 31.283523559570312 58.98446273803711 -7.2232346534729
vertex 31.283523559570312 58.98446273803711 -1
endloop
endfacet
facet normal 0 0 1
outer loop
vertex 20.679628372192383 -74.65721130371094 0
vertex 20.553707122802734 -74.9686279296875 0
vertex 44.93913650512695 -75.4686279296875 0
endloop
endfacet
facet normal -0.24591842039712625 0.9692905257798792 0.00008451477878615752
outer loop
vertex 34.79510498046875 57.19382095336914 -7.5938720703125
vertex 34.42210388183594 57.099185943603516 -7.5823073387146
vertex 34.7899284362793 57.191932678222656 -1
endloop
endfacet
facet normal -0.9257258719742093 0.37819520086535974 0
outer loop
vertex -77.6513900756836 56.56978988647461 -1
vertex -78.02392578125 55.65791702270508 -7.434263229370117
vertex -78.02392578125 55.65791702270508 -1
endloop
endfacet
facet normal 0 0 1
outer loop
vertex -70.03640747070312 -69.66205596923828 0
vertex -73.239013671875 -69.66148376464844 0
vertex -70.03640747070312 -70.4686279296875 0
endloop
endfacet
facet normal -0.8377784313280422 0.546010347888687 0
outer loop
vertex -77.6513900756836 56.56978988647461 -7.458293914794922
vertex -77.6513900756836 56.56978988647461 -1
vertex -77.1135482788086 57.39503479003906 -1
endloop
endfacet
facet normal 0 0 1
outer loop
vertex 75.61216735839844 55.113834381103516 0
vertex 77.07918548583984 54.807071685791016 0
vertex 77.12206268310547 55.60063552856445 0
endloop
endfacet
facet normal 0.7051236979124773 0.709084318429211 -1.2143691067934962e-7
outer loop
vertex 30.58504867553711 59.67903518676758 -7.272563457489014
vertex 30.694812774658203 59.56988525390625 -1
vertex 31.283523559570312 58.98446273803711 -1
endloop
endfacet
facet normal 0.70512020864385 0.7090877881913166 0
outer loop
vertex 30.694812774658203 59.56988525390625 -1
vertex 30.58504867553711 59.67903518676758 -7.272563457489014
vertex 30.58504867553711 59.67903518676758 -1
endloop
endfacet
facet normal 0.9999999992005887 -0.000039985277769560964 0
outer loop
vertex 65.14970397949219 -72.1495590209961 -1
vertex 65.1537094116211 28.023113250732422 -9.607364654541016
vertex 65.1537094116211 28.023113250732422 -1
endloop
endfacet
facet normal 0.99449341104693 0.10479911919592638 0
outer loop
vertex 59.84761047363281 34.89190673828125 -1
vertex 59.803199768066406 35.3133430480957 -9.231047630310059
vertex 59.803199768066406 35.3133430480957 -1
endloop
endfacet
facet normal 0.7092728963846963 0.7049340099995629 0
outer loop
vertex 32.01869201660156 57.93546676635742 -7.478002071380615
vertex 32.01869201660156 57.93546676635742 -1
vertex 32.317420959472656 57.6348991394043 -1
endloop
endfacet
facet normal 0 0 1
outer loop
vertex 20.553707122802734 -74.66863250732422 0
vertex 20.553707122802734 -74.9686279296875 0
vertex 20.679628372192383 -74.65721130371094 0
endloop
endfacet
facet normal 0 0 1
outer loop
vertex 40.78436279296875 58.3269157409668 0
vertex 40.657047271728516 58.267547607421875 0
vertex 46.03019332885742 58.622642517089844 0
endloop
endfacet
facet normal 0.0010403861528820012 0.99999945879818 0
outer loop
vertex -11.57706069946289 59.348487854003906 -7.359274387359619
vertex -11.57706069946289 59.348487854003906 -1
vertex 0.6877655982971191 59.33572769165039 -1
endloop
endfacet
facet normal 0.9726461331869061 -0.23229184143348552 0
outer loop
vertex 59.830604553222656 35.73622512817383 -1
vertex 59.92904281616211 36.14840316772461 -9.040578842163086
vertex 59.92904281616211 36.14840316772461 -1
endloop
endfacet
facet normal -0.1475885946277641 0.9890488394087531 0
outer loop
vertex -11.57706069946289 59.348487854003906 -1
vertex -12.543013572692871 59.204345703125 -7.269876956939697
vertex -12.543013572692871 59.204345703125 -1
endloop
endfacet
facet normal 0 0 1
outer loop
vertex 40.657047271728516 58.267547607421875 0
vertex 35.132591247558594 56.25247573852539 0
vertex 46.03019332885742 58.622642517089844 0
endloop
endfacet
facet normal 0 0 1
outer loop
vertex 62.64656066894531 -67.1613540649414 0
vertex 64.14971160888672 -72.10488891601562 0
vertex 64.15370178222656 27.988115310668945 0
endloop
endfacet
facet normal 0 0 1
outer loop
vertex 75.61216735839844 55.113834381103516 0
vertex 75.50457000732422 54.61378860473633 0
vertex 77.07918548583984 54.807071685791016 0
endloop
endfacet
facet normal -0.5027238821813261 0.8644470477042165 0
outer loop
vertex -14.32431697845459 58.383358001708984 -1
vertex -13.472726821899414 58.878604888916016 -1
vertex -14.32431697845459 58.383358001708984 -7.306033611297607
endloop
endfacet
facet normal -0.17168754080283527 0.9851514441878257 -0.00014264542092262927
outer loop
vertex 26.919137954711914 60.84754943847656 -7.245004177093506
vertex 12.374679565429688 58.31277847290039 -7.462215900421143
vertex 26.914562225341797 60.84765625 -1
endloop
endfacet
facet normal -0.65674232598495 0.754115055717546 0
outer loop
vertex -15.067215919494629 57.736385345458984 -7.4079270362854
vertex -15.067215919494629 57.736385345458984 -1
vertex -14.361564636230469 58.350921630859375 -1
endloop
endfacet
facet normal 0 0 1
outer loop
vertex -14.338713645935059 57.044761657714844 0
vertex 7.896429538726807 56.849220275878906 0
vertex -11.503376960754395 58.34840774536133 0
endloop
endfacet
facet normal 0.02361668417751945 0.9997210872180597 0
outer loop
vertex 27.899324417114258 60.82439422607422 -7.145453929901123
vertex 26.919137954711914 60.84754943847656 -7.245004177093506
vertex 27.899324417114258 60.82439422607422 -1
endloop
endfacet
facet normal 0 0 1
outer loop
vertex -14.338713645935059 57.044761657714844 0
vertex -11.75606918334961 56.81666946411133 0
vertex -11.296293258666992 56.85636901855469 0
endloop
endfacet
facet normal -0.000802066656178461 -0.9999996783444844 -8.196187333531608e-8
outer loop
vertex -64.43640899658203 -72.14747619628906 -4
vertex -67.77542877197266 -72.1447982788086 -1.562195062637329
vertex -68.53640747070312 -72.1441879272461 -1.510047197341919
endloop
endfacet
facet normal 0 0 1
outer loop
vertex -14.338713645935059 57.044761657714844 0
vertex -12.708855628967285 56.45707702636719 0
vertex -12.249571800231934 56.68220901489258 0
endloop
endfacet
facet normal 0.21174689375121156 0.9773245382096324 2.039972753758357e-7
outer loop
vertex 28.81104278564453 60.626861572265625 -7.257452487945557
vertex 27.899324417114258 60.82439422607422 -7.145453929901123
vertex 28.86202621459961 60.615814208984375 -1
endloop
endfacet
facet normal 0.00003055106467024178 -0.9999999991610791 -0.000027285056515981626
outer loop
vertex 49.796146392822266 -77.1508560180664 -1.6610794067382812
vertex 19.627731323242188 -77.15172576904297 -3.564180612564087
vertex 50.53913879394531 -77.15083312988281 -1.668005347251892
endloop
endfacet
facet normal -0.1353904908176414 0.9907923167472875 0.000008408372017858774
outer loop
vertex 62.289302825927734 76.95149230957031 -5.974330902099609
vertex 62.24240493774414 76.94508361816406 -5.956003189086914
vertex 63.218379974365234 77.07840728759766 -1
endloop
endfacet
facet normal 0 0 1
outer loop
vertex -14.338713645935059 57.044761657714844 0
vertex -13.117436408996582 56.14936447143555 0
vertex -12.708855628967285 56.45707702636719 0
endloop
endfacet
facet normal 0.7092672286598469 0.704939712563455 3.657792499653977e-7
outer loop
vertex 32.317420959472656 57.6348991394043 -1
vertex 32.2098503112793 57.743133544921875 -7.548172950744629
vertex 32.125335693359375 57.82816696166992 -7.503138542175293
endloop
endfacet
facet normal 0 0 1
outer loop
vertex -14.338713645935059 57.044761657714844 0
vertex -14.82828140258789 56.41986846923828 0
vertex -13.460646629333496 55.77011489868164 0
endloop
endfacet
facet normal 0 0 1
outer loop
vertex 58.10889434814453 43.75394058227539 0
vertex 61.00027847290039 43.672420501708984 0
vertex 61.11570739746094 43.75324249267578 0
endloop
endfacet
facet normal 0 0 1
outer loop
vertex -76.32772827148438 56.76930236816406 0
vertex -75.73914337158203 54.349090576171875 0
vertex -75.65446472167969 54.8535270690918 0
endloop
endfacet
facet normal 0 0 1
outer loop
vertex -58.182857513427734 -70.82218170166016 0
vertex -58.345069885253906 -70.93057250976562 0
vertex -38.10139083862305 -71.168701171875 0
endloop
endfacet
facet normal 0 0 1
outer loop
vertex -75.77600860595703 57.34130859375 0
vertex -75.65446472167969 54.8535270690918 0
vertex -75.47616577148438 55.33293533325195 0
endloop
endfacet
facet normal 0 0 1
outer loop
vertex 75.0194091796875 53.7183952331543 0
vertex 76.08975982666016 52.6693000793457 0
vertex 76.55359649658203 53.31461715698242 0
endloop
endfacet
facet normal 0 0 1
outer loop
vertex -75.77600860595703 57.34130859375 0
vertex -75.21064758300781 55.77011489868164 0
vertex -74.86743927001953 56.14936447143555 0
endloop
endfacet
facet normal 0 0 1
outer loop
vertex -58.03641128540039 -70.4686279296875 0
vertex -58.07447052001953 -70.65997314453125 0
vertex -38.10139083862305 -71.168701171875 0
endloop
endfacet
facet normal 0 0 1
outer loop
vertex -75.77600860595703 57.34130859375 0
vertex -74.45885467529297 56.45707702636719 0
vertex -73.99957275390625 56.68220901489258 0
endloop
endfacet
facet normal -0.0008009691259630947 -0.999999679222942 0.0000015724324179082469
outer loop
vertex -67.1273193359375 -72.14531707763672 -1.5949000120162964
vertex -64.43640899658203 -72.14747619628906 -4
vertex -66.3939437866211 -72.14590454101562 -1.6279810667037964
endloop
endfacet
facet normal 0 0 1
outer loop
vertex -75.77600860595703 57.34130859375 0
vertex -73.50606536865234 56.81666946411133 0
vertex -73.04629516601562 56.85636901855469 0
endloop
endfacet
facet normal 0.7092720302110168 0.7049348815034876 8.037926020531431e-8
outer loop
vertex 32.317420959472656 57.6348991394043 -1
vertex 32.125335693359375 57.82816696166992 -7.503138542175293
vertex 32.01869201660156 57.93546676635742 -7.478002071380615
endloop
endfacet
facet normal 0 0 1
outer loop
vertex -14.82828140258789 56.41986846923828 0
vertex -13.726166725158691 55.33293533325195 0
vertex -13.460646629333496 55.77011489868164 0
endloop
endfacet
facet normal -0.7582350160407002 0.6519813344334917 -2.871249227646715e-7
outer loop
vertex 43.37281799316406 66.13187408447266 -1
vertex 42.73053741455078 65.38491821289062 -6.785250186920166
vertex 43.104312896728516 65.81961059570312 -1
endloop
endfacet
facet normal -0.719757696716504 0.6942253654378763 0
outer loop
vertex -76.4297103881836 58.10402297973633 -1
vertex -77.1135482788086 57.39503479003906 -7.351645469665527
vertex -77.1135482788086 57.39503479003906 -1
endloop
endfacet
facet normal 0 0 1
outer loop
vertex -33.14629364013672 -69.66863250732422 0
vertex -58.03641128540039 -70.4686279296875 0
vertex -38.10139083862305 -71.168701171875 0
endloop
endfacet
facet normal -0.41137887783883653 0.9114644364252833 0
outer loop
vertex -74.72660064697266 59.0765380859375 -1
vertex -75.62442779541016 58.67131423950195 -7.200322151184082
vertex -75.62442779541016 58.67131423950195 -1
endloop
endfacet
facet normal -0.0008016935775505671 -0.9999996786436522 0
outer loop
vertex -65.17870330810547 -72.14688110351562 -1.6615092754364014
vertex -64.43640899658203 -72.14747619628906 -4
vertex -64.43640899658203 -72.14747619628906 -1.6683628559112549
endloop
endfacet
facet normal -0.06994670921624145 0.9975507294718492 0
outer loop
vertex -73.03804016113281 59.35636901855469 -1
vertex -73.76846313476562 59.305152893066406 -7.3517069816589355
vertex -73.76846313476562 59.305152893066406 -1
endloop
endfacet
facet normal 0.8189117774637061 0.5739194200680136 1.6901779155662968e-7
outer loop
vertex 31.743431091308594 58.32823181152344 -7.350495338439941
vertex 31.283523559570312 58.98446273803711 -7.2232346534729
vertex 32.01869201660156 57.93546676635742 -1
endloop
endfacet
facet normal 0 0 1
outer loop
vertex 56.93913650512695 -75.4686279296875 0
vertex 56.90107727050781 -75.65997314453125 0
vertex 60.44190216064453 -76.13880157470703 0
endloop
endfacet
facet normal 0 0 1
outer loop
vertex -13.726166725158691 55.33293533325195 0
vertex -14.82828140258789 56.41986846923828 0
vertex -13.904467582702637 54.8535270690918 0
endloop
endfacet
facet normal 0.7051231495834482 0.7090848636951139 0
outer loop
vertex 31.283523559570312 58.98446273803711 -7.2232346534729
vertex 30.58504867553711 59.67903518676758 -7.272563457489014
vertex 31.283523559570312 58.98446273803711 -1
endloop
endfacet
facet normal 0 0 1
outer loop
vertex -15.321510314941406 55.46266174316406 0
vertex -13.98914623260498 54.349090576171875 0
vertex -14.82828140258789 56.41986846923828 0
endloop
endfacet
facet normal -0.0008013476509804361 -0.9999996789209196 0
outer loop
vertex -63.636409759521484 -72.14812469482422 -1.6682944297790527
vertex -63.636409759521484 -72.14812469482422 -4
vertex -62.893795013427734 -72.14871978759766 -1.6613107919692993
endloop
endfacet
facet normal 0 0 1
outer loop
vertex -13.98914623260498 54.349090576171875 0
vertex -15.675455093383789 54.91961669921875 0
vertex -13.996293067932129 52.10636901855469 0
endloop
endfacet
facet normal 0.8189126399718156 0.573918189374053 0
outer loop
vertex 31.86142349243164 58.15987014770508 -7.380647659301758
vertex 32.01869201660156 57.93546676635742 -1
vertex 32.01869201660156 57.93546676635742 -7.478002071380615
endloop
endfacet
facet normal 0 0 1
outer loop
vertex -15.342949867248535 55.416683197021484 0
vertex -13.98914623260498 54.349090576171875 0
vertex -15.321510314941406 55.46266174316406 0
endloop
endfacet
facet normal 0.8289257332300966 0.5593586763329471 0
outer loop
vertex 67.9383316040039 74.47647857666016 -1
vertex 67.52876281738281 75.08342742919922 -6.036950588226318
vertex 67.52876281738281 75.08342742919922 -1
endloop
endfacet
facet normal 0.000028610237276147995 -0.9999999995906884 2.7850987427797836e-7
outer loop
vertex 56.93913650512695 -77.15065002441406 -4
vertex 60.3765983581543 -77.15055084228516 -1
vertex 51.33913803100586 -77.15081024169922 -4
endloop
endfacet
facet normal 0.000028610229479651826 -0.9999999995618465 0.0000076001240247022346
outer loop
vertex 1.5537066459655762 -77.1522445678711 -4.949999809265137
vertex 5.553706645965576 -77.15213012695312 -4.949999809265137
vertex 5.667887210845947 -77.1521224975586 -4.375974655151367
endloop
endfacet
facet normal 0 0 1
outer loop
vertex -15.608287811279297 55.015541076660156 0
vertex -15.675455093383789 54.91961669921875 0
vertex -13.98914623260498 54.349090576171875 0
endloop
endfacet
facet normal -0.0008037159071596575 -0.9999996770186433 -0.0000018301939967695323
outer loop
vertex -58.03641128540039 -72.15261840820312 -4
vertex -60.95613098144531 -72.15027618408203 -1.5949000120162964
vertex -61.67749786376953 -72.14969635009766 -1.6275516748428345
endloop
endfacet
facet normal 0 0 1
outer loop
vertex -15.712508201599121 54.882564544677734 0
vertex -16.001527786254883 54.57264709472656 0
vertex -13.996293067932129 52.10636901855469 0
endloop
endfacet
facet normal 0.000028610229480478117 -0.9999999995907274 0
outer loop
vertex 1.5537066459655762 -77.1522445678711 -4.949999809265137
vertex 1.5537066459655762 -77.1522445678711 -9.949999809265137
vertex 5.553706645965576 -77.15213012695312 -4.949999809265137
endloop
endfacet
facet normal 0 0 1
outer loop
vertex -16.087732315063477 54.48644256591797 0
vertex -16.12671661376953 54.45914840698242 0
vertex -13.996293067932129 52.10636901855469 0
endloop
endfacet
facet normal 0.980439342457173 -0.1968214819630887 0
outer loop
vertex 64.9879379272461 -73.26773834228516 -1
vertex 65.09928894042969 -72.71305847167969 -17.457441329956055
vertex 65.09928894042969 -72.71305847167969 -1
endloop
endfacet
facet normal 0.0007390967205255955 0.9999994523264436 -0.0007410012486835648
outer loop
vertex -65.03640747070312 59.349708557128906 -3.5
vertex -65.23641204833984 59.3505973815918 -2.5
vertex -62.83641052246094 59.34882354736328 -2.5
endloop
endfacet
facet normal 0 0 1
outer loop
vertex 8.139591217041016 58.327972412109375 0
vertex 8.400864601135254 56.76454162597656 0
vertex 8.880274772644043 56.58624267578125 0
endloop
endfacet
facet normal 0.00003145850466426085 -0.9999999994991635 -0.000003469200997986264
outer loop
vertex 52.082115173339844 -77.15079498291016 -1.6610865592956543
vertex 51.33913803100586 -77.15081024169922 -4
vertex 53.298439025878906 -77.1507568359375 -1.6274312734603882
endloop
endfacet
facet normal 0 0 1
outer loop
vertex 75.30459594726562 54.14300537109375 0
vertex 75.0194091796875 53.7183952331543 0
vertex 76.55359649658203 53.31461715698242 0
endloop
endfacet
facet normal 0 0 1
outer loop
vertex 51.33913803100586 -75.9686279296875 0
vertex 51.33913803100586 -76.15081024169922 0
vertex 60.44190216064453 -76.13880157470703 0
endloop
endfacet
facet normal 0 0 1
outer loop
vertex 9.317452430725098 56.32072067260742 0
vertex 9.696703910827637 55.97751235961914 0
vertex 8.139591217041016 58.327972412109375 0
endloop
endfacet
facet normal -0.7582369051207565 0.651979137482862 0
outer loop
vertex 42.73053741455078 65.38491821289062 -6.785250186920166
vertex 42.73053741455078 65.38491821289062 -1
vertex 43.104312896728516 65.81961059570312 -1
endloop
endfacet
facet normal 0.00002053736002072442 -0.9999999997891084 0
outer loop
vertex 51.33913803100586 -77.15081024169922 -1.668007731437683
vertex 51.33913803100586 -77.15081024169922 -4
vertex 52.082115173339844 -77.15079498291016 -1.6610865592956543
endloop
endfacet
facet normal 0 0 1
outer loop
vertex 8.139591217041016 58.327972412109375 0
vertex 9.696703910827637 55.97751235961914 0
vertex 8.915145874023438 58.17229080200195 0
endloop
endfacet
facet normal 0 0 1
outer loop
vertex -16.46392822265625 54.20249938964844 0
vertex -16.567731857299805 54.12981414794922 0
vertex -13.996293067932129 52.10636901855469 0
endloop
endfacet
facet normal 0 0 1
outer loop
vertex 67.08940887451172 73.94674682617188 0
vertex 65.76915740966797 73.23359680175781 0
vertex 75.35932922363281 56.60872268676758 0
endloop
endfacet
facet normal 0 0 1
outer loop
vertex -75.12631225585938 57.79899597167969 0
vertex -75.77600860595703 57.34130859375 0
vertex -74.4019546508789 58.12592697143555 0
endloop
endfacet
facet normal -0.7213529316126144 -0.6925676487202438 0
outer loop
vertex -34.9771728515625 -75.92526245117188 -1
vertex -34.50431823730469 -76.41777038574219 -17.747819900512695
vertex -34.50431823730469 -76.41777038574219 -1
endloop
endfacet
facet normal 0 0 1
outer loop
vertex -73.61641693115234 58.313358306884766 0
vertex -75.77600860595703 57.34130859375 0
vertex -73.00338745117188 58.35634231567383 0
endloop
endfacet
facet normal 0 0 1
outer loop
vertex 60.413482666015625 -69.62893676757812 0
vertex 45.24779510498047 -74.0066909790039 0
vertex 56.63047790527344 -74.0066909790039 0
endloop
endfacet
facet normal 0 0 1
outer loop
vertex 61.900394439697266 31.74701690673828 0
vertex 63.59633255004883 30.11138916015625 0
vertex 63.138648986816406 30.76108741760254 0
endloop
endfacet
facet normal 0.0005916585266725502 0.9999995281428478 -0.0007704896297601384
outer loop
vertex -65.03640747070312 59.349708557128906 -3.5
vertex -73.03804016113281 59.35636901855469 -1
vertex -65.23641204833984 59.3505973815918 -2.5
endloop
endfacet
facet normal -0.0008030871030560788 -0.9999996775239478 -0.0000017622480758825698
outer loop
vertex -73.58206939697266 -72.14013671875 -1
vertex -64.43640899658203 -72.14747619628906 -4
vertex -68.53640747070312 -72.1441879272461 -1.510047197341919
endloop
endfacet
facet normal 0 0 1
outer loop
vertex 61.900394439697266 31.74701690673828 0
vertex 61.03657150268555 32.10098648071289 0
vertex 61.13027572631836 30.46124267578125 0
endloop
endfacet
facet normal -0.947521118057827 -0.3196931823396385 0
outer loop
vertex -35.809654235839844 -73.67150115966797 -1
vertex -35.67417907714844 -74.07302856445312 -17.671714782714844
vertex -35.67417907714844 -74.07302856445312 -1
endloop
endfacet
facet normal 0 0 1
outer loop
vertex -16.98221778869629 53.91572952270508 0
vertex -17.10142707824707 53.86014175415039 0
vertex -13.996293067932129 52.10636901855469 0
endloop
endfacet
facet normal 0.9532498726588398 -0.3021831899293969 0
outer loop
vertex 64.81697845458984 -73.80703735351562 -1
vertex 64.9879379272461 -73.26773834228516 -17.470808029174805
vertex 64.9879379272461 -73.26773834228516 -1
endloop
endfacet
facet normal 0 0 1
outer loop
vertex -17.138099670410156 53.85031509399414 0
vertex -17.541521072387695 53.7205810546875 0
vertex -13.996293067932129 52.10636901855469 0
endloop
endfacet
facet normal -0.8518956779710608 -0.5237115177788497 -1.1759680347313205e-8
outer loop
vertex -35.33474349975586 -75.34362030029297 -1
vertex -34.9771728515625 -75.92526245117188 -17.677688598632812
vertex -35.042686462402344 -75.81869506835938 -1
endloop
endfacet
facet normal 0 0 1
outer loop
vertex -17.541521072387695 53.7205810546875 0
vertex -17.673221588134766 53.6852912902832 0
vertex -13.996293067932129 52.10636901855469 0
endloop
endfacet
facet normal 0 0 1
outer loop
vertex 58.10889434814453 43.75394058227539 0
vertex 60.54324722290039 43.295494079589844 0
vertex 60.6396598815918 43.39190673828125 0
endloop
endfacet
facet normal 0.0007390969223301768 0.9999997253684763 -0.00005476049181710317
outer loop
vertex -73.03804016113281 59.35636901855469 -1
vertex -62.83641052246094 59.34882354736328 -1.100000023841858
vertex -65.23641204833984 59.3505973815918 -1.100000023841858
endloop
endfacet
facet normal 0 0 1
outer loop
vertex 61.900394439697266 31.74701690673828 0
vertex 63.92326354980469 29.38702964782715 0
vertex 63.59633255004883 30.11138916015625 0
endloop
endfacet
facet normal 0 0 1
outer loop
vertex 56.63047790527344 -74.0066909790039 0
vertex 56.79269027709961 -74.11507415771484 0
vertex 60.413482666015625 -69.62893676757812 0
endloop
endfacet
facet normal 0 0 1
outer loop
vertex 61.900394439697266 31.74701690673828 0
vertex 61.94670486450195 29.85251235961914 0
vertex 64.1106948852539 28.60149574279785 0
endloop
endfacet
facet normal -0.9436249156841701 -0.3310166438414282 0
outer loop
vertex -35.33474349975586 -75.34362030029297 -17.70172691345215
vertex -35.33474349975586 -75.34362030029297 -1
vertex -35.501548767089844 -74.86811065673828 -1
endloop
endfacet
facet normal 0 0 1
outer loop
vertex -17.70624351501465 53.682403564453125 0
vertex -18.125782012939453 53.6226692199707 0
vertex -13.996293067932129 52.10636901855469 0
endloop
endfacet
facet normal 0 0 1
outer loop
vertex 58.10889434814453 43.75394058227539 0
vertex 60.231895446777344 42.954586029052734 0
vertex 60.25873947143555 42.98143005371094 0
endloop
endfacet
facet normal 0.0007398344040068368 0.9999997263224045 4.1334305194777817e-7
outer loop
vertex -34.51051330566406 59.3278694152832 -7.358429908752441
vertex -63.03648376464844 59.34897232055664 -3.5
vertex -50.86936950683594 59.339969635009766 -1
endloop
endfacet
facet normal -0.07106471978966271 -0.9974717066670196 0
outer loop
vertex -38.10219192504883 -72.16863250732422 -1
vertex -37.74773406982422 -72.19388580322266 -17.42815399169922
vertex -37.74773406982422 -72.19388580322266 -1
endloop
endfacet
facet normal 0 0 1
outer loop
vertex 62.254417419433594 29.443931579589844 0
vertex 62.47954559326172 28.984647750854492 0
vertex 64.1106948852539 28.60149574279785 0
endloop
endfacet
facet normal 0 0 1
outer loop
vertex -34.610260009765625 58.327945709228516 0
vertex -73.00338745117188 58.35634231567383 0
vertex -34.85356903076172 56.849220275878906 0
endloop
endfacet
facet normal -0.2251992272811604 -0.974312736256523 -5.431660010149569e-7
outer loop
vertex -37.74773406982422 -72.19388580322266 -1
vertex -37.485477447509766 -72.2544937133789 -17.44048309326172
vertex -37.666236877441406 -72.21272277832031 -1
endloop
endfacet
facet normal 0 0 1
outer loop
vertex 27.518491744995117 58.35126876831055 0
vertex 28.021575927734375 58.25890350341797 0
vertex 26.98934555053711 59.845611572265625 0
endloop
endfacet
facet normal 0 0 1
outer loop
vertex 59.9290771484375 42.489234924316406 0
vertex 60.15645217895508 42.846839904785156 0
vertex 58.10889434814453 43.75394058227539 0
endloop
endfacet
facet normal 0 0 1
outer loop
vertex 26.98934555053711 59.845611572265625 0
vertex 27.007017135620117 58.34709167480469 0
vertex 27.518491744995117 58.35126876831055 0
endloop
endfacet
facet normal 0 0 1
outer loop
vertex 28.498210906982422 58.073307037353516 0
vertex 30.515512466430664 58.337913513183594 0
vertex 28.55727767944336 59.65863800048828 0
endloop
endfacet
facet normal 0 0 1
outer loop
vertex 28.498210906982422 58.073307037353516 0
vertex 31.202898025512695 57.363731384277344 0
vertex 30.515512466430664 58.337913513183594 0
endloop
endfacet
facet normal 0 0 1
outer loop
vertex 60.413482666015625 -69.62893676757812 0
vertex 56.79269027709961 -74.11507415771484 0
vertex 56.90107727050781 -74.27729034423828 0
endloop
endfacet
facet normal -0.5367112238364488 -0.8437659996752543 0
outer loop
vertex -36.944007873535156 -72.45309448242188 -1
vertex -36.586448669433594 -72.68053436279297 -17.58392906188965
vertex -36.586448669433594 -72.68053436279297 -1
endloop
endfacet
facet normal 0 0 1
outer loop
vertex 61.900394439697266 31.74701690673828 0
vertex 61.56745147705078 30.195722579956055 0
vertex 61.94670486450195 29.85251235961914 0
endloop
endfacet
facet normal -0.5460121193740193 -0.8377772767846426 0
outer loop
vertex -75.459716796875 -71.57372283935547 -17.186756134033203
vertex -76.28495788574219 -71.03588104248047 -1
vertex -76.28495788574219 -71.03588104248047 -17.31859588623047
endloop
endfacet
facet normal 0 0 1
outer loop
vertex 61.13027572631836 30.46124267578125 0
vertex 61.56745147705078 30.195722579956055 0
vertex 61.900394439697266 31.74701690673828 0
endloop
endfacet
facet normal 0 0 1
outer loop
vertex 60.413482666015625 -69.62893676757812 0
vertex 60.90886306762695 -76.05618286132812 0
vertex 61.34733963012695 -75.9281997680664 0
endloop
endfacet
facet normal 0 0 1
outer loop
vertex 60.53371047973633 32.34366989135742 0
vertex 61.13027572631836 30.46124267578125 0
vertex 60.60258865356445 32.311553955078125 0
endloop
endfacet
facet normal -0.0008026042253180078 -0.9999996779131769 0
outer loop
vertex -70.03640747070312 -72.14298248291016 -5
vertex -70.03640747070312 -72.14298248291016 -4
vertex -73.58206939697266 -72.14013671875 -17.39533805847168
endloop
endfacet
facet normal 0 0 1
outer loop
vertex 60.10934829711914 32.63949203491211 0
vertex 60.04534912109375 32.68892288208008 0
vertex 61.13027572631836 30.46124267578125 0
endloop
endfacet
facet normal -0.7870262653689972 -0.616919490386978 0
outer loop
vertex -36.272438049316406 -72.96510314941406 -1
vertex -36.01100540161133 -73.29862213134766 -17.649076461791992
vertex -36.01100540161133 -73.29862213134766 -1
endloop
endfacet
facet normal 0 0 1
outer loop
vertex 59.98262405395508 32.751651763916016 0
vertex 61.13027572631836 30.46124267578125 0
vertex 60.04534912109375 32.68892288208008 0
endloop
endfacet
facet normal 0 0 1
outer loop
vertex 56.42840576171875 36.441280364990234 0
vertex 60.14643096923828 30.72422218322754 0
vertex 60.65086364746094 30.639543533325195 0
endloop
endfacet
facet normal 0.9975507294718493 0.06994670921624145 0
outer loop
vertex 65.10249328613281 28.753536224365234 -9.600913047790527
vertex 65.1537094116211 28.023113250732422 -1
vertex 65.1537094116211 28.023113250732422 -9.607364654541016
endloop
endfacet
facet normal 0.43273809114049777 0.9015196861278618 0
outer loop
vertex 61.41574478149414 33.02631378173828 -9.523951530456543
vertex 61.03371047973633 33.209693908691406 -9.54883861541748
vertex 61.41574478149414 33.02631378173828 -1
endloop
endfacet
facet normal 0.5460121193740193 0.8377772767846426 0
outer loop
vertex 62.367130279541016 32.6364631652832 -9.39466667175293
vertex 63.1923713684082 32.0986213684082 -1
vertex 63.1923713684082 32.0986213684082 -9.445937156677246
endloop
endfacet
facet normal 0 0 1
outer loop
vertex 58.10889434814453 43.75394058227539 0
vertex 59.848201751708984 42.340511322021484 0
vertex 59.904541015625 42.454193115234375 0
endloop
endfacet
facet normal 0.7082086434511407 0.7060031992428186 0
outer loop
vertex 60.68813705444336 33.4549674987793 -9.495696067810059
vertex 60.388954162597656 33.75508499145508 -9.426008224487305
vertex 60.68813705444336 33.4549674987793 -1
endloop
endfacet
facet normal -0.9114629843477833 -0.4113820950938831 0
outer loop
vertex -77.96646118164062 -68.64894104003906 -1
vertex -77.56123352050781 -69.54676818847656 -17.23990821838379
vertex -77.56123352050781 -69.54676818847656 -1
endloop
endfacet
facet normal 0.9028638466390513 0.42992659191091637 0
outer loop
vertex 59.96256637573242 34.48402786254883 -9.308574676513672
vertex 60.14475631713867 34.10142135620117 -1
vertex 60.14475631713867 34.10142135620117 -9.363080978393555
endloop
endfacet
facet normal 0 0 1
outer loop
vertex 10.11180305480957 55.37531280517578 0
vertex 10.292802810668945 57.534934997558594 0
vertex 10.157307624816895 57.59811782836914 0
endloop
endfacet
facet normal 0.7190099395957221 0.6949997890377124 3.0238005715085136e-7
outer loop
vertex -29.823843002319336 55.476646423339844 -7.706392288208008
vertex -29.87298011779785 55.52748107910156 -7.708370208740234
vertex -29.578462600708008 55.22278594970703 -1
endloop
endfacet
facet normal 0.7190139313858869 0.6949956593195464 0
outer loop
vertex -29.823843002319336 55.476646423339844 -7.706392288208008
vertex -29.578462600708008 55.22278594970703 -1
vertex -29.578462600708008 55.22278594970703 -7.770577430725098
endloop
endfacet
facet normal 0.898141176998402 0.4397072050580079 0
outer loop
vertex -30.531349182128906 56.734500885009766 -7.455067157745361
vertex -30.111804962158203 55.87754440307617 -1
vertex -30.111804962158203 55.87754440307617 -7.647698402404785
endloop
endfacet
facet normal 0 0 1
outer loop
vertex 10.292802810668945 57.534934997558594 0
vertex 10.11180305480957 55.37531280517578 0
vertex 10.690086364746094 57.38747024536133 0
endloop
endfacet
facet normal 0.4465899410605391 0.8947387465306567 5.419508906906625e-7
outer loop
vertex -29.14147186279297 54.9246711730957 -7.838889122009277
vertex -29.23671531677246 54.97220993041992 -7.838226318359375
vertex -28.857553482055664 54.782955169677734 -1
endloop
endfacet
facet normal 0 0 1
outer loop
vertex 57.0198974609375 42.71066665649414 0
vertex 59.54026794433594 41.37468338012695 0
vertex 59.6356086730957 41.7875862121582 0
endloop
endfacet
facet normal 0.4466012326558834 0.8947331104805755 0
outer loop
vertex -28.857553482055664 54.782955169677734 -7.884530544281006
vertex -29.073850631713867 54.89091873168945 -7.855470180511475
vertex -28.857553482055664 54.782955169677734 -1
endloop
endfacet
facet normal -0.49908324143235466 0.8665540480093357 8.857271210393139e-8
outer loop
vertex 51.80195236206055 71.154541015625 -3.5
vertex 50.076324462890625 70.16068267822266 -3.5
vertex 60.569541931152344 76.20414733886719 -1
endloop
endfacet
facet normal 0.2890668552250341 0.957308912112652 0
outer loop
vertex -28.451875686645508 54.660457611083984 -7.864048004150391
vertex -28.857553482055664 54.782955169677734 -7.884530544281006
vertex -28.451875686645508 54.660457611083984 -1
endloop
endfacet
facet normal -0.6942194178862406 -0.7197634332401788 0
outer loop
vertex -76.99394989013672 -70.35205078125 -1
vertex -76.28495788574219 -71.03588104248047 -17.31859588623047
vertex -76.28495788574219 -71.03588104248047 -1
endloop
endfacet
facet normal 0.10400149655115826 0.9945771406558078 1.9233767306653893e-7
outer loop
vertex -28.008512496948242 54.61409378051758 -7.777716636657715
vertex -28.380538940429688 54.65299606323242 -7.8516950607299805
vertex -27.93465232849121 54.60636901855469 -1
endloop
endfacet
facet normal -0.00041089484299509926 0.9999999155827105 0
outer loop
vertex -27.563297271728516 54.60652160644531 -7.740362167358398
vertex -27.93465232849121 54.60636901855469 -7.778840065002441
vertex -27.93465232849121 54.60636901855469 -1
endloop
endfacet
facet normal 0 0 1
outer loop
vertex 57.0198974609375 42.71066665649414 0
vertex 59.516502380371094 41.2074089050293 0
vertex 59.52670669555664 41.324066162109375 0
endloop
endfacet
facet normal -0.00041393155080523603 0.9999999143302288 4.5423199515173494e-7
outer loop
vertex -18.421321868896484 54.61030578613281 -7.800479888916016
vertex -27.563297271728516 54.60652160644531 -7.740362167358398
vertex -18.266407012939453 54.61036682128906 -1
endloop
endfacet
facet normal 0 0 1
outer loop
vertex 11.269891738891602 57.264312744140625 0
vertex 10.11180305480957 55.37531280517578 0
vertex 11.438368797302246 57.24634552001953 0
endloop
endfacet
facet normal 0 0 1
outer loop
vertex 61.77484893798828 -68.96163177490234 0
vertex 64.14971160888672 -72.10488891601562 0
vertex 62.11806106567383 -68.5823745727539 0
endloop
endfacet
facet normal 0.9979067603499147 -0.06466913984226191 0
outer loop
vertex 59.803199768066406 35.3133430480957 -1
vertex 59.803199768066406 35.3133430480957 -9.231047630310059
vertex 59.830604553222656 35.73622512817383 -9.161678314208984
endloop
endfacet
facet normal -0.49908298186126115 0.8665541974992009 -0.000003603889362610069
outer loop
vertex 50.076324462890625 70.16068267822266 -3.5
vertex 49.89927291870117 70.0587158203125 -2.5
vertex 51.97900390625 71.25651550292969 -2.5
endloop
endfacet
facet normal 0.9726508124600168 -0.23227224763336843 4.6074984768326407e-7
outer loop
vertex 59.830604553222656 35.73622512817383 -1
vertex 59.88359451293945 35.958106994628906 -9.090160369873047
vertex 59.89315414428711 35.998138427734375 -9.073348045349121
endloop
endfacet
facet normal 0 0 1
outer loop
vertex -75.34700012207031 -68.38119506835938 0
vertex -75.65922546386719 -70.25006103515625 0
vertex -75.03929138183594 -68.7897720336914 0
endloop
endfacet
facet normal 0.9189025218472864 -0.39448467060545894 0
outer loop
vertex 60.02411651611328 36.36986541748047 -8.950292587280273
vertex 59.92904281616211 36.14840316772461 -1
vertex 59.92904281616211 36.14840316772461 -9.040578842163086
endloop
endfacet
facet normal 0.6942211240334336 0.7197617874741667 -0.000015419104439118916
outer loop
vertex -31.0986385345459 57.53978729248047 -7.4258551597595215
vertex -31.18769073486328 57.62567901611328 -7.447780609130859
vertex -31.807628631591797 58.2236213684082 -7.313350200653076
endloop
endfacet
facet normal -0.5460121193740193 -0.8377772767846426 0
outer loop
vertex -76.28495788574219 -71.03588104248047 -1
vertex -75.459716796875 -71.57372283935547 -17.186756134033203
vertex -75.459716796875 -71.57372283935547 -1
endloop
endfacet
facet normal 0.5460121193740193 0.8377772767846426 0
outer loop
vertex -31.807628631591797 58.2236213684082 -7.313350200653076
vertex -32.632869720458984 58.7614631652832 -7.370943546295166
vertex -31.807628631591797 58.2236213684082 -1
endloop
endfacet
facet normal -0.4990829850452454 0.8665541956729118 0
outer loop
vertex 50.076324462890625 70.16068267822266 -6.421363353729248
vertex 44.14445877075195 66.7442855834961 -1
vertex 50.076324462890625 70.16068267822266 -3.5
endloop
endfacet
facet normal 0.6942223916718342 0.7197605649807709 0
outer loop
vertex -31.807628631591797 58.2236213684082 -7.313350200653076
vertex -31.0986385345459 57.53978729248047 -1
vertex -31.0986385345459 57.53978729248047 -7.4258551597595215
endloop
endfacet
facet normal 0 0 1
outer loop
vertex -74.22286224365234 -69.39850616455078 0
vertex -74.66004180908203 -69.13298797607422 0
vertex -74.99342346191406 -70.68399047851562 0
endloop
endfacet
facet normal 0.9189017675058376 -0.3944864277445188 -1.2637231756235364e-7
outer loop
vertex 59.92904281616211 36.14840316772461 -1
vertex 60.12404251098633 36.602630615234375 -8.904536247253418
vertex 60.434627532958984 37.32609558105469 -8.780405044555664
endloop
endfacet
facet normal 0.9726948469455083 0.2320877737530654 0
outer loop
vertex 64.8738784790039 29.7116756439209 -9.481705665588379
vertex 65.10249328613281 28.753536224365234 -1
vertex 65.10249328613281 28.753536224365234 -9.600913047790527
endloop
endfacet
facet normal 0.8175162468874512 0.5759055357218368 0
outer loop
vertex 63.901363372802734 31.414785385131836 -9.400982856750488
vertex 64.4686508178711 30.6095027923584 -1
vertex 64.4686508178711 30.6095027923584 -9.507113456726074
endloop
endfacet
facet normal 0.6942224272640184 0.7197605306514484 0
outer loop
vertex 63.901363372802734 31.414785385131836 -9.400982856750488
vertex 63.1923713684082 32.0986213684082 -9.445937156677246
vertex 63.901363372802734 31.414785385131836 -1
endloop
endfacet
facet normal 0 0 1
outer loop
vertex -74.22286224365234 -69.39850616455078 0
vertex -74.99342346191406 -70.68399047851562 0
vertex -74.25773620605469 -70.98455047607422 0
endloop
endfacet
facet normal -0.8877898087992923 0.460249088306377 -0.00017917941975862073
outer loop
vertex -15.65952205657959 56.980350494384766 -1
vertex -16.159912109375 56.0125846862793 -7.541719913482666
vertex -16.061004638671875 56.20591735839844 -1
endloop
endfacet
facet normal 0 0 1
outer loop
vertex 12.520039558410645 57.323036193847656 0
vertex 10.11180305480957 55.37531280517578 0
vertex 26.98934555053711 59.845611572265625 0
endloop
endfacet
facet normal 0 0 1
outer loop
vertex 62.614009857177734 28.49114418029785 0
vertex 62.65370559692383 28.031368255615234 0
vertex 64.1106948852539 28.60149574279785 0
endloop
endfacet
facet normal -0.3782018383125398 -0.9257231602898437 0
outer loop
vertex -75.459716796875 -71.57372283935547 -1
vertex -74.54784393310547 -71.9462661743164 -17.216075897216797
vertex -74.54784393310547 -71.9462661743164 -1
endloop
endfacet
facet normal -0.8360159084485363 0.5487052039310075 0
outer loop
vertex -16.208974838256836 55.916683197021484 -1
vertex -16.441499710083008 55.56240463256836 -7.674476623535156
vertex -16.441499710083008 55.56240463256836 -1
endloop
endfacet
facet normal 0.3781985195962408 0.9257245161359894 0
outer loop
vertex 10.117128372192383 58.7614631652832 -1
vertex 9.205255508422852 59.134002685546875 -7.274762153625488
vertex 9.205255508422852 59.134002685546875 -1
endloop
endfacet
facet normal -0.7313327024994563 0.6820208781663812 0
outer loop
vertex -16.441499710083008 55.56240463256836 -1
vertex -16.730520248413086 55.25248718261719 -7.77323579788208
vertex -16.730520248413086 55.25248718261719 -1
endloop
endfacet
facet normal 0 0 1
outer loop
vertex -73.239013671875 -69.66148376464844 0
vertex -73.74345397949219 -69.5768051147461 0
vertex -73.48229217529297 -71.14021301269531 0
endloop
endfacet
facet normal -0.6056284449919043 0.7957475646313267 2.156739895501682e-8
outer loop
vertex -17.067731857299805 54.99584197998047 -7.832108020782471
vertex -16.84674835205078 55.16402816772461 -1
vertex -16.730520248413086 55.25248718261719 -1
endloop
endfacet
facet normal 0.48399684068885446 0.8750697447650716 0
outer loop
vertex 10.117128372192383 58.7614631652832 -7.408070087432861
vertex 10.117128372192383 58.7614631652832 -1
vertex 10.563267707824707 58.514705657958984 -1
endloop
endfacet
facet normal 0.3479846336640687 0.9375002371912681 0
outer loop
vertex 11.037888526916504 58.324466705322266 -1
vertex 10.640605926513672 58.47193145751953 -7.569421291351318
vertex 10.640605926513672 58.47193145751953 -1
endloop
endfacet
facet normal 0.9975525443182838 0.06992082182095866 0
outer loop
vertex 65.10938262939453 28.65524673461914 -1
vertex 65.10249328613281 28.753536224365234 -9.600913047790527
vertex 65.10249328613281 28.753536224365234 -1
endloop
endfacet
facet normal 0.9114629843477832 0.411382095093883 0
outer loop
vertex 64.8738784790039 29.7116756439209 -1
vertex 64.4686508178711 30.6095027923584 -9.507113456726074
vertex 64.4686508178711 30.6095027923584 -1
endloop
endfacet
facet normal 0 0 1
outer loop
vertex 57.0198974609375 42.71066665649414 0
vertex 59.49226760864258 40.78433609008789 0
vertex 59.516502380371094 41.2074089050293 0
endloop
endfacet
facet normal 0.000028610229480478117 -0.9999999995907274 0
outer loop
vertex 5.553706645965576 -77.15213012695312 -9.949999809265137
vertex 5.553706645965576 -77.15213012695312 -4.949999809265137
vertex 1.5537066459655762 -77.1522445678711 -9.949999809265137
endloop
endfacet
facet normal -0.0008029089640686749 -0.9999996776685458 0
outer loop
vertex -73.58206939697266 -72.14013671875 -1
vertex -68.53640747070312 -72.1441879272461 -1.510047197341919
vertex -68.53640747070312 -72.1441879272461 -1
endloop
endfacet
facet normal 0 0 1
outer loop
vertex 63.25944137573242 76.0747299194336 0
vertex 61.72252655029297 75.71420288085938 0
vertex 64.0530014038086 76.03184509277344 0
endloop
endfacet
facet normal 0 0 1
outer loop
vertex 62.47203063964844 75.9671630859375 0
vertex 61.72252655029297 75.71420288085938 0
vertex 63.25944137573242 76.0747299194336 0
endloop
endfacet
facet normal 0 0 1
outer loop
vertex 57.0198974609375 42.71066665649414 0
vertex 59.49738311767578 40.58557891845703 0
vertex 59.49226760864258 40.78433609008789 0
endloop
endfacet
facet normal -0.14096569321725771 0.9900144813767245 3.915375483051355e-7
outer loop
vertex -17.998952865600586 54.6484489440918 -7.801112651824951
vertex -18.266407012939453 54.61036682128906 -7.817017078399658
vertex -17.84686851501465 54.670101165771484 -1
endloop
endfacet
facet normal -0.3061614470566543 0.9519796050001152 0
outer loop
vertex -17.44344711303711 54.799835205078125 -7.835103988647461
vertex -17.571598052978516 54.75862121582031 -7.812394142150879
vertex -17.44344711303711 54.799835205078125 -1
endloop
endfacet
facet normal -0.6942137376438405 -0.7197689080072102 0.00007438196913158572
outer loop
vertex -76.99394989013672 -70.35205078125 -17.214120864868164
vertex -76.33861541748047 -70.984130859375 -17.34041404724121
vertex -76.28495788574219 -71.03588104248047 -17.31859588623047
endloop
endfacet
facet normal -0.4625288785835218 0.8866042163650221 -1.868532846339484e-7
outer loop
vertex -17.209930419921875 54.92165756225586 -7.828017234802246
vertex -17.44344711303711 54.799835205078125 -7.835103988647461
vertex -17.067731857299805 54.99584197998047 -1
endloop
endfacet
facet normal -0.605628168297238 0.7957477752183365 0
outer loop
vertex -16.730520248413086 55.25248718261719 -7.77323579788208
vertex -17.067731857299805 54.99584197998047 -7.832108020782471
vertex -16.730520248413086 55.25248718261719 -1
endloop
endfacet
facet normal 0 0 1
outer loop
vertex -73.239013671875 -69.66148376464844 0
vertex -73.48229217529297 -71.14021301269531 0
vertex -70.03640747070312 -70.4686279296875 0
endloop
endfacet
facet normal -0.7313231259527165 0.6820311469767012 -6.264779555767599e-7
outer loop
vertex -16.656343460083008 55.332027435302734 -7.738061428070068
vertex -16.690229415893555 55.295692443847656 -7.758442401885986
vertex -16.441499710083008 55.56240463256836 -1
endloop
endfacet
facet normal -0.8360137405147483 0.5487085070148593 -2.508526774324995e-7
outer loop
vertex -16.377296447753906 55.66022491455078 -7.6290740966796875
vertex -16.441499710083008 55.56240463256836 -7.674476623535156
vertex -16.208974838256836 55.916683197021484 -1
endloop
endfacet
facet normal -0.8902600066680184 0.4554526545399132 -7.845005337268503e-8
outer loop
vertex -16.159912109375 56.0125846862793 -7.541719913482666
vertex -16.208974838256836 55.916683197021484 -7.573782444000244
vertex -16.061004638671875 56.20591735839844 -1
endloop
endfacet
facet normal 0 0 1
outer loop
vertex 60.413482666015625 -69.62893676757812 0
vertex 62.16979217529297 -75.53365325927734 0
vertex 62.54402542114258 -75.27175903320312 0
endloop
endfacet
facet normal 0 0 1
outer loop
vertex -31.39458465576172 56.22349548339844 0
vertex -32.4333610534668 57.437801361083984 0
vertex -31.006689071655273 55.439430236816406 0
endloop
endfacet
facet normal 0 0 1
outer loop
vertex 61.72252655029297 75.71420288085938 0
vertex 63.2348747253418 74.57617950439453 0
vertex 63.746238708496094 74.56482696533203 0
endloop
endfacet
facet normal -0.975369384309515 -0.050983805083663965 -0.21460478972024002
outer loop
vertex -78.19507598876953 -67.53427124023438 -17.17885398864746
vertex -78.19507598876953 -67.6907958984375 -17.14166831970215
vertex -78.24629211425781 -66.96037292480469 -17.082420349121094
endloop
endfacet
facet normal 0 0 1
outer loop
vertex 56.90107727050781 -74.27729034423828 0
vertex 56.93913650512695 -74.4686279296875 0
vertex 60.413482666015625 -69.62893676757812 0
endloop
endfacet
facet normal 0 0 1
outer loop
vertex 58.10889434814453 43.75394058227539 0
vertex 60.15645217895508 42.846839904785156 0
vertex 60.231895446777344 42.954586029052734 0
endloop
endfacet
facet normal 0 0 1
outer loop
vertex 62.47954559326172 28.984647750854492 0
vertex 62.614009857177734 28.49114418029785 0
vertex 64.1106948852539 28.60149574279785 0
endloop
endfacet
facet normal -7.825630372182104e-9 0.0784590856477624 -0.9969173345264476
outer loop
vertex 59.10409164428711 37.03217315673828 -9.94311237335205
vertex 59.00240707397461 36.65420150756836 -9.972859382629395
vertex 34.5740966796875 56.39855194091797 -8.4189453125
endloop
endfacet
facet normal -7.285561472587004e-8 0.07845900568596899 -0.9969173408195706
outer loop
vertex 59.00240707397461 36.65420150756836 -9.972859382629395
vertex 58.944942474365234 36.072532653808594 -10.018637657165527
vertex 34.5740966796875 56.39855194091797 -8.4189453125
endloop
endfacet
facet normal -0.000004879885655908333 0.07845327754666177 -0.996917791604891
outer loop
vertex 58.944942474365234 36.072532653808594 -10.018637657165527
vertex 58.95084762573242 36.012752532958984 -10.02334213256836
vertex 34.5740966796875 56.39855194091797 -8.4189453125
endloop
endfacet
facet normal 4.6652105403649763e-7 0.07845963127315432 -0.9969172915845442
outer loop
vertex 58.95084762573242 36.012752532958984 -10.02334213256836
vertex 58.96468734741211 35.32598114013672 -10.077392578125
vertex 34.5740966796875 56.39855194091797 -8.4189453125
endloop
endfacet
facet normal -6.765055001585319e-7 0.0784577220379077 -0.9969174418436888
outer loop
vertex 58.96468734741211 35.32598114013672 -10.077392578125
vertex 59.01625061035156 34.80409240722656 -10.118465423583984
vertex 12.512145042419434 57.58821105957031 -8.325316429138184
endloop
endfacet
facet normal 1.576934529394278e-7 0.07845920304315718 -0.9969173252872114
outer loop
vertex 29.941205978393555 59.139095306396484 -8.203259468078613
vertex 26.941303253173828 60.08480453491211 -8.128830909729004
vertex 28.555133819580078 59.892677307128906 -8.143951416015625
endloop
endfacet
facet normal 1.4896702402854462e-8 0.07845875286317323 -0.9969173607171034
outer loop
vertex 29.941205978393555 59.139095306396484 -8.203259468078613
vertex 12.512145042419434 57.58821105957031 -8.325316429138184
vertex 26.941303253173828 60.08480453491211 -8.128830909729004
endloop
endfacet
facet normal 1.045544601937549e-7 0.07845933080094163 -0.9969173152324406
outer loop
vertex 12.512145042419434 57.58821105957031 -8.325316429138184
vertex 59.186439514160156 34.24477767944336 -10.162485122680664
vertex 59.46281433105469 33.72930908203125 -10.20305347442627
endloop
endfacet
facet normal 5.758396946593245e-9 0.07845885492858336 -0.9969173526844116
outer loop
vertex 31.040157318115234 57.825218200683594 -8.306663513183594
vertex 12.512145042419434 57.58821105957031 -8.325316429138184
vertex 29.941205978393555 59.139095306396484 -8.203259468078613
endloop
endfacet
facet normal 6.939043155329732e-7 0.07846050192922309 -0.9969172230614399
outer loop
vertex 59.01625061035156 34.80409240722656 -10.118465423583984
vertex 59.186439514160156 34.24477767944336 -10.162485122680664
vertex 12.512145042419434 57.58821105957031 -8.325316429138184
endloop
endfacet
facet normal 7.836687910639143e-9 0.0784586934585087 -0.9969173653923296
outer loop
vertex 31.227216720581055 57.59798812866211 -8.324546813964844
vertex 12.512145042419434 57.58821105957031 -8.325316429138184
vertex 31.040157318115234 57.825218200683594 -8.306663513183594
endloop
endfacet
facet normal 1.1203671319479826e-8 0.07845820075098636 -0.99691740416893
outer loop
vertex -33.10226058959961 58.10617446899414 -8.284551620483398
vertex -63.480838775634766 58.51824188232422 -8.252121925354004
vertex -34.6568489074707 58.575130462646484 -8.247644424438477
endloop
endfacet
facet normal -3.753313666868733e-9 0.07845710487443906 -0.9969174904146888
outer loop
vertex -33.10226058959961 58.10617446899414 -8.284551620483398
vertex -63.65372848510742 58.42583084106445 -8.259394645690918
vertex -63.480838775634766 58.51824188232422 -8.252121925354004
endloop
endfacet
facet normal 2.1119783559420346e-8 0.07845946751122275 -0.9969173044730716
outer loop
vertex -33.10226058959961 58.10617446899414 -8.284551620483398
vertex -63.8413200378418 58.368927001953125 -8.263873100280762
vertex -63.65372848510742 58.42583084106445 -8.259394645690918
endloop
endfacet
facet normal -1.0071429527328606e-8 0.07846891393604094 -0.9969165609747378
outer loop
vertex -63.480838775634766 58.51824188232422 -8.252121925354004
vertex -63.43180847167969 58.55847930908203 -8.248954772949219
vertex -34.6568489074707 58.575130462646484 -8.247644424438477
endloop
endfacet
facet normal 1.755412894301347e-8 0.07845905293795263 -0.9969173371007645
outer loop
vertex -33.10226058959961 58.10617446899414 -8.284551620483398
vertex -77.22701263427734 54.781978607177734 -8.546172142028809
vertex -63.8413200378418 58.368927001953125 -8.263873100280762
endloop
endfacet
facet normal -1.4777624810165383e-8 0.07845855463943112 -0.9969173763175618
outer loop
vertex 60.244998931884766 -75.92845916748047 -18.83330726623535
vertex -33.05693054199219 -75.82906341552734 -18.825483322143555
vertex 61.802066802978516 -75.5069580078125 -18.800134658813477
endloop
endfacet
facet normal -0.0000031909150984862885 0.07845521034161669 -0.9969176395069308
outer loop
vertex 32.47100067138672 56.768104553222656 -8.389860153198242
vertex 32.84611892700195 56.56821823120117 -8.40559196472168
vertex 58.96468734741211 35.32598114013672 -10.077392578125
endloop
endfacet
facet normal 0.000003863508974779075 0.07846387306480244 -0.9969169577295512
outer loop
vertex 31.822368621826172 57.15156173706055 -8.359682083129883
vertex 32.47100067138672 56.768104553222656 -8.389860153198242
vertex 58.96468734741211 35.32598114013672 -10.077392578125
endloop
endfacet
facet normal -9.016862826914527e-7 0.07845800775570536 -0.9969174193573872
outer loop
vertex 58.96468734741211 35.32598114013672 -10.077392578125
vertex 32.84611892700195 56.56821823120117 -8.40559196472168
vertex 33.40716552734375 56.39855194091797 -8.4189453125
endloop
endfacet
facet normal -4.275388523199793e-7 0.07845857927771598 -0.9969173743784083
outer loop
vertex 33.40716552734375 56.39855194091797 -8.4189453125
vertex 33.990631103515625 56.34126281738281 -8.423454284667969
vertex 58.96468734741211 35.32598114013672 -10.077392578125
endloop
endfacet
facet normal 3.3819055751129285e-7 0.07845948365052456 -0.9969173032028176
outer loop
vertex 34.5740966796875 56.39855194091797 -8.4189453125
vertex 58.96468734741211 35.32598114013672 -10.077392578125
vertex 33.990631103515625 56.34126281738281 -8.423454284667969
endloop
endfacet
facet normal -1.51763589117097e-7 0.07845888526913256 -0.9969173502965539
outer loop
vertex 59.65868377685547 38.65853500366211 -9.815114974975586
vertex 34.5740966796875 56.39855194091797 -8.4189453125
vertex 35.06924819946289 56.54829025268555 -8.407160758972168
endloop
endfacet
facet normal 7.055768909232406e-8 0.07845918992112585 -0.9969173263199489
outer loop
vertex 59.603294372558594 41.52615737915039 -9.589427947998047
vertex 35.06924819946289 56.54829025268555 -8.407160758972168
vertex 40.68110656738281 58.716529846191406 -8.236515998840332
endloop
endfacet
facet normal -0.000005966803592484244 0.07845258524200435 -0.9969178460802292
outer loop
vertex 59.603294372558594 41.52615737915039 -9.589427947998047
vertex 40.68110656738281 58.716529846191406 -8.236515998840332
vertex 40.74700164794922 58.73645782470703 -8.23494815826416
endloop
endfacet
facet normal 8.892314769586083e-7 0.0784600507499089 -0.9969172585704046
outer loop
vertex 59.603294372558594 41.52615737915039 -9.589427947998047
vertex 40.74700164794922 58.73645782470703 -8.23494815826416
vertex 41.26406478881836 59.01197814941406 -8.213263511657715
endloop
endfacet
facet normal -6.088591921279648e-7 0.07845846329362055 -0.9969173835063931
outer loop
vertex 41.26406478881836 59.01197814941406 -8.213263511657715
vertex 41.7172737121582 59.38277053833008 -8.18408203125
vertex 59.89673614501953 42.31534194946289 -9.527318000793457
endloop
endfacet
facet normal 3.1429923839031516e-7 0.07845942284635538 -0.9969173079882393
outer loop
vertex 41.7172737121582 59.38277053833008 -8.18408203125
vertex 42.089210510253906 59.8345832824707 -8.148523330688477
vertex 60.13859939575195 42.80894470214844 -9.488470077514648
endloop
endfacet
facet normal -2.078608141848964e-8 0.07845906933274847 -0.9969173358104666
outer loop
vertex 59.65868377685547 38.65853500366211 -9.815114974975586
vertex 59.10409164428711 37.03217315673828 -9.94311237335205
vertex 34.5740966796875 56.39855194091797 -8.4189453125
endloop
endfacet
facet normal -3.2400959839720165e-8 0.07845904832290052 -0.9969173374639763
outer loop
vertex 59.65868377685547 38.65853500366211 -9.815114974975586
vertex 35.06924819946289 56.54829025268555 -8.407160758972168
vertex 59.56074905395508 40.79347229003906 -9.64709186553955
endloop
endfacet
facet normal 0.0000018461723453081355 0.07846195066354161 -0.996917109038993
outer loop
vertex 59.54582977294922 40.944488525390625 -9.63520622253418
vertex 59.56074905395508 40.79347229003906 -9.64709186553955
vertex 35.06924819946289 56.54829025268555 -8.407160758972168
endloop
endfacet
facet normal -4.465368777598654e-8 0.07845900291697737 -0.9969173410374963
outer loop
vertex 35.06924819946289 56.54829025268555 -8.407160758972168
vertex 59.603294372558594 41.52615737915039 -9.589427947998047
vertex 59.54582977294922 40.944488525390625 -9.63520622253418
endloop
endfacet
facet normal -3.875245339372726e-7 0.07845871992398715 -0.9969173633093864
outer loop
vertex 59.603294372558594 41.52615737915039 -9.589427947998047
vertex 41.26406478881836 59.01197814941406 -8.213263511657715
vertex 59.77348709106445 42.085472106933594 -9.545409202575684
endloop
endfacet
facet normal 1.1258242912347745e-7 0.07845926343299445 -0.9969173205344259
outer loop
vertex 59.89673614501953 42.31534194946289 -9.527318000793457
vertex 59.77348709106445 42.085472106933594 -9.545409202575684
vertex 41.26406478881836 59.01197814941406 -8.213263511657715
endloop
endfacet
facet normal 6.988558280839878e-7 0.07845984763864852 -0.996917274555934
outer loop
vertex 41.7172737121582 59.38277053833008 -8.18408203125
vertex 60.13859939575195 42.80894470214844 -9.488470077514648
vertex 59.89673614501953 42.31534194946289 -9.527318000793457
endloop
endfacet
facet normal 4.049127062524086e-7 0.07845951831705696 -0.9969173004744634
outer loop
vertex 60.13859939575195 42.80894470214844 -9.488470077514648
vertex 42.089210510253906 59.8345832824707 -8.148523330688477
vertex 60.30434799194336 43.08798599243164 -9.466508865356445
endloop
endfacet
facet normal -3.5858364693473374e-9 0.0784570912286039 -0.9969174914886119
outer loop
vertex -64.41909790039062 58.42583084106445 -8.259394645690918
vertex -73.55435943603516 58.55261993408203 -8.24941635131836
vertex -64.59197998046875 58.51824188232422 -8.252121925354004
endloop
endfacet
facet normal 6.69394643139509e-9 0.0784597546774716 -0.9969172818724483
outer loop
vertex -73.55435943603516 58.55261993408203 -8.24941635131836
vertex -64.6401596069336 58.55778121948242 -8.24901008605957
vertex -64.59197998046875 58.51824188232422 -8.252121925354004
endloop
endfacet
facet normal -7.85580628423677e-7 0.07845823139823263 -0.9969174017566571
outer loop
vertex 60.30434799194336 43.08798599243164 -9.466508865356445
vertex 42.089210510253906 59.8345832824707 -8.148523330688477
vertex 60.67628860473633 43.539798736572266 -9.430951118469238
endloop
endfacet
facet normal 4.896885837969256e-7 0.07845967711320627 -0.9969172879768169
outer loop
vertex 60.67628860473633 43.539798736572266 -9.430951118469238
vertex 42.089210510253906 59.8345832824707 -8.148523330688477
vertex 61.12949752807617 43.91059112548828 -9.401768684387207
endloop
endfacet
facet normal 2.2219947725816537e-7 0.07845935924586762 -0.99691731299375
outer loop
vertex 61.12949752807617 43.91059112548828 -9.401768684387207
vertex 42.089210510253906 59.8345832824707 -8.148523330688477
vertex 61.2809944152832 43.99131774902344 -9.395415306091309
endloop
endfacet
facet normal -6.03987195351106e-7 0.0784595510904974 -0.9969172978950225
outer loop
vertex 42.90122985839844 63.597991943359375 -7.852336883544922
vertex 43.55511474609375 65.0405502319336 -7.738804817199707
vertex 44.74162673950195 66.18128967285156 -7.649026870727539
endloop
endfacet
facet normal 1.3530538524455931e-8 0.07845911386575369 -0.9969173323056433
outer loop
vertex 42.90122985839844 63.597991943359375 -7.852336883544922
vertex 44.74162673950195 66.18128967285156 -7.649026870727539
vertex 50.913665771484375 69.66011810302734 -7.375236988067627
endloop
endfacet
facet normal 6.967777662687145e-7 0.07845821636299094 -0.9969174029400093
outer loop
vertex 42.90122985839844 63.597991943359375 -7.852336883544922
vertex 50.913665771484375 69.66011810302734 -7.375236988067627
vertex 51.13422775268555 69.67682647705078 -7.373921871185303
endloop
endfacet
facet normal -0.000002510008098827732 0.07846253280458396 -0.9969170632202006
outer loop
vertex 42.90122985839844 63.597991943359375 -7.852336883544922
vertex 51.13422775268555 69.67682647705078 -7.373921871185303
vertex 51.32181930541992 69.73373413085938 -7.369443416595459
endloop
endfacet
facet normal 0.0000024368368704434063 0.07845578562947522 -0.9969175942350117
outer loop
vertex 42.90122985839844 63.597991943359375 -7.852336883544922
vertex 51.32181930541992 69.73373413085938 -7.369443416595459
vertex 51.49470901489258 69.82614135742188 -7.362170696258545
endloop
endfacet
facet normal 4.93992766482359e-8 0.07845983010550842 -0.9969172759360789
outer loop
vertex 42.23558807373047 60.10758972167969 -8.127037048339844
vertex 76.74609375 57.4188232421875 -8.338647842407227
vertex 42.089210510253906 59.8345832824707 -8.148523330688477
endloop
endfacet
facet normal 2.1194271999559498e-8 0.07845903943737143 -0.9969173381632825
outer loop
vertex -77.22701263427734 54.781978607177734 -8.546172142028809
vertex -64.03640747070312 58.349708557128906 -8.265385627746582
vertex -63.8413200378418 58.368927001953125 -8.263873100280762
endloop
endfacet
facet normal 4.2362979362888864e-7 0.07845839477914038 -0.9969173888986496
outer loop
vertex 42.45792770385742 60.528160095214844 -8.093937873840332
vertex 42.58792495727539 60.77062225341797 -8.07485580444336
vertex 66.75253295898438 74.6833267211914 -6.9799017906188965
endloop
endfacet
facet normal -8.189866041156617e-7 0.07846053976064431 -0.9969172200838933
outer loop
vertex 66.75253295898438 74.6833267211914 -6.9799017906188965
vertex 42.58792495727539 60.77062225341797 -8.07485580444336
vertex 42.75811767578125 61.32993698120117 -8.03083610534668
endloop
endfacet
facet normal 0.0000012201745991440215 0.07845747571069274 -0.9969174612291718
outer loop
vertex 42.75811767578125 61.32993698120117 -8.03083610534668
vertex 42.80134963989258 61.767547607421875 -7.996396064758301
vertex 62.52190399169922 76.20303344726562 -6.860298156738281
endloop
endfacet
facet normal -8.333626721168284e-9 0.07845914366488078 -0.9969173299604002
outer loop
vertex 62.52190399169922 76.20303344726562 -6.860298156738281
vertex 42.80134963989258 61.767547607421875 -7.996396064758301
vertex 42.90122985839844 63.597991943359375 -7.852336883544922
endloop
endfacet
facet normal -8.442786069036016e-8 0.07845812299859524 -0.9969174102880991
outer loop
vertex 76.74609375 57.4188232421875 -8.338647842407227
vertex 42.23558807373047 60.10758972167969 -8.127037048339844
vertex 42.45792770385742 60.528160095214844 -8.093937873840332
endloop
endfacet
facet normal 2.0149896455828185e-8 0.07845909960111151 -0.9969173334282951
outer loop
vertex 62.52190399169922 76.20303344726562 -6.860298156738281
vertex 42.90122985839844 63.597991943359375 -7.852336883544922
vertex 51.49470901489258 69.82614135742188 -7.362170696258545
endloop
endfacet
facet normal -9.877259983480245e-9 0.07845915360781992 -0.9969173291778735
outer loop
vertex -77.22701263427734 54.781978607177734 -8.546172142028809
vertex -64.23149871826172 58.368927001953125 -8.263873100280762
vertex -64.03640747070312 58.349708557128906 -8.265385627746582
endloop
endfacet
facet normal -6.087731980801731e-8 0.0784593372435999 -0.9969173147253946
outer loop
vertex -77.22701263427734 54.781978607177734 -8.546172142028809
vertex -64.41909790039062 58.42583084106445 -8.259394645690918
vertex -64.23149871826172 58.368927001953125 -8.263873100280762
endloop
endfacet
facet normal 2.3655993694220307e-8 0.07845904194332354 -0.99691733796606
outer loop
vertex -77.22701263427734 54.781978607177734 -8.546172142028809
vertex -73.55435943603516 58.55261993408203 -8.24941635131836
vertex -64.41909790039062 58.42583084106445 -8.259394645690918
endloop
endfacet
facet normal 9.128139742509486e-8 0.07845897648078101 -0.996917343118064
outer loop
vertex -77.22701263427734 54.781978607177734 -8.546172142028809
vertex -75.80274963378906 57.53783416748047 -8.3292818069458
vertex -73.55435943603516 58.55261993408203 -8.24941635131836
endloop
endfacet
facet normal 2.8920242554520825e-7 0.07845887482221144 -0.9969173511187118
outer loop
vertex -77.22701263427734 54.781978607177734 -8.546172142028809
vertex -76.75730895996094 56.339054107666016 -8.423627853393555
vertex -75.80274963378906 57.53783416748047 -8.3292818069458
endloop
endfacet
facet normal 4.7351940987855686e-7 0.07846084716244064 -0.9969171958905754
outer loop
vertex 60.287960052490234 32.906707763671875 -10.267793655395508
vertex -17.290958404541016 54.140724182128906 -8.596639633178711
vertex 59.834754943847656 33.27750015258789 -10.238611221313477
endloop
endfacet
facet normal 0.000005047386710413879 0.07845045979849366 -0.9969180133450939
outer loop
vertex 62.52190399169922 76.20303344726562 -6.860298156738281
vertex 51.49470901489258 69.82614135742188 -7.362170696258545
vertex 51.646244049072266 69.95050811767578 -7.352383136749268
endloop
endfacet
facet normal 6.384885737652274e-8 0.0784593509743097 -0.9969173136447607
outer loop
vertex 63.59199523925781 30.3469295501709 -10.469252586364746
vertex -18.416528701782227 53.915626525878906 -8.614355087280273
vertex 62.54586410522461 31.56751823425293 -10.373189926147461
endloop
endfacet
facet normal 1.4419555715770794e-8 0.07845909428955873 -0.9969173338463235
outer loop
vertex -33.10226058959961 58.10617446899414 -8.284551620483398
vertex -77.20435333251953 -67.29292297363281 -18.153675079345703
vertex -77.22701263427734 54.781978607177734 -8.546172142028809
endloop
endfacet
facet normal -6.078994070193099e-8 0.07845890221433703 -0.9969173489629507
outer loop
vertex -18.416528701782227 53.915626525878906 -8.614355087280273
vertex 60.43050003051758 32.830753326416016 -10.273771286010742
vertex 62.54586410522461 31.56751823425293 -10.373189926147461
endloop
endfacet
facet normal -0.000007414135306559476 0.07847215473835727 -0.996916305853079
outer loop
vertex 51.770606994628906 70.10204315185547 -7.340456962585449
vertex 51.80203628540039 70.16084289550781 -7.33582878112793
vertex 62.52190399169922 76.20303344726562 -6.860298156738281
endloop
endfacet
facet normal -8.546143205256346e-7 0.07845602466843678 -0.9969175754256193
outer loop
vertex -17.290958404541016 54.140724182128906 -8.596639633178711
vertex 60.287960052490234 32.906707763671875 -10.267793655395508
vertex 60.43050003051758 32.830753326416016 -10.273771286010742
endloop
endfacet
facet normal -6.777497893479688e-7 0.07846035681892004 -0.9969172344820749
outer loop
vertex 62.52190399169922 76.20303344726562 -6.860298156738281
vertex 51.646244049072266 69.95050811767578 -7.352383136749268
vertex 51.770606994628906 70.10204315185547 -7.340456962585449
endloop
endfacet
facet normal -3.150630885233961e-7 0.07845950321929437 -0.9969173016627217
outer loop
vertex 42.75811767578125 61.32993698120117 -8.03083610534668
vertex 62.52190399169922 76.20303344726562 -6.860298156738281
vertex 64.05192565917969 76.26563262939453 -6.855371952056885
endloop
endfacet
facet normal 1.8287183063478305e-7 0.07845875062496918 -0.9969173608932365
outer loop
vertex 66.75253295898438 74.6833267211914 -6.9799017906188965
vertex 42.75811767578125 61.32993698120117 -8.03083610534668
vertex 65.54215240478516 75.74082946777344 -6.896675109863281
endloop
endfacet
facet normal -1.2196700511832072e-7 0.0784592296170695 -0.996917323195801
outer loop
vertex 65.54215240478516 75.74082946777344 -6.896675109863281
vertex 42.75811767578125 61.32993698120117 -8.03083610534668
vertex 64.05192565917969 76.26563262939453 -6.855371952056885
endloop
endfacet
facet normal -3.219265975144386e-8 0.078459058190116 -0.9969173366874101
outer loop
vertex 58.96468734741211 35.32598114013672 -10.077392578125
vertex 12.512145042419434 57.58821105957031 -8.325316429138184
vertex 31.822368621826172 57.15156173706055 -8.359682083129883
endloop
endfacet
facet normal 6.375548198667038e-8 0.07846327524502518 -0.9969170047891747
outer loop
vertex 31.6804256439209 57.227195739746094 -8.353729248046875
vertex 31.822368621826172 57.15156173706055 -8.359682083129883
vertex 12.512145042419434 57.58821105957031 -8.325316429138184
endloop
endfacet
facet normal 7.002471520871685e-9 0.07846028046722671 -0.9969172404914082
outer loop
vertex 31.227216720581055 57.59798812866211 -8.324546813964844
vertex 31.6804256439209 57.227195739746094 -8.353729248046875
vertex 12.512145042419434 57.58821105957031 -8.325316429138184
endloop
endfacet
facet normal 9.688189656239863e-7 0.0784610210716254 -0.9969171822029448
outer loop
vertex 12.512145042419434 57.58821105957031 -8.325316429138184
vertex 59.46281433105469 33.72930908203125 -10.20305347442627
vertex 12.000534057617188 57.53797912597656 -8.329270362854004
endloop
endfacet
facet normal 2.6053315344625816e-9 0.07845909487737868 -0.9969173338000611
outer loop
vertex 61.2809944152832 43.99131774902344 -9.395415306091309
vertex 42.089210510253906 59.8345832824707 -8.148523330688477
vertex 75.44764709472656 52.310909271240234 -8.740649223327637
endloop
endfacet
facet normal -2.321308824923404e-8 0.07845898110844879 -0.9969173427538631
outer loop
vertex 75.44764709472656 52.310909271240234 -8.740649223327637
vertex 42.089210510253906 59.8345832824707 -8.148523330688477
vertex 76.89035034179688 54.31808090209961 -8.582681655883789
endloop
endfacet
facet normal -2.365330349446709e-8 0.07845897834842368 -0.9969173429710816
outer loop
vertex 76.89035034179688 54.31808090209961 -8.582681655883789
vertex 42.089210510253906 59.8345832824707 -8.148523330688477
vertex 77.11783599853516 55.83501052856445 -8.463296890258789
endloop
endfacet
facet normal -1.6623188344396532e-8 0.07845909480635198 -0.996917333805651
outer loop
vertex -33.05693054199219 -75.82906341552734 -18.825483322143555
vertex -33.10226058959961 58.10617446899414 -8.284551620483398
vertex 61.802066802978516 -75.5069580078125 -18.800134658813477
endloop
endfacet
facet normal -0.000012937630951522095 0.0784592666898104 -0.9969173201941648
outer loop
vertex -33.10226058959961 58.10617446899414 -8.284551620483398
vertex -34.738643646240234 -73.63350677490234 -18.652690887451172
vertex -34.83981704711914 -73.30101776123047 -18.626522064208984
endloop
endfacet
facet normal -0.0000022456287539581083 0.07845914033886872 -0.996917330219634
outer loop
vertex -33.10226058959961 58.10617446899414 -8.284551620483398
vertex -35.41733932495117 -72.41972351074219 -18.55716323852539
vertex -35.86983871459961 -71.93370056152344 -18.518911361694336
endloop
endfacet
facet normal -0.000003282872335791514 0.07845918736609793 -0.9969173265156316
outer loop
vertex -36.393836975097656 -71.47692108154297 -18.48296356201172
vertex -36.91933822631836 -71.19884490966797 -18.461076736450195
vertex -33.10226058959961 58.10617446899414 -8.284551620483398
endloop
endfacet
facet normal 1.0525090804245116e-8 0.07845927584326622 -0.9969173195577204
outer loop
vertex 77.11783599853516 55.83501052856445 -8.463296890258789
vertex 42.089210510253906 59.8345832824707 -8.148523330688477
vertex 76.74609375 57.4188232421875 -8.338647842407227
endloop
endfacet
facet normal 5.45485497758074e-9 0.07845910807741371 -0.9969173327611959
outer loop
vertex 76.74609375 57.4188232421875 -8.338647842407227
vertex 42.45792770385742 60.528160095214844 -8.093937873840332
vertex 66.75253295898438 74.6833267211914 -6.9799017906188965
endloop
endfacet
facet normal 0.000002521685178089906 0.07845904083072085 -0.9969173380504345
outer loop
vertex -35.94062805175781 -71.84770965576172 -18.512144088745117
vertex -36.393836975097656 -71.47692108154297 -18.48296356201172
vertex -33.10226058959961 58.10617446899414 -8.284551620483398
endloop
endfacet
facet normal -2.7674920511117537e-9 0.07845909614947899 -0.9969173336999446
outer loop
vertex 12.000534057617188 57.53797912597656 -8.329270362854004
vertex 59.46281433105469 33.72930908203125 -10.20305347442627
vertex -16.29079246520996 54.728904724121094 -8.550349235534668
endloop
endfacet
facet normal 0.000004912622347936879 0.07845898893020778 -0.9969173421261743
outer loop
vertex -35.86983871459961 -71.93370056152344 -18.518911361694336
vertex -35.94062805175781 -71.84770965576172 -18.512144088745117
vertex -33.10226058959961 58.10617446899414 -8.284551620483398
endloop
endfacet
facet normal -1.595296928000993e-7 0.07846129203170368 -0.9969171608778186
outer loop
vertex 12.000534057617188 57.53797912597656 -8.329270362854004
vertex -15.40759563446045 55.58244323730469 -8.483174324035645
vertex 11.417067527770996 57.59526824951172 -8.324761390686035
endloop
endfacet
facet normal -2.6908807743925964e-7 0.07846274311408136 -0.9969170466708558
outer loop
vertex -15.40759563446045 55.58244323730469 -8.483174324035645
vertex 11.145123481750488 57.67750549316406 -8.318288803100586
vertex 11.417067527770996 57.59526824951172 -8.324761390686035
endloop
endfacet
facet normal -0.000002017848688711977 0.07845913632374472 -0.9969173305361183
outer loop
vertex -33.10226058959961 58.10617446899414 -8.284551620483398
vertex -35.11619186401367 -72.7855453491211 -18.585954666137695
vertex -35.41733932495117 -72.41972351074219 -18.55716323852539
endloop
endfacet
facet normal 8.741250682223505e-10 0.07845934268869417 -0.9969173142968569
outer loop
vertex -15.40759563446045 55.58244323730469 -8.483174324035645
vertex 8.093539237976074 58.57536697387695 -8.247625350952148
vertex 11.145123481750488 57.67750549316406 -8.318288803100586
endloop
endfacet
facet normal 6.43514174859899e-7 0.07845956081014857 -0.9969172971300401
outer loop
vertex 61.802066802978516 -75.5069580078125 -18.800134658813477
vertex -33.10226058959961 58.10617446899414 -8.284551620483398
vertex 62.49923324584961 -75.07359313964844 -18.766027450561523
endloop
endfacet
facet normal 0.000004087345617621332 0.07845904296552471 -0.9969173378772322
outer loop
vertex -34.83981704711914 -73.30101776123047 -18.626522064208984
vertex -35.11619186401367 -72.7855453491211 -18.585954666137695
vertex -33.10226058959961 58.10617446899414 -8.284551620483398
endloop
endfacet
facet normal -7.622045595112874e-8 0.07845904733775491 -0.9969173375415066
outer loop
vertex 62.49923324584961 -75.07359313964844 -18.766027450561523
vertex -33.10226058959961 58.10617446899414 -8.284551620483398
vertex 63.68343734741211 -73.63298034667969 -18.65264892578125
endloop
endfacet
facet normal 4.1931758688358777e-7 0.07845940915694431 -0.9969173090655852
outer loop
vertex 63.68343734741211 -73.63298034667969 -18.65264892578125
vertex -33.10226058959961 58.10617446899414 -8.284551620483398
vertex 64.15889739990234 -71.79051208496094 -18.50764274597168
endloop
endfacet
facet normal 0.000007182255188403635 0.07845888033618055 -0.996917350658924
outer loop
vertex -36.91933822631836 -71.19884490966797 -18.461076736450195
vertex -37.13908767700195 -71.1322021484375 -18.455833435058594
vertex -33.10226058959961 58.10617446899414 -8.284551620483398
endloop
endfacet
facet normal -0.0000012058942992514622 0.07845914073342965 -0.9969173301903813
outer loop
vertex -37.13908767700195 -71.1322021484375 -18.455833435058594
vertex -37.4811897277832 -71.02874755859375 -18.447690963745117
vertex -33.10226058959961 58.10617446899414 -8.284551620483398
endloop
endfacet
facet normal -0.0000012248786708185888 0.07845914137321973 -0.9969173301400056
outer loop
vertex -37.4811897277832 -71.02874755859375 -18.447690963745117
vertex -38.060157775878906 -70.9719009399414 -18.44321632385254
vertex -33.10226058959961 58.10617446899414 -8.284551620483398
endloop
endfacet
facet normal 0.000002010552442945259 0.07845909548806247 -0.9969173337499718
outer loop
vertex -33.05693054199219 -75.82906341552734 -18.825483322143555
vertex -33.85099411010742 -75.41059875488281 -18.792551040649414
vertex -33.10226058959961 58.10617446899414 -8.284551620483398
endloop
endfacet
facet normal 0.000003484529077211619 0.0784590639664059 -0.9969173362267172
outer loop
vertex -33.10226058959961 58.10617446899414 -8.284551620483398
vertex -34.433475494384766 -74.65716552734375 -18.733253479003906
vertex -34.738643646240234 -73.63350677490234 -18.652690887451172
endloop
endfacet
facet normal -0.000001822061658454564 0.07845911684826727 -0.9969173320692494
outer loop
vertex -33.85099411010742 -75.41059875488281 -18.792551040649414
vertex -34.433475494384766 -74.65716552734375 -18.733253479003906
vertex -33.10226058959961 58.10617446899414 -8.284551620483398
endloop
endfacet
facet normal -3.012929831174284e-7 0.07845800052201161 -0.9969174199270456
outer loop
vertex -17.290958404541016 54.140724182128906 -8.596639633178711
vertex 59.46281433105469 33.72930908203125 -10.20305347442627
vertex 59.834754943847656 33.27750015258789 -10.238611221313477
endloop
endfacet
facet normal -2.5409110821783952e-8 0.07845904230837016 -0.99691733793733
outer loop
vertex 64.11181640625 28.824827194213867 -10.589044570922852
vertex -18.416528701782227 53.915626525878906 -8.614355087280273
vertex 63.59199523925781 30.3469295501709 -10.469252586364746
endloop
endfacet
facet normal -1.1355456357420107e-8 0.0784590882489218 -0.9969173343217319
outer loop
vertex 64.11181640625 28.824827194213867 -10.589044570922852
vertex 64.15889739990234 -71.79051208496094 -18.50764274597168
vertex -18.416528701782227 53.915626525878906 -8.614355087280273
endloop
endfacet
facet normal -0.0000012947351585642314 0.0784581336469361 -0.9969174094492297
outer loop
vertex -33.10226058959961 58.10617446899414 -8.284551620483398
vertex -30.763118743896484 55.46403884887695 -8.49249267578125
vertex 64.15889739990234 -71.79051208496094 -18.50764274597168
endloop
endfacet
facet normal -1.8162350518777366e-8 0.07845908380504886 -0.996917334671472
outer loop
vertex 64.15889739990234 -71.79051208496094 -18.50764274597168
vertex -27.558130264282227 53.857872009277344 -8.618900299072266
vertex -18.416528701782227 53.915626525878906 -8.614355087280273
endloop
endfacet
facet normal -9.574812287529577e-8 0.07845902365127745 -0.9969173394056696
outer loop
vertex -28.627185821533203 54.05442428588867 -8.603431701660156
vertex -28.160539627075195 53.91330337524414 -8.614538192749023
vertex 64.15889739990234 -71.79051208496094 -18.50764274597168
endloop
endfacet
facet normal 3.187297163086296e-8 0.07845909339852078 -0.9969173339164491
outer loop
vertex -38.060157775878906 -70.9719009399414 -18.44321632385254
vertex -73.38622283935547 -70.91847229003906 -18.43901252746582
vertex -33.10226058959961 58.10617446899414 -8.284551620483398
endloop
endfacet
facet normal 1.427214093101891e-8 0.07845909886000854 -0.9969173334866213
outer loop
vertex -73.38622283935547 -70.91847229003906 -18.43901252746582
vertex -75.68743896484375 -69.97831726074219 -18.365020751953125
vertex -33.10226058959961 58.10617446899414 -8.284551620483398
endloop
endfacet
facet normal 1.8437038793476815e-7 0.078459767072 -0.9969172808969526
outer loop
vertex 59.46281433105469 33.72930908203125 -10.20305347442627
vertex -16.831945419311523 54.38531494140625 -8.577390670776367
vertex -16.29079246520996 54.728904724121094 -8.550349235534668
endloop
endfacet
facet normal -2.2986500715372655e-7 0.07845917967406932 -0.9969173271263868
outer loop
vertex -33.10226058959961 58.10617446899414 -8.284551620483398
vertex -76.68457794189453 -68.81488800048828 -18.273456573486328
vertex -77.20435333251953 -67.29292297363281 -18.153675079345703
endloop
endfacet
facet normal -5.462146527525936e-7 0.0784570852036407 -0.9969174919626249
outer loop
vertex 59.46281433105469 33.72930908203125 -10.20305347442627
vertex -17.290958404541016 54.140724182128906 -8.596639633178711
vertex -16.831945419311523 54.38531494140625 -8.577390670776367
endloop
endfacet
facet normal 2.6748802458908383e-7 0.07846009199354545 -0.9969172553247803
outer loop
vertex 60.43050003051758 32.830753326416016 -10.273771286010742
vertex -17.85200309753418 53.9710578918457 -8.609992980957031
vertex -17.290958404541016 54.140724182128906 -8.596639633178711
endloop
endfacet
facet normal -2.1660599843085617e-7 0.07845917514920098 -0.996917327482505
outer loop
vertex -75.68743896484375 -69.97831726074219 -18.365020751953125
vertex -76.68457794189453 -68.81488800048828 -18.273456573486328
vertex -33.10226058959961 58.10617446899414 -8.284551620483398
endloop
endfacet
facet normal -5.665259676549474e-7 0.07845702265272665 -0.9969174968853483
outer loop
vertex 60.43050003051758 32.830753326416016 -10.273771286010742
vertex -18.416528701782227 53.915626525878906 -8.614355087280273
vertex -17.85200309753418 53.9710578918457 -8.609992980957031
endloop
endfacet
facet normal 7.750075668253913e-7 0.07845965921526156 -0.996917289385245
outer loop
vertex -28.160539627075195 53.91330337524414 -8.614538192749023
vertex -27.558130264282227 53.857872009277344 -8.618900299072266
vertex 64.15889739990234 -71.79051208496094 -18.50764274597168
endloop
endfacet
facet normal 2.6833623204829474e-8 0.07845917804303672 -0.9969173272547782
outer loop
vertex 8.093539237976074 58.57536697387695 -8.247625350952148
vertex -14.3320894241333 57.28178787231445 -8.349432945251465
vertex -11.456247329711914 58.595706939697266 -8.246025085449219
endloop
endfacet
facet normal 7.068215111199469e-7 0.07845961174709844 -0.9969172931211471
outer loop
vertex 64.15889739990234 -71.79051208496094 -18.50764274597168
vertex -29.3126220703125 54.31145477294922 -8.583203315734863
vertex -28.627185821533203 54.05442428588867 -8.603431701660156
endloop
endfacet
facet normal 1.8374910891934024e-7 0.07845922641293757 -0.9969173234479627
outer loop
vertex 64.15889739990234 -71.79051208496094 -18.50764274597168
vertex -29.407018661499023 54.340003967285156 -8.58095645904541
vertex -29.3126220703125 54.31145477294922 -8.583203315734863
endloop
endfacet
facet normal 8.377010363948767e-8 0.07845905419037952 -0.9969173370021931
outer loop
vertex -14.3320894241333 57.28178787231445 -8.349432945251465
vertex -13.049062728881836 58.20089340209961 -8.277097702026367
vertex -11.456247329711914 58.595706939697266 -8.246025085449219
endloop
endfacet
facet normal -0.0000023214921720354607 0.07845737941916156 -0.9969174688053611
outer loop
vertex -29.92407989501953 54.61552429199219 -8.559271812438965
vertex -29.407018661499023 54.340003967285156 -8.58095645904541
vertex 64.15889739990234 -71.79051208496094 -18.50764274597168
endloop
endfacet
facet normal 4.305589387120399e-8 0.07845889854320091 -0.9969173492518754
outer loop
vertex 8.093539237976074 58.57536697387695 -8.247625350952148
vertex -15.369837760925293 55.65286636352539 -8.477631568908691
vertex -14.3320894241333 57.28178787231445 -8.349432945251465
endloop
endfacet
facet normal 1.1297232078541502e-7 0.0784574962466544 -0.9969174596137302
outer loop
vertex 12.000534057617188 57.53797912597656 -8.329270362854004
vertex -15.779534339904785 55.13063049316406 -8.518732070922852
vertex -15.40759563446045 55.58244323730469 -8.483174324035645
endloop
endfacet
facet normal 0.0000028902609873996968 0.07846123460529536 -0.9969171653933235
outer loop
vertex -30.377286911010742 54.9863166809082 -8.53009033203125
vertex -29.92407989501953 54.61552429199219 -8.559271812438965
vertex 64.15889739990234 -71.79051208496094 -18.50764274597168
endloop
endfacet
facet normal -1.443422782508936e-7 0.07846044729998158 -0.9969172273611615
outer loop
vertex 12.000534057617188 57.53797912597656 -8.329270362854004
vertex -16.232742309570312 54.75983810424805 -8.547914505004883
vertex -15.779534339904785 55.13063049316406 -8.518732070922852
endloop
endfacet
facet normal -8.713650550198019e-7 0.0784677902933057 -0.9969166494174558
outer loop
vertex -16.29079246520996 54.728904724121094 -8.550349235534668
vertex -16.232742309570312 54.75983810424805 -8.547914505004883
vertex 12.000534057617188 57.53797912597656 -8.329270362854004
endloop
endfacet
facet normal -0.0000036285342695051825 0.07845640352954432 -0.9969175456034681
outer loop
vertex -30.763118743896484 55.46403884887695 -8.49249267578125
vertex -30.377286911010742 54.9863166809082 -8.53009033203125
vertex 64.15889739990234 -71.79051208496094 -18.50764274597168
endloop
endfacet
facet normal -6.130925537207191e-7 0.07846413401975662 -0.9969169371979562
outer loop
vertex -15.40759563446045 55.58244323730469 -8.483174324035645
vertex -15.369837760925293 55.65286636352539 -8.477631568908691
vertex 8.093539237976074 58.57536697387695 -8.247625350952148
endloop
endfacet
facet normal -0.00000243158158886229 0.07845713336675192 -0.9969174881693866
outer loop
vertex -30.763118743896484 55.46403884887695 -8.49249267578125
vertex -33.10226058959961 58.10617446899414 -8.284551620483398
vertex -31.840932846069336 57.101810455322266 -8.363597869873047
endloop
endfacet
facet normal 0.9372764866607638 -0.34858684363133263 0
outer loop
vertex -75.65446472167969 54.8535270690918 0
vertex -75.65446472167969 54.8535270690918 -4.099999904632568
vertex -75.47616577148438 55.33293533325195 0
endloop
endfacet
facet normal -0.3485856252882852 -0.9372769397794737 0
outer loop
vertex 8.400864601135254 56.76454162597656 -4.099999904632568
vertex 8.880274772644043 56.58624267578125 -4.099999904632568
vertex 8.880274772644043 56.58624267578125 0
endloop
endfacet
facet normal -0.9962936566448052 -0.08601714787949508 0
outer loop
vertex 62.614009857177734 28.49114418029785 -4.099999904632568
vertex 62.65370559692383 28.031368255615234 -4.099999904632568
vertex 62.65370559692383 28.031368255615234 0
endloop
endfacet
facet normal -0.7988000588887033 -0.6015965973303076 0
outer loop
vertex -33.05329513549805 55.97751235961914 0
vertex -33.05329513549805 55.97751235961914 -4.099999904632568
vertex -32.745582580566406 55.568931579589844 0
endloop
endfacet
facet normal -0.8979299120407476 -0.4401384703277997 0
outer loop
vertex -32.745582580566406 55.568931579589844 0
vertex -32.745582580566406 55.568931579589844 -4.099999904632568
vertex -32.52045440673828 55.10964584350586 0
endloop
endfacet
facet normal -0.5191122184594376 -0.8547060925523587 0
outer loop
vertex -33.86972427368164 56.58624267578125 0
vertex -33.86972427368164 56.58624267578125 -4.099999904632568
vertex -33.43254852294922 56.32072067260742 0
endloop
endfacet
facet normal -0.3485844069531653 -0.9372773928934327 0
outer loop
vertex -34.34913635253906 56.76454162597656 0
vertex -34.34913635253906 56.76454162597656 -4.099999904632568
vertex -33.86972427368164 56.58624267578125 0
endloop
endfacet
facet normal -0.6709931909863334 -0.7414635106665586 0
outer loop
vertex -33.43254852294922 56.32072067260742 0
vertex -33.43254852294922 56.32072067260742 -4.099999904632568
vertex -33.05329513549805 55.97751235961914 0
endloop
endfacet
facet normal -0.9648266130533698 -0.2628870608150256 0
outer loop
vertex -32.52045440673828 55.10964584350586 0
vertex -32.52045440673828 55.10964584350586 -4.099999904632568
vertex -32.385990142822266 54.616146087646484 0
endloop
endfacet
facet normal -0.9998749435671275 -0.01581446257808213 0
outer loop
vertex -32.385990142822266 54.616146087646484 0
vertex -32.34629440307617 52.10636901855469 -4.099999904632568
vertex -32.34629440307617 52.10636901855469 0
endloop
endfacet
facet normal -0.16555264734385197 -0.9862009536384775 0
outer loop
vertex -34.85356903076172 56.849220275878906 0
vertex -34.85356903076172 56.849220275878906 -4.099999904632568
vertex -34.34913635253906 56.76454162597656 0
endloop
endfacet
facet normal -0.926230796731779 0.3769569089241023 0
outer loop
vertex 58.09075164794922 38.202239990234375 -4.099999904632568
vertex 57.89794158935547 37.72848129272461 0
vertex 58.09075164794922 38.202239990234375 0
endloop
endfacet
facet normal -0.8385110852240606 0.5448845381880167 0
outer loop
vertex 57.89794158935547 37.72848129272461 0
vertex 57.89794158935547 37.72848129272461 -4.099999904632568
vertex 57.61923599243164 37.29958724975586 0
endloop
endfacet
facet normal -0.720692604257974 0.6932547657015126 0
outer loop
vertex 57.61923599243164 37.29958724975586 0
vertex 57.61923599243164 37.29958724975586 -4.099999904632568
vertex 57.26464080810547 36.93095779418945 0
endloop
endfacet
facet normal -0.5770002640091889 0.8167439594715875 0
outer loop
vertex 57.26464080810547 36.93095779418945 0
vertex 57.26464080810547 36.93095779418945 -4.099999904632568
vertex 56.84688186645508 36.635826110839844 0
endloop
endfacet
facet normal -0.4215627411062358 0.9067992364966994 0
outer loop
vertex 56.84688186645508 36.635826110839844 0
vertex 56.84688186645508 36.635826110839844 -4.099999904632568
vertex 56.42840576171875 36.441280364990234 0
endloop
endfacet
facet normal -0.3420213687151446 0.939692174779709 0
outer loop
vertex 56.42840576171875 36.441280364990234 0
vertex 56.42840576171875 36.441280364990234 -4.099999904632568
vertex 43.68800354003906 31.804134368896484 0
endloop
endfacet
facet normal 0 -1 0
outer loop
vertex -32.34629440307617 52.10636901855469 -4.099999904632568
vertex -13.996293067932129 52.10636901855469 -4.099999904632568
vertex -13.996293067932129 52.10636901855469 0
endloop
endfacet
facet normal -0.8979299120407476 -0.4401384703277997 0
outer loop
vertex -32.745582580566406 55.568931579589844 -4.099999904632568
vertex -32.52045440673828 55.10964584350586 -4.099999904632568
vertex -32.52045440673828 55.10964584350586 0
endloop
endfacet
facet normal -0.7988000588887033 -0.6015965973303076 0
outer loop
vertex -33.05329513549805 55.97751235961914 -4.099999904632568
vertex -32.745582580566406 55.568931579589844 -4.099999904632568
vertex -32.745582580566406 55.568931579589844 0
endloop
endfacet
facet normal -0.00043333254479210995 -0.9999999061114485 0
outer loop
vertex 43.65370559692383 30.731369018554688 0
vertex 43.65370559692383 30.731369018554688 -4.099999904632568
vertex 60.14643096923828 30.72422218322754 0
endloop
endfacet
facet normal -0.7517833510423728 0.6594101857686917 0
outer loop
vertex 43.68800354003906 31.804134368896484 0
vertex 43.68800354003906 31.804134368896484 -4.099999904632568
vertex 43.65370559692383 31.765031814575195 0
endloop
endfacet
facet normal -0.5191122184594376 -0.8547060925523587 0
outer loop
vertex -33.86972427368164 56.58624267578125 -4.099999904632568
vertex -33.43254852294922 56.32072067260742 -4.099999904632568
vertex -33.43254852294922 56.32072067260742 0
endloop
endfacet
facet normal -0.3485844069531653 -0.9372773928934327 0
outer loop
vertex -34.34913635253906 56.76454162597656 -4.099999904632568
vertex -33.86972427368164 56.58624267578125 -4.099999904632568
vertex -33.86972427368164 56.58624267578125 0
endloop
endfacet
facet normal -0.6709931909863334 -0.7414635106665586 0
outer loop
vertex -33.43254852294922 56.32072067260742 -4.099999904632568
vertex -33.05329513549805 55.97751235961914 -4.099999904632568
vertex -33.05329513549805 55.97751235961914 0
endloop
endfacet
facet normal -0.9648266130533698 -0.2628870608150256 0
outer loop
vertex -32.52045440673828 55.10964584350586 -4.099999904632568
vertex -32.385990142822266 54.616146087646484 -4.099999904632568
vertex -32.385990142822266 54.616146087646484 0
endloop
endfacet
facet normal -0.9998749435671275 -0.01581446257808213 0
outer loop
vertex -32.385990142822266 54.616146087646484 -4.099999904632568
vertex -32.34629440307617 52.10636901855469 -4.099999904632568
vertex -32.385990142822266 54.616146087646484 0
endloop
endfacet
facet normal -0.16555264734385197 -0.9862009536384775 0
outer loop
vertex -34.85356903076172 56.849220275878906 -4.099999904632568
vertex -34.34913635253906 56.76454162597656 -4.099999904632568
vertex -34.34913635253906 56.76454162597656 0
endloop
endfacet
facet normal -1 0 0
outer loop
vertex 43.65370559692383 31.765031814575195 0
vertex 43.65370559692383 31.765031814575195 -4.099999904632568
vertex 43.65370559692383 30.731369018554688 0
endloop
endfacet
facet normal -0.926230796731779 0.3769569089241023 0
outer loop
vertex 57.89794158935547 37.72848129272461 -4.099999904632568
vertex 57.89794158935547 37.72848129272461 0
vertex 58.09075164794922 38.202239990234375 -4.099999904632568
endloop
endfacet
facet normal -0.8385110852240606 0.5448845381880167 0
outer loop
vertex 57.61923599243164 37.29958724975586 -4.099999904632568
vertex 57.61923599243164 37.29958724975586 0
vertex 57.89794158935547 37.72848129272461 -4.099999904632568
endloop
endfacet
facet normal -0.720692604257974 0.6932547657015126 0
outer loop
vertex 57.26464080810547 36.93095779418945 -4.099999904632568
vertex 57.26464080810547 36.93095779418945 0
vertex 57.61923599243164 37.29958724975586 -4.099999904632568
endloop
endfacet
facet normal -0.5770002640091889 0.8167439594715875 0
outer loop
vertex 56.84688186645508 36.635826110839844 -4.099999904632568
vertex 56.84688186645508 36.635826110839844 0
vertex 57.26464080810547 36.93095779418945 -4.099999904632568
endloop
endfacet
facet normal -0.4215627411062358 0.9067992364966994 0
outer loop
vertex 56.42840576171875 36.441280364990234 -4.099999904632568
vertex 56.42840576171875 36.441280364990234 0
vertex 56.84688186645508 36.635826110839844 -4.099999904632568
endloop
endfacet
facet normal -0.00043333254479210995 -0.9999999061114485 0
outer loop
vertex 43.65370559692383 30.731369018554688 -4.099999904632568
vertex 60.14643096923828 30.72422218322754 -4.099999904632568
vertex 60.14643096923828 30.72422218322754 0
endloop
endfacet
facet normal -0.3420213687151446 0.939692174779709 0
outer loop
vertex 43.68800354003906 31.804134368896484 -4.099999904632568
vertex 43.68800354003906 31.804134368896484 0
vertex 56.42840576171875 36.441280364990234 -4.099999904632568
endloop
endfacet
facet normal -0.7517833510423728 0.6594101857686917 0
outer loop
vertex 43.65370559692383 31.765031814575195 -4.099999904632568
vertex 43.65370559692383 31.765031814575195 0
vertex 43.68800354003906 31.804134368896484 -4.099999904632568
endloop
endfacet
facet normal 0 0 1
outer loop
vertex -33.05329513549805 55.97751235961914 -4.099999904632568
vertex -33.86972427368164 56.58624267578125 -4.099999904632568
vertex -32.745582580566406 55.568931579589844 -4.099999904632568
endloop
endfacet
facet normal 0 0 1
outer loop
vertex -33.43254852294922 56.32072067260742 -4.099999904632568
vertex -33.86972427368164 56.58624267578125 -4.099999904632568
vertex -33.05329513549805 55.97751235961914 -4.099999904632568
endloop
endfacet
facet normal 0 0 1
outer loop
vertex -13.98914623260498 54.349090576171875 -4.099999904632568
vertex -12.249571800231934 56.68220901489258 -4.099999904632568
vertex -13.904467582702637 54.8535270690918 -4.099999904632568
endloop
endfacet
facet normal 0 0 1
outer loop
vertex -13.726166725158691 55.33293533325195 -4.099999904632568
vertex -13.117436408996582 56.14936447143555 -4.099999904632568
vertex -13.460646629333496 55.77011489868164 -4.099999904632568
endloop
endfacet
facet normal 0 0 1
outer loop
vertex -13.904467582702637 54.8535270690918 -4.099999904632568
vertex -12.249571800231934 56.68220901489258 -4.099999904632568
vertex -13.726166725158691 55.33293533325195 -4.099999904632568
endloop
endfacet
facet normal 0 0 1
outer loop
vertex -13.117436408996582 56.14936447143555 -4.099999904632568
vertex -13.726166725158691 55.33293533325195 -4.099999904632568
vertex -12.708855628967285 56.45707702636719 -4.099999904632568
endloop
endfacet
facet normal 0 0 1
outer loop
vertex -12.708855628967285 56.45707702636719 -4.099999904632568
vertex -13.726166725158691 55.33293533325195 -4.099999904632568
vertex -12.249571800231934 56.68220901489258 -4.099999904632568
endloop
endfacet
facet normal 0 0 1
outer loop
vertex -12.249571800231934 56.68220901489258 -4.099999904632568
vertex -13.98914623260498 54.349090576171875 -4.099999904632568
vertex -11.75606918334961 56.81666946411133 -4.099999904632568
endloop
endfacet
facet normal 0 0 1
outer loop
vertex -11.75606918334961 56.81666946411133 -4.099999904632568
vertex -13.98914623260498 54.349090576171875 -4.099999904632568
vertex -11.296293258666992 56.85636901855469 -4.099999904632568
endloop
endfacet
facet normal 0 0 1
outer loop
vertex -32.52045440673828 55.10964584350586 -4.099999904632568
vertex -33.86972427368164 56.58624267578125 -4.099999904632568
vertex -34.34913635253906 56.76454162597656 -4.099999904632568
endloop
endfacet
facet normal 0 0 1
outer loop
vertex -32.52045440673828 55.10964584350586 -4.099999904632568
vertex -32.745582580566406 55.568931579589844 -4.099999904632568
vertex -33.86972427368164 56.58624267578125 -4.099999904632568
endloop
endfacet
facet normal 0 0 1
outer loop
vertex -32.52045440673828 55.10964584350586 -4.099999904632568
vertex -34.85356903076172 56.849220275878906 -4.099999904632568
vertex -32.385990142822266 54.616146087646484 -4.099999904632568
endloop
endfacet
facet normal 0 0 1
outer loop
vertex -34.85356903076172 56.849220275878906 -4.099999904632568
vertex -32.52045440673828 55.10964584350586 -4.099999904632568
vertex -34.34913635253906 56.76454162597656 -4.099999904632568
endloop
endfacet
facet normal 0 0 1
outer loop
vertex -34.85356903076172 56.849220275878906 -4.099999904632568
vertex -32.34629440307617 52.10636901855469 -4.099999904632568
vertex -32.385990142822266 54.616146087646484 -4.099999904632568
endloop
endfacet
facet normal -0.16555264734385197 -0.9862009536384775 0
outer loop
vertex 60.14643096923828 30.72422218322754 -4.099999904632568
vertex 60.65086364746094 30.639543533325195 -4.099999904632568
vertex 60.65086364746094 30.639543533325195 0
endloop
endfacet
facet normal -0.34858768280831126 -0.9372761745581352 0
outer loop
vertex 60.65086364746094 30.639543533325195 -4.099999904632568
vertex 61.13027572631836 30.46124267578125 -4.099999904632568
vertex 61.13027572631836 30.46124267578125 0
endloop
endfacet
facet normal -0.7988000588887033 -0.6015965973303076 0
outer loop
vertex 61.94670486450195 29.85251235961914 -4.099999904632568
vertex 62.254417419433594 29.443931579589844 -4.099999904632568
vertex 62.254417419433594 29.443931579589844 0
endloop
endfacet
facet normal -0.5191094943429291 -0.8547077470592087 0
outer loop
vertex 61.13027572631836 30.46124267578125 -4.099999904632568
vertex 61.56745147705078 30.195722579956055 -4.099999904632568
vertex 61.56745147705078 30.195722579956055 0
endloop
endfacet
facet normal -0.6709952410546476 -0.741461655436082 0
outer loop
vertex 61.56745147705078 30.195722579956055 -4.099999904632568
vertex 61.94670486450195 29.85251235961914 -4.099999904632568
vertex 61.94670486450195 29.85251235961914 0
endloop
endfacet
facet normal -0.9648271284672908 -0.26288516917765103 0
outer loop
vertex 62.47954559326172 28.984647750854492 -4.099999904632568
vertex 62.614009857177734 28.49114418029785 -4.099999904632568
vertex 62.614009857177734 28.49114418029785 0
endloop
endfacet
facet normal -0.8979291896529449 -0.4401399440737069 0
outer loop
vertex 62.254417419433594 29.443931579589844 -4.099999904632568
vertex 62.47954559326172 28.984647750854492 -4.099999904632568
vertex 62.47954559326172 28.984647750854492 0
endloop
endfacet
facet normal -0.9962936566448052 -0.08601714787949508 0
outer loop
vertex 62.614009857177734 28.49114418029785 0
vertex 62.614009857177734 28.49114418029785 -4.099999904632568
vertex 62.65370559692383 28.031368255615234 0
endloop
endfacet
facet normal 0 0 1
outer loop
vertex 62.64656066894531 -67.1613540649414 -4.099999904632568
vertex 62.614009857177734 28.49114418029785 -4.099999904632568
vertex 62.47954559326172 28.984647750854492 -4.099999904632568
endloop
endfacet
facet normal 0 0 1
outer loop
vertex 62.64656066894531 -67.1613540649414 -4.099999904632568
vertex 61.13027572631836 30.46124267578125 -4.099999904632568
vertex 60.65086364746094 30.639543533325195 -4.099999904632568
endloop
endfacet
facet normal 0 0 1
outer loop
vertex 61.13027572631836 30.46124267578125 -4.099999904632568
vertex 62.64656066894531 -67.1613540649414 -4.099999904632568
vertex 61.56745147705078 30.195722579956055 -4.099999904632568
endloop
endfacet
facet normal 0.9999949225748206 -0.0031866635496294138 0
outer loop
vertex -13.996293067932129 52.10636901855469 -4.099999904632568
vertex -13.98914623260498 54.349090576171875 -4.099999904632568
vertex -13.98914623260498 54.349090576171875 0
endloop
endfacet
facet normal 0.9862011580426473 -0.1655514296988746 0
outer loop
vertex -13.98914623260498 54.349090576171875 -4.099999904632568
vertex -13.904467582702637 54.8535270690918 -4.099999904632568
vertex -13.904467582702637 54.8535270690918 0
endloop
endfacet
facet normal 0.9372752683096115 -0.34859011950304275 0
outer loop
vertex -13.904467582702637 54.8535270690918 -4.099999904632568
vertex -13.726166725158691 55.33293533325195 -4.099999904632568
vertex -13.726166725158691 55.33293533325195 0
endloop
endfacet
facet normal 0.8547097567787046 -0.5191061853487081 0
outer loop
vertex -13.726166725158691 55.33293533325195 -4.099999904632568
vertex -13.460646629333496 55.77011489868164 -4.099999904632568
vertex -13.460646629333496 55.77011489868164 0
endloop
endfacet
facet normal 0.7414582975822421 -0.6709989515241015 0
outer loop
vertex -13.460646629333496 55.77011489868164 -4.099999904632568
vertex -13.117436408996582 56.14936447143555 -4.099999904632568
vertex -13.117436408996582 56.14936447143555 0
endloop
endfacet
facet normal 0.6015965973303076 -0.7988000588887033 0
outer loop
vertex -13.117436408996582 56.14936447143555 -4.099999904632568
vertex -12.708855628967285 56.45707702636719 -4.099999904632568
vertex -12.708855628967285 56.45707702636719 0
endloop
endfacet
facet normal 0.44014595723778704 -0.8979262421419879 0
outer loop
vertex -12.708855628967285 56.45707702636719 -4.099999904632568
vertex -12.249571800231934 56.68220901489258 -4.099999904632568
vertex -12.249571800231934 56.68220901489258 0
endloop
endfacet
facet normal 0.2628786995149744 -0.9648288912244055 0
outer loop
vertex -12.249571800231934 56.68220901489258 -4.099999904632568
vertex -11.75606918334961 56.81666946411133 -4.099999904632568
vertex -11.75606918334961 56.81666946411133 0
endloop
endfacet
facet normal 0.0860253528209002 -0.9962929482195684 0
outer loop
vertex -11.75606918334961 56.81666946411133 -4.099999904632568
vertex -11.296293258666992 56.85636901855469 -4.099999904632568
vertex -11.296293258666992 56.85636901855469 0
endloop
endfacet
facet normal 0 0 1
outer loop
vertex -13.98914623260498 54.349090576171875 -4.099999904632568
vertex -13.996293067932129 52.10636901855469 -4.099999904632568
vertex 10.11180305480957 55.37531280517578 -4.099999904632568
endloop
endfacet
facet normal 0 0 1
outer loop
vertex -11.296293258666992 56.85636901855469 -4.099999904632568
vertex -13.98914623260498 54.349090576171875 -4.099999904632568
vertex 10.11180305480957 55.37531280517578 -4.099999904632568
endloop
endfacet
facet normal 0.9999949225748206 -0.0031866635496294138 0
outer loop
vertex -13.996293067932129 52.10636901855469 0
vertex -13.996293067932129 52.10636901855469 -4.099999904632568
vertex -13.98914623260498 54.349090576171875 0
endloop
endfacet
facet normal 0.9862011580426473 -0.1655514296988746 0
outer loop
vertex -13.98914623260498 54.349090576171875 0
vertex -13.98914623260498 54.349090576171875 -4.099999904632568
vertex -13.904467582702637 54.8535270690918 0
endloop
endfacet
facet normal 0.9372752683096115 -0.34859011950304275 0
outer loop
vertex -13.904467582702637 54.8535270690918 0
vertex -13.904467582702637 54.8535270690918 -4.099999904632568
vertex -13.726166725158691 55.33293533325195 0
endloop
endfacet
facet normal 0.8547097567787046 -0.5191061853487081 0
outer loop
vertex -13.726166725158691 55.33293533325195 0
vertex -13.726166725158691 55.33293533325195 -4.099999904632568
vertex -13.460646629333496 55.77011489868164 0
endloop
endfacet
facet normal 0.7414582975822421 -0.6709989515241015 0
outer loop
vertex -13.460646629333496 55.77011489868164 0
vertex -13.460646629333496 55.77011489868164 -4.099999904632568
vertex -13.117436408996582 56.14936447143555 0
endloop
endfacet
facet normal 0.6015965973303076 -0.7988000588887033 0
outer loop
vertex -13.117436408996582 56.14936447143555 0
vertex -13.117436408996582 56.14936447143555 -4.099999904632568
vertex -12.708855628967285 56.45707702636719 0
endloop
endfacet
facet normal 0.44014595723778704 -0.8979262421419879 0
outer loop
vertex -12.708855628967285 56.45707702636719 0
vertex -12.708855628967285 56.45707702636719 -4.099999904632568
vertex -12.249571800231934 56.68220901489258 0
endloop
endfacet
facet normal 0.2628786995149744 -0.9648288912244055 0
outer loop
vertex -12.249571800231934 56.68220901489258 0
vertex -12.249571800231934 56.68220901489258 -4.099999904632568
vertex -11.75606918334961 56.81666946411133 0
endloop
endfacet
facet normal 0.0860253528209002 -0.9962929482195684 0
outer loop
vertex -11.75606918334961 56.81666946411133 0
vertex -11.75606918334961 56.81666946411133 -4.099999904632568
vertex -11.296293258666992 56.85636901855469 0
endloop
endfacet
facet normal -1 0 0
outer loop
vertex 43.65370559692383 30.731369018554688 -4.099999904632568
vertex 43.65370559692383 30.731369018554688 0
vertex 43.65370559692383 31.765031814575195 -4.099999904632568
endloop
endfacet
facet normal 0 0 1
outer loop
vertex 61.56745147705078 30.195722579956055 -4.099999904632568
vertex 62.64656066894531 -67.1613540649414 -4.099999904632568
vertex 61.94670486450195 29.85251235961914 -4.099999904632568
endloop
endfacet
facet normal -0.16555264734385197 -0.9862009536384775 0
outer loop
vertex 60.14643096923828 30.72422218322754 0
vertex 60.14643096923828 30.72422218322754 -4.099999904632568
vertex 60.65086364746094 30.639543533325195 0
endloop
endfacet
facet normal -0.34858768280831126 -0.9372761745581352 0
outer loop
vertex 60.65086364746094 30.639543533325195 0
vertex 60.65086364746094 30.639543533325195 -4.099999904632568
vertex 61.13027572631836 30.46124267578125 0
endloop
endfacet
facet normal -0.5191094943429291 -0.8547077470592087 0
outer loop
vertex 61.13027572631836 30.46124267578125 0
vertex 61.13027572631836 30.46124267578125 -4.099999904632568
vertex 61.56745147705078 30.195722579956055 0
endloop
endfacet
facet normal -0.6709952410546476 -0.741461655436082 0
outer loop
vertex 61.56745147705078 30.195722579956055 0
vertex 61.56745147705078 30.195722579956055 -4.099999904632568
vertex 61.94670486450195 29.85251235961914 0
endloop
endfacet
facet normal -0.7988000588887033 -0.6015965973303076 0
outer loop
vertex 61.94670486450195 29.85251235961914 0
vertex 61.94670486450195 29.85251235961914 -4.099999904632568
vertex 62.254417419433594 29.443931579589844 0
endloop
endfacet
facet normal -0.9648271284672908 -0.26288516917765103 0
outer loop
vertex 62.47954559326172 28.984647750854492 0
vertex 62.47954559326172 28.984647750854492 -4.099999904632568
vertex 62.614009857177734 28.49114418029785 0
endloop
endfacet
facet normal -0.8979291896529449 -0.4401399440737069 0
outer loop
vertex 62.254417419433594 29.443931579589844 0
vertex 62.254417419433594 29.443931579589844 -4.099999904632568
vertex 62.47954559326172 28.984647750854492 0
endloop
endfacet
facet normal 0 0 1
outer loop
vertex 60.14643096923828 30.72422218322754 -4.099999904632568
vertex 62.64656066894531 -67.1613540649414 -4.099999904632568
vertex 60.65086364746094 30.639543533325195 -4.099999904632568
endloop
endfacet
facet normal 0 0 1
outer loop
vertex 62.64656066894531 -67.1613540649414 -4.099999904632568
vertex 62.47954559326172 28.984647750854492 -4.099999904632568
vertex 62.254417419433594 29.443931579589844 -4.099999904632568
endloop
endfacet
facet normal -0.0010136860500476355 0.999999486220164 0
outer loop
vertex 21.253705978393555 -69.66863250732422 -4.099999904632568
vertex 60.413482666015625 -69.62893676757812 0
vertex 60.413482666015625 -69.62893676757812 -4.099999904632568
endloop
endfacet
facet normal 0 0 1
outer loop
vertex 61.94670486450195 29.85251235961914 -4.099999904632568
vertex 62.64656066894531 -67.1613540649414 -4.099999904632568
vertex 62.254417419433594 29.443931579589844 -4.099999904632568
endloop
endfacet
facet normal -0.8662104319627164 -0.4996793847648352 0
outer loop
vertex 65.76915740966797 73.23359680175781 0
vertex 65.76915740966797 73.23359680175781 -4.099999904632568
vertex 75.35932922363281 56.60872268676758 0
endloop
endfacet
facet normal -0.9999999971831857 0.00007505750213056739 0
outer loop
vertex 62.65370559692383 28.031368255615234 -4.099999904632568
vertex 62.64656066894531 -67.1613540649414 0
vertex 62.65370559692383 28.031368255615234 0
endloop
endfacet
facet normal -0.8197953922664339 -0.5726565417584295 0
outer loop
vertex 65.5048828125 73.61192321777344 0
vertex 65.5048828125 73.61192321777344 -4.099999904632568
vertex 65.76915740966797 73.23359680175781 0
endloop
endfacet
facet normal -0.5575505069255963 -0.8301430191400822 0
outer loop
vertex 64.71707153320312 74.25725555419922 0
vertex 64.71707153320312 74.25725555419922 -4.099999904632568
vertex 65.14167785644531 73.97207641601562 0
endloop
endfacet
facet normal -0.7041173196578667 -0.7100836571544381 0
outer loop
vertex 65.14167785644531 73.97207641601562 0
vertex 65.14167785644531 73.97207641601562 -4.099999904632568
vertex 65.5048828125 73.61192321777344 0
endloop
endfacet
facet normal -0.3909757615729587 -0.9204009745010296 0
outer loop
vertex 64.24629211425781 74.45723724365234 0
vertex 64.24629211425781 74.45723724365234 -4.099999904632568
vertex 64.71707153320312 74.25725555419922 0
endloop
endfacet
facet normal -0.21034291066279762 -0.9776276693782261 0
outer loop
vertex 63.746238708496094 74.56482696533203 0
vertex 63.746238708496094 74.56482696533203 -4.099999904632568
vertex 64.24629211425781 74.45723724365234 0
endloop
endfacet
facet normal -0.022195036901211985 -0.9997536598267365 0
outer loop
vertex 63.2348747253418 74.57617950439453 0
vertex 63.2348747253418 74.57617950439453 -4.099999904632568
vertex 63.746238708496094 74.56482696533203 0
endloop
endfacet
facet normal 0.1667604790640644 -0.9859974354035226 0
outer loop
vertex 62.73054504394531 74.49088287353516 0
vertex 62.73054504394531 74.49088287353516 -4.099999904632568
vertex 63.2348747253418 74.57617950439453 0
endloop
endfacet
facet normal 0.3497344411681394 -0.9368488782406741 0
outer loop
vertex 62.2513542175293 74.31199645996094 0
vertex 62.2513542175293 74.31199645996094 -4.099999904632568
vertex 62.73054504394531 74.49088287353516 0
endloop
endfacet
facet normal -0.8662104319627164 -0.4996793847648352 0
outer loop
vertex 65.76915740966797 73.23359680175781 -4.099999904632568
vertex 75.35932922363281 56.60872268676758 -4.099999904632568
vertex 75.35932922363281 56.60872268676758 0
endloop
endfacet
facet normal -0.7041173196578667 -0.7100836571544381 0
outer loop
vertex 65.14167785644531 73.97207641601562 -4.099999904632568
vertex 65.5048828125 73.61192321777344 -4.099999904632568
vertex 65.5048828125 73.61192321777344 0
endloop
endfacet
facet normal -0.5575505069255963 -0.8301430191400822 0
outer loop
vertex 64.71707153320312 74.25725555419922 -4.099999904632568
vertex 65.14167785644531 73.97207641601562 -4.099999904632568
vertex 65.14167785644531 73.97207641601562 0
endloop
endfacet
facet normal -0.8197953922664339 -0.5726565417584295 0
outer loop
vertex 65.5048828125 73.61192321777344 -4.099999904632568
vertex 65.76915740966797 73.23359680175781 -4.099999904632568
vertex 65.76915740966797 73.23359680175781 0
endloop
endfacet
facet normal -0.3909757615729587 -0.9204009745010296 0
outer loop
vertex 64.24629211425781 74.45723724365234 -4.099999904632568
vertex 64.71707153320312 74.25725555419922 -4.099999904632568
vertex 64.71707153320312 74.25725555419922 0
endloop
endfacet
facet normal -0.21034291066279762 -0.9776276693782261 0
outer loop
vertex 63.746238708496094 74.56482696533203 -4.099999904632568
vertex 64.24629211425781 74.45723724365234 -4.099999904632568
vertex 64.24629211425781 74.45723724365234 0
endloop
endfacet
facet normal -0.022195036901211985 -0.9997536598267365 0
outer loop
vertex 63.2348747253418 74.57617950439453 -4.099999904632568
vertex 63.746238708496094 74.56482696533203 -4.099999904632568
vertex 63.746238708496094 74.56482696533203 0
endloop
endfacet
facet normal 0 0 1
outer loop
vertex 28.498210906982422 58.073307037353516 -4.099999904632568
vertex -75.74629211425781 -66.9686279296875 -4.099999904632568
vertex 28.931285858154297 57.8011474609375 -4.099999904632568
endloop
endfacet
facet normal 0 0 1
outer loop
vertex 28.021575927734375 58.25890350341797 -4.099999904632568
vertex -75.74629211425781 -66.9686279296875 -4.099999904632568
vertex 28.498210906982422 58.073307037353516 -4.099999904632568
endloop
endfacet
facet normal 0 0 1
outer loop
vertex 27.518491744995117 58.35126876831055 -4.099999904632568
vertex -75.74629211425781 -66.9686279296875 -4.099999904632568
vertex 28.021575927734375 58.25890350341797 -4.099999904632568
endloop
endfacet
facet normal 0 0 1
outer loop
vertex 27.007017135620117 58.34709167480469 -4.099999904632568
vertex -75.74629211425781 -66.9686279296875 -4.099999904632568
vertex 27.518491744995117 58.35126876831055 -4.099999904632568
endloop
endfacet
facet normal 0 0 1
outer loop
vertex 29.606700897216797 57.038963317871094 -4.099999904632568
vertex -75.74629211425781 -66.9686279296875 -4.099999904632568
vertex 29.82479476928711 56.576297760009766 -4.099999904632568
endloop
endfacet
facet normal 0 0 1
outer loop
vertex -75.74629211425781 -66.9686279296875 -4.099999904632568
vertex 29.30525779724121 57.45219421386719 -4.099999904632568
vertex 28.931285858154297 57.8011474609375 -4.099999904632568
endloop
endfacet
facet normal 0 0 1
outer loop
vertex -75.74629211425781 -66.9686279296875 -4.099999904632568
vertex 29.606700897216797 57.038963317871094 -4.099999904632568
vertex 29.30525779724121 57.45219421386719 -4.099999904632568
endloop
endfacet
facet normal 0 0 1
outer loop
vertex -75.74629211425781 -66.9686279296875 -4.099999904632568
vertex 30.45258331298828 53.2445068359375 -4.099999904632568
vertex 29.82479476928711 56.576297760009766 -4.099999904632568
endloop
endfacet
facet normal 0 0 1
outer loop
vertex -75.74629211425781 -66.9686279296875 -4.099999904632568
vertex 43.65370559692383 30.731369018554688 -4.099999904632568
vertex 30.45258331298828 53.2445068359375 -4.099999904632568
endloop
endfacet
facet normal 0 0 1
outer loop
vertex 10.11180305480957 55.37531280517578 -4.099999904632568
vertex -75.74629211425781 -66.9686279296875 -4.099999904632568
vertex 27.007017135620117 58.34709167480469 -4.099999904632568
endloop
endfacet
facet normal 0 0 1
outer loop
vertex -13.996293067932129 52.10636901855469 -4.099999904632568
vertex -75.74629211425781 -66.9686279296875 -4.099999904632568
vertex 10.11180305480957 55.37531280517578 -4.099999904632568
endloop
endfacet
facet normal -0.0001871754984244414 -0.9999999824826664 0
outer loop
vertex -34.85356903076172 56.849220275878906 0
vertex -73.04629516601562 56.85636901855469 -4.099999904632568
vertex -34.85356903076172 56.849220275878906 -4.099999904632568
endloop
endfacet
facet normal 0 0 1
outer loop
vertex -73.04629516601562 56.85636901855469 -4.099999904632568
vertex -32.34629440307617 52.10636901855469 -4.099999904632568
vertex -34.85356903076172 56.849220275878906 -4.099999904632568
endloop
endfacet
facet normal 0.1667604790640644 -0.9859974354035226 0
outer loop
vertex 62.73054504394531 74.49088287353516 -4.099999904632568
vertex 63.2348747253418 74.57617950439453 -4.099999904632568
vertex 63.2348747253418 74.57617950439453 0
endloop
endfacet
facet normal 0.3497344411681394 -0.9368488782406741 0
outer loop
vertex 62.2513542175293 74.31199645996094 -4.099999904632568
vertex 62.73054504394531 74.49088287353516 -4.099999904632568
vertex 62.73054504394531 74.49088287353516 0
endloop
endfacet
facet normal 0 0 1
outer loop
vertex 65.76915740966797 73.23359680175781 -4.099999904632568
vertex 58.10889434814453 43.75394058227539 -4.099999904632568
vertex 75.35932922363281 56.60872268676758 -4.099999904632568
endloop
endfacet
facet normal 0 0 1
outer loop
vertex 65.14167785644531 73.97207641601562 -4.099999904632568
vertex 58.10889434814453 43.75394058227539 -4.099999904632568
vertex 65.5048828125 73.61192321777344 -4.099999904632568
endloop
endfacet
facet normal 0 0 1
outer loop
vertex 64.71707153320312 74.25725555419922 -4.099999904632568
vertex 58.10889434814453 43.75394058227539 -4.099999904632568
vertex 65.14167785644531 73.97207641601562 -4.099999904632568
endloop
endfacet
facet normal 0 0 1
outer loop
vertex 64.24629211425781 74.45723724365234 -4.099999904632568
vertex 58.10889434814453 43.75394058227539 -4.099999904632568
vertex 64.71707153320312 74.25725555419922 -4.099999904632568
endloop
endfacet
facet normal 0 0 1
outer loop
vertex 58.10889434814453 43.75394058227539 -4.099999904632568
vertex 65.76915740966797 73.23359680175781 -4.099999904632568
vertex 65.5048828125 73.61192321777344 -4.099999904632568
endloop
endfacet
facet normal 0 0 1
outer loop
vertex 63.746238708496094 74.56482696533203 -4.099999904632568
vertex 58.10889434814453 43.75394058227539 -4.099999904632568
vertex 64.24629211425781 74.45723724365234 -4.099999904632568
endloop
endfacet
facet normal 0 0 1
outer loop
vertex 43.65370559692383 30.731369018554688 -4.099999904632568
vertex 62.64656066894531 -67.1613540649414 -4.099999904632568
vertex 60.14643096923828 30.72422218322754 -4.099999904632568
endloop
endfacet
facet normal 0 0 1
outer loop
vertex 63.2348747253418 74.57617950439453 -4.099999904632568
vertex 58.10889434814453 43.75394058227539 -4.099999904632568
vertex 63.746238708496094 74.56482696533203 -4.099999904632568
endloop
endfacet
facet normal 0 0 1
outer loop
vertex 62.73054504394531 74.49088287353516 -4.099999904632568
vertex 58.10889434814453 43.75394058227539 -4.099999904632568
vertex 63.2348747253418 74.57617950439453 -4.099999904632568
endloop
endfacet
facet normal 0 0 1
outer loop
vertex 62.2513542175293 74.31199645996094 -4.099999904632568
vertex 58.10889434814453 43.75394058227539 -4.099999904632568
vertex 62.73054504394531 74.49088287353516 -4.099999904632568
endloop
endfacet
facet normal -0.2628921116957447 0.9648252368217533 0
outer loop
vertex 60.413482666015625 -69.62893676757812 -4.099999904632568
vertex 60.413482666015625 -69.62893676757812 0
vertex 60.906986236572266 -69.49446868896484 -4.099999904632568
endloop
endfacet
facet normal -0.44014141782829763 0.8979284672578856 0
outer loop
vertex 60.906986236572266 -69.49446868896484 -4.099999904632568
vertex 60.906986236572266 -69.49446868896484 0
vertex 61.366268157958984 -69.26934051513672 -4.099999904632568
endloop
endfacet
facet normal 0 0 1
outer loop
vertex 43.65370559692383 30.731369018554688 -4.099999904632568
vertex 62.56188201904297 -67.66578674316406 -4.099999904632568
vertex 62.64656066894531 -67.1613540649414 -4.099999904632568
endloop
endfacet
facet normal 0 0 1
outer loop
vertex 43.65370559692383 30.731369018554688 -4.099999904632568
vertex 62.38357925415039 -68.14520263671875 -4.099999904632568
vertex 62.56188201904297 -67.66578674316406 -4.099999904632568
endloop
endfacet
facet normal 0 0 1
outer loop
vertex 43.65370559692383 30.731369018554688 -4.099999904632568
vertex 62.11806106567383 -68.5823745727539 -4.099999904632568
vertex 62.38357925415039 -68.14520263671875 -4.099999904632568
endloop
endfacet
facet normal -0.6822271016865871 -0.7311403297071769 0
outer loop
vertex 28.931285858154297 57.8011474609375 -4.099999904632568
vertex 29.30525779724121 57.45219421386719 0
vertex 28.931285858154297 57.8011474609375 0
endloop
endfacet
facet normal -0.5320889115116452 -0.8466884847725005 0
outer loop
vertex 28.931285858154297 57.8011474609375 0
vertex 28.498210906982422 58.073307037353516 0
vertex 28.498210906982422 58.073307037353516 -4.099999904632568
endloop
endfacet
facet normal -0.3628511150724472 -0.9318471271033042 0
outer loop
vertex 28.021575927734375 58.25890350341797 0
vertex 28.021575927734375 58.25890350341797 -4.099999904632568
vertex 28.498210906982422 58.073307037353516 0
endloop
endfacet
facet normal -0.1805797421784193 -0.9835603472663869 0
outer loop
vertex 27.518491744995117 58.35126876831055 0
vertex 27.518491744995117 58.35126876831055 -4.099999904632568
vertex 28.021575927734375 58.25890350341797 0
endloop
endfacet
facet normal 0.008166493777811007 -0.9999666536336984 0
outer loop
vertex 27.007017135620117 58.34709167480469 0
vertex 27.007017135620117 58.34709167480469 -4.099999904632568
vertex 27.518491744995117 58.35126876831055 0
endloop
endfacet
facet normal 0 0 1
outer loop
vertex 43.65370559692383 30.731369018554688 -4.099999904632568
vertex 61.77484893798828 -68.96163177490234 -4.099999904632568
vertex 62.11806106567383 -68.5823745727539 -4.099999904632568
endloop
endfacet
facet normal 0 0 1
outer loop
vertex 43.65370559692383 30.731369018554688 -4.099999904632568
vertex 61.366268157958984 -69.26934051513672 -4.099999904632568
vertex 61.77484893798828 -68.96163177490234 -4.099999904632568
endloop
endfacet
facet normal 0 0 1
outer loop
vertex 43.65370559692383 30.731369018554688 -4.099999904632568
vertex 60.906986236572266 -69.49446868896484 -4.099999904632568
vertex 61.366268157958984 -69.26934051513672 -4.099999904632568
endloop
endfacet
facet normal 0 0 1
outer loop
vertex 43.65370559692383 30.731369018554688 -4.099999904632568
vertex 60.413482666015625 -69.62893676757812 -4.099999904632568
vertex 60.906986236572266 -69.49446868896484 -4.099999904632568
endloop
endfacet
facet normal -0.0001871754984244414 -0.9999999824826664 0
outer loop
vertex -73.04629516601562 56.85636901855469 0
vertex -73.04629516601562 56.85636901855469 -4.099999904632568
vertex -34.85356903076172 56.849220275878906 0
endloop
endfacet
facet normal 0 0 1
outer loop
vertex 43.65370559692383 30.731369018554688 -4.099999904632568
vertex 21.253705978393555 -69.66863250732422 -4.099999904632568
vertex 60.413482666015625 -69.62893676757812 -4.099999904632568
endloop
endfacet
facet normal -0.6015918385097141 0.7988036428550523 0
outer loop
vertex 61.366268157958984 -69.26934051513672 -4.099999904632568
vertex 61.366268157958984 -69.26934051513672 0
vertex 61.77484893798828 -68.96163177490234 -4.099999904632568
endloop
endfacet
facet normal -0.7414631580194733 0.6709935806695839 0
outer loop
vertex 61.77484893798828 -68.96163177490234 -4.099999904632568
vertex 61.77484893798828 -68.96163177490234 0
vertex 62.11806106567383 -68.5823745727539 -4.099999904632568
endloop
endfacet
facet normal -0.8547073918230562 0.5191100792346731 0
outer loop
vertex 62.11806106567383 -68.5823745727539 -4.099999904632568
vertex 62.11806106567383 -68.5823745727539 0
vertex 62.38357925415039 -68.14520263671875 -4.099999904632568
endloop
endfacet
facet normal -0.9862009536384775 0.16555264734385197 0
outer loop
vertex 62.64656066894531 -67.1613540649414 -4.099999904632568
vertex 62.56188201904297 -67.66578674316406 0
vertex 62.64656066894531 -67.1613540649414 0
endloop
endfacet
facet normal -0.9372758624599301 0.3485885219710971 0
outer loop
vertex 62.56188201904297 -67.66578674316406 0
vertex 62.56188201904297 -67.66578674316406 -4.099999904632568
vertex 62.38357925415039 -68.14520263671875 0
endloop
endfacet
facet normal -0.8547073918230562 0.5191100792346731 0
outer loop
vertex 62.38357925415039 -68.14520263671875 0
vertex 62.38357925415039 -68.14520263671875 -4.099999904632568
vertex 62.11806106567383 -68.5823745727539 0
endloop
endfacet
facet normal -0.0003724714963768197 -0.9999999306324898 0
outer loop
vertex -11.296293258666992 56.85636901855469 0
vertex -11.296293258666992 56.85636901855469 -4.099999904632568
vertex 7.896429538726807 56.849220275878906 0
endloop
endfacet
facet normal 0.08602641552175723 -0.9962928564596245 0
outer loop
vertex -73.50606536865234 56.81666946411133 0
vertex -73.50606536865234 56.81666946411133 -4.099999904632568
vertex -73.04629516601562 56.85636901855469 0
endloop
endfacet
facet normal 0.2628763350500994 -0.9648295354468724 0
outer loop
vertex -73.99957275390625 56.68220901489258 0
vertex -73.99957275390625 56.68220901489258 -4.099999904632568
vertex -73.50606536865234 56.81666946411133 0
endloop
endfacet
facet normal 0.44014743100283665 -0.8979255197295615 0
outer loop
vertex -74.45885467529297 56.45707702636719 0
vertex -74.45885467529297 56.45707702636719 -4.099999904632568
vertex -73.99957275390625 56.68220901489258 0
endloop
endfacet
facet normal 0.6015930133811593 -0.7988027580391646 0
outer loop
vertex -74.86743927001953 56.14936447143555 0
vertex -74.86743927001953 56.14936447143555 -4.099999904632568
vertex -74.45885467529297 56.45707702636719 0
endloop
endfacet
facet normal 0.741460152824835 -0.6709969014630188 0
outer loop
vertex -75.21064758300781 55.77011489868164 0
vertex -75.21064758300781 55.77011489868164 -4.099999904632568
vertex -74.86743927001953 56.14936447143555 0
endloop
endfacet
facet normal 0.8547114112660753 -0.5191034612209339 0
outer loop
vertex -75.47616577148438 55.33293533325195 0
vertex -75.47616577148438 55.33293533325195 -4.099999904632568
vertex -75.21064758300781 55.77011489868164 0
endloop
endfacet
facet normal -0.9999999971831857 0.00007505750213056739 0
outer loop
vertex 62.64656066894531 -67.1613540649414 0
vertex 62.65370559692383 28.031368255615234 -4.099999904632568
vertex 62.64656066894531 -67.1613540649414 -4.099999904632568
endloop
endfacet
facet normal 0 0 1
outer loop
vertex -73.04629516601562 56.85636901855469 -4.099999904632568
vertex -73.50606536865234 56.81666946411133 -4.099999904632568
vertex -32.34629440307617 52.10636901855469 -4.099999904632568
endloop
endfacet
facet normal 0 0 1
outer loop
vertex -73.50606536865234 56.81666946411133 -4.099999904632568
vertex -73.99957275390625 56.68220901489258 -4.099999904632568
vertex -32.34629440307617 52.10636901855469 -4.099999904632568
endloop
endfacet
facet normal 0 0 1
outer loop
vertex -73.99957275390625 56.68220901489258 -4.099999904632568
vertex -74.45885467529297 56.45707702636719 -4.099999904632568
vertex -32.34629440307617 52.10636901855469 -4.099999904632568
endloop
endfacet
facet normal 0 0 1
outer loop
vertex -74.45885467529297 56.45707702636719 -4.099999904632568
vertex -74.86743927001953 56.14936447143555 -4.099999904632568
vertex -32.34629440307617 52.10636901855469 -4.099999904632568
endloop
endfacet
facet normal 0 0 1
outer loop
vertex -74.86743927001953 56.14936447143555 -4.099999904632568
vertex -75.21064758300781 55.77011489868164 -4.099999904632568
vertex -32.34629440307617 52.10636901855469 -4.099999904632568
endloop
endfacet
facet normal 0 0 1
outer loop
vertex -75.21064758300781 55.77011489868164 -4.099999904632568
vertex -75.47616577148438 55.33293533325195 -4.099999904632568
vertex -32.34629440307617 52.10636901855469 -4.099999904632568
endloop
endfacet
facet normal 0 0 1
outer loop
vertex -75.47616577148438 55.33293533325195 -4.099999904632568
vertex -75.65446472167969 54.8535270690918 -4.099999904632568
vertex -32.34629440307617 52.10636901855469 -4.099999904632568
endloop
endfacet
facet normal 0 0 1
outer loop
vertex -75.65446472167969 54.8535270690918 -4.099999904632568
vertex -75.73914337158203 54.349090576171875 -4.099999904632568
vertex -32.34629440307617 52.10636901855469 -4.099999904632568
endloop
endfacet
facet normal 0.08602641552175723 -0.9962928564596245 0
outer loop
vertex -73.50606536865234 56.81666946411133 -4.099999904632568
vertex -73.04629516601562 56.85636901855469 -4.099999904632568
vertex -73.04629516601562 56.85636901855469 0
endloop
endfacet
facet normal 0.2628763350500994 -0.9648295354468724 0
outer loop
vertex -73.99957275390625 56.68220901489258 -4.099999904632568
vertex -73.50606536865234 56.81666946411133 -4.099999904632568
vertex -73.50606536865234 56.81666946411133 0
endloop
endfacet
facet normal 0.44014743100283665 -0.8979255197295615 0
outer loop
vertex -74.45885467529297 56.45707702636719 -4.099999904632568
vertex -73.99957275390625 56.68220901489258 -4.099999904632568
vertex -73.99957275390625 56.68220901489258 0
endloop
endfacet
facet normal 0.6015930133811593 -0.7988027580391646 0
outer loop
vertex -74.86743927001953 56.14936447143555 -4.099999904632568
vertex -74.45885467529297 56.45707702636719 -4.099999904632568
vertex -74.45885467529297 56.45707702636719 0
endloop
endfacet
facet normal 0.741460152824835 -0.6709969014630188 0
outer loop
vertex -75.21064758300781 55.77011489868164 -4.099999904632568
vertex -74.86743927001953 56.14936447143555 -4.099999904632568
vertex -74.86743927001953 56.14936447143555 0
endloop
endfacet
facet normal 0.8547114112660753 -0.5191034612209339 0
outer loop
vertex -75.47616577148438 55.33293533325195 -4.099999904632568
vertex -75.21064758300781 55.77011489868164 -4.099999904632568
vertex -75.21064758300781 55.77011489868164 0
endloop
endfacet
facet normal 0.9372764866607638 -0.34858684363133263 0
outer loop
vertex -75.65446472167969 54.8535270690918 -4.099999904632568
vertex -75.47616577148438 55.33293533325195 -4.099999904632568
vertex -75.47616577148438 55.33293533325195 0
endloop
endfacet
facet normal 0.9862011580426473 -0.1655514296988746 0
outer loop
vertex -75.73914337158203 54.349090576171875 -4.099999904632568
vertex -75.65446472167969 54.8535270690918 -4.099999904632568
vertex -75.65446472167969 54.8535270690918 0
endloop
endfacet
facet normal -0.7414631580194733 0.6709935806695839 0
outer loop
vertex 62.11806106567383 -68.5823745727539 0
vertex 62.11806106567383 -68.5823745727539 -4.099999904632568
vertex 61.77484893798828 -68.96163177490234 0
endloop
endfacet
facet normal -0.9372758624599301 0.3485885219710971 0
outer loop
vertex 62.38357925415039 -68.14520263671875 -4.099999904632568
vertex 62.38357925415039 -68.14520263671875 0
vertex 62.56188201904297 -67.66578674316406 -4.099999904632568
endloop
endfacet
facet normal -0.9862009536384775 0.16555264734385197 0
outer loop
vertex 62.56188201904297 -67.66578674316406 -4.099999904632568
vertex 62.56188201904297 -67.66578674316406 0
vertex 62.64656066894531 -67.1613540649414 -4.099999904632568
endloop
endfacet
facet normal -0.2628921116957447 0.9648252368217533 0
outer loop
vertex 60.906986236572266 -69.49446868896484 0
vertex 60.906986236572266 -69.49446868896484 -4.099999904632568
vertex 60.413482666015625 -69.62893676757812 0
endloop
endfacet
facet normal -0.5320889115116452 -0.8466884847725005 0
outer loop
vertex 28.498210906982422 58.073307037353516 -4.099999904632568
vertex 28.931285858154297 57.8011474609375 -4.099999904632568
vertex 28.931285858154297 57.8011474609375 0
endloop
endfacet
facet normal -0.3628511150724472 -0.9318471271033042 0
outer loop
vertex 28.021575927734375 58.25890350341797 -4.099999904632568
vertex 28.498210906982422 58.073307037353516 -4.099999904632568
vertex 28.498210906982422 58.073307037353516 0
endloop
endfacet
facet normal -0.1805797421784193 -0.9835603472663869 0
outer loop
vertex 27.518491744995117 58.35126876831055 -4.099999904632568
vertex 28.021575927734375 58.25890350341797 -4.099999904632568
vertex 28.021575927734375 58.25890350341797 0
endloop
endfacet
facet normal 0.008166493777811007 -0.9999666536336984 0
outer loop
vertex 27.007017135620117 58.34709167480469 -4.099999904632568
vertex 27.518491744995117 58.35126876831055 -4.099999904632568
vertex 27.518491744995117 58.35126876831055 0
endloop
endfacet
facet normal -0.44014141782829763 0.8979284672578856 0
outer loop
vertex 61.366268157958984 -69.26934051513672 0
vertex 61.366268157958984 -69.26934051513672 -4.099999904632568
vertex 60.906986236572266 -69.49446868896484 0
endloop
endfacet
facet normal -0.6015918385097141 0.7988036428550523 0
outer loop
vertex 61.77484893798828 -68.96163177490234 0
vertex 61.77484893798828 -68.96163177490234 -4.099999904632568
vertex 61.366268157958984 -69.26934051513672 0
endloop
endfacet
facet normal 0 0 1
outer loop
vertex -73.239013671875 -69.66148376464844 -4.099999904632568
vertex -70.03640747070312 -69.66205596923828 -4.099999904632568
vertex -70.03640747070312 -69.4686279296875 -4.099999904632568
endloop
endfacet
facet normal 0 0 1
outer loop
vertex -73.239013671875 -69.66148376464844 -4.099999904632568
vertex -70.03640747070312 -69.4686279296875 -4.099999904632568
vertex -69.99835205078125 -69.27729034423828 -4.099999904632568
endloop
endfacet
facet normal 0 0 1
outer loop
vertex -73.239013671875 -69.66148376464844 -4.099999904632568
vertex -69.99835205078125 -69.27729034423828 -4.099999904632568
vertex -69.88996124267578 -69.11507415771484 -4.099999904632568
endloop
endfacet
facet normal 0 0 1
outer loop
vertex -73.239013671875 -69.66148376464844 -4.099999904632568
vertex -69.88996124267578 -69.11507415771484 -4.099999904632568
vertex -69.72775268554688 -69.0066909790039 -4.099999904632568
endloop
endfacet
facet normal 0 0 1
outer loop
vertex 20.553707122802734 -46.968631744384766 -4.099999904632568
vertex 21.253705978393555 -69.66863250732422 -4.099999904632568
vertex 43.65370559692383 30.731369018554688 -4.099999904632568
endloop
endfacet
facet normal 0 0 1
outer loop
vertex 43.65370559692383 30.731369018554688 -4.099999904632568
vertex -32.446292877197266 -46.968631744384766 -4.099999904632568
vertex 20.553707122802734 -46.968631744384766 -4.099999904632568
endloop
endfacet
facet normal 0.6710051016150175 0.7414527318761593 0
outer loop
vertex -75.03929138183594 -68.7897720336914 -4.099999904632568
vertex -75.03929138183594 -68.7897720336914 0
vertex -74.66004180908203 -69.13298797607422 -4.099999904632568
endloop
endfacet
facet normal 0.5191034612209339 0.8547114112660753 0
outer loop
vertex -74.66004180908203 -69.13298797607422 -4.099999904632568
vertex -74.66004180908203 -69.13298797607422 0
vertex -74.22286224365234 -69.39850616455078 -4.099999904632568
endloop
endfacet
facet normal 0.34858684363133263 0.9372764866607638 0
outer loop
vertex -74.22286224365234 -69.39850616455078 -4.099999904632568
vertex -74.22286224365234 -69.39850616455078 0
vertex -73.74345397949219 -69.5768051147461 -4.099999904632568
endloop
endfacet
facet normal 0.1655502120715564 0.986201362442307 0
outer loop
vertex -73.74345397949219 -69.5768051147461 -4.099999904632568
vertex -73.74345397949219 -69.5768051147461 0
vertex -73.239013671875 -69.66148376464844 -4.099999904632568
endloop
endfacet
facet normal 0.00017866841714766555 0.9999999840387982 0
outer loop
vertex -70.03640747070312 -69.66205596923828 -4.099999904632568
vertex -73.239013671875 -69.66148376464844 -4.099999904632568
vertex -73.239013671875 -69.66148376464844 0
endloop
endfacet
facet normal -0.9368439909865003 -0.34974753258956126 0
outer loop
vertex 75.35932922363281 56.60872268676758 -4.099999904632568
vertex 75.53822326660156 56.12953186035156 0
vertex 75.35932922363281 56.60872268676758 0
endloop
endfacet
facet normal -0.9859974354035226 -0.1667604790640644 0
outer loop
vertex 75.53822326660156 56.12953186035156 0
vertex 75.53822326660156 56.12953186035156 -4.099999904632568
vertex 75.62351989746094 55.62520217895508 0
endloop
endfacet
facet normal 0 0 1
outer loop
vertex -32.34629440307617 52.10636901855469 -4.099999904632568
vertex -75.74629211425781 -66.9686279296875 -4.099999904632568
vertex -13.996293067932129 52.10636901855469 -4.099999904632568
endloop
endfacet
facet normal 0 0 1
outer loop
vertex -75.73914337158203 54.349090576171875 -4.099999904632568
vertex -75.74629211425781 -66.9686279296875 -4.099999904632568
vertex -32.34629440307617 52.10636901855469 -4.099999904632568
endloop
endfacet
facet normal 0.9999999982638755 -0.00005892579213830892 0
outer loop
vertex -75.73914337158203 54.349090576171875 0
vertex -75.74629211425781 -66.9686279296875 -4.099999904632568
vertex -75.73914337158203 54.349090576171875 -4.099999904632568
endloop
endfacet
facet normal 0 0 1
outer loop
vertex 43.65370559692383 30.731369018554688 -4.099999904632568
vertex -73.239013671875 -69.66148376464844 -4.099999904632568
vertex -32.446292877197266 -46.968631744384766 -4.099999904632568
endloop
endfacet
facet normal 0 0 1
outer loop
vertex -75.74629211425781 -66.9686279296875 -4.099999904632568
vertex -75.70659637451172 -67.42840576171875 -4.099999904632568
vertex 43.65370559692383 30.731369018554688 -4.099999904632568
endloop
endfacet
facet normal 0 0 1
outer loop
vertex 43.65370559692383 30.731369018554688 -4.099999904632568
vertex -74.66004180908203 -69.13298797607422 -4.099999904632568
vertex -74.22286224365234 -69.39850616455078 -4.099999904632568
endloop
endfacet
facet normal 0 0 1
outer loop
vertex -75.03929138183594 -68.7897720336914 -4.099999904632568
vertex -74.66004180908203 -69.13298797607422 -4.099999904632568
vertex 43.65370559692383 30.731369018554688 -4.099999904632568
endloop
endfacet
facet normal 0 0 1
outer loop
vertex 43.65370559692383 30.731369018554688 -4.099999904632568
vertex -73.74345397949219 -69.5768051147461 -4.099999904632568
vertex -73.239013671875 -69.66148376464844 -4.099999904632568
endloop
endfacet
facet normal 0 0 1
outer loop
vertex -74.22286224365234 -69.39850616455078 -4.099999904632568
vertex -73.74345397949219 -69.5768051147461 -4.099999904632568
vertex 43.65370559692383 30.731369018554688 -4.099999904632568
endloop
endfacet
facet normal 0 0 1
outer loop
vertex -75.57212829589844 -67.92191314697266 -4.099999904632568
vertex -75.34700012207031 -68.38119506835938 -4.099999904632568
vertex 43.65370559692383 30.731369018554688 -4.099999904632568
endloop
endfacet
facet normal 0 0 1
outer loop
vertex -75.70659637451172 -67.42840576171875 -4.099999904632568
vertex -75.57212829589844 -67.92191314697266 -4.099999904632568
vertex 43.65370559692383 30.731369018554688 -4.099999904632568
endloop
endfacet
facet normal 0 0 1
outer loop
vertex -75.34700012207031 -68.38119506835938 -4.099999904632568
vertex -75.03929138183594 -68.7897720336914 -4.099999904632568
vertex 43.65370559692383 30.731369018554688 -4.099999904632568
endloop
endfacet
facet normal -0.0010136860500476355 0.999999486220164 0
outer loop
vertex 21.253705978393555 -69.66863250732422 -4.099999904632568
vertex 21.253705978393555 -69.66863250732422 0
vertex 60.413482666015625 -69.62893676757812 0
endloop
endfacet
facet normal -0.9997536635006576 0.022194871412421727 0
outer loop
vertex 75.62351989746094 55.62520217895508 0
vertex 75.62351989746094 55.62520217895508 -4.099999904632568
vertex 75.61216735839844 55.113834381103516 0
endloop
endfacet
facet normal 0.798800943686943 0.6015954224932643 0
outer loop
vertex -75.34700012207031 -68.38119506835938 -4.099999904632568
vertex -75.34700012207031 -68.38119506835938 0
vertex -75.03929138183594 -68.7897720336914 -4.099999904632568
endloop
endfacet
facet normal 0.8979284672578856 0.44014141782829763 0
outer loop
vertex -75.34700012207031 -68.38119506835938 -4.099999904632568
vertex -75.57212829589844 -67.92191314697266 -4.099999904632568
vertex -75.57212829589844 -67.92191314697266 0
endloop
endfacet
facet normal 0.9648257522507603 0.26289022004204454 0
outer loop
vertex -75.57212829589844 -67.92191314697266 -4.099999904632568
vertex -75.70659637451172 -67.42840576171875 -4.099999904632568
vertex -75.70659637451172 -67.42840576171875 0
endloop
endfacet
facet normal 0.9962936872248852 0.08601679368497075 0
outer loop
vertex -75.70659637451172 -67.42840576171875 -4.099999904632568
vertex -75.74629211425781 -66.9686279296875 -4.099999904632568
vertex -75.74629211425781 -66.9686279296875 0
endloop
endfacet
facet normal -0.9776239419989403 0.21036023395702078 0
outer loop
vertex 75.61216735839844 55.113834381103516 0
vertex 75.61216735839844 55.113834381103516 -4.099999904632568
vertex 75.50457000732422 54.61378860473633 0
endloop
endfacet
facet normal -0.9204074819608066 0.39096044192548113 0
outer loop
vertex 75.50457000732422 54.61378860473633 0
vertex 75.50457000732422 54.61378860473633 -4.099999904632568
vertex 75.30459594726562 54.14300537109375 0
endloop
endfacet
facet normal -0.8301384337268229 0.5575573341366582 0
outer loop
vertex 75.30459594726562 54.14300537109375 0
vertex 75.30459594726562 54.14300537109375 -4.099999904632568
vertex 75.0194091796875 53.7183952331543 0
endloop
endfacet
facet normal -0.7100911148493227 0.7041097986905491 0
outer loop
vertex 75.0194091796875 53.7183952331543 0
vertex 75.0194091796875 53.7183952331543 -4.099999904632568
vertex 74.65926361083984 53.35519027709961 0
endloop
endfacet
facet normal 0.6710051016150175 0.7414527318761593 0
outer loop
vertex -74.66004180908203 -69.13298797607422 0
vertex -74.66004180908203 -69.13298797607422 -4.099999904632568
vertex -75.03929138183594 -68.7897720336914 0
endloop
endfacet
facet normal 0.5191034612209339 0.8547114112660753 0
outer loop
vertex -74.22286224365234 -69.39850616455078 0
vertex -74.22286224365234 -69.39850616455078 -4.099999904632568
vertex -74.66004180908203 -69.13298797607422 0
endloop
endfacet
facet normal 0 0 1
outer loop
vertex 43.65370559692383 31.765031814575195 -4.099999904632568
vertex 30.45258331298828 53.2445068359375 -4.099999904632568
vertex 43.65370559692383 30.731369018554688 -4.099999904632568
endloop
endfacet
facet normal 0.34858684363133263 0.9372764866607638 0
outer loop
vertex -73.74345397949219 -69.5768051147461 0
vertex -73.74345397949219 -69.5768051147461 -4.099999904632568
vertex -74.22286224365234 -69.39850616455078 0
endloop
endfacet
facet normal 0 0 1
outer loop
vertex 30.957717895507812 53.13666915893555 -4.099999904632568
vertex 43.65370559692383 31.765031814575195 -4.099999904632568
vertex 43.68800354003906 31.804134368896484 -4.099999904632568
endloop
endfacet
facet normal 0 0 1
outer loop
vertex 43.68800354003906 31.804134368896484 -4.099999904632568
vertex 56.42840576171875 36.441280364990234 -4.099999904632568
vertex 30.957717895507812 53.13666915893555 -4.099999904632568
endloop
endfacet
facet normal 0 0 1
outer loop
vertex 56.42840576171875 36.441280364990234 -4.099999904632568
vertex 56.84688186645508 36.635826110839844 -4.099999904632568
vertex 30.957717895507812 53.13666915893555 -4.099999904632568
endloop
endfacet
facet normal 0 0 1
outer loop
vertex 56.84688186645508 36.635826110839844 -4.099999904632568
vertex 57.26464080810547 36.93095779418945 -4.099999904632568
vertex 30.957717895507812 53.13666915893555 -4.099999904632568
endloop
endfacet
facet normal 0 0 1
outer loop
vertex 57.26464080810547 36.93095779418945 -4.099999904632568
vertex 57.61923599243164 37.29958724975586 -4.099999904632568
vertex 30.957717895507812 53.13666915893555 -4.099999904632568
endloop
endfacet
facet normal 0 0 1
outer loop
vertex 30.957717895507812 53.13666915893555 -4.099999904632568
vertex 58.10139083862305 39.71832275390625 -4.099999904632568
vertex 57.0198974609375 42.71066665649414 -4.099999904632568
endloop
endfacet
facet normal 0 0 1
outer loop
vertex 30.957717895507812 53.13666915893555 -4.099999904632568
vertex 57.0198974609375 42.71066665649414 -4.099999904632568
vertex 46.03019332885742 58.622642517089844 -4.099999904632568
endloop
endfacet
facet normal 0.3420223973544172 -0.9396918003834753 0
outer loop
vertex 46.03019332885742 58.622642517089844 0
vertex 30.957717895507812 53.13666915893555 -4.099999904632568
vertex 46.03019332885742 58.622642517089844 -4.099999904632568
endloop
endfacet
facet normal 0 0 1
outer loop
vertex 30.957717895507812 53.13666915893555 -4.099999904632568
vertex 57.61923599243164 37.29958724975586 -4.099999904632568
vertex 57.89794158935547 37.72848129272461 -4.099999904632568
endloop
endfacet
facet normal 0 0 1
outer loop
vertex 30.957717895507812 53.13666915893555 -4.099999904632568
vertex 57.89794158935547 37.72848129272461 -4.099999904632568
vertex 58.09075164794922 38.202239990234375 -4.099999904632568
endloop
endfacet
facet normal 0 0 1
outer loop
vertex 30.957717895507812 53.13666915893555 -4.099999904632568
vertex 58.09075164794922 38.202239990234375 -4.099999904632568
vertex 58.19074630737305 38.70386505126953 -4.099999904632568
endloop
endfacet
facet normal 0 0 1
outer loop
vertex 58.10139083862305 39.71832275390625 -4.099999904632568
vertex 30.957717895507812 53.13666915893555 -4.099999904632568
vertex 58.1943359375 39.2153434753418 -4.099999904632568
endloop
endfacet
facet normal 0 0 1
outer loop
vertex 58.1943359375 39.2153434753418 -4.099999904632568
vertex 30.957717895507812 53.13666915893555 -4.099999904632568
vertex 58.19074630737305 38.70386505126953 -4.099999904632568
endloop
endfacet
facet normal -0.9807046824881214 0.19549507857200205 0
outer loop
vertex 58.19074630737305 38.70386505126953 -4.099999904632568
vertex 58.09075164794922 38.202239990234375 -4.099999904632568
vertex 58.09075164794922 38.202239990234375 0
endloop
endfacet
facet normal -0.9999753737248419 0.00701797291693138 0
outer loop
vertex 58.1943359375 39.2153434753418 -4.099999904632568
vertex 58.19074630737305 38.70386505126953 -4.099999904632568
vertex 58.19074630737305 38.70386505126953 0
endloop
endfacet
facet normal 0.9999795235203176 0.006399417167110576 0
outer loop
vertex -33.11750411987305 -74.16731262207031 0
vertex -33.14629364013672 -69.66863250732422 -4.099999904632568
vertex -33.14629364013672 -69.66863250732422 0
endloop
endfacet
facet normal 0.15970987328594116 0.9871639966970983 0
outer loop
vertex -32.446292877197266 -74.66863250732422 0
vertex -32.446292877197266 -74.66863250732422 -4.099999904632568
vertex -32.666988372802734 -74.63292694091797 0
endloop
endfacet
facet normal 0.4627549341222081 0.8864862497216474 0
outer loop
vertex -32.666988372802734 -74.63292694091797 0
vertex -32.666988372802734 -74.63292694091797 -4.099999904632568
vertex -32.86517333984375 -74.52947235107422 0
endloop
endfacet
facet normal -0.9999995828402224 0.0009134108502137539 0
outer loop
vertex 21.253705978393555 -69.66863250732422 0
vertex 21.253705978393555 -69.66863250732422 -4.099999904632568
vertex 21.249710083007812 -74.04332733154297 0
endloop
endfacet
facet normal 0.3420222175696865 -0.9396918658199367 7.48483827350705e-7
outer loop
vertex 35.631744384765625 54.837890625 0
vertex 30.957717895507812 53.13666915893555 -4.099999904632568
vertex 46.03019332885742 58.622642517089844 0
endloop
endfacet
facet normal 0.3420227973266299 -0.9396916548043124 0
outer loop
vertex 30.957717895507812 53.13666915893555 0
vertex 30.957717895507812 53.13666915893555 -4.099999904632568
vertex 35.631744384765625 54.837890625 0
endloop
endfacet
facet normal 0.7186813535557982 0.6953395660044133 0
outer loop
vertex -32.86517333984375 -74.52947235107422 0
vertex -32.86517333984375 -74.52947235107422 -4.099999904632568
vertex -33.0206298828125 -74.3687973022461 0
endloop
endfacet
facet normal 0.9012408915945318 0.43331842254616104 0
outer loop
vertex -33.0206298828125 -74.3687973022461 0
vertex -33.0206298828125 -74.3687973022461 -4.099999904632568
vertex -33.11750411987305 -74.16731262207031 0
endloop
endfacet
facet normal -0.8078875399337097 -0.5893366803617934 0
outer loop
vertex 29.30525779724121 57.45219421386719 0
vertex 29.30525779724121 57.45219421386719 -4.099999904632568
vertex 29.606700897216797 57.038963317871094 0
endloop
endfacet
facet normal -0.9045406418227865 -0.42638741455491075 0
outer loop
vertex 29.606700897216797 57.038963317871094 0
vertex 29.606700897216797 57.038963317871094 -4.099999904632568
vertex 29.82479476928711 56.576297760009766 0
endloop
endfacet
facet normal -0.2087785239254128 -0.9779629481465674 0
outer loop
vertex 30.45258331298828 53.2445068359375 0
vertex 30.45258331298828 53.2445068359375 -4.099999904632568
vertex 30.957717895507812 53.13666915893555 0
endloop
endfacet
facet normal -0.9827073681863425 -0.18516540851971364 0
outer loop
vertex 29.82479476928711 56.576297760009766 0
vertex 30.45258331298828 53.2445068359375 -4.099999904632568
vertex 30.45258331298828 53.2445068359375 0
endloop
endfacet
facet normal 0 0 1
outer loop
vertex -33.14629364013672 -69.66863250732422 -4.099999904632568
vertex -32.446292877197266 -74.66863250732422 -4.099999904632568
vertex -32.446292877197266 -46.968631744384766 -4.099999904632568
endloop
endfacet
facet normal 0.9999795235203176 0.006399417167110576 0
outer loop
vertex -33.11750411987305 -74.16731262207031 -4.099999904632568
vertex -33.14629364013672 -69.66863250732422 -4.099999904632568
vertex -33.11750411987305 -74.16731262207031 0
endloop
endfacet
facet normal 0.15970987328594116 0.9871639966970983 0
outer loop
vertex -32.446292877197266 -74.66863250732422 -4.099999904632568
vertex -32.666988372802734 -74.63292694091797 -4.099999904632568
vertex -32.666988372802734 -74.63292694091797 0
endloop
endfacet
facet normal 0.4627549341222081 0.8864862497216474 0
outer loop
vertex -32.666988372802734 -74.63292694091797 -4.099999904632568
vertex -32.86517333984375 -74.52947235107422 -4.099999904632568
vertex -32.86517333984375 -74.52947235107422 0
endloop
endfacet
facet normal -0.8078875399337097 -0.5893366803617934 0
outer loop
vertex 29.30525779724121 57.45219421386719 -4.099999904632568
vertex 29.606700897216797 57.038963317871094 -4.099999904632568
vertex 29.606700897216797 57.038963317871094 0
endloop
endfacet
facet normal -0.9045406418227865 -0.42638741455491075 0
outer loop
vertex 29.606700897216797 57.038963317871094 -4.099999904632568
vertex 29.82479476928711 56.576297760009766 -4.099999904632568
vertex 29.82479476928711 56.576297760009766 0
endloop
endfacet
facet normal -0.9827073681863425 -0.18516540851971364 0
outer loop
vertex 29.82479476928711 56.576297760009766 -4.099999904632568
vertex 30.45258331298828 53.2445068359375 -4.099999904632568
vertex 29.82479476928711 56.576297760009766 0
endloop
endfacet
facet normal -0.2087785239254128 -0.9779629481465674 0
outer loop
vertex 30.45258331298828 53.2445068359375 -4.099999904632568
vertex 30.957717895507812 53.13666915893555 -4.099999904632568
vertex 30.957717895507812 53.13666915893555 0
endloop
endfacet
facet normal 0.7186813535557982 0.6953395660044133 0
outer loop
vertex -32.86517333984375 -74.52947235107422 -4.099999904632568
vertex -33.0206298828125 -74.3687973022461 -4.099999904632568
vertex -33.0206298828125 -74.3687973022461 0
endloop
endfacet
facet normal 0.9012408915945318 0.43331842254616104 0
outer loop
vertex -33.0206298828125 -74.3687973022461 -4.099999904632568
vertex -33.11750411987305 -74.16731262207031 -4.099999904632568
vertex -33.11750411987305 -74.16731262207031 0
endloop
endfacet
facet normal 0 0 1
outer loop
vertex -33.11750411987305 -74.16731262207031 -4.099999904632568
vertex -32.446292877197266 -74.66863250732422 -4.099999904632568
vertex -33.14629364013672 -69.66863250732422 -4.099999904632568
endloop
endfacet
facet normal 0 0 1
outer loop
vertex -32.86517333984375 -74.52947235107422 -4.099999904632568
vertex -33.11750411987305 -74.16731262207031 -4.099999904632568
vertex -33.0206298828125 -74.3687973022461 -4.099999904632568
endloop
endfacet
facet normal -0.9644890462645895 0.26412284951443077 0
outer loop
vertex 21.249710083007812 -74.04332733154297 0
vertex 21.249710083007812 -74.04332733154297 -4.099999904632568
vertex 21.19066047668457 -74.25895690917969 0
endloop
endfacet
facet normal 0 0 1
outer loop
vertex -33.11750411987305 -74.16731262207031 -4.099999904632568
vertex -32.666988372802734 -74.63292694091797 -4.099999904632568
vertex -32.446292877197266 -74.66863250732422 -4.099999904632568
endloop
endfacet
facet normal 0 0 1
outer loop
vertex -33.11750411987305 -74.16731262207031 -4.099999904632568
vertex -32.86517333984375 -74.52947235107422 -4.099999904632568
vertex -32.666988372802734 -74.63292694091797 -4.099999904632568
endloop
endfacet
facet normal -0.8320306056279803 0.5547297281544737 0
outer loop
vertex 21.19066047668457 -74.25895690917969 0
vertex 21.19066047668457 -74.25895690917969 -4.099999904632568
vertex 21.06664276123047 -74.4449691772461 0
endloop
endfacet
facet normal -0.6146851494158223 0.7887725699386662 0
outer loop
vertex 21.06664276123047 -74.4449691772461 0
vertex 21.06664276123047 -74.4449691772461 -4.099999904632568
vertex 20.890302658081055 -74.58238983154297 0
endloop
endfacet
facet normal -0.9833516656027924 -0.18171269013531763 0
outer loop
vertex 58.10139083862305 39.71832275390625 -4.099999904632568
vertex 58.1943359375 39.2153434753418 -4.099999904632568
vertex 58.1943359375 39.2153434753418 0
endloop
endfacet
facet normal -0.9404610192171853 -0.33990156123938753 0
outer loop
vertex 57.0198974609375 42.71066665649414 -4.099999904632568
vertex 58.10139083862305 39.71832275390625 -4.099999904632568
vertex 58.10139083862305 39.71832275390625 0
endloop
endfacet
facet normal -0.6917850369127471 0.7221034986091879 0
outer loop
vertex 57.0198974609375 42.71066665649414 -4.099999904632568
vertex 57.0198974609375 42.71066665649414 0
vertex 58.10889434814453 43.75394058227539 -4.099999904632568
endloop
endfacet
facet normal 0 0 1
outer loop
vertex 30.45258331298828 53.2445068359375 -4.099999904632568
vertex 43.65370559692383 31.765031814575195 -4.099999904632568
vertex 30.957717895507812 53.13666915893555 -4.099999904632568
endloop
endfacet
facet normal 0 0 1
outer loop
vertex 58.10889434814453 43.75394058227539 -4.099999904632568
vertex 44.54806900024414 61.20404052734375 -4.099999904632568
vertex 46.03019332885742 58.622642517089844 -4.099999904632568
endloop
endfacet
facet normal -0.6822271016865871 -0.7311403297071769 0
outer loop
vertex 28.931285858154297 57.8011474609375 -4.099999904632568
vertex 29.30525779724121 57.45219421386719 -4.099999904632568
vertex 29.30525779724121 57.45219421386719 0
endloop
endfacet
facet normal 0 0 1
outer loop
vertex 44.54806900024414 61.20404052734375 -4.099999904632568
vertex 58.10889434814453 43.75394058227539 -4.099999904632568
vertex 44.36918258666992 61.683231353759766 -4.099999904632568
endloop
endfacet
facet normal 0.17323526990981317 -0.984880470544154 0
outer loop
vertex 27.007017135620117 58.34709167480469 0
vertex 10.11180305480957 55.37531280517578 -4.099999904632568
vertex 27.007017135620117 58.34709167480469 -4.099999904632568
endloop
endfacet
facet normal 0 0 1
outer loop
vertex 44.36918258666992 61.683231353759766 -4.099999904632568
vertex 58.10889434814453 43.75394058227539 -4.099999904632568
vertex 44.28388977050781 62.187564849853516 -4.099999904632568
endloop
endfacet
facet normal 0 0 1
outer loop
vertex 44.28388977050781 62.187564849853516 -4.099999904632568
vertex 58.10889434814453 43.75394058227539 -4.099999904632568
vertex 44.295249938964844 62.69893264770508 -4.099999904632568
endloop
endfacet
facet normal 0 0 1
outer loop
vertex 44.295249938964844 62.69893264770508 -4.099999904632568
vertex 58.10889434814453 43.75394058227539 -4.099999904632568
vertex 44.40285110473633 63.198978424072266 -4.099999904632568
endloop
endfacet
facet normal 0 0 1
outer loop
vertex 44.40285110473633 63.198978424072266 -4.099999904632568
vertex 58.10889434814453 43.75394058227539 -4.099999904632568
vertex 44.60283279418945 63.66975402832031 -4.099999904632568
endloop
endfacet
facet normal 0 0 1
outer loop
vertex 44.60283279418945 63.66975402832031 -4.099999904632568
vertex 58.10889434814453 43.75394058227539 -4.099999904632568
vertex 44.88801956176758 64.09436798095703 -4.099999904632568
endloop
endfacet
facet normal 0 0 1
outer loop
vertex 44.88801956176758 64.09436798095703 -4.099999904632568
vertex 58.10889434814453 43.75394058227539 -4.099999904632568
vertex 45.248172760009766 64.45756530761719 -4.099999904632568
endloop
endfacet
facet normal 0 0 1
outer loop
vertex 46.03019332885742 58.622642517089844 -4.099999904632568
vertex 57.0198974609375 42.71066665649414 -4.099999904632568
vertex 58.10889434814453 43.75394058227539 -4.099999904632568
endloop
endfacet
facet normal -0.9807046824881214 0.19549507857200205 0
outer loop
vertex 58.19074630737305 38.70386505126953 0
vertex 58.19074630737305 38.70386505126953 -4.099999904632568
vertex 58.09075164794922 38.202239990234375 0
endloop
endfacet
facet normal -0.9999753737248419 0.00701797291693138 0
outer loop
vertex 58.1943359375 39.2153434753418 0
vertex 58.1943359375 39.2153434753418 -4.099999904632568
vertex 58.19074630737305 38.70386505126953 0
endloop
endfacet
facet normal -0.9833516656027924 -0.18171269013531763 0
outer loop
vertex 58.10139083862305 39.71832275390625 0
vertex 58.10139083862305 39.71832275390625 -4.099999904632568
vertex 58.1943359375 39.2153434753418 0
endloop
endfacet
facet normal -0.9404610192171853 -0.33990156123938753 0
outer loop
vertex 57.0198974609375 42.71066665649414 0
vertex 57.0198974609375 42.71066665649414 -4.099999904632568
vertex 58.10139083862305 39.71832275390625 0
endloop
endfacet
facet normal -0.6917850369127471 0.7221034986091879 0
outer loop
vertex 57.0198974609375 42.71066665649414 0
vertex 58.10889434814453 43.75394058227539 0
vertex 58.10889434814453 43.75394058227539 -4.099999904632568
endloop
endfacet
facet normal -0.3346723521895801 0.9423345566622789 0
outer loop
vertex 20.890302658081055 -74.58238983154297 0
vertex 20.890302658081055 -74.58238983154297 -4.099999904632568
vertex 20.679628372192383 -74.65721130371094 0
endloop
endfacet
facet normal -0.09033036240854553 0.9959118563543365 0
outer loop
vertex 20.679628372192383 -74.65721130371094 0
vertex 20.679628372192383 -74.65721130371094 -4.099999904632568
vertex 20.553707122802734 -74.66863250732422 0
endloop
endfacet
facet normal 0.1655502120715564 0.986201362442307 0
outer loop
vertex -73.239013671875 -69.66148376464844 0
vertex -73.239013671875 -69.66148376464844 -4.099999904632568
vertex -73.74345397949219 -69.5768051147461 0
endloop
endfacet
facet normal 0.9862011580426473 -0.1655514296988746 0
outer loop
vertex -75.73914337158203 54.349090576171875 0
vertex -75.73914337158203 54.349090576171875 -4.099999904632568
vertex -75.65446472167969 54.8535270690918 0
endloop
endfacet
facet normal 0 -1 0
outer loop
vertex -32.34629440307617 52.10636901855469 0
vertex -32.34629440307617 52.10636901855469 -4.099999904632568
vertex -13.996293067932129 52.10636901855469 0
endloop
endfacet
facet normal 0.00017866841714766555 0.9999999840387982 0
outer loop
vertex -73.239013671875 -69.66148376464844 0
vertex -70.03640747070312 -69.66205596923828 0
vertex -70.03640747070312 -69.66205596923828 -4.099999904632568
endloop
endfacet
facet normal 0 0 1
outer loop
vertex 20.553707122802734 -46.968631744384766 -4.099999904632568
vertex 20.553707122802734 -74.66863250732422 -4.099999904632568
vertex 21.253705978393555 -69.66863250732422 -4.099999904632568
endloop
endfacet
facet normal -0.9999995828402224 0.0009134108502137539 0
outer loop
vertex 21.253705978393555 -69.66863250732422 -4.099999904632568
vertex 21.249710083007812 -74.04332733154297 -4.099999904632568
vertex 21.249710083007812 -74.04332733154297 0
endloop
endfacet
facet normal -0.9644890462645895 0.26412284951443077 0
outer loop
vertex 21.249710083007812 -74.04332733154297 -4.099999904632568
vertex 21.19066047668457 -74.25895690917969 -4.099999904632568
vertex 21.19066047668457 -74.25895690917969 0
endloop
endfacet
facet normal -0.8320306056279803 0.5547297281544737 0
outer loop
vertex 21.19066047668457 -74.25895690917969 -4.099999904632568
vertex 21.06664276123047 -74.4449691772461 -4.099999904632568
vertex 21.06664276123047 -74.4449691772461 0
endloop
endfacet
facet normal -0.6146851494158223 0.7887725699386662 0
outer loop
vertex 21.06664276123047 -74.4449691772461 -4.099999904632568
vertex 20.890302658081055 -74.58238983154297 -4.099999904632568
vertex 20.890302658081055 -74.58238983154297 0
endloop
endfacet
facet normal -0.3346723521895801 0.9423345566622789 0
outer loop
vertex 20.890302658081055 -74.58238983154297 -4.099999904632568
vertex 20.679628372192383 -74.65721130371094 -4.099999904632568
vertex 20.679628372192383 -74.65721130371094 0
endloop
endfacet
facet normal -0.09033036240854553 0.9959118563543365 0
outer loop
vertex 20.679628372192383 -74.65721130371094 -4.099999904632568
vertex 20.553707122802734 -74.66863250732422 -4.099999904632568
vertex 20.553707122802734 -74.66863250732422 0
endloop
endfacet
facet normal 0 0 1
outer loop
vertex 21.253705978393555 -69.66863250732422 -4.099999904632568
vertex 20.679628372192383 -74.65721130371094 -4.099999904632568
vertex 21.249710083007812 -74.04332733154297 -4.099999904632568
endloop
endfacet
facet normal 0.8672225383082249 0.49792074575201145 0
outer loop
vertex 46.03019332885742 58.622642517089844 -4.099999904632568
vertex 44.54806900024414 61.20404052734375 -4.099999904632568
vertex 44.54806900024414 61.20404052734375 0
endloop
endfacet
facet normal 0.9368488782406741 0.3497344411681394 0
outer loop
vertex 44.54806900024414 61.20404052734375 -4.099999904632568
vertex 44.36918258666992 61.683231353759766 -4.099999904632568
vertex 44.36918258666992 61.683231353759766 0
endloop
endfacet
facet normal 0 0 1
outer loop
vertex 20.553707122802734 -74.66863250732422 -4.099999904632568
vertex 20.679628372192383 -74.65721130371094 -4.099999904632568
vertex 21.253705978393555 -69.66863250732422 -4.099999904632568
endloop
endfacet
facet normal 0.9859988690394956 0.1667520022453564 0
outer loop
vertex 44.36918258666992 61.683231353759766 -4.099999904632568
vertex 44.28388977050781 62.187564849853516 -4.099999904632568
vertex 44.28388977050781 62.187564849853516 0
endloop
endfacet
facet normal 0 0 1
outer loop
vertex 21.249710083007812 -74.04332733154297 -4.099999904632568
vertex 21.06664276123047 -74.4449691772461 -4.099999904632568
vertex 21.19066047668457 -74.25895690917969 -4.099999904632568
endloop
endfacet
facet normal 0 0 1
outer loop
vertex 21.249710083007812 -74.04332733154297 -4.099999904632568
vertex 20.890302658081055 -74.58238983154297 -4.099999904632568
vertex 21.06664276123047 -74.4449691772461 -4.099999904632568
endloop
endfacet
facet normal 0.9997533324144939 -0.02220977996546387 0
outer loop
vertex 44.28388977050781 62.187564849853516 -4.099999904632568
vertex 44.295249938964844 62.69893264770508 -4.099999904632568
vertex 44.295249938964844 62.69893264770508 0
endloop
endfacet
facet normal 0.9776224082146187 -0.21036736190923186 0
outer loop
vertex 44.295249938964844 62.69893264770508 -4.099999904632568
vertex 44.40285110473633 63.198978424072266 -4.099999904632568
vertex 44.40285110473633 63.198978424072266 0
endloop
endfacet
facet normal 0 0 1
outer loop
vertex 20.679628372192383 -74.65721130371094 -4.099999904632568
vertex 20.890302658081055 -74.58238983154297 -4.099999904632568
vertex 21.249710083007812 -74.04332733154297 -4.099999904632568
endloop
endfacet
facet normal 0.9648257522507603 0.26289022004204454 0
outer loop
vertex -75.57212829589844 -67.92191314697266 0
vertex -75.57212829589844 -67.92191314697266 -4.099999904632568
vertex -75.70659637451172 -67.42840576171875 0
endloop
endfacet
facet normal 0.8979284672578856 0.44014141782829763 0
outer loop
vertex -75.34700012207031 -68.38119506835938 0
vertex -75.34700012207031 -68.38119506835938 -4.099999904632568
vertex -75.57212829589844 -67.92191314697266 0
endloop
endfacet
facet normal 0.920399834451238 -0.3909784453676876 0
outer loop
vertex 44.40285110473633 63.198978424072266 -4.099999904632568
vertex 44.60283279418945 63.66975402832031 -4.099999904632568
vertex 44.60283279418945 63.66975402832031 0
endloop
endfacet
facet normal 0.798800943686943 0.6015954224932643 0
outer loop
vertex -75.03929138183594 -68.7897720336914 0
vertex -75.03929138183594 -68.7897720336914 -4.099999904632568
vertex -75.34700012207031 -68.38119506835938 0
endloop
endfacet
facet normal 0.9962936872248852 0.08601679368497075 0
outer loop
vertex -75.70659637451172 -67.42840576171875 0
vertex -75.70659637451172 -67.42840576171875 -4.099999904632568
vertex -75.74629211425781 -66.9686279296875 0
endloop
endfacet
facet normal -0.5017976926439133 0.8649850147009743 0
outer loop
vertex 58.10889434814453 43.75394058227539 -4.099999904632568
vertex 58.10889434814453 43.75394058227539 0
vertex 74.65926361083984 53.35519027709961 0
endloop
endfacet
facet normal -0.9368439909865003 -0.34974753258956126 0
outer loop
vertex 75.35932922363281 56.60872268676758 -4.099999904632568
vertex 75.53822326660156 56.12953186035156 -4.099999904632568
vertex 75.53822326660156 56.12953186035156 0
endloop
endfacet
facet normal 0.8301407521636831 -0.5575538822366091 0
outer loop
vertex 44.60283279418945 63.66975402832031 -4.099999904632568
vertex 44.88801956176758 64.09436798095703 -4.099999904632568
vertex 44.88801956176758 64.09436798095703 0
endloop
endfacet
facet normal 0.710076262042044 -0.7041247773544108 0
outer loop
vertex 44.88801956176758 64.09436798095703 -4.099999904632568
vertex 45.248172760009766 64.45756530761719 -4.099999904632568
vertex 45.248172760009766 64.45756530761719 0
endloop
endfacet
facet normal -0.9859974354035226 -0.1667604790640644 0
outer loop
vertex 75.53822326660156 56.12953186035156 -4.099999904632568
vertex 75.62351989746094 55.62520217895508 -4.099999904632568
vertex 75.62351989746094 55.62520217895508 0
endloop
endfacet
facet normal -0.9997536635006576 0.022194871412421727 0
outer loop
vertex 75.62351989746094 55.62520217895508 -4.099999904632568
vertex 75.61216735839844 55.113834381103516 -4.099999904632568
vertex 75.61216735839844 55.113834381103516 0
endloop
endfacet
facet normal 0.5645365910785816 -0.825408042929904 0
outer loop
vertex 45.248172760009766 64.45756530761719 -4.099999904632568
vertex 45.67036437988281 64.74632263183594 -4.099999904632568
vertex 45.67036437988281 64.74632263183594 0
endloop
endfacet
facet normal 0.40801602249992475 -0.9129747671120713 0
outer loop
vertex 45.67036437988281 64.74632263183594 -4.099999904632568
vertex 46.08426284790039 64.9312973022461 -4.099999904632568
vertex 46.08426284790039 64.9312973022461 0
endloop
endfacet
facet normal 0 0 1
outer loop
vertex 45.248172760009766 64.45756530761719 -4.099999904632568
vertex 58.10889434814453 43.75394058227539 -4.099999904632568
vertex 45.67036437988281 64.74632263183594 -4.099999904632568
endloop
endfacet
facet normal -0.9776239419989403 0.21036023395702078 0
outer loop
vertex 75.61216735839844 55.113834381103516 -4.099999904632568
vertex 75.50457000732422 54.61378860473633 -4.099999904632568
vertex 75.50457000732422 54.61378860473633 0
endloop
endfacet
facet normal -0.9204074819608066 0.39096044192548113 0
outer loop
vertex 75.50457000732422 54.61378860473633 -4.099999904632568
vertex 75.30459594726562 54.14300537109375 -4.099999904632568
vertex 75.30459594726562 54.14300537109375 0
endloop
endfacet
facet normal -0.8301384337268229 0.5575573341366582 0
outer loop
vertex 75.30459594726562 54.14300537109375 -4.099999904632568
vertex 75.0194091796875 53.7183952331543 -4.099999904632568
vertex 75.0194091796875 53.7183952331543 0
endloop
endfacet
facet normal -0.7100911148493227 0.7041097986905491 0
outer loop
vertex 75.0194091796875 53.7183952331543 -4.099999904632568
vertex 74.65926361083984 53.35519027709961 -4.099999904632568
vertex 74.65926361083984 53.35519027709961 0
endloop
endfacet
facet normal -0.5017976926439133 0.8649850147009743 0
outer loop
vertex 74.65926361083984 53.35519027709961 -4.099999904632568
vertex 58.10889434814453 43.75394058227539 -4.099999904632568
vertex 74.65926361083984 53.35519027709961 0
endloop
endfacet
facet normal 0 0 1
outer loop
vertex 75.35932922363281 56.60872268676758 -4.099999904632568
vertex 75.62351989746094 55.62520217895508 -4.099999904632568
vertex 75.53822326660156 56.12953186035156 -4.099999904632568
endloop
endfacet
facet normal 0 0 1
outer loop
vertex 46.08426284790039 64.9312973022461 -4.099999904632568
vertex 45.67036437988281 64.74632263183594 -4.099999904632568
vertex 58.10889434814453 43.75394058227539 -4.099999904632568
endloop
endfacet
facet normal 0 0 1
outer loop
vertex 62.2513542175293 74.31199645996094 -4.099999904632568
vertex 46.08426284790039 64.9312973022461 -4.099999904632568
vertex 58.10889434814453 43.75394058227539 -4.099999904632568
endloop
endfacet
facet normal 0 0 1
outer loop
vertex 75.35932922363281 56.60872268676758 -4.099999904632568
vertex 75.61216735839844 55.113834381103516 -4.099999904632568
vertex 75.62351989746094 55.62520217895508 -4.099999904632568
endloop
endfacet
facet normal 0 0 1
outer loop
vertex 75.35932922363281 56.60872268676758 -4.099999904632568
vertex 75.50457000732422 54.61378860473633 -4.099999904632568
vertex 75.61216735839844 55.113834381103516 -4.099999904632568
endloop
endfacet
facet normal 0 0 1
outer loop
vertex 75.35932922363281 56.60872268676758 -4.099999904632568
vertex 75.30459594726562 54.14300537109375 -4.099999904632568
vertex 75.50457000732422 54.61378860473633 -4.099999904632568
endloop
endfacet
facet normal 0.5018696539389607 -0.8649432642984094 0
outer loop
vertex 46.08426284790039 64.9312973022461 -4.099999904632568
vertex 62.2513542175293 74.31199645996094 -4.099999904632568
vertex 46.08426284790039 64.9312973022461 0
endloop
endfacet
facet normal 0 0 1
outer loop
vertex 75.35932922363281 56.60872268676758 -4.099999904632568
vertex 75.0194091796875 53.7183952331543 -4.099999904632568
vertex 75.30459594726562 54.14300537109375 -4.099999904632568
endloop
endfacet
facet normal 0 0 1
outer loop
vertex 75.35932922363281 56.60872268676758 -4.099999904632568
vertex 74.65926361083984 53.35519027709961 -4.099999904632568
vertex 75.0194091796875 53.7183952331543 -4.099999904632568
endloop
endfacet
facet normal 0 0 1
outer loop
vertex 58.10889434814453 43.75394058227539 -4.099999904632568
vertex 74.65926361083984 53.35519027709961 -4.099999904632568
vertex 75.35932922363281 56.60872268676758 -4.099999904632568
endloop
endfacet
facet normal 0.5018696539389607 -0.8649432642984094 0
outer loop
vertex 46.08426284790039 64.9312973022461 0
vertex 62.2513542175293 74.31199645996094 -4.099999904632568
vertex 62.2513542175293 74.31199645996094 0
endloop
endfacet
facet normal 0.8672225383082249 0.49792074575201145 0
outer loop
vertex 46.03019332885742 58.622642517089844 0
vertex 46.03019332885742 58.622642517089844 -4.099999904632568
vertex 44.54806900024414 61.20404052734375 0
endloop
endfacet
facet normal 0 0 1
outer loop
vertex -58.03641128540039 -69.4686279296875 -4.099999904632568
vertex -58.03641128540039 -69.66419219970703 -4.099999904632568
vertex -33.14629364013672 -69.66863250732422 -4.099999904632568
endloop
endfacet
facet normal 0.00017839640655034956 0.9999999840873609 0
outer loop
vertex -33.14629364013672 -69.66863250732422 -4.099999904632568
vertex -58.03641128540039 -69.66419219970703 -4.099999904632568
vertex -58.03641128540039 -69.66419219970703 0
endloop
endfacet
facet normal 0 0 1
outer loop
vertex -69.72775268554688 -69.0066909790039 -4.099999904632568
vertex -32.446292877197266 -46.968631744384766 -4.099999904632568
vertex -73.239013671875 -69.66148376464844 -4.099999904632568
endloop
endfacet
facet normal 0 0 1
outer loop
vertex -69.53640747070312 -68.9686279296875 -4.099999904632568
vertex -32.446292877197266 -46.968631744384766 -4.099999904632568
vertex -69.72775268554688 -69.0066909790039 -4.099999904632568
endloop
endfacet
facet normal 0 0 1
outer loop
vertex -32.446292877197266 -46.968631744384766 -4.099999904632568
vertex -69.53640747070312 -68.9686279296875 -4.099999904632568
vertex -58.53641128540039 -68.9686279296875 -4.099999904632568
endloop
endfacet
facet normal 0 0 1
outer loop
vertex -32.446292877197266 -46.968631744384766 -4.099999904632568
vertex -58.53641128540039 -68.9686279296875 -4.099999904632568
vertex -58.345069885253906 -69.0066909790039 -4.099999904632568
endloop
endfacet
facet normal 0 0 1
outer loop
vertex -58.182857513427734 -69.11507415771484 -4.099999904632568
vertex -58.07447052001953 -69.27729034423828 -4.099999904632568
vertex -32.446292877197266 -46.968631744384766 -4.099999904632568
endloop
endfacet
facet normal 0 0 1
outer loop
vertex -32.446292877197266 -46.968631744384766 -4.099999904632568
vertex -58.345069885253906 -69.0066909790039 -4.099999904632568
vertex -58.182857513427734 -69.11507415771484 -4.099999904632568
endloop
endfacet
facet normal 0.17323526990981317 -0.984880470544154 0
outer loop
vertex 10.11180305480957 55.37531280517578 0
vertex 10.11180305480957 55.37531280517578 -4.099999904632568
vertex 27.007017135620117 58.34709167480469 0
endloop
endfacet
facet normal 0 0 1
outer loop
vertex -58.07447052001953 -69.27729034423828 -4.099999904632568
vertex -58.03641128540039 -69.4686279296875 -4.099999904632568
vertex -32.446292877197266 -46.968631744384766 -4.099999904632568
endloop
endfacet
facet normal 0 0 1
outer loop
vertex -32.446292877197266 -46.968631744384766 -4.099999904632568
vertex -58.03641128540039 -69.4686279296875 -4.099999904632568
vertex -33.14629364013672 -69.66863250732422 -4.099999904632568
endloop
endfacet
facet normal -0.8233475231252607 -0.5675375372285943 0
outer loop
vertex 9.696703910827637 55.97751235961914 0
vertex 10.11180305480957 55.37531280517578 -4.099999904632568
vertex 10.11180305480957 55.37531280517578 0
endloop
endfacet
facet normal 0.40801602249992475 -0.9129747671120713 0
outer loop
vertex 45.67036437988281 64.74632263183594 0
vertex 45.67036437988281 64.74632263183594 -4.099999904632568
vertex 46.08426284790039 64.9312973022461 0
endloop
endfacet
facet normal 0.5645365910785816 -0.825408042929904 0
outer loop
vertex 45.248172760009766 64.45756530761719 0
vertex 45.248172760009766 64.45756530761719 -4.099999904632568
vertex 45.67036437988281 64.74632263183594 0
endloop
endfacet
facet normal 0.710076262042044 -0.7041247773544108 0
outer loop
vertex 44.88801956176758 64.09436798095703 0
vertex 44.88801956176758 64.09436798095703 -4.099999904632568
vertex 45.248172760009766 64.45756530761719 0
endloop
endfacet
facet normal 0.8301407521636831 -0.5575538822366091 0
outer loop
vertex 44.60283279418945 63.66975402832031 0
vertex 44.60283279418945 63.66975402832031 -4.099999904632568
vertex 44.88801956176758 64.09436798095703 0
endloop
endfacet
facet normal 0.920399834451238 -0.3909784453676876 0
outer loop
vertex 44.40285110473633 63.198978424072266 0
vertex 44.40285110473633 63.198978424072266 -4.099999904632568
vertex 44.60283279418945 63.66975402832031 0
endloop
endfacet
facet normal 0.9776224082146187 -0.21036736190923186 0
outer loop
vertex 44.295249938964844 62.69893264770508 0
vertex 44.295249938964844 62.69893264770508 -4.099999904632568
vertex 44.40285110473633 63.198978424072266 0
endloop
endfacet
facet normal 0.9997533324144939 -0.02220977996546387 0
outer loop
vertex 44.28388977050781 62.187564849853516 0
vertex 44.28388977050781 62.187564849853516 -4.099999904632568
vertex 44.295249938964844 62.69893264770508 0
endloop
endfacet
facet normal 0.00017839640655034956 0.9999999840873609 0
outer loop
vertex -33.14629364013672 -69.66863250732422 -4.099999904632568
vertex -58.03641128540039 -69.66419219970703 0
vertex -33.14629364013672 -69.66863250732422 0
endloop
endfacet
facet normal 0.9859988690394956 0.1667520022453564 0
outer loop
vertex 44.36918258666992 61.683231353759766 0
vertex 44.36918258666992 61.683231353759766 -4.099999904632568
vertex 44.28388977050781 62.187564849853516 0
endloop
endfacet
facet normal 0.9999999982638755 -0.00005892579213830892 0
outer loop
vertex -75.74629211425781 -66.9686279296875 0
vertex -75.74629211425781 -66.9686279296875 -4.099999904632568
vertex -75.73914337158203 54.349090576171875 0
endloop
endfacet
facet normal 0.9368488782406741 0.3497344411681394 0
outer loop
vertex 44.54806900024414 61.20404052734375 0
vertex 44.54806900024414 61.20404052734375 -4.099999904632568
vertex 44.36918258666992 61.683231353759766 0
endloop
endfacet
facet normal 0 0 1
outer loop
vertex -11.296293258666992 56.85636901855469 -4.099999904632568
vertex 10.11180305480957 55.37531280517578 -4.099999904632568
vertex 7.896429538726807 56.849220275878906 -4.099999904632568
endloop
endfacet
facet normal 0 0 1
outer loop
vertex 7.896429538726807 56.849220275878906 -4.099999904632568
vertex 10.11180305480957 55.37531280517578 -4.099999904632568
vertex 8.400864601135254 56.76454162597656 -4.099999904632568
endloop
endfacet
facet normal 0 0 1
outer loop
vertex 8.400864601135254 56.76454162597656 -4.099999904632568
vertex 10.11180305480957 55.37531280517578 -4.099999904632568
vertex 8.880274772644043 56.58624267578125 -4.099999904632568
endloop
endfacet
facet normal 0 0 1
outer loop
vertex 9.317452430725098 56.32072067260742 -4.099999904632568
vertex 8.880274772644043 56.58624267578125 -4.099999904632568
vertex 9.696703910827637 55.97751235961914 -4.099999904632568
endloop
endfacet
facet normal 0 0 1
outer loop
vertex 9.696703910827637 55.97751235961914 -4.099999904632568
vertex 8.880274772644043 56.58624267578125 -4.099999904632568
vertex 10.11180305480957 55.37531280517578 -4.099999904632568
endloop
endfacet
facet normal -0.5191105639557496 -0.8547070974255119 0
outer loop
vertex 8.880274772644043 56.58624267578125 0
vertex 8.880274772644043 56.58624267578125 -4.099999904632568
vertex 9.317452430725098 56.32072067260742 0
endloop
endfacet
facet normal -0.3485856252882852 -0.9372769397794737 0
outer loop
vertex 8.400864601135254 56.76454162597656 0
vertex 8.400864601135254 56.76454162597656 -4.099999904632568
vertex 8.880274772644043 56.58624267578125 0
endloop
endfacet
facet normal -0.6709950462216471 -0.74146183175266 0
outer loop
vertex 9.317452430725098 56.32072067260742 0
vertex 9.317452430725098 56.32072067260742 -4.099999904632568
vertex 9.696703910827637 55.97751235961914 0
endloop
endfacet
facet normal -0.16555188631367165 -0.986201081391612 0
outer loop
vertex 7.896429538726807 56.849220275878906 0
vertex 7.896429538726807 56.849220275878906 -4.099999904632568
vertex 8.400864601135254 56.76454162597656 0
endloop
endfacet
facet normal -0.0003724714963768197 -0.9999999306324898 0
outer loop
vertex 7.896429538726807 56.849220275878906 0
vertex -11.296293258666992 56.85636901855469 -4.099999904632568
vertex 7.896429538726807 56.849220275878906 -4.099999904632568
endloop
endfacet
facet normal -0.16555188631367165 -0.986201081391612 0
outer loop
vertex 7.896429538726807 56.849220275878906 -4.099999904632568
vertex 8.400864601135254 56.76454162597656 -4.099999904632568
vertex 8.400864601135254 56.76454162597656 0
endloop
endfacet
facet normal -0.8233475231252607 -0.5675375372285943 0
outer loop
vertex 9.696703910827637 55.97751235961914 -4.099999904632568
vertex 10.11180305480957 55.37531280517578 -4.099999904632568
vertex 9.696703910827637 55.97751235961914 0
endloop
endfacet
facet normal -0.6709950462216471 -0.74146183175266 0
outer loop
vertex 9.317452430725098 56.32072067260742 -4.099999904632568
vertex 9.696703910827637 55.97751235961914 -4.099999904632568
vertex 9.696703910827637 55.97751235961914 0
endloop
endfacet
facet normal -0.5191105639557496 -0.8547070974255119 0
outer loop
vertex 8.880274772644043 56.58624267578125 -4.099999904632568
vertex 9.317452430725098 56.32072067260742 -4.099999904632568
vertex 9.317452430725098 56.32072067260742 0
endloop
endfacet
facet normal 0 0 1
outer loop
vertex 62.65370559692383 28.031368255615234 -4.099999904632568
vertex 62.614009857177734 28.49114418029785 -4.099999904632568
vertex 62.64656066894531 -67.1613540649414 -4.099999904632568
endloop
endfacet
facet normal 0 1 0
outer loop
vertex 20.553707122802734 -74.9686279296875 0
vertex 17.803707122802734 -74.9686279296875 -6.699999809265137
vertex 17.72758674621582 -74.9686279296875 -6.31731653213501
endloop
endfacet
facet normal 0 1 0
outer loop
vertex 8.303707122802734 -74.9686279296875 -6.699999809265137
vertex -1.8136098384857178 -74.9686279296875 -5.776120662689209
vertex -2.196293354034424 -74.9686279296875 -5.699999809265137
endloop
endfacet
facet normal 0 1 0
outer loop
vertex -1.4891865253448486 -74.9686279296875 -5.992893218994141
vertex -1.8136098384857178 -74.9686279296875 -5.776120662689209
vertex 8.303707122802734 -74.9686279296875 -6.699999809265137
endloop
endfacet
facet normal 0 1 0
outer loop
vertex -0.946293294429779 -74.9686279296875 -8.199999809265137
vertex -1.1962933540344238 -74.9686279296875 -8.199999809265137
vertex -1.1962933540344238 -74.9686279296875 -6.699999809265137
endloop
endfacet
facet normal 0 1 0
outer loop
vertex 8.053707122802734 -74.9686279296875 -8.199999809265137
vertex -1.272413730621338 -74.9686279296875 -6.31731653213501
vertex -1.4891865253448486 -74.9686279296875 -5.992893218994141
endloop
endfacet
facet normal 0 1 0
outer loop
vertex 9.303707122802734 -74.9686279296875 -5.699999809265137
vertex -32.446292877197266 -74.9686279296875 0
vertex 20.553707122802734 -74.9686279296875 0
endloop
endfacet
facet normal 0 0 1
outer loop
vertex 20.553707122802734 -46.968631744384766 -8.199999809265137
vertex 8.053707122802734 -65.9686279296875 -8.199999809265137
vertex 18.053707122802734 -65.9686279296875 -8.199999809265137
endloop
endfacet
facet normal 0 1 0
outer loop
vertex 8.92102336883545 -74.9686279296875 -5.776120662689209
vertex -32.446292877197266 -74.9686279296875 0
vertex 9.303707122802734 -74.9686279296875 -5.699999809265137
endloop
endfacet
facet normal 0 1 0
outer loop
vertex 8.596599578857422 -74.9686279296875 -5.992893218994141
vertex -32.446292877197266 -74.9686279296875 0
vertex 8.92102336883545 -74.9686279296875 -5.776120662689209
endloop
endfacet
facet normal 0 0 1
outer loop
vertex -29.946292877197266 -65.9686279296875 -8.199999809265137
vertex -32.446292877197266 -46.968631744384766 -8.199999809265137
vertex -32.446292877197266 -74.9686279296875 -8.199999809265137
endloop
endfacet
facet normal 0 0 1
outer loop
vertex -29.946292877197266 -74.9686279296875 -8.199999809265137
vertex -29.946292877197266 -65.9686279296875 -8.199999809265137
vertex -32.446292877197266 -74.9686279296875 -8.199999809265137
endloop
endfacet
facet normal 0 1 0
outer loop
vertex 8.379827499389648 -74.9686279296875 -6.31731653213501
vertex -32.446292877197266 -74.9686279296875 0
vertex 8.596599578857422 -74.9686279296875 -5.992893218994141
endloop
endfacet
facet normal 0 1 0
outer loop
vertex 8.303707122802734 -74.9686279296875 -6.699999809265137
vertex -32.446292877197266 -74.9686279296875 0
vertex 8.379827499389648 -74.9686279296875 -6.31731653213501
endloop
endfacet
facet normal 0 1 0
outer loop
vertex -2.196293354034424 -74.9686279296875 -5.699999809265137
vertex -32.446292877197266 -74.9686279296875 0
vertex 8.303707122802734 -74.9686279296875 -6.699999809265137
endloop
endfacet
facet normal 0 0 1
outer loop
vertex 18.053707122802734 -65.9686279296875 -8.199999809265137
vertex 18.053707122802734 -74.9686279296875 -8.199999809265137
vertex 20.553707122802734 -74.9686279296875 -8.199999809265137
endloop
endfacet
facet normal 0 1 0
outer loop
vertex -2.196293354034424 -74.9686279296875 -5.699999809265137
vertex -9.696292877197266 -74.9686279296875 -5.699999809265137
vertex -32.446292877197266 -74.9686279296875 0
endloop
endfacet
facet normal 0 1 0
outer loop
vertex -9.696292877197266 -74.9686279296875 -5.699999809265137
vertex -10.07897663116455 -74.9686279296875 -5.776120662689209
vertex -32.446292877197266 -74.9686279296875 0
endloop
endfacet
facet normal 0 1 0
outer loop
vertex 18.053707122802734 -74.9686279296875 -8.199999809265137
vertex 17.803707122802734 -74.9686279296875 -6.699999809265137
vertex 20.553707122802734 -74.9686279296875 -8.199999809265137
endloop
endfacet
facet normal 0 1 0
outer loop
vertex 18.053707122802734 -74.9686279296875 -8.199999809265137
vertex 17.803707122802734 -74.9686279296875 -8.199999809265137
vertex 17.803707122802734 -74.9686279296875 -6.699999809265137
endloop
endfacet
facet normal 0 1 0
outer loop
vertex -10.07897663116455 -74.9686279296875 -5.776120662689209
vertex -10.403400421142578 -74.9686279296875 -5.992893218994141
vertex -32.446292877197266 -74.9686279296875 0
endloop
endfacet
facet normal 0 1 0
outer loop
vertex -10.403400421142578 -74.9686279296875 -5.992893218994141
vertex -10.620172500610352 -74.9686279296875 -6.31731653213501
vertex -32.446292877197266 -74.9686279296875 0
endloop
endfacet
facet normal 0 1 0
outer loop
vertex -10.620172500610352 -74.9686279296875 -6.31731653213501
vertex -10.696292877197266 -74.9686279296875 -6.699999809265137
vertex -32.446292877197266 -74.9686279296875 0
endloop
endfacet
facet normal 0 0 1
outer loop
vertex -32.446292877197266 -46.968631744384766 -8.199999809265137
vertex -29.946292877197266 -65.9686279296875 -8.199999809265137
vertex -19.946292877197266 -65.9686279296875 -8.199999809265137
endloop
endfacet
facet normal 0 0 1
outer loop
vertex -32.446292877197266 -46.968631744384766 -8.199999809265137
vertex -19.946292877197266 -65.9686279296875 -8.199999809265137
vertex -10.946292877197266 -65.9686279296875 -8.199999809265137
endloop
endfacet
facet normal 1 0 0
outer loop
vertex -32.446292877197266 -74.9686279296875 0
vertex -32.446292877197266 -74.66863250732422 -4.099999904632568
vertex -32.446292877197266 -74.66863250732422 0
endloop
endfacet
facet normal 1 0 0
outer loop
vertex -32.446292877197266 -74.9686279296875 0
vertex -32.446292877197266 -74.9686279296875 -8.199999809265137
vertex -32.446292877197266 -74.66863250732422 -4.099999904632568
endloop
endfacet
facet normal 0 1 0
outer loop
vertex -29.946292877197266 -74.9686279296875 -8.199999809265137
vertex -32.446292877197266 -74.9686279296875 -8.199999809265137
vertex -32.446292877197266 -74.9686279296875 0
endloop
endfacet
facet normal 1 0 0
outer loop
vertex -32.446292877197266 -74.9686279296875 -8.199999809265137
vertex -32.446292877197266 -46.968631744384766 -4.099999904632568
vertex -32.446292877197266 -74.66863250732422 -4.099999904632568
endloop
endfacet
facet normal 0 -1 0
outer loop
vertex -32.446292877197266 -46.968631744384766 -4.099999904632568
vertex -32.446292877197266 -46.968631744384766 -8.199999809265137
vertex 20.553707122802734 -46.968631744384766 -4.099999904632568
endloop
endfacet
facet normal 0 1 0
outer loop
vertex -19.946292877197266 -74.9686279296875 -8.199999809265137
vertex -29.946292877197266 -74.9686279296875 -8.199999809265137
vertex -32.446292877197266 -74.9686279296875 0
endloop
endfacet
facet normal 0 1 0
outer loop
vertex -19.946292877197266 -74.9686279296875 -8.199999809265137
vertex -32.446292877197266 -74.9686279296875 0
vertex -10.946292877197266 -74.9686279296875 -8.199999809265137
endloop
endfacet
facet normal 0 0 1
outer loop
vertex -32.446292877197266 -46.968631744384766 -8.199999809265137
vertex 8.053707122802734 -65.9686279296875 -8.199999809265137
vertex 20.553707122802734 -46.968631744384766 -8.199999809265137
endloop
endfacet
facet normal 0 1 0
outer loop
vertex -10.696292877197266 -74.9686279296875 -6.699999809265137
vertex -10.696292877197266 -74.9686279296875 -8.199999809265137
vertex -32.446292877197266 -74.9686279296875 0
endloop
endfacet
facet normal 1 0 0
outer loop
vertex -32.446292877197266 -46.968631744384766 -4.099999904632568
vertex -32.446292877197266 -74.9686279296875 -8.199999809265137
vertex -32.446292877197266 -46.968631744384766 -8.199999809265137
endloop
endfacet
facet normal 0 -1 0
outer loop
vertex 20.553707122802734 -46.968631744384766 -4.099999904632568
vertex -32.446292877197266 -46.968631744384766 -8.199999809265137
vertex 20.553707122802734 -46.968631744384766 -8.199999809265137
endloop
endfacet
facet normal 0 1 0
outer loop
vertex -10.696292877197266 -74.9686279296875 -8.199999809265137
vertex -10.946292877197266 -74.9686279296875 -8.199999809265137
vertex -32.446292877197266 -74.9686279296875 0
endloop
endfacet
facet normal -1 0 0
outer loop
vertex 20.553707122802734 -74.66863250732422 0
vertex 20.553707122802734 -74.66863250732422 -4.099999904632568
vertex 20.553707122802734 -74.9686279296875 0
endloop
endfacet
facet normal 0 1 0
outer loop
vertex 8.303707122802734 -74.9686279296875 -8.199999809265137
vertex -1.4891865253448486 -74.9686279296875 -5.992893218994141
vertex 8.303707122802734 -74.9686279296875 -6.699999809265137
endloop
endfacet
facet normal 0 0 1
outer loop
vertex -32.446292877197266 -46.968631744384766 -8.199999809265137
vertex -0.946293294429779 -65.9686279296875 -8.199999809265137
vertex 8.053707122802734 -65.9686279296875 -8.199999809265137
endloop
endfacet
facet normal 0 0 1
outer loop
vertex 20.553707122802734 -46.968631744384766 -8.199999809265137
vertex 18.053707122802734 -65.9686279296875 -8.199999809265137
vertex 20.553707122802734 -74.9686279296875 -8.199999809265137
endloop
endfacet
facet normal 0 0 1
outer loop
vertex 8.053707122802734 -65.9686279296875 -8.199999809265137
vertex -0.946293294429779 -74.9686279296875 -8.199999809265137
vertex 8.053707122802734 -74.9686279296875 -8.199999809265137
endloop
endfacet
facet normal 0 0 1
outer loop
vertex -32.446292877197266 -46.968631744384766 -8.199999809265137
vertex -10.946292877197266 -65.9686279296875 -8.199999809265137
vertex -0.946293294429779 -65.9686279296875 -8.199999809265137
endloop
endfacet
facet normal 0 1 0
outer loop
vertex 8.303707122802734 -74.9686279296875 -8.199999809265137
vertex 8.053707122802734 -74.9686279296875 -8.199999809265137
vertex -1.4891865253448486 -74.9686279296875 -5.992893218994141
endloop
endfacet
facet normal 0 0 1
outer loop
vertex -0.946293294429779 -65.9686279296875 -8.199999809265137
vertex -0.946293294429779 -74.9686279296875 -8.199999809265137
vertex 8.053707122802734 -65.9686279296875 -8.199999809265137
endloop
endfacet
facet normal 0 1 0
outer loop
vertex 8.053707122802734 -74.9686279296875 -8.199999809265137
vertex -1.1962933540344238 -74.9686279296875 -6.699999809265137
vertex -1.272413730621338 -74.9686279296875 -6.31731653213501
endloop
endfacet
facet normal 0 1 0
outer loop
vertex -1.1962933540344238 -74.9686279296875 -6.699999809265137
vertex 8.053707122802734 -74.9686279296875 -8.199999809265137
vertex -0.946293294429779 -74.9686279296875 -8.199999809265137
endloop
endfacet
facet normal 0 1 0
outer loop
vertex 20.553707122802734 -74.9686279296875 -8.199999809265137
vertex 17.803707122802734 -74.9686279296875 -6.699999809265137
vertex 20.553707122802734 -74.9686279296875 0
endloop
endfacet
facet normal -1 0 0
outer loop
vertex 20.553707122802734 -74.9686279296875 -8.199999809265137
vertex 20.553707122802734 -74.66863250732422 -4.099999904632568
vertex 20.553707122802734 -46.968631744384766 -4.099999904632568
endloop
endfacet
facet normal 0 0 1
outer loop
vertex -10.946292877197266 -65.9686279296875 -8.199999809265137
vertex -19.946292877197266 -74.9686279296875 -8.199999809265137
vertex -10.946292877197266 -74.9686279296875 -8.199999809265137
endloop
endfacet
facet normal -1 0 0
outer loop
vertex 20.553707122802734 -46.968631744384766 -4.099999904632568
vertex 20.553707122802734 -46.968631744384766 -8.199999809265137
vertex 20.553707122802734 -74.9686279296875 -8.199999809265137
endloop
endfacet
facet normal -1 0 0
outer loop
vertex 20.553707122802734 -74.66863250732422 -4.099999904632568
vertex 20.553707122802734 -74.9686279296875 -8.199999809265137
vertex 20.553707122802734 -74.9686279296875 0
endloop
endfacet
facet normal 0 0 1
outer loop
vertex -19.946292877197266 -65.9686279296875 -8.199999809265137
vertex -19.946292877197266 -74.9686279296875 -8.199999809265137
vertex -10.946292877197266 -65.9686279296875 -8.199999809265137
endloop
endfacet
facet normal 0 1 0
outer loop
vertex 17.186389923095703 -74.9686279296875 -5.776120662689209
vertex 16.803707122802734 -74.9686279296875 -5.699999809265137
vertex 20.553707122802734 -74.9686279296875 0
endloop
endfacet
facet normal 0 1 0
outer loop
vertex 20.553707122802734 -74.9686279296875 0
vertex 17.510812759399414 -74.9686279296875 -5.992893218994141
vertex 17.186389923095703 -74.9686279296875 -5.776120662689209
endloop
endfacet
facet normal 0 1 0
outer loop
vertex 20.553707122802734 -74.9686279296875 0
vertex 17.72758674621582 -74.9686279296875 -6.31731653213501
vertex 17.510812759399414 -74.9686279296875 -5.992893218994141
endloop
endfacet
facet normal 0 1 0
outer loop
vertex 16.803707122802734 -74.9686279296875 -5.699999809265137
vertex 9.303707122802734 -74.9686279296875 -5.699999809265137
vertex 20.553707122802734 -74.9686279296875 0
endloop
endfacet
facet normal 0 -1 0
outer loop
vertex -0.946293294429779 -65.9686279296875 -8.199999809265137
vertex -10.946292877197266 -65.9686279296875 -9.5
vertex -0.946293294429779 -65.9686279296875 -9.5
endloop
endfacet
facet normal 0 1 0
outer loop
vertex -10.620172500610352 -74.9686279296875 -8.582683563232422
vertex -10.946292877197266 -74.9686279296875 -9.5
vertex -10.946292877197266 -74.9686279296875 -8.199999809265137
endloop
endfacet
facet normal 0 -1 0
outer loop
vertex -10.946292877197266 -65.9686279296875 -8.199999809265137
vertex -10.946292877197266 -65.9686279296875 -9.5
vertex -0.946293294429779 -65.9686279296875 -8.199999809265137
endloop
endfacet
facet normal 0 1 0
outer loop
vertex -0.946293294429779 -74.9686279296875 -9.5
vertex -10.946292877197266 -74.9686279296875 -9.5
vertex -2.196293354034424 -74.9686279296875 -9.199999809265137
endloop
endfacet
facet normal 0 1 0
outer loop
vertex -10.07897663116455 -74.9686279296875 -9.123879432678223
vertex -10.946292877197266 -74.9686279296875 -9.5
vertex -10.403400421142578 -74.9686279296875 -8.907106399536133
endloop
endfacet
facet normal 0 0 1
outer loop
vertex -10.946292877197266 -65.9686279296875 -9.5
vertex -0.946293294429779 -74.9686279296875 -9.5
vertex -0.946293294429779 -65.9686279296875 -9.5
endloop
endfacet
facet normal 0 0 1
outer loop
vertex -10.946292877197266 -74.9686279296875 -9.5
vertex -0.946293294429779 -74.9686279296875 -9.5
vertex -10.946292877197266 -65.9686279296875 -9.5
endloop
endfacet
facet normal 0 1 0
outer loop
vertex -0.946293294429779 -74.9686279296875 -9.5
vertex -2.196293354034424 -74.9686279296875 -9.199999809265137
vertex -1.8136098384857178 -74.9686279296875 -9.123879432678223
endloop
endfacet
facet normal 0 1 0
outer loop
vertex -10.946292877197266 -74.9686279296875 -9.5
vertex -10.07897663116455 -74.9686279296875 -9.123879432678223
vertex -9.696292877197266 -74.9686279296875 -9.199999809265137
endloop
endfacet
facet normal -1 0 0
outer loop
vertex -0.946293294429779 -65.9686279296875 -9.5
vertex -0.946293294429779 -74.9686279296875 -8.199999809265137
vertex -0.946293294429779 -65.9686279296875 -8.199999809265137
endloop
endfacet
facet normal 1 0 0
outer loop
vertex -10.946292877197266 -74.9686279296875 -8.199999809265137
vertex -10.946292877197266 -74.9686279296875 -9.5
vertex -10.946292877197266 -65.9686279296875 -8.199999809265137
endloop
endfacet
facet normal 0 1 0
outer loop
vertex -1.8136098384857178 -74.9686279296875 -9.123879432678223
vertex -1.4891865253448486 -74.9686279296875 -8.907106399536133
vertex -0.946293294429779 -74.9686279296875 -9.5
endloop
endfacet
facet normal 0 1 0
outer loop
vertex -1.4891865253448486 -74.9686279296875 -8.907106399536133
vertex -1.272413730621338 -74.9686279296875 -8.582683563232422
vertex -0.946293294429779 -74.9686279296875 -9.5
endloop
endfacet
facet normal -1 0 0
outer loop
vertex -0.946293294429779 -65.9686279296875 -9.5
vertex -0.946293294429779 -74.9686279296875 -9.5
vertex -0.946293294429779 -74.9686279296875 -8.199999809265137
endloop
endfacet
facet normal 0 1 0
outer loop
vertex -1.272413730621338 -74.9686279296875 -8.582683563232422
vertex -1.1962933540344238 -74.9686279296875 -8.199999809265137
vertex -0.946293294429779 -74.9686279296875 -9.5
endloop
endfacet
facet normal 0 1 0
outer loop
vertex -10.403400421142578 -74.9686279296875 -8.907106399536133
vertex -10.946292877197266 -74.9686279296875 -9.5
vertex -10.620172500610352 -74.9686279296875 -8.582683563232422
endloop
endfacet
facet normal 0 1 0
outer loop
vertex -1.1962933540344238 -74.9686279296875 -8.199999809265137
vertex -0.946293294429779 -74.9686279296875 -8.199999809265137
vertex -0.946293294429779 -74.9686279296875 -9.5
endloop
endfacet
facet normal 1 0 0
outer loop
vertex -10.946292877197266 -74.9686279296875 -9.5
vertex -10.946292877197266 -65.9686279296875 -9.5
vertex -10.946292877197266 -65.9686279296875 -8.199999809265137
endloop
endfacet
facet normal 0 1 0
outer loop
vertex -10.696292877197266 -74.9686279296875 -8.199999809265137
vertex -10.620172500610352 -74.9686279296875 -8.582683563232422
vertex -10.946292877197266 -74.9686279296875 -8.199999809265137
endloop
endfacet
facet normal 0 1 0
outer loop
vertex -9.696292877197266 -74.9686279296875 -9.199999809265137
vertex -2.196293354034424 -74.9686279296875 -9.199999809265137
vertex -10.946292877197266 -74.9686279296875 -9.5
endloop
endfacet
facet normal 0 0 1
outer loop
vertex -29.946292877197266 -74.9686279296875 -9.5
vertex -19.946292877197266 -74.9686279296875 -9.5
vertex -29.946292877197266 -65.9686279296875 -9.5
endloop
endfacet
facet normal 0 -1 0
outer loop
vertex -19.946292877197266 -65.9686279296875 -8.199999809265137
vertex -29.946292877197266 -65.9686279296875 -9.5
vertex -19.946292877197266 -65.9686279296875 -9.5
endloop
endfacet
facet normal -1 0 0
outer loop
vertex -19.946292877197266 -65.9686279296875 -9.5
vertex -19.946292877197266 -74.9686279296875 -8.199999809265137
vertex -19.946292877197266 -65.9686279296875 -8.199999809265137
endloop
endfacet
facet normal 1 0 0
outer loop
vertex -29.946292877197266 -74.9686279296875 -9.5
vertex -29.946292877197266 -65.9686279296875 -9.5
vertex -29.946292877197266 -65.9686279296875 -8.199999809265137
endloop
endfacet
facet normal 1 0 0
outer loop
vertex -29.946292877197266 -74.9686279296875 -9.5
vertex -29.946292877197266 -65.9686279296875 -8.199999809265137
vertex -29.946292877197266 -74.9686279296875 -8.199999809265137
endloop
endfacet
facet normal 0 1 0
outer loop
vertex -19.946292877197266 -74.9686279296875 -9.5
vertex -29.946292877197266 -74.9686279296875 -9.5
vertex -29.946292877197266 -74.9686279296875 -8.199999809265137
endloop
endfacet
facet normal -1 0 0
outer loop
vertex -19.946292877197266 -65.9686279296875 -9.5
vertex -19.946292877197266 -74.9686279296875 -9.5
vertex -19.946292877197266 -74.9686279296875 -8.199999809265137
endloop
endfacet
facet normal 0 0 1
outer loop
vertex -29.946292877197266 -65.9686279296875 -9.5
vertex -19.946292877197266 -74.9686279296875 -9.5
vertex -19.946292877197266 -65.9686279296875 -9.5
endloop
endfacet
facet normal 0 1 0
outer loop
vertex -19.946292877197266 -74.9686279296875 -9.5
vertex -29.946292877197266 -74.9686279296875 -8.199999809265137
vertex -19.946292877197266 -74.9686279296875 -8.199999809265137
endloop
endfacet
facet normal 0 -1 0
outer loop
vertex -29.946292877197266 -65.9686279296875 -8.199999809265137
vertex -29.946292877197266 -65.9686279296875 -9.5
vertex -19.946292877197266 -65.9686279296875 -8.199999809265137
endloop
endfacet
facet normal 0 1 0
outer loop
vertex 8.303707122802734 -74.9686279296875 -8.199999809265137
vertex 8.379827499389648 -74.9686279296875 -8.582683563232422
vertex 8.053707122802734 -74.9686279296875 -8.199999809265137
endloop
endfacet
facet normal 0 1 0
outer loop
vertex 17.72758674621582 -74.9686279296875 -8.582683563232422
vertex 17.803707122802734 -74.9686279296875 -8.199999809265137
vertex 18.053707122802734 -74.9686279296875 -9.5
endloop
endfacet
facet normal 0 1 0
outer loop
vertex 17.510812759399414 -74.9686279296875 -8.907106399536133
vertex 17.72758674621582 -74.9686279296875 -8.582683563232422
vertex 18.053707122802734 -74.9686279296875 -9.5
endloop
endfacet
facet normal 1 0 0
outer loop
vertex 8.053707122802734 -74.9686279296875 -9.5
vertex 8.053707122802734 -65.9686279296875 -9.5
vertex 8.053707122802734 -65.9686279296875 -8.199999809265137
endloop
endfacet
facet normal 0 1 0
outer loop
vertex 8.053707122802734 -74.9686279296875 -9.5
vertex 8.92102336883545 -74.9686279296875 -9.123879432678223
vertex 9.303707122802734 -74.9686279296875 -9.199999809265137
endloop
endfacet
facet normal 1 0 0
outer loop
vertex 8.053707122802734 -74.9686279296875 -8.199999809265137
vertex 8.053707122802734 -74.9686279296875 -9.5
vertex 8.053707122802734 -65.9686279296875 -8.199999809265137
endloop
endfacet
facet normal 0 1 0
outer loop
vertex 17.803707122802734 -74.9686279296875 -8.199999809265137
vertex 18.053707122802734 -74.9686279296875 -8.199999809265137
vertex 18.053707122802734 -74.9686279296875 -9.5
endloop
endfacet
facet normal 0 0 1
outer loop
vertex 8.053707122802734 -65.9686279296875 -9.5
vertex 18.053707122802734 -74.9686279296875 -9.5
vertex 18.053707122802734 -65.9686279296875 -9.5
endloop
endfacet
facet normal 0 1 0
outer loop
vertex 8.92102336883545 -74.9686279296875 -9.123879432678223
vertex 8.053707122802734 -74.9686279296875 -9.5
vertex 8.596599578857422 -74.9686279296875 -8.907106399536133
endloop
endfacet
facet normal 0 1 0
outer loop
vertex 8.596599578857422 -74.9686279296875 -8.907106399536133
vertex 8.053707122802734 -74.9686279296875 -9.5
vertex 8.379827499389648 -74.9686279296875 -8.582683563232422
endloop
endfacet
facet normal -1 0 0
outer loop
vertex 18.053707122802734 -65.9686279296875 -9.5
vertex 18.053707122802734 -74.9686279296875 -9.5
vertex 18.053707122802734 -74.9686279296875 -8.199999809265137
endloop
endfacet
facet normal -1 0 0
outer loop
vertex 18.053707122802734 -65.9686279296875 -9.5
vertex 18.053707122802734 -74.9686279296875 -8.199999809265137
vertex 18.053707122802734 -65.9686279296875 -8.199999809265137
endloop
endfacet
facet normal 0 0 1
outer loop
vertex 8.053707122802734 -74.9686279296875 -9.5
vertex 18.053707122802734 -74.9686279296875 -9.5
vertex 8.053707122802734 -65.9686279296875 -9.5
endloop
endfacet
facet normal 0 1 0
outer loop
vertex 8.379827499389648 -74.9686279296875 -8.582683563232422
vertex 8.053707122802734 -74.9686279296875 -9.5
vertex 8.053707122802734 -74.9686279296875 -8.199999809265137
endloop
endfacet
facet normal 0 -1 0
outer loop
vertex 8.053707122802734 -65.9686279296875 -8.199999809265137
vertex 8.053707122802734 -65.9686279296875 -9.5
vertex 18.053707122802734 -65.9686279296875 -8.199999809265137
endloop
endfacet
facet normal 0 1 0
outer loop
vertex 17.186389923095703 -74.9686279296875 -9.123879432678223
vertex 17.510812759399414 -74.9686279296875 -8.907106399536133
vertex 18.053707122802734 -74.9686279296875 -9.5
endloop
endfacet
facet normal 0 -1 0
outer loop
vertex 18.053707122802734 -65.9686279296875 -8.199999809265137
vertex 8.053707122802734 -65.9686279296875 -9.5
vertex 18.053707122802734 -65.9686279296875 -9.5
endloop
endfacet
facet normal 0 1 0
outer loop
vertex 18.053707122802734 -74.9686279296875 -9.5
vertex 16.803707122802734 -74.9686279296875 -9.199999809265137
vertex 17.186389923095703 -74.9686279296875 -9.123879432678223
endloop
endfacet
facet normal 0 1 0
outer loop
vertex 9.303707122802734 -74.9686279296875 -9.199999809265137
vertex 16.803707122802734 -74.9686279296875 -9.199999809265137
vertex 8.053707122802734 -74.9686279296875 -9.5
endloop
endfacet
facet normal 0 1 0
outer loop
vertex 18.053707122802734 -74.9686279296875 -9.5
vertex 8.053707122802734 -74.9686279296875 -9.5
vertex 16.803707122802734 -74.9686279296875 -9.199999809265137
endloop
endfacet
facet normal 0.12320026798996532 -0.6962912978813675 0.707106867780169
outer loop
vertex 60.579647064208984 -77.12996673583984 -1
vertex 61.13674545288086 -77.0313949584961 -1
vertex 60.90886306762695 -76.05618286132812 0
endloop
endfacet
facet normal 0.12319371828477511 -0.6962908047353221 0.707108494515664
outer loop
vertex 60.44190216064453 -76.13880157470703 0
vertex 60.579647064208984 -77.12996673583984 -1
vertex 60.90886306762695 -76.05618286132812 0
endloop
endfacet
facet normal 0.19812414722383712 -0.6787833674663706 0.7071067545553793
outer loop
vertex 60.90886306762695 -76.05618286132812 0
vertex 61.13674545288086 -77.0313949584961 -1
vertex 61.34733963012695 -75.9281997680664 0
endloop
endfacet
facet normal 0.19811695096544343 -0.6787836101981708 0.7071085378260495
outer loop
vertex 61.34733963012695 -75.9281997680664 0
vertex 61.13674545288086 -77.0313949584961 -1
vertex 61.37451171875 -76.96199798583984 -1
endloop
endfacet
facet normal 0.19812721142606582 -0.6787820284273374 0.7071071813923264
outer loop
vertex 61.34733963012695 -75.9281997680664 0
vertex 61.37451171875 -76.96199798583984 -1
vertex 61.679832458496094 -76.87287902832031 -1
endloop
endfacet
facet normal 0.2707014027989602 -0.6532383895029534 0.7071070336252234
outer loop
vertex 61.34733963012695 -75.9281997680664 0
vertex 61.679832458496094 -76.87287902832031 -1
vertex 61.76931381225586 -75.75333404541016 0
endloop
endfacet
facet normal 0.27070670780806355 -0.6532376278978264 0.7071057062746282
outer loop
vertex 61.679832458496094 -76.87287902832031 -1
vertex 62.202484130859375 -76.65628814697266 -1
vertex 61.76931381225586 -75.75333404541016 0
endloop
endfacet
facet normal 0.3400762011555056 -0.619959363511642 0.7071057664889177
outer loop
vertex 61.76931381225586 -75.75333404541016 0
vertex 62.202484130859375 -76.65628814697266 -1
vertex 62.16979217529297 -75.53365325927734 0
endloop
endfacet
facet normal 0.3400317637881554 -0.619970778446766 0.7071171285488898
outer loop
vertex 62.202484130859375 -76.65628814697266 -1
vertex 62.290287017822266 -76.6081314086914 -1
vertex 62.16979217529297 -75.53365325927734 0
endloop
endfacet
facet normal 0.3400800874525428 -0.6199558842709194 0.7071069478347198
outer loop
vertex 62.16979217529297 -75.53365325927734 0
vertex 62.290287017822266 -76.6081314086914 -1
vertex 62.69850540161133 -76.38420104980469 -1
endloop
endfacet
facet normal 0.4054274170938478 -0.579334720470151 0.7071067042012706
outer loop
vertex 62.16979217529297 -75.53365325927734 0
vertex 62.69850540161133 -76.38420104980469 -1
vertex 62.54402542114258 -75.27175903320312 0
endloop
endfacet
facet normal 0.4054252234570256 -0.5793355469843026 0.7071072847773667
outer loop
vertex 62.69850540161133 -76.38420104980469 -1
vertex 63.16202926635742 -76.05982208251953 -1
vertex 62.54402542114258 -75.27175903320312 0
endloop
endfacet
facet normal 0.4659737671834341 -0.5318530613829879 0.7071073252303519
outer loop
vertex 62.54402542114258 -75.27175903320312 0
vertex 63.16202926635742 -76.05982208251953 -1
vertex 62.88759231567383 -74.97074890136719 0
endloop
endfacet
facet normal 0.465971840788354 -0.5318540379808138 0.7071078601428612
outer loop
vertex 63.16202926635742 -76.05982208251953 -1
vertex 63.58755874633789 -75.68700408935547 -1
vertex 62.88759231567383 -74.97074890136719 0
endloop
endfacet
facet normal 0.5209988176014004 -0.4780783038372662 0.7071077481247289
outer loop
vertex 62.88759231567383 -74.97074890136719 0
vertex 63.58755874633789 -75.68700408935547 -1
vertex 63.196414947509766 -74.63420104980469 0
endloop
endfacet
facet normal 0.5210070494736893 -0.4780729332861406 0.7071053138379784
outer loop
vertex 63.196414947509766 -74.63420104980469 0
vertex 63.58755874633789 -75.68700408935547 -1
vertex 63.970062255859375 -75.27014923095703 -1
endloop
endfacet
facet normal 0.5698636858761749 -0.41863682899107824 0.7071057805816009
outer loop
vertex 63.970062255859375 -75.27014923095703 -1
vertex 64.30500793457031 -74.814208984375 -1
vertex 63.46684265136719 -74.26608276367188 0
endloop
endfacet
facet normal 0.5698653350457022 -0.4186354763391179 0.7071052523235629
outer loop
vertex 63.196414947509766 -74.63420104980469 0
vertex 63.970062255859375 -75.27014923095703 -1
vertex 63.46684265136719 -74.26608276367188 0
endloop
endfacet
facet normal 0.611979130362625 -0.3542359513850203 0.7071056743846388
outer loop
vertex 63.46684265136719 -74.26608276367188 0
vertex 64.30500793457031 -74.814208984375 -1
vertex 63.69567108154297 -73.87075805664062 0
endloop
endfacet
facet normal 0.6119766193277092 -0.3542385152451785 0.7071065631947703
outer loop
vertex 64.58843231201172 -74.32456970214844 -1
vertex 63.69567108154297 -73.87075805664062 0
vertex 64.30500793457031 -74.814208984375 -1
endloop
endfacet
facet normal 0.6468418250203668 -0.2856499892093794 0.7071065952662319
outer loop
vertex 63.69567108154297 -73.87075805664062 0
vertex 64.58843231201172 -74.32456970214844 -1
vertex 63.880191802978516 -73.45291900634766 0
endloop
endfacet
facet normal 0.6468417188624028 -0.2856501242775325 0.7071066378131111
outer loop
vertex 64.81697845458984 -73.80703735351562 -1
vertex 63.880191802978516 -73.45291900634766 0
vertex 64.58843231201172 -74.32456970214844 -1
endloop
endfacet
facet normal 0.6740500101297062 -0.2136737705360267 0.707106854463355
outer loop
vertex 63.880191802978516 -73.45291900634766 0
vertex 64.81697845458984 -73.80703735351562 -1
vertex 64.01821899414062 -73.01750183105469 0
endloop
endfacet
facet normal 0.674048870552829 -0.21367559935133465 0.7071073881301929
outer loop
vertex 64.81697845458984 -73.80703735351562 -1
vertex 64.9879379272461 -73.26773834228516 -1
vertex 64.01821899414062 -73.01750183105469 0
endloop
endfacet
facet normal 0.6932737152644366 -0.1391767740621837 0.707107757901926
outer loop
vertex 64.01821899414062 -73.01750183105469 0
vertex 64.9879379272461 -73.26773834228516 -1
vertex 64.10812377929688 -72.56966400146484 0
endloop
endfacet
facet normal 0.6932751581994899 -0.13917377458869035 0.7071069335611189
outer loop
vertex 64.9879379272461 -73.26773834228516 -1
vertex 65.09928894042969 -72.71305847167969 -1
vertex 64.10812377929688 -72.56966400146484 0
endloop
endfacet
facet normal 0.7042955260429482 -0.06301174990308292 0.7071048941776872
outer loop
vertex 65.14970397949219 -72.1495590209961 -1
vertex 64.14971160888672 -72.10488891601562 0
vertex 65.09928894042969 -72.71305847167969 -1
endloop
endfacet
facet normal 0.7042926638143194 -0.06301973621451198 0.7071070333017369
outer loop
vertex 64.10812377929688 -72.56966400146484 0
vertex 65.09928894042969 -72.71305847167969 -1
vertex 64.14971160888672 -72.10488891601562 0
endloop
endfacet
facet normal 0.7071045782724892 -0.000028273772996956116 0.707108983528479
outer loop
vertex 64.15370178222656 27.988115310668945 0
vertex 65.14970397949219 -72.1495590209961 -1
vertex 65.1537094116211 28.023113250732422 -1
endloop
endfacet
facet normal 0.7071088487137573 -0.000028188652127128782 0.7071047130914238
outer loop
vertex 64.14971160888672 -72.10488891601562 0
vertex 65.14970397949219 -72.1495590209961 -1
vertex 64.15370178222656 27.988115310668945 0
endloop
endfacet
facet normal 0.7053755290182665 0.04944144242051499 0.7071074224144304
outer loop
vertex 64.1106948852539 28.60149574279785 0
vertex 65.10938262939453 28.65524673461914 -1
vertex 65.10249328613281 28.753536224365234 -1
endloop
endfacet
facet normal 0.7053727962434422 0.0494569007851572 0.7071090674602005
outer loop
vertex 64.15370178222656 27.988115310668945 0
vertex 65.1537094116211 28.023113250732422 -1
vertex 64.1106948852539 28.60149574279785 0
endloop
endfacet
facet normal 0.7053742177365565 0.04946260581798797 0.7071072504070619
outer loop
vertex 64.1106948852539 28.60149574279785 0
vertex 65.1537094116211 28.023113250732422 -1
vertex 65.10938262939453 28.65524673461914 -1
endloop
endfacet
facet normal 0.6877975370790238 0.16411046041293023 0.7071084109039328
outer loop
vertex 65.10249328613281 28.753536224365234 -1
vertex 64.8738784790039 29.7116756439209 -1
vertex 63.92326354980469 29.38702964782715 0
endloop
endfacet
facet normal 0.6877976563870101 0.16411110001757626 0.7071081464101213
outer loop
vertex 64.1106948852539 28.60149574279785 0
vertex 65.10249328613281 28.753536224365234 -1
vertex 63.92326354980469 29.38702964782715 0
endloop
endfacet
facet normal 0.6445014016435228 0.2908879969089684 0.7071082778003823
outer loop
vertex 63.59633255004883 30.11138916015625 0
vertex 63.92326354980469 29.38702964782715 0
vertex 64.8738784790039 29.7116756439209 -1
endloop
endfacet
facet normal 0.6445013859231147 0.29089094673623656 0.7071070786310094
outer loop
vertex 64.8738784790039 29.7116756439209 -1
vertex 64.4686508178711 30.6095027923584 -1
vertex 63.59633255004883 30.11138916015625 0
endloop
endfacet
facet normal 0.578071374260192 0.4072267746925978 0.7071066682151973
outer loop
vertex 63.901363372802734 31.414785385131836 -1
vertex 63.138648986816406 30.76108741760254 0
vertex 64.4686508178711 30.6095027923584 -1
endloop
endfacet
facet normal 0.5780715770252643 0.4072257484824498 0.7071070934507957
outer loop
vertex 63.59633255004883 30.11138916015625 0
vertex 64.4686508178711 30.6095027923584 -1
vertex 63.138648986816406 30.76108741760254 0
endloop
endfacet
facet normal 0.49088912112699523 0.5089472774682023 0.7071071626824827
outer loop
vertex 63.1923713684082 32.0986213684082 -1
vertex 62.5666389465332 31.31279945373535 0
vertex 63.901363372802734 31.414785385131836 -1
endloop
endfacet
facet normal 0.49088851767298136 0.5089487674347006 0.7071065091932913
outer loop
vertex 63.901363372802734 31.414785385131836 -1
vertex 62.5666389465332 31.31279945373535 0
vertex 63.138648986816406 30.76108741760254 0
endloop
endfacet
facet normal 0.3860886233020168 0.5923976116103885 0.7071072370687919
outer loop
vertex 63.1923713684082 32.0986213684082 -1
vertex 62.367130279541016 32.6364631652832 -1
vertex 61.900394439697266 31.74701690673828 0
endloop
endfacet
facet normal 0.3860885916339018 0.5923976605481471 0.7071072133610522
outer loop
vertex 62.5666389465332 31.31279945373535 0
vertex 63.1923713684082 32.0986213684082 -1
vertex 61.900394439697266 31.74701690673828 0
endloop
endfacet
facet normal 0.2681148447300177 0.6543041257205288 0.7071071638022719
outer loop
vertex 61.900394439697266 31.74701690673828 0
vertex 62.367130279541016 32.6364631652832 -1
vertex 61.03657150268555 32.10098648071289 0
endloop
endfacet
facet normal 0.2681130286513885 0.6543062512638508 0.7071058855818033
outer loop
vertex 62.367130279541016 32.6364631652832 -1
vertex 61.73353958129883 32.896087646484375 -1
vertex 61.03657150268555 32.10098648071289 0
endloop
endfacet
facet normal 0.268120162257302 0.6543017891303333 0.7071073096298489
outer loop
vertex 61.73353958129883 32.896087646484375 -1
vertex 61.41574478149414 33.02631378173828 -1
vertex 61.03657150268555 32.10098648071289 0
endloop
endfacet
facet normal 0.32855300728789516 0.6278746636607573 0.7055680889432084
outer loop
vertex 61.03657150268555 32.10098648071289 0
vertex 61.41574478149414 33.02631378173828 -1
vertex 60.984622955322266 32.128170013427734 0
endloop
endfacet
facet normal 0.306565218645723 0.6386647844261081 0.705779753075032
outer loop
vertex 61.41574478149414 33.02631378173828 -1
vertex 61.03371047973633 33.209693908691406 -1
vertex 60.984622955322266 32.128170013427734 0
endloop
endfacet
facet normal 0.3065709287609516 0.6386633947028848 0.705778530351579
outer loop
vertex 60.984622955322266 32.128170013427734 0
vertex 61.03371047973633 33.209693908691406 -1
vertex 60.60258865356445 32.311553955078125 0
endloop
endfacet
facet normal 0.40634908312247414 0.5803335411877155 0.7057573262942798
outer loop
vertex 61.03371047973633 33.209693908691406 -1
vertex 60.45711135864258 32.39730453491211 0
vertex 60.53371047973633 32.34366989135742 0
endloop
endfacet
facet normal 0.29938691656976574 0.6420869658609918 0.7057561919376079
outer loop
vertex 60.60258865356445 32.311553955078125 0
vertex 61.03371047973633 33.209693908691406 -1
vertex 60.53371047973633 32.34366989135742 0
endloop
endfacet
facet normal 0.40487555769576655 0.5813708943702253 0.7057504275306579
outer loop
vertex 60.45711135864258 32.39730453491211 0
vertex 61.03371047973633 33.209693908691406 -1
vertex 60.10934829711914 32.63949203491211 0
endloop
endfacet
facet normal 0.4092672720082264 0.5766291144411905 0.7071061903573698
outer loop
vertex 61.03371047973633 33.209693908691406 -1
vertex 60.68813705444336 33.4549674987793 -1
vertex 60.10934829711914 32.63949203491211 0
endloop
endfacet
facet normal 0.5009680369244823 0.5009375718285857 0.705756739330565
outer loop
vertex 60.04534912109375 32.68892288208008 0
vertex 60.68813705444336 33.4549674987793 -1
vertex 59.98262405395508 32.751651763916016 0
endloop
endfacet
facet normal 0.43240930941900535 0.5598495897609703 0.7068172507602316
outer loop
vertex 60.68813705444336 33.4549674987793 -1
vertex 60.04534912109375 32.68892288208008 0
vertex 60.10934829711914 32.63949203491211 0
endloop
endfacet
facet normal 0.5017299526353345 0.500173864670683 0.7057571535088669
outer loop
vertex 59.98262405395508 32.751651763916016 0
vertex 60.68813705444336 33.4549674987793 -1
vertex 59.683441162109375 33.05176544189453 0
endloop
endfacet
facet normal 0.5017324557739835 0.5001700024645722 0.7057581111525376
outer loop
vertex 60.388954162597656 33.75508499145508 -1
vertex 59.683441162109375 33.05176544189453 0
vertex 60.68813705444336 33.4549674987793 -1
endloop
endfacet
facet normal 0.5009521406968298 0.5009521406968298 0.705757681830334
outer loop
vertex 60.388954162597656 33.75508499145508 -1
vertex 59.62290954589844 33.11229705810547 0
vertex 59.683441162109375 33.05176544189453 0
endloop
endfacet
facet normal 0.5803251854495772 0.406359690272069 0.705758089755195
outer loop
vertex 59.57478332519531 33.181026458740234 0
vertex 59.62290954589844 33.11229705810547 0
vertex 60.388954162597656 33.75508499145508 -1
endloop
endfacet
facet normal 0.5789990592720384 0.4082456744057665 0.7057588530731127
outer loop
vertex 60.388954162597656 33.75508499145508 -1
vertex 60.14475631713867 34.10142135620117 -1
vertex 59.330589294433594 33.52736282348633 0
endloop
endfacet
facet normal 0.5790011601519638 0.4082407783452782 0.705759961629109
outer loop
vertex 59.330589294433594 33.52736282348633 0
vertex 59.57478332519531 33.181026458740234 0
vertex 60.388954162597656 33.75508499145508 -1
endloop
endfacet
facet normal 0.5803291596779844 0.40635595944486036 0.7057569699628135
outer loop
vertex 59.330589294433594 33.52736282348633 0
vertex 60.14475631713867 34.10142135620117 -1
vertex 59.27873229980469 33.60142135620117 0
endloop
endfacet
facet normal 0.6420818455803471 0.29939675479277295 0.7057566767630976
outer loop
vertex 59.27873229980469 33.60142135620117 0
vertex 60.14475631713867 34.10142135620117 -1
vertex 59.245304107666016 33.67311096191406 0
endloop
endfacet
facet normal 0.6384203060920977 0.30400360743941635 0.7071077141660198
outer loop
vertex 60.14475631713867 34.10142135620117 -1
vertex 59.96256637573242 34.48402786254883 -1
vertex 59.0597038269043 34.05409240722656 0
endloop
endfacet
facet normal 0.6368994158295501 0.3102741927444222 0.7057542486112109
outer loop
vertex 59.245304107666016 33.67311096191406 0
vertex 60.14475631713867 34.10142135620117 -1
vertex 59.0597038269043 34.05409240722656 0
endloop
endfacet
facet normal 0.6525552404910268 0.27338457202728733 0.706705408133513
outer loop
vertex 59.0597038269043 34.05409240722656 0
vertex 59.96256637573242 34.48402786254883 -1
vertex 59.02287292480469 34.142005920410156 0
endloop
endfacet
facet normal 0.6843122773564796 0.18336353532950692 0.7057581178921382
outer loop
vertex 59.96256637573242 34.48402786254883 -1
vertex 59.00364303588867 34.21377182006836 0
vertex 59.02287292480469 34.142005920410156 0
endloop
endfacet
facet normal 0.6805937584623921 0.19181740983010376 0.7071055205753276
outer loop
vertex 59.96256637573242 34.48402786254883 -1
vertex 59.84761047363281 34.89190673828125 -1
vertex 58.885108947753906 34.620643615722656 0
endloop
endfacet
facet normal 0.6801610639806968 0.19815153658924414 0.7057739691940812
outer loop
vertex 58.885108947753906 34.620643615722656 0
vertex 59.00364303588867 34.21377182006836 0
vertex 59.96256637573242 34.48402786254883 -1
endloop
endfacet
facet normal 0.699078374000808 0.11883868831186425 0.7051005553569661
outer loop
vertex 59.84761047363281 34.89190673828125 -1
vertex 58.856746673583984 34.7874870300293 0
vertex 58.885108947753906 34.620643615722656 0
endloop
endfacet
facet normal 0.703213459630409 0.07410421261454622 0.7071063540001666
outer loop
vertex 59.84761047363281 34.89190673828125 -1
vertex 59.803199768066406 35.3133430480957 -1
vertex 58.80870819091797 35.20853805541992 0
endloop
endfacet
facet normal 0.7038451308358895 0.08030298010995468 0.705799874740758
outer loop
vertex 58.80870819091797 35.20853805541992 0
vertex 58.856746673583984 34.7874870300293 0
vertex 59.84761047363281 34.89190673828125 -1
endloop
endfacet
facet normal 0.7090853469224592 -0.0005433971599468887 0.705122454258395
outer loop
vertex 58.80870819091797 35.20853805541992 0
vertex 59.803199768066406 35.3133430480957 -1
vertex 58.808837890625 35.377784729003906 0
endloop
endfacet
facet normal 0.7068810018499995 -0.04580927615366237 0.7058475468837576
outer loop
vertex 58.83624267578125 35.80066680908203 0
vertex 58.808837890625 35.377784729003906 0
vertex 59.803199768066406 35.3133430480957 -1
endloop
endfacet
facet normal 0.7068810018499995 -0.04580927615366237 0.7058475468837576
outer loop
vertex 59.803199768066406 35.3133430480957 -1
vertex 59.830604553222656 35.73622512817383 -1
vertex 58.83624267578125 35.80066680908203 0
endloop
endfacet
facet normal 0.705756930456277 -0.06175496404893719 0.7057573800735267
outer loop
vertex 58.83624267578125 35.80066680908203 0
vertex 59.830604553222656 35.73622512817383 -1
vertex 58.84579849243164 35.909873962402344 0
endloop
endfacet
facet normal 0.684310623673078 -0.18337647170450574 0.7057563601933529
outer loop
vertex 58.84579849243164 35.909873962402344 0
vertex 59.830604553222656 35.73622512817383 -1
vertex 58.861297607421875 35.96771240234375 0
endloop
endfacet
facet normal 0.6877644272650849 -0.16425507677534026 0.707107037401168
outer loop
vertex 58.95639419555664 36.38068771362305 0
vertex 59.830604553222656 35.73622512817383 -1
vertex 59.92904281616211 36.14840316772461 -1
endloop
endfacet
facet normal 0.6902693305195386 -0.158949594403436 0.70587766488471
outer loop
vertex 58.95639419555664 36.38068771362305 0
vertex 58.861297607421875 35.96771240234375 0
vertex 59.830604553222656 35.73622512817383 -1
endloop
endfacet
facet normal 0.6777820090332756 -0.20355137231587525 0.7065255742428157
outer loop
vertex 58.95639419555664 36.38068771362305 0
vertex 59.92904281616211 36.14840316772461 -1
vertex 58.989349365234375 36.490421295166016 0
endloop
endfacet
facet normal 0.6420722321468986 -0.29941663566370025 0.7057569886254971
outer loop
vertex 58.989349365234375 36.490421295166016 0
vertex 59.92904281616211 36.14840316772461 -1
vertex 59.01320266723633 36.54157257080078 0
endloop
endfacet
facet normal 0.649761234508837 -0.27894325039068174 0.7071074891351623
outer loop
vertex 59.48072814941406 37.63906478881836 0
vertex 59.92904281616211 36.14840316772461 -1
vertex 60.434627532958984 37.32609558105469 -1
endloop
endfacet
facet normal 0.6516253978963614 -0.2775887367120036 0.7059240993669522
outer loop
vertex 59.01320266723633 36.54157257080078 0
vertex 59.92904281616211 36.14840316772461 -1
vertex 59.48072814941406 37.63906478881836 0
endloop
endfacet
facet normal 0.6887191671225324 -0.16020558534488757 0.7071068372334883
outer loop
vertex 60.434627532958984 37.32609558105469 -1
vertex 60.65780258178711 38.285518646240234 -1
vertex 59.66224670410156 38.41939926147461 0
endloop
endfacet
facet normal 0.6887180412319385 -0.16020707505856746 0.7071075963266272
outer loop
vertex 59.48072814941406 37.63906478881836 0
vertex 60.434627532958984 37.32609558105469 -1
vertex 59.66224670410156 38.41939926147461 0
endloop
endfacet
facet normal 0.7065742184449566 -0.027433022592137937 0.7071069955108336
outer loop
vertex 59.6932487487793 39.21790313720703 0
vertex 60.65780258178711 38.285518646240234 -1
vertex 60.69601821899414 39.269813537597656 -1
endloop
endfacet
facet normal 0.7065742970616194 -0.02743286362329883 0.7071069231207568
outer loop
vertex 59.66224670410156 38.41939926147461 0
vertex 60.65780258178711 38.285518646240234 -1
vertex 59.6932487487793 39.21790313720703 0
endloop
endfacet
facet normal 0.699964976950735 0.1002423848110482 0.7071071314374865
outer loop
vertex 59.6932487487793 39.21790313720703 0
vertex 60.69601821899414 39.269813537597656 -1
vertex 59.49738311767578 40.58557891845703 0
endloop
endfacet
facet normal 0.6999656954649985 0.10024372424355246 0.7071062302949844
outer loop
vertex 59.49738311767578 40.58557891845703 0
vertex 60.69601821899414 39.269813537597656 -1
vertex 60.487281799316406 40.72734451293945 -1
endloop
endfacet
facet normal 0.709273588816851 0.018254915889745257 0.7046969094956519
outer loop
vertex 59.49738311767578 40.58557891845703 0
vertex 60.487281799316406 40.72734451293945 -1
vertex 59.49226760864258 40.78433609008789 0
endloop
endfacet
facet normal 0.7071348249120255 -0.040506257879719926 0.7059175465089536
outer loop
vertex 60.487281799316406 40.72734451293945 -1
vertex 60.51151657104492 41.150421142578125 -1
vertex 59.516502380371094 41.2074089050293 0
endloop
endfacet
facet normal 0.7071347269274313 -0.040506617497429995 0.7059176240271835
outer loop
vertex 59.49226760864258 40.78433609008789 0
vertex 60.487281799316406 40.72734451293945 -1
vertex 59.516502380371094 41.2074089050293 0
endloop
endfacet
facet normal 0.6843175596587721 -0.18334078864925274 0.705758905547874
outer loop
vertex 59.52670669555664 41.324066162109375 0
vertex 60.51151657104492 41.150421142578125 -1
vertex 59.54026794433594 41.37468338012695 0
endloop
endfacet
facet normal 0.7057583810997612 -0.06173453024563818 0.7057577171259232
outer loop
vertex 59.516502380371094 41.2074089050293 0
vertex 60.51151657104492 41.150421142578125 -1
vertex 59.52670669555664 41.324066162109375 0
endloop
endfacet
facet normal 0.6900803391128463 -0.15934199847974284 0.7059739747967912
outer loop
vertex 60.51151657104492 41.150421142578125 -1
vertex 60.60685729980469 41.563323974609375 -1
vertex 59.6356086730957 41.7875862121582 0
endloop
endfacet
facet normal 0.6900803391128463 -0.15934199847974284 0.7059739747967912
outer loop
vertex 59.54026794433594 41.37468338012695 0
vertex 60.51151657104492 41.150421142578125 -1
vertex 59.6356086730957 41.7875862121582 0
endloop
endfacet
facet normal 0.675501627188822 -0.21692417580248022 0.7047279287907273
outer loop
vertex 59.6356086730957 41.7875862121582 0
vertex 60.60685729980469 41.563323974609375 -1
vertex 59.68727493286133 41.9484748840332 0
endloop
endfacet
facet normal 0.6522126262713595 -0.2731661495613062 0.7071060350937942
outer loop
vertex 59.848201751708984 42.340511322021484 0
vertex 60.70920181274414 41.807682037353516 -1
vertex 60.770565032958984 41.954193115234375 -1
endloop
endfacet
facet normal 0.6551356033561507 -0.26892624854707187 0.706028337998958
outer loop
vertex 59.68727493286133 41.9484748840332 0
vertex 60.60685729980469 41.563323974609375 -1
vertex 59.848201751708984 42.340511322021484 0
endloop
endfacet
facet normal 0.6522125699714486 -0.27316625879707124 0.7071060448235821
outer loop
vertex 60.60685729980469 41.563323974609375 -1
vertex 60.70920181274414 41.807682037353516 -1
vertex 59.848201751708984 42.340511322021484 0
endloop
endfacet
facet normal 0.6342087812544681 -0.3143058786734418 0.7063929759072055
outer loop
vertex 59.848201751708984 42.340511322021484 0
vertex 60.770565032958984 41.954193115234375 -1
vertex 59.904541015625 42.454193115234375 0
endloop
endfacet
facet normal 0.5803343729299881 -0.406347777779848 0.705757393931751
outer loop
vertex 59.904541015625 42.454193115234375 0
vertex 60.770565032958984 41.954193115234375 -1
vertex 59.9290771484375 42.489234924316406 0
endloop
endfacet
facet normal 0.5975450543641905 -0.3799354941689876 0.7061082978378487
outer loop
vertex 60.770565032958984 41.954193115234375 -1
vertex 60.99794006347656 42.311798095703125 -1
vertex 60.15645217895508 42.846839904785156 0
endloop
endfacet
facet normal 0.5975450543641905 -0.3799354941689876 0.7061082978378487
outer loop
vertex 59.9290771484375 42.489234924316406 0
vertex 60.770565032958984 41.954193115234375 -1
vertex 60.15645217895508 42.846839904785156 0
endloop
endfacet
facet normal 0.5803346965298387 -0.40634729308800216 0.7057574069067026
outer loop
vertex 60.15645217895508 42.846839904785156 0
vertex 60.99794006347656 42.311798095703125 -1
vertex 60.231895446777344 42.954586029052734 0
endloop
endfacet
facet normal 0.5009521406968299 -0.5009521406968299 0.7057576818303342
outer loop
vertex 60.231895446777344 42.954586029052734 0
vertex 60.99794006347656 42.311798095703125 -1
vertex 60.25873947143555 42.98143005371094 0
endloop
endfacet
facet normal 0.524729898218846 -0.47534805379518974 0.7061888994230687
outer loop
vertex 60.54324722290039 43.295494079589844 0
vertex 60.99794006347656 42.311798095703125 -1
vertex 61.282447814941406 42.62586212158203 -1
endloop
endfacet
facet normal 0.524729898218846 -0.47534805379518974 0.7061888994230687
outer loop
vertex 60.25873947143555 42.98143005371094 0
vertex 60.99794006347656 42.311798095703125 -1
vertex 60.54324722290039 43.295494079589844 0
endloop
endfacet
facet normal 0.5009521406968298 -0.5009521406968298 0.7057576818303342
outer loop
vertex 60.54324722290039 43.295494079589844 0
vertex 61.282447814941406 42.62586212158203 -1
vertex 60.6396598815918 43.39190673828125 0
endloop
endfacet
facet normal 0.4063480329481876 -0.5803341289175761 0.7057574476635841
outer loop
vertex 60.6396598815918 43.39190673828125 0
vertex 61.282447814941406 42.62586212158203 -1
vertex 60.666812896728516 43.410919189453125 0
endloop
endfacet
facet normal 0.4368534952525663 -0.5570740782920502 0.7062772083117781
outer loop
vertex 61.282447814941406 42.62586212158203 -1
vertex 61.61591339111328 42.88736343383789 -1
vertex 61.00027847290039 43.672420501708984 0
endloop
endfacet
facet normal 0.4368534952525663 -0.5570740782920502 0.7062772083117781
outer loop
vertex 60.666812896728516 43.410919189453125 0
vertex 61.282447814941406 42.62586212158203 -1
vertex 61.00027847290039 43.672420501708984 0
endloop
endfacet
facet normal 0.4063448578086462 -0.580336482391647 0.7057573405482657
outer loop
vertex 61.00027847290039 43.672420501708984 0
vertex 61.61591339111328 42.88736343383789 -1
vertex 61.11570739746094 43.75324249267578 0
endloop
endfacet
facet normal 0.3537072485781158 -0.61228439655601 0.7071060741058175
outer loop
vertex 61.61591339111328 42.88736343383789 -1
vertex 75.52381134033203 50.9217414855957 -1
vertex 74.99337768554688 51.77018356323242 0
endloop
endfacet
facet normal 0.3537119175098382 -0.6122905638156774 0.7070983982967246
outer loop
vertex 61.11570739746094 43.75324249267578 0
vertex 61.61591339111328 42.88736343383789 -1
vertex 74.99337768554688 51.77018356323242 0
endloop
endfacet
facet normal 0.3955289853635668 -0.5861358524785829 0.7071079013675865
outer loop
vertex 74.99337768554688 51.77018356323242 0
vertex 76.13076782226562 51.33131408691406 -1
vertex 75.50318908691406 52.11420822143555 0
endloop
endfacet
facet normal 0.3955257859788856 -0.586140134371832 0.7071061416112544
outer loop
vertex 74.99337768554688 51.77018356323242 0
vertex 75.52381134033203 50.9217414855957 -1
vertex 76.13076782226562 51.33131408691406 -1
endloop
endfacet
facet normal 0.48603418653447 -0.5135883029162261 0.7071052429641621
outer loop
vertex 76.13076782226562 51.33131408691406 -1
vertex 76.6755599975586 51.84687805175781 -1
vertex 76.08975982666016 52.6693000793457 0
endloop
endfacet
facet normal 0.48602903880729537 -0.5135925346189096 0.7071057076702045
outer loop
vertex 76.08975982666016 52.6693000793457 0
vertex 76.6755599975586 51.84687805175781 -1
vertex 76.84622192382812 52.00838088989258 -1
endloop
endfacet
facet normal 0.4860281194186058 -0.5135904436035112 0.7071078583735031
outer loop
vertex 75.50318908691406 52.11420822143555 0
vertex 76.13076782226562 51.33131408691406 -1
vertex 76.08975982666016 52.6693000793457 0
endloop
endfacet
facet normal 0.5741724936722243 -0.41270470707959517 0.7071073272598475
outer loop
vertex 76.84622192382812 52.00838088989258 -1
vertex 77.421142578125 52.80823516845703 -1
vertex 76.55359649658203 53.31461715698242 0
endloop
endfacet
facet normal 0.5741762249362442 -0.41270252617220843 0.7071055703422517
outer loop
vertex 76.08975982666016 52.6693000793457 0
vertex 76.84622192382812 52.00838088989258 -1
vertex 76.55359649658203 53.31461715698242 0
endloop
endfacet
facet normal 0.6417065016677717 -0.2970021642523108 0.7071085349129607
outer loop
vertex 77.421142578125 52.80823516845703 -1
vertex 77.83488464355469 53.702171325683594 -1
vertex 76.88739776611328 54.03583908081055 0
endloop
endfacet
facet normal 0.6417086032398472 -0.29700032591027165 0.7071073998602736
outer loop
vertex 76.55359649658203 53.31461715698242 0
vertex 77.421142578125 52.80823516845703 -1
vertex 76.88739776611328 54.03583908081055 0
endloop
endfacet
facet normal 0.6862089013745624 -0.17063897793309582 0.707106556951825
outer loop
vertex 77.83488464355469 53.702171325683594 -1
vertex 78.07259368896484 54.65809631347656 -1
vertex 77.07918548583984 54.807071685791016 0
endloop
endfacet
facet normal 0.6862054313216254 -0.17064342727119233 0.7071088507110085
outer loop
vertex 76.88739776611328 54.03583908081055 0
vertex 77.83488464355469 53.702171325683594 -1
vertex 77.07918548583984 54.807071685791016 0
endloop
endfacet
facet normal 0.706076823699151 -0.03815106869544328 0.707106791787714
outer loop
vertex 78.07259368896484 54.65809631347656 -1
vertex 78.12574005126953 55.64169692993164 -1
vertex 77.12206268310547 55.60063552856445 0
endloop
endfacet
facet normal 0.7060772709774341 -0.038150193847877975 0.7071063923614527
outer loop
vertex 77.07918548583984 54.807071685791016 0
vertex 78.07259368896484 54.65809631347656 -1
vertex 77.12206268310547 55.60063552856445 0
endloop
endfacet
facet normal 0.7006003827829222 0.09570046894419912 0.707107151631408
outer loop
vertex 78.12574005126953 55.64169692993164 -1
vertex 77.99242401123047 56.617671966552734 -1
vertex 77.0145034790039 56.38804244995117 0
endloop
endfacet
facet normal 0.7006006933667566 0.09570153744498468 0.707106699292749
outer loop
vertex 77.12206268310547 55.60063552856445 0
vertex 78.12574005126953 55.64169692993164 -1
vertex 77.0145034790039 56.38804244995117 0
endloop
endfacet
facet normal 0.6699757775834748 0.22612387624450475 0.7071070994153418
outer loop
vertex 76.761474609375 57.13773727416992 0
vertex 77.99242401123047 56.617671966552734 -1
vertex 77.67742156982422 57.55098342895508 -1
endloop
endfacet
facet normal 0.6699756907671943 0.22612293194144345 0.7071074836481552
outer loop
vertex 77.0145034790039 56.38804244995117 0
vertex 77.99242401123047 56.617671966552734 -1
vertex 76.761474609375 57.13773727416992 0
endloop
endfacet
facet normal 0.6128857829400025 0.35266027532637545 0.7071080166967033
outer loop
vertex 67.08940887451172 73.94674682617188 0
vertex 77.67742156982422 57.55098342895508 -1
vertex 67.9383316040039 74.47647857666016 -1
endloop
endfacet
facet normal 0.6128864567500316 0.35266076084701475 0.7071071905243195
outer loop
vertex 76.761474609375 57.13773727416992 0
vertex 77.67742156982422 57.55098342895508 -1
vertex 67.08940887451172 73.94674682617188 0
endloop
endfacet
facet normal 0.5861378503918123 0.39552553262668955 0.7071081765744468
outer loop
vertex 67.9383316040039 74.47647857666016 -1
vertex 67.52876281738281 75.08342742919922 -1
vertex 67.08940887451172 73.94674682617188 0
endloop
endfacet
facet normal 0.5861359753020021 0.39552693479407536 0.7071089465628151
outer loop
vertex 67.08940887451172 73.94674682617188 0
vertex 67.52876281738281 75.08342742919922 -1
vertex 66.74586486816406 74.45584869384766 0
endloop
endfacet
facet normal 0.5135897320962945 0.4860274460951069 0.7071088379645132
outer loop
vertex 66.74586486816406 74.45584869384766 0
vertex 67.52876281738281 75.08342742919922 -1
vertex 66.1907730102539 75.04241943359375 0
endloop
endfacet
facet normal 0.5135965611053094 0.4860226017898209 0.707107207550774
outer loop
vertex 67.01319885253906 75.62821960449219 -1
vertex 66.85169219970703 75.79888916015625 -1
vertex 66.1907730102539 75.04241943359375 0
endloop
endfacet
facet normal 0.5135875914175724 0.48603351320786303 0.7071062225583358
outer loop
vertex 67.52876281738281 75.08342742919922 -1
vertex 67.01319885253906 75.62821960449219 -1
vertex 66.1907730102539 75.04241943359375 0
endloop
endfacet
facet normal 0.41270124780390965 0.5741744463944682 0.7071077606480515
outer loop
vertex 66.1907730102539 75.04241943359375 0
vertex 66.85169219970703 75.79888916015625 -1
vertex 65.54545593261719 75.50625610351562 0
endloop
endfacet
facet normal 0.41270185522455166 0.5741734071797697 0.7071082499743497
outer loop
vertex 66.85169219970703 75.79888916015625 -1
vertex 66.05184173583984 76.3738021850586 -1
vertex 65.54545593261719 75.50625610351562 0
endloop
endfacet
facet normal 0.29700555551264973 0.6417052356117707 0.7071082594504635
outer loop
vertex 65.54545593261719 75.50625610351562 0
vertex 66.05184173583984 76.3738021850586 -1
vertex 64.82423400878906 75.8400650024414 0
endloop
endfacet
facet normal 0.2970029545017293 0.641708209090312 0.7071066534854187
outer loop
vertex 66.05184173583984 76.3738021850586 -1
vertex 65.15790557861328 76.78754425048828 -1
vertex 64.82423400878906 75.8400650024414 0
endloop
endfacet
facet normal 0.1706376631106817 0.6862095497024101 0.7071062450759016
outer loop
vertex 64.82423400878906 75.8400650024414 0
vertex 65.15790557861328 76.78754425048828 -1
vertex 64.0530014038086 76.03184509277344 0
endloop
endfacet
facet normal 0.17063889939120994 0.686208585525617 0.707106882419828
outer loop
vertex 65.15790557861328 76.78754425048828 -1
vertex 64.20198059082031 77.02525329589844 -1
vertex 64.0530014038086 76.03184509277344 0
endloop
endfacet
facet normal 0.0381571234618418 0.7060764919406302 0.707106796359596
outer loop
vertex 64.20198059082031 77.02525329589844 -1
vertex 63.25944137573242 76.0747299194336 0
vertex 64.0530014038086 76.03184509277344 0
endloop
endfacet
facet normal 0.038156543543853644 0.7060767884358363 0.707106531589775
outer loop
vertex 63.218379974365234 77.07840728759766 -1
vertex 63.25944137573242 76.0747299194336 0
vertex 64.20198059082031 77.02525329589844 -1
endloop
endfacet
facet normal -0.09570583511456966 0.7005995734112215 0.7071072272725243
outer loop
vertex 63.218379974365234 77.07840728759766 -1
vertex 62.24240493774414 76.94508361816406 -1
vertex 62.47203063964844 75.9671630859375 0
endloop
endfacet
facet normal -0.09570778657461065 0.7006001406411184 0.707106401132555
outer loop
vertex 63.25944137573242 76.0747299194336 0
vertex 63.218379974365234 77.07840728759766 -1
vertex 62.47203063964844 75.9671630859375 0
endloop
endfacet
facet normal -0.22612301793591977 0.6699774140048643 0.7071058233976768
outer loop
vertex 62.24240493774414 76.94508361816406 -1
vertex 61.653385162353516 76.74628448486328 -1
vertex 61.72252655029297 75.71420288085938 0
endloop
endfacet
facet normal -0.22612660405886037 0.6699767094323545 0.7071053441708682
outer loop
vertex 61.653385162353516 76.74628448486328 -1
vertex 61.3090934753418 76.63008117675781 -1
vertex 61.72252655029297 75.71420288085938 0
endloop
endfacet
facet normal -0.22611957210799902 0.6699770974881686 0.7071072252148358
outer loop
vertex 62.47203063964844 75.9671630859375 0
vertex 62.24240493774414 76.94508361816406 -1
vertex 61.72252655029297 75.71420288085938 0
endloop
endfacet
facet normal -0.35290587774204846 0.612747627990118 0.7071052155426364
outer loop
vertex 61.3090934753418 76.63008117675781 -1
vertex 44.70792007446289 65.91481018066406 0
vertex 61.72252655029297 75.71420288085938 0
endloop
endfacet
facet normal -0.35290518590537756 0.6127464836302992 0.7071065524797479
outer loop
vertex 44.70792007446289 65.91481018066406 0
vertex 60.569541931152344 76.20414733886719 -1
vertex 44.14445877075195 66.7442855834961 -1
endloop
endfacet
facet normal -0.3528913709251771 0.612727459248882 0.7071299321970176
outer loop
vertex 61.3090934753418 76.63008117675781 -1
vertex 60.569541931152344 76.20414733886719 -1
vertex 44.70792007446289 65.91481018066406 0
endloop
endfacet
facet normal -0.4395778784992835 0.5538697697814474 0.7071064749076448
outer loop
vertex 44.14445877075195 66.7442855834961 -1
vertex 43.37281799316406 66.13187408447266 -1
vertex 44.70792007446289 65.91481018066406 0
endloop
endfacet
facet normal -0.4395765795790171 0.5538723105486688 0.7071052922253455
outer loop
vertex 44.70792007446289 65.91481018066406 0
vertex 43.37281799316406 66.13187408447266 -1
vertex 44.06901168823242 65.40774536132812 0
endloop
endfacet
facet normal -0.5361546810244788 0.46101999173581976 0.707105879791311
outer loop
vertex 44.06901168823242 65.40774536132812 0
vertex 43.104312896728516 65.81961059570312 -1
vertex 43.550811767578125 64.80509185791016 0
endloop
endfacet
facet normal -0.5361539663483917 0.4610211491774078 0.7071056670541044
outer loop
vertex 43.37281799316406 66.13187408447266 -1
vertex 43.104312896728516 65.81961059570312 -1
vertex 44.06901168823242 65.40774536132812 0
endloop
endfacet
facet normal -0.5361552686664922 0.46101956692071144 0.7071057111899189
outer loop
vertex 43.104312896728516 65.81961059570312 -1
vertex 42.73053741455078 65.38491821289062 -1
vertex 43.550811767578125 64.80509185791016 0
endloop
endfacet
facet normal -0.6134850213691893 0.35162172560419414 0.7071055724846003
outer loop
vertex 43.550811767578125 64.80509185791016 0
vertex 42.73053741455078 65.38491821289062 -1
vertex 43.15557861328125 64.11551666259766 0
endloop
endfacet
facet normal -0.6134817082124612 0.35162414977428386 0.7071072415017631
outer loop
vertex 42.73053741455078 65.38491821289062 -1
vertex 42.24066162109375 64.53022766113281 -1
vertex 43.15557861328125 64.11551666259766 0
endloop
endfacet
facet normal -0.6687905820950006 0.22960458139008585 0.7071074129902144
outer loop
vertex 43.15557861328125 64.11551666259766 0
vertex 42.24066162109375 64.53022766113281 -1
vertex 42.89749526977539 63.363773345947266 0
endloop
endfacet
facet normal -0.6687974675638879 0.2295971810971067 0.7071033034941873
outer loop
vertex 42.24066162109375 64.53022766113281 -1
vertex 42.210567474365234 64.44256591796875 -1
vertex 42.89749526977539 63.363773345947266 0
endloop
endfacet
facet normal -0.6687901457084097 0.22960569890851554 0.7071074628598231
outer loop
vertex 42.210567474365234 64.44256591796875 -1
vertex 41.920780181884766 63.598480224609375 -1
vertex 42.89749526977539 63.363773345947266 0
endloop
endfacet
facet normal -0.7000922460450978 0.0993454514284263 0.7071077204415269
outer loop
vertex 42.89749526977539 63.363773345947266 0
vertex 41.920780181884766 63.598480224609375 -1
vertex 42.785362243652344 62.57356643676758 0
endloop
endfacet
facet normal -0.7000942684149625 0.09934223296958833 0.7071061703033955
outer loop
vertex 41.920780181884766 63.598480224609375 -1
vertex 41.782379150390625 62.62312698364258 -1
vertex 42.785362243652344 62.57356643676758 0
endloop
endfacet
facet normal -0.706477309779122 -0.02984289759948015 0.7071062241489049
outer loop
vertex 41.782379150390625 62.62312698364258 -1
vertex 41.827239990234375 61.561126708984375 -1
vertex 42.82634735107422 61.60333251953125 0
endloop
endfacet
facet normal -0.7064775398027887 -0.029843378329255453 0.7071059740407346
outer loop
vertex 41.782379150390625 62.62312698364258 -1
vertex 42.82634735107422 61.60333251953125 0
vertex 42.785362243652344 62.57356643676758 0
endloop
endfacet
facet normal -0.7077365513551251 0.030714712214428744 0.7058084586695877
outer loop
vertex 41.827239990234375 61.561126708984375 -1
vertex 42.821834564208984 61.49934768676758 0
vertex 42.82634735107422 61.60333251953125 0
endloop
endfacet
facet normal -0.7069787083230247 0.04391397848226084 0.7058701498659419
outer loop
vertex 41.827239990234375 61.561126708984375 -1
vertex 42.795562744140625 61.076393127441406 0
vertex 42.821834564208984 61.49934768676758 0
endloop
endfacet
facet normal -0.7069787083230247 0.04391397848226084 0.7058701498659419
outer loop
vertex 41.827239990234375 61.561126708984375 -1
vertex 41.800968170166016 61.1381721496582 -1
vertex 42.795562744140625 61.076393127441406 0
endloop
endfacet
facet normal -0.6843163853323535 0.18335049302553427 0.7057575231430094
outer loop
vertex 42.78577423095703 60.96452331542969 0
vertex 41.800968170166016 61.1381721496582 -1
vertex 42.77096939086914 60.90926742553711 0
endloop
endfacet
facet normal -0.7057571690535832 0.061753150644189264 0.7057573001499795
outer loop
vertex 42.795562744140625 61.076393127441406 0
vertex 41.800968170166016 61.1381721496582 -1
vertex 42.78577423095703 60.96452331542969 0
endloop
endfacet
facet normal -0.690637162375452 0.15721541667685762 0.7059062421491297
outer loop
vertex 41.800968170166016 61.1381721496582 -1
vertex 42.67690658569336 60.496055603027344 0
vertex 42.77096939086914 60.90926742553711 0
endloop
endfacet
facet normal -0.6881946220001116 0.162424238484084 0.7071113978737642
outer loop
vertex 41.800968170166016 61.1381721496582 -1
vertex 41.793033599853516 61.10455322265625 -1
vertex 42.67690658569336 60.496055603027344 0
endloop
endfacet
facet normal -0.6882050903604451 0.16240104412126832 0.7071065368601068
outer loop
vertex 41.793033599853516 61.10455322265625 -1
vertex 41.70363998413086 60.725730895996094 -1
vertex 42.67690658569336 60.496055603027344 0
endloop
endfacet
facet normal -0.6420791545209134 0.2994031241058641 0.7057564229997186
outer loop
vertex 41.70363998413086 60.725730895996094 -1
vertex 42.621185302734375 60.33622360229492 0
vertex 42.64332962036133 60.38371276855469 0
endloop
endfacet
facet normal -0.678077659585305 0.20266348250152305 0.7064971340576479
outer loop
vertex 42.67690658569336 60.496055603027344 0
vertex 41.70363998413086 60.725730895996094 -1
vertex 42.64332962036133 60.38371276855469 0
endloop
endfacet
facet normal -0.6519303116388214 0.2767501774737143 0.7059718181590371
outer loop
vertex 41.70363998413086 60.725730895996094 -1
vertex 42.45559310913086 59.946144104003906 0
vertex 42.621185302734375 60.33622360229492 0
endloop
endfacet
facet normal -0.651928852264698 0.2767522643948353 0.7059723477142463
outer loop
vertex 41.70363998413086 60.725730895996094 -1
vertex 41.538047790527344 60.335655212402344 -1
vertex 42.45559310913086 59.946144104003906 0
endloop
endfacet
facet normal -0.6420785227075404 0.2994031393346237 0.7057569913463658
outer loop
vertex 41.538047790527344 60.335655212402344 -1
vertex 42.40407180786133 59.835655212402344 0
vertex 42.45559310913086 59.946144104003906 0
endloop
endfacet
facet normal -0.5803419399988803 0.40633590181935497 0.705758009214906
outer loop
vertex 41.538047790527344 60.335655212402344 -1
vertex 42.37677764892578 59.79667282104492 0
vertex 42.40407180786133 59.835655212402344 0
endloop
endfacet
facet normal -0.5957632418319997 0.38285541720297905 0.7060367477689522
outer loop
vertex 41.538047790527344 60.335655212402344 -1
vertex 42.14767837524414 59.44017028808594 0
vertex 42.37677764892578 59.79667282104492 0
endloop
endfacet
facet normal -0.5957657193200059 0.3828529126562403 0.7060360153375672
outer loop
vertex 41.538047790527344 60.335655212402344 -1
vertex 41.3089485168457 59.979148864746094 -1
vertex 42.14767837524414 59.44017028808594 0
endloop
endfacet
facet normal -0.5803321260489693 0.40635191568929374 0.7057568590464596
outer loop
vertex 41.3089485168457 59.979148864746094 -1
vertex 42.07499313354492 59.33636474609375 0
vertex 42.14767837524414 59.44017028808594 0
endloop
endfacet
facet normal -0.5009830270956568 0.500919851430197 0.7057586761813289
outer loop
vertex 41.3089485168457 59.979148864746094 -1
vertex 42.04474639892578 59.306114196777344 0
vertex 42.07499313354492 59.33636474609375 0
endloop
endfacet
facet normal -0.5224937738013368 0.47792477251525367 0.706107759591325
outer loop
vertex 41.3089485168457 59.979148864746094 -1
vertex 41.02293395996094 59.66646194458008 -1
vertex 41.75872802734375 58.99342727661133 0
endloop
endfacet
facet normal -0.5224898639538836 0.4779275704172832 0.7061087589744832
outer loop
vertex 41.3089485168457 59.979148864746094 -1
vertex 41.75872802734375 58.99342727661133 0
vertex 42.04474639892578 59.306114196777344 0
endloop
endfacet
facet normal -0.5009628615356349 0.5009423151136213 0.7057570462210305
outer loop
vertex 41.75872802734375 58.99342727661133 0
vertex 41.02293395996094 59.66646194458008 -1
vertex 41.66572189331055 58.90041732788086 0
endloop
endfacet
facet normal -0.4063478767983029 0.5803342487140445 0.7057574390617621
outer loop
vertex 41.02293395996094 59.66646194458008 -1
vertex 41.63462448120117 58.87864303588867 0
vertex 41.66572189331055 58.90041732788086 0
endloop
endfacet
facet normal -0.43421522989236927 0.5592445888167265 0.7061888019564793
outer loop
vertex 41.02293395996094 59.66646194458008 -1
vertex 40.68821334838867 59.40657424926758 -1
vertex 41.299903869628906 58.61875534057617 0
endloop
endfacet
facet normal -0.43421522989236927 0.5592445888167265 0.7061888019564793
outer loop
vertex 41.02293395996094 59.66646194458008 -1
vertex 41.299903869628906 58.61875534057617 0
vertex 41.63462448120117 58.87864303588867 0
endloop
endfacet
facet normal -0.29939369210292033 0.6420820602697435 0.7057577806930244
outer loop
vertex 41.158172607421875 58.52653884887695 0
vertex 41.18821334838867 58.54054641723633 0
vertex 40.68821334838867 59.40657424926758 -1
endloop
endfacet
facet normal -0.40636033828232354 0.5803250582659326 0.7057578212246162
outer loop
vertex 41.299903869628906 58.61875534057617 0
vertex 40.68821334838867 59.40657424926758 -1
vertex 41.18821334838867 58.54054641723633 0
endloop
endfacet
facet normal -0.3334811501269079 0.6244694221906356 0.7062777522044202
outer loop
vertex 40.68821334838867 59.40657424926758 -1
vertex 40.31440353393555 59.20695114135742 -1
vertex 40.78436279296875 58.3269157409668 0
endloop
endfacet
facet normal -0.3334811501269079 0.6244694221906356 0.7062777522044202
outer loop
vertex 41.158172607421875 58.52653884887695 0
vertex 40.68821334838867 59.40657424926758 -1
vertex 40.78436279296875 58.3269157409668 0
endloop
endfacet
facet normal -0.2994048373635832 0.6420764921293831 0.7057581183508359
outer loop
vertex 40.78436279296875 58.3269157409668 0
vertex 40.31440353393555 59.20695114135742 -1
vertex 40.657047271728516 58.267547607421875 0
endloop
endfacet
facet normal -0.24230509593739105 0.6642958336128486 0.7071062762607768
outer loop
vertex 40.657047271728516 58.267547607421875 0
vertex 34.7899284362793 57.191932678222656 -1
vertex 35.132591247558594 56.25247573852539 0
endloop
endfacet
facet normal -0.24230556007604476 0.6643170060989325 0.7070862259752941
outer loop
vertex 40.31440353393555 59.20695114135742 -1
vertex 34.7899284362793 57.191932678222656 -1
vertex 40.657047271728516 58.267547607421875 0
endloop
endfacet
facet normal -0.18376425172666772 0.6842089773966394 0.7057540471277388
outer loop
vertex 34.7899284362793 57.191932678222656 -1
vertex 35.03352355957031 56.225868225097656 0
vertex 35.132591247558594 56.25247573852539 0
endloop
endfacet
facet normal -0.17320725354031224 0.686914335498458 0.7057959641480912
outer loop
vertex 34.7899284362793 57.191932678222656 -1
vertex 34.539546966552734 56.10131072998047 0
vertex 35.03352355957031 56.225868225097656 0
endloop
endfacet
facet normal -0.17320725354031224 0.686914335498458 0.7057959641480912
outer loop
vertex 34.7899284362793 57.191932678222656 -1
vertex 34.29595184326172 57.06737518310547 -1
vertex 34.539546966552734 56.10131072998047 0
endloop
endfacet
facet normal -0.1833572758838343 0.6843148810514931 0.7057572195535375
outer loop
vertex 34.29595184326172 57.06737518310547 -1
vertex 34.469600677490234 56.08256912231445 0
vertex 34.539546966552734 56.10131072998047 0
endloop
endfacet
facet normal -0.061740590723793565 0.7057588215495713 0.7057567465225093
outer loop
vertex 34.35578918457031 56.07261276245117 0
vertex 34.469600677490234 56.08256912231445 0
vertex 34.29595184326172 57.06737518310547 -1
endloop
endfacet
facet normal -0.042456709851954225 0.7058310628275487 0.7071067377251329
outer loop
vertex 34.13099670410156 57.05745315551758 -1
vertex 33.872947692871094 57.04193115234375 -1
vertex 33.93299102783203 56.04373550415039 0
endloop
endfacet
facet normal -0.04252871313858283 0.7070459875196458 0.7058875831824393
outer loop
vertex 34.29595184326172 57.06737518310547 -1
vertex 34.13099670410156 57.05745315551758 -1
vertex 34.35578918457031 56.07261276245117 0
endloop
endfacet
facet normal -0.04823474543159296 0.7062152939452013 0.7063521557488462
outer loop
vertex 33.93299102783203 56.04373550415039 0
vertex 34.35578918457031 56.07261276245117 0
vertex 34.13099670410156 57.05745315551758 -1
endloop
endfacet
facet normal 0.061737457667796196 0.705757921075179 0.705757921075179
outer loop
vertex 33.872947692871094 57.04193115234375 -1
vertex 33.7639274597168 56.05146789550781 0
vertex 33.872947692871094 56.04193115234375 0
endloop
endfacet
facet normal -0.021244347142150143 0.706947196654214 0.706947196654214
outer loop
vertex 33.93299102783203 56.04373550415039 0
vertex 33.872947692871094 57.04193115234375 -1
vertex 33.872947692871094 56.04193115234375 0
endloop
endfacet
facet normal 0.0775006959931076 0.7041123788835715 0.7058465839143107
outer loop
vertex 33.872947692871094 57.04193115234375 -1
vertex 33.45172119140625 57.088294982910156 -1
vertex 33.7639274597168 56.05146789550781 0
endloop
endfacet
facet normal 0.0775006959931076 0.7041123788835715 0.7058465839143107
outer loop
vertex 33.7639274597168 56.05146789550781 0
vertex 33.45172119140625 57.088294982910156 -1
vertex 33.34270095825195 56.09783172607422 0
endloop
endfacet
facet normal 0.06173612524896271 0.7057580526099367 0.7057579060949116
outer loop
vertex 33.34270095825195 56.09783172607422 0
vertex 33.45172119140625 57.088294982910156 -1
vertex 33.278072357177734 56.103485107421875 0
endloop
endfacet
facet normal 0.18335991911971583 0.6843129591713976 0.7057583963159749
outer loop
vertex 33.278072357177734 56.103485107421875 0
vertex 33.45172119140625 57.088294982910156 -1
vertex 33.177005767822266 56.13056564331055 0
endloop
endfacet
facet normal 0.19495474607531973 0.679701584938224 0.7071056515225811
outer loop
vertex 33.23540115356445 57.15034484863281 -1
vertex 33.044376373291016 57.205135345458984 -1
vertex 32.76865768432617 56.243900299072266 0
endloop
endfacet
facet normal 0.19496625720333938 0.6796970089284253 0.7071068763672671
outer loop
vertex 33.45172119140625 57.088294982910156 -1
vertex 33.23540115356445 57.15034484863281 -1
vertex 32.76865768432617 56.243900299072266 0
endloop
endfacet
facet normal 0.18945395450398972 0.6826081458712245 0.7057997721117862
outer loop
vertex 32.76865768432617 56.243900299072266 0
vertex 33.177005767822266 56.13056564331055 0
vertex 33.45172119140625 57.088294982910156 -1
endloop
endfacet
facet normal 0.2186061342216199 0.6726938053774352 0.706890657943295
outer loop
vertex 32.76865768432617 56.243900299072266 0
vertex 33.044376373291016 57.205135345458984 -1
vertex 32.70235824584961 56.265445709228516 0
endloop
endfacet
facet normal 0.29939639150371355 0.642081943873187 0.7057567414531616
outer loop
vertex 32.70235824584961 56.265445709228516 0
vertex 33.044376373291016 57.205135345458984 -1
vertex 32.61188507080078 56.30763244628906 0
endloop
endfacet
facet normal 0.3075370082286933 0.6381911062412956 0.7057854493287999
outer loop
vertex 32.61188507080078 56.30763244628906 0
vertex 32.662620544433594 57.38909912109375 -1
vertex 32.23012924194336 56.49159622192383 0
endloop
endfacet
facet normal 0.3075370082286933 0.6381911062412956 0.7057854493287999
outer loop
vertex 33.044376373291016 57.205135345458984 -1
vertex 32.662620544433594 57.38909912109375 -1
vertex 32.61188507080078 56.30763244628906 0
endloop
endfacet
facet normal 0.299398347213098 0.6420810167995874 0.7057567552292171
outer loop
vertex 32.23012924194336 56.49159622192383 0
vertex 32.662620544433594 57.38909912109375 -1
vertex 32.162620544433594 56.523075103759766 0
endloop
endfacet
facet normal 0.4063379764987677 0.5803406180763879 0.7057579017379848
outer loop
vertex 32.662620544433594 57.38909912109375 -1
vertex 32.084781646728516 56.57757568359375 0
vertex 32.162620544433594 56.523075103759766 0
endloop
endfacet
facet normal 0.4109195030376812 0.5770920721484574 0.7057690148247263
outer loop
vertex 32.084781646728516 56.57757568359375 0
vertex 32.317420959472656 57.6348991394043 -1
vertex 31.739582061767578 56.8233757019043 0
endloop
endfacet
facet normal 0.4109195030376812 0.5770920721484574 0.7057690148247263
outer loop
vertex 32.662620544433594 57.38909912109375 -1
vertex 32.317420959472656 57.6348991394043 -1
vertex 32.084781646728516 56.57757568359375 0
endloop
endfacet
facet normal 0.4063580387119111 0.5803264525338868 0.7057579987953686
outer loop
vertex 32.317420959472656 57.6348991394043 -1
vertex 31.674633026123047 56.86885452270508 0
vertex 31.739582061767578 56.8233757019043 0
endloop
endfacet
facet normal 0.5009443254705827 0.5009593031757035 0.7057581450755894
outer loop
vertex 31.610837936401367 56.932647705078125 0
vertex 31.674633026123047 56.86885452270508 0
vertex 32.317420959472656 57.6348991394043 -1
endloop
endfacet
facet normal 0.5024899737376726 0.49940652847854855 0.7057598356424922
outer loop
vertex 32.317420959472656 57.6348991394043 -1
vertex 31.312110900878906 57.233219146728516 0
vertex 31.610837936401367 56.932647705078125 0
endloop
endfacet
facet normal 0.502486225854884 0.4994123305246214 0.7057583984240505
outer loop
vertex 31.312110900878906 57.233219146728516 0
vertex 32.317420959472656 57.6348991394043 -1
vertex 32.01869201660156 57.93546676635742 -1
endloop
endfacet
facet normal 0.5803324588198345 0.40635111821799 0.705757044572078
outer loop
vertex 31.252649307250977 57.29267883300781 0
vertex 32.01869201660156 57.93546676635742 -1
vertex 31.202898025512695 57.363731384277344 0
endloop
endfacet
facet normal 0.5009447939467586 0.5009608632607365 0.7057567051744511
outer loop
vertex 31.312110900878906 57.233219146728516 0
vertex 32.01869201660156 57.93546676635742 -1
vertex 31.252649307250977 57.29267883300781 0
endloop
endfacet
facet normal 0.5790582847702554 0.4058217545526482 0.7071069271126821
outer loop
vertex 31.283523559570312 58.98446273803711 -1
vertex 30.515512466430664 58.337913513183594 0
vertex 32.01869201660156 57.93546676635742 -1
endloop
endfacet
facet normal 0.5788618009180616 0.4084464607270425 0.705755272142866
outer loop
vertex 32.01869201660156 57.93546676635742 -1
vertex 30.515512466430664 58.337913513183594 0
vertex 31.202898025512695 57.363731384277344 0
endloop
endfacet
facet normal 0.49859506095237516 0.5014005621166479 0.7071070933762486
outer loop
vertex 30.694812774658203 59.56988525390625 -1
vertex 30.58504867553711 59.67903518676758 -1
vertex 29.94740104675293 58.90285110473633 0
endloop
endfacet
facet normal 0.4985974550749728 0.5013980350526526 0.7071071971335742
outer loop
vertex 31.283523559570312 58.98446273803711 -1
vertex 30.694812774658203 59.56988525390625 -1
vertex 29.94740104675293 58.90285110473633 0
endloop
endfacet
facet normal 0.49859730224414667 0.501398429597988 0.707107025132356
outer loop
vertex 30.515512466430664 58.337913513183594 0
vertex 31.283523559570312 58.98446273803711 -1
vertex 29.94740104675293 58.90285110473633 0
endloop
endfacet
facet normal 0.3950809411791006 0.5864389912193624 0.7071070353876086
outer loop
vertex 29.94740104675293 58.90285110473633 0
vertex 30.58504867553711 59.67903518676758 -1
vertex 29.288297653198242 59.346885681152344 0
endloop
endfacet
facet normal 0.39508082720876797 0.5864387977290044 0.7071072595371903
outer loop
vertex 30.354116439819336 59.83461380004883 -1
vertex 29.768108367919922 60.22940444946289 -1
vertex 29.288297653198242 59.346885681152344 0
endloop
endfacet
facet normal 0.3950818588473487 0.5864375252543 0.7071077384552767
outer loop
vertex 30.58504867553711 59.67903518676758 -1
vertex 30.354116439819336 59.83461380004883 -1
vertex 29.288297653198242 59.346885681152344 0
endloop
endfacet
facet normal 0.2773833072448962 0.6504289636533646 0.7071072507779097
outer loop
vertex 28.55727767944336 59.65863800048828 0
vertex 29.288297653198242 59.346885681152344 0
vertex 29.768108367919922 60.22940444946289 -1
endloop
endfacet
facet normal 0.2773833338082169 0.6504289350852748 0.7071072666358864
outer loop
vertex 29.768108367919922 60.22940444946289 -1
vertex 28.86202621459961 60.615814208984375 -1
vertex 28.55727767944336 59.65863800048828 0
endloop
endfacet
facet normal 0.14972735099910645 0.6910725276270527 0.7071071219567421
outer loop
vertex 28.729154586791992 60.64460372924805 -1
vertex 27.899324417114258 60.82439422607422 -1
vertex 27.780576705932617 59.82691955566406 0
endloop
endfacet
facet normal 0.14972890993232776 0.691071519904031 0.7071077767271473
outer loop
vertex 28.55727767944336 59.65863800048828 0
vertex 28.729154586791992 60.64460372924805 -1
vertex 27.780576705932617 59.82691955566406 0
endloop
endfacet
facet normal 0.14973536156924858 0.6910702592419877 0.7071076426449784
outer loop
vertex 28.86202621459961 60.615814208984375 -1
vertex 28.729154586791992 60.64460372924805 -1
vertex 28.55727767944336 59.65863800048828 0
endloop
endfacet
facet normal 0.016698637469273723 0.706909869444651 0.707106492678731
outer loop
vertex 27.42341423034668 60.835636138916016 -1
vertex 26.914562225341797 60.84765625 -1
vertex 26.98934555053711 59.845611572265625 0
endloop
endfacet
facet normal 0.01670000611172281 0.7069095546269702 0.7071067750863141
outer loop
vertex 27.780576705932617 59.82691955566406 0
vertex 27.42341423034668 60.835636138916016 -1
vertex 26.98934555053711 59.845611572265625 0
endloop
endfacet
facet normal 0.01669855597494485 0.7069093137991839 0.7071070500937738
outer loop
vertex 27.899324417114258 60.82439422607422 -1
vertex 27.42341423034668 60.835636138916016 -1
vertex 27.780576705932617 59.82691955566406 0
endloop
endfacet
facet normal -0.12144498737096446 0.6966000423011759 0.7071064248813372
outer loop
vertex 26.914562225341797 60.84765625 -1
vertex 12.34829044342041 58.30817794799805 -1
vertex 26.98934555053711 59.845611572265625 0
endloop
endfacet
facet normal -0.12144496045051427 0.6965993202796698 0.7071071407976834
outer loop
vertex 12.34829044342041 58.30817794799805 -1
vertex 12.520039558410645 57.323036193847656 0
vertex 26.98934555053711 59.845611572265625 0
endloop
endfacet
facet normal -0.10282998820361282 0.6997167938821107 0.7069811892019366
outer loop
vertex 12.34829044342041 58.30817794799805 -1
vertex 12.022746086120605 57.24995422363281 0
vertex 12.520039558410645 57.323036193847656 0
endloop
endfacet
facet normal -0.10228708831229288 0.6996689436311659 0.707107290927368
outer loop
vertex 12.34829044342041 58.30817794799805 -1
vertex 11.87808609008789 58.239437103271484 -1
vertex 12.022746086120605 57.24995422363281 0
endloop
endfacet
facet normal -0.04016207321085001 0.7073505250942733 0.7057210798355553
outer loop
vertex 12.022746086120605 57.24995422363281 0
vertex 11.87808609008789 58.239437103271484 -1
vertex 11.862104415893555 57.2408332824707 0
endloop
endfacet
facet normal 0.0113102400027072 0.707017081517545 0.7071060209851803
outer loop
vertex 11.87808609008789 58.239437103271484 -1
vertex 11.538516998291016 58.244869232177734 -1
vertex 11.438368797302246 57.24634552001953 0
endloop
endfacet
facet normal 0.011314448944225753 0.7070168368950926 0.7071061982417822
outer loop
vertex 11.454371452331543 58.2462158203125 -1
vertex 11.438368797302246 57.24634552001953 0
vertex 11.538516998291016 58.244869232177734 -1
endloop
endfacet
facet normal 0.009203596971907587 0.7074970593358144 0.7066563555462824
outer loop
vertex 11.438368797302246 57.24634552001953 0
vertex 11.862104415893555 57.2408332824707 0
vertex 11.87808609008789 58.239437103271484 -1
endloop
endfacet
facet normal 0.07513692294385721 0.7045522263367706 0.70566323637726
outer loop
vertex 11.454371452331543 58.2462158203125 -1
vertex 11.269891738891602 57.264312744140625 0
vertex 11.438368797302246 57.24634552001953 0
endloop
endfacet
facet normal 0.12912120838408378 0.6955484899748763 0.7067814454547483
outer loop
vertex 11.454371452331543 58.2462158203125 -1
vertex 10.853240966796875 57.34165954589844 0
vertex 11.269891738891602 57.264312744140625 0
endloop
endfacet
facet normal 0.13056827869399573 0.694946592256286 0.7071076003765357
outer loop
vertex 11.41986083984375 58.25270080566406 -1
vertex 11.037888526916504 58.324466705322266 -1
vertex 10.853240966796875 57.34165954589844 0
endloop
endfacet
facet normal 0.13058788869419202 0.6949388129671658 0.7071116245389972
outer loop
vertex 11.41986083984375 58.25270080566406 -1
vertex 10.853240966796875 57.34165954589844 0
vertex 11.454371452331543 58.2462158203125 -1
endloop
endfacet
facet normal 0.19152021569394437 0.682098394972937 0.7057349265523765
outer loop
vertex 11.037888526916504 58.324466705322266 -1
vertex 10.690086364746094 57.38747024536133 0
vertex 10.853240966796875 57.34165954589844 0
endloop
endfacet
facet normal 0.2461281808790562 0.6630902793722877 0.7069173926132728
outer loop
vertex 11.037888526916504 58.324466705322266 -1
vertex 10.640605926513672 58.47193145751953 -1
vertex 10.292802810668945 57.534934997558594 0
endloop
endfacet
facet normal 0.24612770243731724 0.6630905821503382 0.7069172751860383
outer loop
vertex 11.037888526916504 58.324466705322266 -1
vertex 10.292802810668945 57.534934997558594 0
vertex 10.690086364746094 57.38747024536133 0
endloop
endfacet
facet normal 0.2994068327486589 0.6420760818757353 0.7057576450783375
outer loop
vertex 10.640605926513672 58.47193145751953 -1
vertex 10.157307624816895 57.59811782836914 0
vertex 10.292802810668945 57.534934997558594 0
endloop
endfacet
facet normal 0.3424761612728877 0.6192166302154827 0.7065980779936846
outer loop
vertex 10.640605926513672 58.47193145751953 -1
vertex 10.563267707824707 58.514705657958984 -1
vertex 10.157307624816895 57.59811782836914 0
endloop
endfacet
facet normal 0.34223719112117534 0.6187672858717039 0.7071073121870916
outer loop
vertex 10.563267707824707 58.514705657958984 -1
vertex 10.117128372192383 58.7614631652832 -1
vertex 9.68454360961914 57.85795593261719 0
endloop
endfacet
facet normal 0.34079017511256027 0.6200527516640034 0.7066800136558612
outer loop
vertex 9.68454360961914 57.85795593261719 0
vertex 10.157307624816895 57.59811782836914 0
vertex 10.563267707824707 58.514705657958984 -1
endloop
endfacet
facet normal 0.2674283843628873 0.6545846910511259 0.7071074469121069
outer loop
vertex 10.117128372192383 58.7614631652832 -1
vertex 8.915145874023438 58.17229080200195 0
vertex 9.68454360961914 57.85795593261719 0
endloop
endfacet
facet normal 0.2674268311320704 0.6545863112203931 0.7071065345148055
outer loop
vertex 10.117128372192383 58.7614631652832 -1
vertex 9.205255508422852 59.134002685546875 -1
vertex 8.915145874023438 58.17229080200195 0
endloop
endfacet
facet normal 0.1391656105845808 0.6932773710793504 0.7071063707674577
outer loop
vertex 8.915145874023438 58.17229080200195 0
vertex 9.205255508422852 59.134002685546875 -1
vertex 8.139591217041016 58.327972412109375 0
endloop
endfacet
facet normal 0.1391668298720181 0.6932765094258022 0.7071069755996955
outer loop
vertex 9.205255508422852 59.134002685546875 -1
vertex 8.239484786987305 59.3278694152832 -1
vertex 8.139591217041016 58.327972412109375 0
endloop
endfacet
facet normal 0.000735808926297212 0.7071044753694391 0.7071087041592222
outer loop
vertex 8.239484786987305 59.3278694152832 -1
vertex 0.6877655982971191 59.33572769165039 -1
vertex -11.503376960754395 58.34840774536133 0
endloop
endfacet
facet normal 0.0007356630341536012 0.707105370418041 0.7071078092666389
outer loop
vertex 0.6877655982971191 59.33572769165039 -1
vertex -11.57706069946289 59.348487854003906 -1
vertex -11.503376960754395 58.34840774536133 0
endloop
endfacet
facet normal 0.0007356297676229907 0.7071062623691919 0.7071069173520482
outer loop
vertex 8.239484786987305 59.3278694152832 -1
vertex -11.503376960754395 58.34840774536133 0
vertex 8.139591217041016 58.327972412109375 0
endloop
endfacet
facet normal -0.10436082491903141 0.6993626643456832 0.7071072633918608
outer loop
vertex -11.57706069946289 59.348487854003906 -1
vertex -12.543013572692871 59.204345703125 -1
vertex -12.30174446105957 58.22927474975586 0
endloop
endfacet
facet normal -0.1043593600912258 0.6993622633766378 0.707107876158975
outer loop
vertex -11.57706069946289 59.348487854003906 -1
vertex -12.30174446105957 58.22927474975586 0
vertex -11.503376960754395 58.34840774536133 0
endloop
endfacet
facet normal -0.23381085658728268 0.6673313312161915 0.7071077553804278
outer loop
vertex -12.543013572692871 59.204345703125 -1
vertex -13.472726821899414 58.878604888916016 -1
vertex -13.052263259887695 57.96631622314453 0
endloop
endfacet
facet normal -0.23381225629572094 0.6673314457900472 0.7071071844251545
outer loop
vertex -12.30174446105957 58.22927474975586 0
vertex -12.543013572692871 59.204345703125 -1
vertex -13.052263259887695 57.96631622314453 0
endloop
endfacet
facet normal -0.3554765318166873 0.6112569715633758 0.7071077358102866
outer loop
vertex -13.472726821899414 58.878604888916016 -1
vertex -13.739335060119629 57.566749572753906 0
vertex -13.052263259887695 57.96631622314453 0
endloop
endfacet
facet normal -0.35547962140487654 0.6112566363648929 0.7071064723687109
outer loop
vertex -13.472726821899414 58.878604888916016 -1
vertex -14.32431697845459 58.383358001708984 -1
vertex -13.739335060119629 57.566749572753906 0
endloop
endfacet
facet normal -0.4643664370412898 0.5332459111937451 0.7071156979905978
outer loop
vertex -14.32431697845459 58.383358001708984 -1
vertex -14.361564636230469 58.350921630859375 -1
vertex -14.338713645935059 57.044761657714844 0
endloop
endfacet
facet normal -0.46438832112863365 0.5332391941802952 0.7071063915630227
outer loop
vertex -14.32431697845459 58.383358001708984 -1
vertex -14.338713645935059 57.044761657714844 0
vertex -13.739335060119629 57.566749572753906 0
endloop
endfacet
facet normal -0.4643864614690957 0.5332393062073882 0.707107528399801
outer loop
vertex -15.067215919494629 57.736385345458984 -1
vertex -14.338713645935059 57.044761657714844 0
vertex -14.361564636230469 58.350921630859375 -1
endloop
endfacet
facet normal -0.5566263110480205 0.4360819869986912 0.7071065340274728
outer loop
vertex -15.067215919494629 57.736385345458984 -1
vertex -15.65952205657959 56.980350494384766 -1
vertex -14.82828140258789 56.41986846923828 0
endloop
endfacet
facet normal -0.5566243249257069 0.4360830411940009 0.7071074473402134
outer loop
vertex -15.067215919494629 57.736385345458984 -1
vertex -14.82828140258789 56.41986846923828 0
vertex -14.338713645935059 57.044761657714844 0
endloop
endfacet
facet normal -0.6295091507434495 0.3220525342947605 0.707107059987795
outer loop
vertex -16.061004638671875 56.20591735839844 -1
vertex -16.208974838256836 55.916683197021484 -1
vertex -14.82828140258789 56.41986846923828 0
endloop
endfacet
facet normal -0.6290415200424337 0.3261084811256717 0.7056628264267658
outer loop
vertex -15.65952205657959 56.980350494384766 -1
vertex -16.061004638671875 56.20591735839844 -1
vertex -14.82828140258789 56.41986846923828 0
endloop
endfacet
facet normal -0.6295563393859643 0.3243974160253901 0.7059923030848102
outer loop
vertex -14.82828140258789 56.41986846923828 0
vertex -16.208974838256836 55.916683197021484 -1
vertex -15.321510314941406 55.46266174316406 0
endloop
endfacet
facet normal -0.5803322157720794 0.4063506487644629 0.7057575147214294
outer loop
vertex -16.208974838256836 55.916683197021484 -1
vertex -15.375763893127441 55.36981964111328 0
vertex -15.342949867248535 55.416683197021484 0
endloop
endfacet
facet normal -0.6420804767740969 0.29939872227575026 0.7057570874211583
outer loop
vertex -15.321510314941406 55.46266174316406 0
vertex -16.208974838256836 55.916683197021484 -1
vertex -15.342949867248535 55.416683197021484 0
endloop
endfacet
facet normal -0.5921449234066631 0.3886445194057752 0.7059177198651206
outer loop
vertex -16.208974838256836 55.916683197021484 -1
vertex -16.441499710083008 55.56240463256836 -1
vertex -15.608287811279297 55.015541076660156 0
endloop
endfacet
facet normal -0.5921458906615443 0.38864356026360763 0.7059174365591729
outer loop
vertex -16.208974838256836 55.916683197021484 -1
vertex -15.608287811279297 55.015541076660156 0
vertex -15.375763893127441 55.36981964111328 0
endloop
endfacet
facet normal -0.5803300494905667 0.40635335029050956 0.7057577405639663
outer loop
vertex -16.441499710083008 55.56240463256836 -1
vertex -15.675455093383789 54.91961669921875 0
vertex -15.608287811279297 55.015541076660156 0
endloop
endfacet
facet normal -0.5009459747642558 0.5009588684627724 0.7057572829776452
outer loop
vertex -16.441499710083008 55.56240463256836 -1
vertex -15.712508201599121 54.882564544677734 0
vertex -15.675455093383789 54.91961669921875 0
endloop
endfacet
facet normal -0.5179590574934178 0.48303285823054815 0.7059728554485345
outer loop
vertex -16.441499710083008 55.56240463256836 -1
vertex -16.001527786254883 54.57264709472656 0
vertex -15.712508201599121 54.882564544677734 0
endloop
endfacet
facet normal -0.5179580818772177 0.48303354225505457 0.7059731032232093
outer loop
vertex -16.441499710083008 55.56240463256836 -1
vertex -16.730520248413086 55.25248718261719 -1
vertex -16.001527786254883 54.57264709472656 0
endloop
endfacet
facet normal -0.5009521406968299 0.5009521406968299 0.7057576818303342
outer loop
vertex -16.730520248413086 55.25248718261719 -1
vertex -16.087732315063477 54.48644256591797 0
vertex -16.001527786254883 54.57264709472656 0
endloop
endfacet
facet normal -0.4063236494914865 0.5803528352170855 0.7057561041318807
outer loop
vertex -16.12671661376953 54.45914840698242 0
vertex -16.087732315063477 54.48644256591797 0
vertex -16.730520248413086 55.25248718261719 -1
endloop
endfacet
facet normal -0.4288953740243975 0.5635264090282063 0.7060359370940313
outer loop
vertex -16.730520248413086 55.25248718261719 -1
vertex -16.46392822265625 54.20249938964844 0
vertex -16.12671661376953 54.45914840698242 0
endloop
endfacet
facet normal -0.4288909139680729 0.5635285183594044 0.7060369628505901
outer loop
vertex -16.730520248413086 55.25248718261719 -1
vertex -16.84674835205078 55.16402816772461 -1
vertex -16.46392822265625 54.20249938964844 0
endloop
endfacet
facet normal -0.4288905833611632 0.5635287044119963 0.7060370151825315
outer loop
vertex -16.84674835205078 55.16402816772461 -1
vertex -17.067731857299805 54.99584197998047 -1
vertex -16.46392822265625 54.20249938964844 0
endloop
endfacet
facet normal -0.40635625507069645 0.5803276600638321 0.7057580328481969
outer loop
vertex -16.46392822265625 54.20249938964844 0
vertex -17.067731857299805 54.99584197998047 -1
vertex -16.567731857299805 54.12981414794922 0
endloop
endfacet
facet normal -0.2993888697301605 0.6420845700574986 0.7057575430526931
outer loop
vertex -17.067731857299805 54.99584197998047 -1
vertex -16.606502532958984 54.11173629760742 0
vertex -16.567731857299805 54.12981414794922 0
endloop
endfacet
facet normal -0.3275200668904828 0.6278062875743253 0.7061089654339459
outer loop
vertex -17.067731857299805 54.99584197998047 -1
vertex -17.44344711303711 54.799835205078125 -1
vertex -16.98221778869629 53.91572952270508 0
endloop
endfacet
facet normal -0.3275200668904828 0.6278062875743253 0.7061089654339459
outer loop
vertex -17.067731857299805 54.99584197998047 -1
vertex -16.98221778869629 53.91572952270508 0
vertex -16.606502532958984 54.11173629760742 0
endloop
endfacet
facet normal -0.18336579435625125 0.6843117484642164 0.7057580437897595
outer loop
vertex -17.44344711303711 54.799835205078125 -1
vertex -17.138099670410156 53.85031509399414 0
vertex -17.10142707824707 53.86014175415039 0
endloop
endfacet
facet normal -0.29940328538091515 0.6420774545809497 0.7057579011403009
outer loop
vertex -17.44344711303711 54.799835205078125 -1
vertex -17.10142707824707 53.86014175415039 0
vertex -16.98221778869629 53.91572952270508 0
endloop
endfacet
facet normal -0.2167568369159087 0.6740277841048977 0.7061890822611546
outer loop
vertex -17.44344711303711 54.799835205078125 -1
vertex -17.541521072387695 53.7205810546875 0
vertex -17.138099670410156 53.85031509399414 0
endloop
endfacet
facet normal -0.2167568369159087 0.6740277841048977 0.7061890822611546
outer loop
vertex -17.44344711303711 54.799835205078125 -1
vertex -17.84686851501465 54.670101165771484 -1
vertex -17.541521072387695 53.7205810546875 0
endloop
endfacet
facet normal -0.06171786623666395 0.7057605139731591 0.7057570416960326
outer loop
vertex -17.84686851501465 54.670101165771484 -1
vertex -17.70624351501465 53.682403564453125 0
vertex -17.673221588134766 53.6852912902832 0
endloop
endfacet
facet normal -0.18336460284926054 0.6843120993481024 0.7057580131374535
outer loop
vertex -17.541521072387695 53.7205810546875 0
vertex -17.84686851501465 54.670101165771484 -1
vertex -17.673221588134766 53.6852912902832 0
endloop
endfacet
facet normal -0.09979016269971251 0.7008667346978116 0.7062773843345065
outer loop
vertex -17.84686851501465 54.670101165771484 -1
vertex -18.125782012939453 53.6226692199707 0
vertex -17.70624351501465 53.682403564453125 0
endloop
endfacet
facet normal -0.09979016269971251 0.7008667346978116 0.7062773843345065
outer loop
vertex -17.84686851501465 54.670101165771484 -1
vertex -18.266407012939453 54.61036682128906 -1
vertex -18.125782012939453 53.6226692199707 0
endloop
endfacet
facet normal -0.06173265488631692 0.7057588170059165 0.705757445259415
outer loop
vertex -18.125782012939453 53.6226692199707 0
vertex -18.266407012939453 54.61036682128906 -1
vertex -18.265993118286133 53.61040496826172 0
endloop
endfacet
facet normal -0.00029251331640735154 0.7071066904002389 0.7071068114699366
outer loop
vertex -20.741918563842773 54.609344482421875 -1
vertex -27.93465232849121 54.60636901855469 -1
vertex -27.93423843383789 53.60636901855469 0
endloop
endfacet
facet normal -0.00029518298053916045 0.7071201764126062 0.7070933240932293
outer loop
vertex -18.266407012939453 54.61036682128906 -1
vertex -27.93423843383789 53.60636901855469 0
vertex -18.265993118286133 53.61040496826172 0
endloop
endfacet
facet normal -0.0002920207924745062 0.7071049219358294 0.7071085801331938
outer loop
vertex -18.266407012939453 54.61036682128906 -1
vertex -20.741918563842773 54.609344482421875 -1
vertex -27.93423843383789 53.60636901855469 0
endloop
endfacet
facet normal 0.06151060999619057 0.705780554074927 0.7057550951623272
outer loop
vertex -27.93465232849121 54.60636901855469 -1
vertex -28.038280487060547 53.61543655395508 0
vertex -27.93423843383789 53.60636901855469 0
endloop
endfacet
facet normal 0.07367943881377842 0.7045612575247743 0.7058078879491185
outer loop
vertex -27.93465232849121 54.60636901855469 -1
vertex -28.451875686645508 54.660457611083984 -1
vertex -28.038280487060547 53.61543655395508 0
endloop
endfacet
facet normal 0.07367943881377842 0.7045612575247743 0.7058078879491185
outer loop
vertex -28.038280487060547 53.61543655395508 0
vertex -28.451875686645508 54.660457611083984 -1
vertex -28.555503845214844 53.669525146484375 0
endloop
endfacet
facet normal 0.18334670389660282 0.6843172256581191 0.7057576927230947
outer loop
vertex -28.451875686645508 54.660457611083984 -1
vertex -28.73998260498047 53.70631790161133 0
vertex -28.625524520874023 53.67565155029297 0
endloop
endfacet
facet normal 0.06174970669414202 0.7057576221820199 0.7057571483556994
outer loop
vertex -28.555503845214844 53.669525146484375 0
vertex -28.451875686645508 54.660457611083984 -1
vertex -28.625524520874023 53.67565155029297 0
endloop
endfacet
facet normal 0.20473983937078094 0.6780413227991116 0.7059331149275104
outer loop
vertex -28.73998260498047 53.70631790161133 0
vertex -28.857553482055664 54.782955169677734 -1
vertex -29.145660400390625 53.82881546020508 0
endloop
endfacet
facet normal 0.20473983937078094 0.6780413227991116 0.7059331149275104
outer loop
vertex -28.451875686645508 54.660457611083984 -1
vertex -28.857553482055664 54.782955169677734 -1
vertex -28.73998260498047 53.70631790161133 0
endloop
endfacet
facet normal 0.18336447768659664 0.6843121634921231 0.7057579834613642
outer loop
vertex -29.145660400390625 53.82881546020508 0
vertex -28.857553482055664 54.782955169677734 -1
vertex -29.199573516845703 53.84326171875 0
endloop
endfacet
facet normal 0.2993965647337327 0.6420802389855382 0.7057582190310743
outer loop
vertex -28.857553482055664 54.782955169677734 -1
vertex -29.3026123046875 53.89130783081055 0
vertex -29.199573516845703 53.84326171875 0
endloop
endfacet
facet normal 0.3111747105536606 0.63632910581705 0.7058722041573242
outer loop
vertex -29.3026123046875 53.89130783081055 0
vertex -28.857553482055664 54.782955169677734 -1
vertex -29.683313369750977 54.077476501464844 0
endloop
endfacet
facet normal 0.31579248786853875 0.6326734324698341 0.7071063798698447
outer loop
vertex -28.857553482055664 54.782955169677734 -1
vertex -29.23671531677246 54.97220993041992 -1
vertex -29.683313369750977 54.077476501464844 0
endloop
endfacet
facet normal 0.3349050538875023 0.6229518800652597 0.7069438167236258
outer loop
vertex -29.23671531677246 54.97220993041992 -1
vertex -29.73671531677246 54.10618591308594 0
vertex -29.683313369750977 54.077476501464844 0
endloop
endfacet
facet normal 0.4063429460114816 0.580337451633648 0.7057576442788794
outer loop
vertex -29.73671531677246 54.10618591308594 0
vertex -29.23671531677246 54.97220993041992 -1
vertex -29.82590675354004 54.168636322021484 0
endloop
endfacet
facet normal 0.4188600982370655 0.5712641626320749 0.7058423865121095
outer loop
vertex -29.82590675354004 54.168636322021484 0
vertex -29.578462600708008 55.22278594970703 -1
vertex -30.16765594482422 54.419212341308594 0
endloop
endfacet
facet normal 0.4188618548016732 0.57126337001412 0.7058419856258287
outer loop
vertex -29.23671531677246 54.97220993041992 -1
vertex -29.578462600708008 55.22278594970703 -1
vertex -29.82590675354004 54.168636322021484 0
endloop
endfacet
facet normal 0.5009453661665975 0.5009583494074789 0.705758083393416
outer loop
vertex -29.578462600708008 55.22278594970703 -1
vertex -30.294845581054688 54.53033447265625 0
vertex -30.221250534057617 54.45674133300781 0
endloop
endfacet
facet normal 0.40636379754405166 0.5803220343154253 0.7057583159507109
outer loop
vertex -30.16765594482422 54.419212341308594 0
vertex -29.578462600708008 55.22278594970703 -1
vertex -30.221250534057617 54.45674133300781 0
endloop
endfacet
facet normal 0.5093510594143944 0.4923374050773435 0.705808315221025
outer loop
vertex -29.578462600708008 55.22278594970703 -1
vertex -29.87298011779785 55.52748107910156 -1
vertex -30.58936309814453 54.83503341674805 0
endloop
endfacet
facet normal 0.509353464376789 0.49233356583003907 0.705809257720839
outer loop
vertex -29.578462600708008 55.22278594970703 -1
vertex -30.58936309814453 54.83503341674805 0
vertex -30.294845581054688 54.53033447265625 0
endloop
endfacet
facet normal 0.5803313154185178 0.4063517002182294 0.7057576496747076
outer loop
vertex -30.63902473449707 54.88469314575195 0
vertex -29.87298011779785 55.52748107910156 -1
vertex -30.695966720581055 54.96601486206055 0
endloop
endfacet
facet normal 0.5009429396766795 0.5009621800722731 0.7057570866277731
outer loop
vertex -30.58936309814453 54.83503341674805 0
vertex -29.87298011779785 55.52748107910156 -1
vertex -30.63902473449707 54.88469314575195 0
endloop
endfacet
facet normal 0.5841208534534419 0.3985007383355212 0.7071067741910461
outer loop
vertex -29.979755401611328 55.68398666381836 -1
vertex -30.111804962158203 55.87754440307617 -1
vertex -30.9378719329834 55.31397247314453 0
endloop
endfacet
facet normal 0.5816821308277547 0.40439391157497373 0.7057701204760479
outer loop
vertex -30.695966720581055 54.96601486206055 0
vertex -29.87298011779785 55.52748107910156 -1
vertex -30.9378719329834 55.31397247314453 0
endloop
endfacet
facet normal 0.5841157315593877 0.3985105268289917 0.7071054887011702
outer loop
vertex -29.87298011779785 55.52748107910156 -1
vertex -29.979755401611328 55.68398666381836 -1
vertex -30.9378719329834 55.31397247314453 0
endloop
endfacet
facet normal 0.6420674750855161 0.2994243655772343 0.7057580369616637
outer loop
vertex -30.977828979492188 55.37754440307617 0
vertex -30.111804962158203 55.87754440307617 -1
vertex -31.006689071655273 55.439430236816406 0
endloop
endfacet
facet normal 0.5988841002000713 0.37641833228596744 0.7068571805156979
outer loop
vertex -30.9378719329834 55.31397247314453 0
vertex -30.111804962158203 55.87754440307617 -1
vertex -30.977828979492188 55.37754440307617 0
endloop
endfacet
facet normal 0.6342378056255508 0.31377241262506844 0.7066040468258938
outer loop
vertex -31.006689071655273 55.439430236816406 0
vertex -30.346651077270508 56.35723876953125 -1
vertex -31.39458465576172 56.22349548339844 0
endloop
endfacet
facet normal 0.6350816085710367 0.3109200863826827 0.7071068167813189
outer loop
vertex -30.346651077270508 56.35723876953125 -1
vertex -30.531349182128906 56.734500885009766 -1
vertex -31.39458465576172 56.22349548339844 0
endloop
endfacet
facet normal 0.6362341508193085 0.31148399704144364 0.7058213831546329
outer loop
vertex -30.111804962158203 55.87754440307617 -1
vertex -30.346651077270508 56.35723876953125 -1
vertex -31.006689071655273 55.439430236816406 0
endloop
endfacet
facet normal 0.5780706689498925 0.4072277458521499 0.7071066855206509
outer loop
vertex -31.39458465576172 56.22349548339844 0
vertex -30.531349182128906 56.734500885009766 -1
vertex -31.861352920532227 56.886085510253906 0
endloop
endfacet
facet normal 0.5780710206780967 0.4072259657300097 0.7071074231596248
outer loop
vertex -30.531349182128906 56.734500885009766 -1
vertex -31.0986385345459 57.53978729248047 -1
vertex -31.861352920532227 56.886085510253906 0
endloop
endfacet
facet normal 0.4908894317593986 0.5089476498955302 0.7071066789762005
outer loop
vertex -31.0986385345459 57.53978729248047 -1
vertex -31.807628631591797 58.2236213684082 -1
vertex -32.4333610534668 57.437801361083984 0
endloop
endfacet
facet normal 0.49089033048864517 0.5089454308698574 0.7071076522209642
outer loop
vertex -31.861352920532227 56.886085510253906 0
vertex -31.0986385345459 57.53978729248047 -1
vertex -32.4333610534668 57.437801361083984 0
endloop
endfacet
facet normal 0.38608877967404653 0.592397851540838 0.7071069506797432
outer loop
vertex -31.807628631591797 58.2236213684082 -1
vertex -32.632869720458984 58.7614631652832 -1
vertex -33.099159240722656 57.871726989746094 0
endloop
endfacet
facet normal 0.38608833097259543 0.592398544595669 0.7071066150501838
outer loop
vertex -32.4333610534668 57.437801361083984 0
vertex -31.807628631591797 58.2236213684082 -1
vertex -33.099159240722656 57.871726989746094 0
endloop
endfacet
facet normal 0.2674267346770558 0.6545860751254137 0.7071067895529458
outer loop
vertex -32.632869720458984 58.7614631652832 -1
vertex -33.544742584228516 59.134002685546875 -1
vertex -33.83485412597656 58.17229080200195 0
endloop
endfacet
facet normal 0.26742712097387134 0.6545856721805647 0.7071070164717251
outer loop
vertex -33.099159240722656 57.871726989746094 0
vertex -32.632869720458984 58.7614631652832 -1
vertex -33.83485412597656 58.17229080200195 0
endloop
endfacet
facet normal 0.13916827543488056 0.6932765662949049 0.7071066353378589
outer loop
vertex -33.83485412597656 58.17229080200195 0
vertex -33.544742584228516 59.134002685546875 -1
vertex -34.610260009765625 58.327945709228516 0
endloop
endfacet
facet normal 0.13916701943859078 0.6932774537747677 0.7071060124112605
outer loop
vertex -33.544742584228516 59.134002685546875 -1
vertex -34.51051330566406 59.3278694152832 -1
vertex -34.610260009765625 58.327945709228516 0
endloop
endfacet
facet normal 0.0005229960896075586 0.7071075749255484 0.7071057940350934
outer loop
vertex -34.51051330566406 59.3278694152832 -1
vertex -73.00338745117188 58.35634231567383 0
vertex -34.610260009765625 58.327945709228516 0
endloop
endfacet
facet normal 0.000523028581302405 0.7071069405331911 0.7071064284044469
outer loop
vertex -50.86936950683594 59.339969635009766 -1
vertex -73.00338745117188 58.35634231567383 0
vertex -34.51051330566406 59.3278694152832 -1
endloop
endfacet
facet normal 0.000523085380797802 0.7071063067230179 0.7071070621724956
outer loop
vertex -50.86936950683594 59.339969635009766 -1
vertex -73.03804016113281 59.35636901855469 -1
vertex -73.00338745117188 58.35634231567383 0
endloop
endfacet
facet normal -0.0494597789424851 0.7053746933406284 0.7071069737045272
outer loop
vertex -73.76846313476562 59.305152893066406 -1
vertex -73.61641693115234 58.313358306884766 0
vertex -73.03804016113281 59.35636901855469 -1
endloop
endfacet
facet normal -0.04945899771767941 0.7053744986888992 0.7071072225229684
outer loop
vertex -73.03804016113281 59.35636901855469 -1
vertex -73.61641693115234 58.313358306884766 0
vertex -73.00338745117188 58.35634231567383 0
endloop
endfacet
facet normal -0.16411107046854173 0.6877987246718442 0.7071071141555951
outer loop
vertex -73.76846313476562 59.305152893066406 -1
vertex -74.72660064697266 59.0765380859375 -1
vertex -74.4019546508789 58.12592697143555 0
endloop
endfacet
facet normal -0.1641105340905509 0.6877986246196647 0.7071073359623782
outer loop
vertex -73.61641693115234 58.313358306884766 0
vertex -73.76846313476562 59.305152893066406 -1
vertex -74.4019546508789 58.12592697143555 0
endloop
endfacet
facet normal -0.2908891526080601 0.6445022651731457 0.7071070152965878
outer loop
vertex -74.4019546508789 58.12592697143555 0
vertex -74.72660064697266 59.0765380859375 -1
vertex -75.12631225585938 57.79899597167969 0
endloop
endfacet
facet normal -0.2908886065250207 0.6445022680837157 0.707107237290694
outer loop
vertex -74.72660064697266 59.0765380859375 -1
vertex -75.62442779541016 58.67131423950195 -1
vertex -75.12631225585938 57.79899597167969 0
endloop
endfacet
facet normal -0.4072286950463702 0.5780692446084972 0.707107303291793
outer loop
vertex -75.62442779541016 58.67131423950195 -1
vertex -75.77600860595703 57.34130859375 0
vertex -75.12631225585938 57.79899597167969 0
endloop
endfacet
facet normal -0.40722809617021855 0.578069362939999 0.7071075514514911
outer loop
vertex -75.62442779541016 58.67131423950195 -1
vertex -76.4297103881836 58.10402297973633 -1
vertex -75.77600860595703 57.34130859375 0
endloop
endfacet
facet normal -0.508943816424216 0.49089380431505836 0.7071064026075871
outer loop
vertex -77.1135482788086 57.39503479003906 -1
vertex -76.32772827148438 56.76930236816406 0
vertex -75.77600860595703 57.34130859375 0
endloop
endfacet
facet normal -0.5089448960858669 0.4908908346305861 0.7071076871480274
outer loop
vertex -77.1135482788086 57.39503479003906 -1
vertex -75.77600860595703 57.34130859375 0
vertex -76.4297103881836 58.10402297973633 -1
endloop
endfacet
facet normal -0.5924012963049804 0.3860845181205684 0.7071063915732819
outer loop
vertex -76.32772827148438 56.76930236816406 0
vertex -77.1135482788086 57.39503479003906 -1
vertex -76.76165008544922 56.10350036621094 0
endloop
endfacet
facet normal -0.5923976617126275 0.3860868712595248 0.7071081517267657
outer loop
vertex -77.1135482788086 57.39503479003906 -1
vertex -77.6513900756836 56.56978988647461 -1
vertex -76.76165008544922 56.10350036621094 0
endloop
endfacet
facet normal -0.6545885501809662 0.26742500746133646 0.7071051515554706
outer loop
vertex -77.6513900756836 56.56978988647461 -1
vertex -78.02392578125 55.65791702270508 -1
vertex -77.06221771240234 55.3678092956543 0
endloop
endfacet
facet normal -0.6545826476671762 0.2674306661152675 0.7071084755496669
outer loop
vertex -76.76165008544922 56.10350036621094 0
vertex -77.6513900756836 56.56978988647461 -1
vertex -77.06221771240234 55.3678092956543 0
endloop
endfacet
facet normal -0.6932760819765551 0.13916948243761126 0.7071068726276702
outer loop
vertex -78.02392578125 55.65791702270508 -1
vertex -78.2177963256836 54.69214630126953 -1
vertex -77.21781921386719 54.5926513671875 0
endloop
endfacet
facet normal -0.6932788982169227 0.1391654958749048 0.7071048960691911
outer loop
vertex -77.06221771240234 55.3678092956543 0
vertex -78.02392578125 55.65791702270508 -1
vertex -77.21781921386719 54.5926513671875 0
endloop
endfacet
facet normal -0.707106963768889 0.0001656125646679224 0.707106579209967
outer loop
vertex -78.22989654541016 3.042896032333374 -1
vertex -78.24629211425781 -66.96037292480469 -1
vertex -77.24628448486328 -66.92547607421875 0
endloop
endfacet
facet normal -0.707106623624189 0.00016563768787747934 0.707106919348804
outer loop
vertex -78.2177963256836 54.69214630126953 -1
vertex -77.24628448486328 -66.92547607421875 0
vertex -77.21781921386719 54.5926513671875 0
endloop
endfacet
facet normal -0.7071053484197268 0.0001656583598242899 0.7071081945455905
outer loop
vertex -78.22989654541016 3.042896032333374 -1
vertex -77.24628448486328 -66.92547607421875 0
vertex -78.2177963256836 54.69214630126953 -1
endloop
endfacet
facet normal -0.7053762236544776 -0.049459886245717566 0.7071054396308298
outer loop
vertex -78.24629211425781 -66.96037292480469 -1
vertex -78.19507598876953 -67.6907958984375 -1
vertex -77.20328521728516 -67.53875732421875 0
endloop
endfacet
facet normal -0.705375330525983 -0.049456301786978005 0.7071065812866654
outer loop
vertex -78.24629211425781 -66.96037292480469 -1
vertex -77.20328521728516 -67.53875732421875 0
vertex -77.24628448486328 -66.92547607421875 0
endloop
endfacet
facet normal -0.6878005096113755 -0.16411098385445758 0.7071053980536804
outer loop
vertex -77.20328521728516 -67.53875732421875 0
vertex -78.19507598876953 -67.6907958984375 -1
vertex -77.01585388183594 -68.32429504394531 0
endloop
endfacet
facet normal -0.687800354551802 -0.16411015259777958 0.7071057418043987
outer loop
vertex -78.19507598876953 -67.6907958984375 -1
vertex -77.96646118164062 -68.64894104003906 -1
vertex -77.01585388183594 -68.32429504394531 0
endloop
endfacet
facet normal -0.6445022471210476 -0.2908925386140225 0.7071056388083815
outer loop
vertex -77.96646118164062 -68.64894104003906 -1
vertex -76.68891906738281 -69.04865264892578 0
vertex -77.01585388183594 -68.32429504394531 0
endloop
endfacet
facet normal -0.6445022535212621 -0.29089133832026104 0.7071061267562756
outer loop
vertex -77.96646118164062 -68.64894104003906 -1
vertex -77.56123352050781 -69.54676818847656 -1
vertex -76.68891906738281 -69.04865264892578 0
endloop
endfacet
facet normal -0.5780712142341692 -0.4072239235848569 0.7071084410003802
outer loop
vertex -77.56123352050781 -69.54676818847656 -1
vertex -76.99394989013672 -70.35205078125 -1
vertex -76.23123168945312 -69.69834899902344 0
endloop
endfacet
facet normal -0.5780701459834117 -0.4072293300321156 0.7071062007112592
outer loop
vertex -76.68891906738281 -69.04865264892578 0
vertex -77.56123352050781 -69.54676818847656 -1
vertex -76.23123168945312 -69.69834899902344 0
endloop
endfacet
facet normal -0.4908901262466867 -0.5089470410324293 0.7071066350826068
outer loop
vertex -76.23123168945312 -69.69834899902344 0
vertex -76.28495788574219 -71.03588104248047 -1
vertex -75.65922546386719 -70.25006103515625 0
endloop
endfacet
facet normal -0.4908861720839532 -0.5089484786021542 0.7071083454360555
outer loop
vertex -76.99394989013672 -70.35205078125 -1
vertex -76.28495788574219 -71.03588104248047 -1
vertex -76.23123168945312 -69.69834899902344 0
endloop
endfacet
facet normal -0.38608899453169143 -0.5923981812090748 0.7071065571762772
outer loop
vertex -76.28495788574219 -71.03588104248047 -1
vertex -75.459716796875 -71.57372283935547 -1
vertex -74.99342346191406 -70.68399047851562 0
endloop
endfacet
facet normal -0.3860891348922421 -0.5923979644098774 0.7071066621671683
outer loop
vertex -75.65922546386719 -70.25006103515625 0
vertex -76.28495788574219 -71.03588104248047 -1
vertex -74.99342346191406 -70.68399047851562 0
endloop
endfacet
facet normal -0.2674288476987541 -0.654584544456334 0.7071074073840625
outer loop
vertex -75.459716796875 -71.57372283935547 -1
vertex -74.54784393310547 -71.9462661743164 -1
vertex -74.25773620605469 -70.98455047607422 0
endloop
endfacet
facet normal -0.26742687856263825 -0.6545865984525467 0.7071062506784735
outer loop
vertex -74.99342346191406 -70.68399047851562 0
vertex -75.459716796875 -71.57372283935547 -1
vertex -74.25773620605469 -70.98455047607422 0
endloop
endfacet
facet normal -0.1391687262912624 -0.693275053571514 0.7071080297365334
outer loop
vertex -74.54784393310547 -71.9462661743164 -1
vertex -73.58206939697266 -72.14013671875 -1
vertex -73.48229217529297 -71.14021301269531 0
endloop
endfacet
facet normal -0.1391680434017755 -0.6932755361129764 0.7071076910365116
outer loop
vertex -74.25773620605469 -70.98455047607422 0
vertex -74.54784393310547 -71.9462661743164 -1
vertex -73.48229217529297 -71.14021301269531 0
endloop
endfacet
facet normal -0.0005698738156252043 -0.7071053334821221 0.7071079992511546
outer loop
vertex -64.43640899658203 -71.14747619628906 0
vertex -65.04936218261719 -71.41336059570312 -0.26637738943099976
vertex -64.43640899658203 -71.4083480834961 -0.26087090373039246
endloop
endfacet
facet normal -0.0005700023562990567 -0.7071102951119411 0.7071030375016201
outer loop
vertex -38.10139083862305 -71.168701171875 0
vertex -59.933494567871094 -71.55619812011719 -0.4050999879837036
vertex -59.53641128540039 -71.58675384521484 -0.4353359341621399
endloop
endfacet
facet normal -0.0005677559036260409 -0.7071077733246418 0.7071055611131204
outer loop
vertex -64.43640899658203 -71.14747619628906 0
vertex -73.48229217529297 -71.14021301269531 0
vertex -65.04936218261719 -71.41336059570312 -0.26637738943099976
endloop
endfacet
facet normal -0.0005662781193264358 -0.7070846753806034 0.7071286595599122
outer loop
vertex -73.48229217529297 -71.14021301269531 0
vertex -66.13760375976562 -71.44161224365234 -0.2954987585544586
vertex -65.04936218261719 -71.41336059570312 -0.26637738943099976
endloop
endfacet
facet normal -0.0005703419500314412 -0.7070893639337219 0.7071239680012724
outer loop
vertex -63.02314376831055 -71.4151611328125 -0.26654893159866333
vertex -61.93385314941406 -71.44536590576172 -0.29587364196777344
vertex -38.10139083862305 -71.168701171875 0
endloop
endfacet
facet normal -0.0005680686157571556 -0.707109764684166 0.7071035694906023
outer loop
vertex -59.53641128540039 -72.15141296386719 -1
vertex -38.10219192504883 -72.16863250732422 -1
vertex -59.53641128540039 -71.58675384521484 -0.4353359341621399
endloop
endfacet
facet normal -0.0005700318853836474 -0.7071086457719952 0.7071046868308432
outer loop
vertex -61.377479553222656 -71.47008514404297 -0.32014966011047363
vertex -60.66602325439453 -71.50631713867188 -0.3558083176612854
vertex -38.10139083862305 -71.168701171875 0
endloop
endfacet
facet normal -0.0005674790947737274 -0.7071128455300302 0.7071004890776845
outer loop
vertex -63.636409759521484 -71.14812469482422 0
vertex -63.636409759521484 -71.4090576171875 -0.26093748211860657
vertex -63.02314376831055 -71.4151611328125 -0.26654893159866333
endloop
endfacet
facet normal -0.0005691893539199345 -0.7071307156561027 0.7070826168130337
outer loop
vertex -59.53641128540039 -71.58675384521484 -0.4353359341621399
vertex -38.10219192504883 -72.16863250732422 -1
vertex -38.10139083862305 -71.168701171875 0
endloop
endfacet
facet normal -0.0005677413808199157 -0.7071053173226877 0.7071080171258884
outer loop
vertex -73.48229217529297 -71.14021301269531 0
vertex -73.58206939697266 -72.14013671875 -1
vertex -68.53640747070312 -72.1441879272461 -1
endloop
endfacet
facet normal -0.0005674502622781053 -0.7071045989461627 0.7071087357326215
outer loop
vertex -73.48229217529297 -71.14021301269531 0
vertex -68.53640747070312 -72.1441879272461 -1
vertex -68.53640747070312 -71.5787353515625 -0.4345507323741913
endloop
endfacet
facet normal -0.0005705602667960074 -0.7071222154444985 0.7070911163957913
outer loop
vertex -73.48229217529297 -71.14021301269531 0
vertex -68.53640747070312 -71.5787353515625 -0.4345507323741913
vertex -68.14875030517578 -71.54959869384766 -0.4050999879837036
endloop
endfacet
facet normal -0.0005670590684487501 -0.7070992898849515 0.7071140450367325
outer loop
vertex -73.48229217529297 -71.14021301269531 0
vertex -68.14875030517578 -71.54959869384766 -0.4050999879837036
vertex -67.40323638916016 -71.5001449584961 -0.3550494313240051
endloop
endfacet
facet normal -0.0005671980922919185 -0.7071004718768077 0.7071128629560629
outer loop
vertex -73.48229217529297 -71.14021301269531 0
vertex -67.40323638916016 -71.5001449584961 -0.3550494313240051
vertex -66.70451354980469 -71.46580505371094 -0.32014966011047363
endloop
endfacet
facet normal -0.0005696731430839169 -0.707126449058582 0.7070868832854351
outer loop
vertex -73.48229217529297 -71.14021301269531 0
vertex -66.70451354980469 -71.46580505371094 -0.32014966011047363
vertex -66.13760375976562 -71.44161224365234 -0.2954987585544586
endloop
endfacet
facet normal -0.0005685055530897153 -0.7071658041551945 0.7070475247357657
outer loop
vertex -38.10139083862305 -71.168701171875 0
vertex -61.93385314941406 -71.44536590576172 -0.29587364196777344
vertex -61.377479553222656 -71.47008514404297 -0.32014966011047363
endloop
endfacet
facet normal -0.0005698645554347029 -0.7071140908668635 0.707099241798432
outer loop
vertex -38.10139083862305 -71.168701171875 0
vertex -60.66602325439453 -71.50631713867188 -0.3558083176612854
vertex -59.933494567871094 -71.55619812011719 -0.4050999879837036
endloop
endfacet
facet normal -0.0005698036189718179 -0.7071155162146351 0.7070978164669625
outer loop
vertex -63.636409759521484 -71.14812469482422 0
vertex -63.02314376831055 -71.4151611328125 -0.26654893159866333
vertex -38.10139083862305 -71.168701171875 0
endloop
endfacet
facet normal -0.06176137343792148 -0.705756366956871 0.7057573827108717
outer loop
vertex -38.10139083862305 -71.168701171875 0
vertex -38.10219192504883 -72.16863250732422 -1
vertex -38.0313835144043 -71.1748275756836 0
endloop
endfacet
facet normal -0.05034278304690808 -0.7066164740084067 0.7058036291030381
outer loop
vertex -38.0313835144043 -71.1748275756836 0
vertex -38.10219192504883 -72.16863250732422 -1
vertex -37.67692565917969 -71.20008087158203 0
endloop
endfacet
facet normal -0.05034278304690808 -0.7066164740084067 0.7058036291030381
outer loop
vertex -38.10219192504883 -72.16863250732422 -1
vertex -37.74773406982422 -72.19388580322266 -1
vertex -37.67692565917969 -71.20008087158203 0
endloop
endfacet
facet normal -0.06173001166895277 -0.7057588569055545 0.7057576365571372
outer loop
vertex -37.67692565917969 -71.20008087158203 0
vertex -37.74773406982422 -72.19388580322266 -1
vertex -37.5740852355957 -71.20907592773438 0
endloop
endfacet
facet normal -0.18344449151986758 -0.6842941998795733 0.7057546078788235
outer loop
vertex -37.5740852355957 -71.20907592773438 0
vertex -37.74773406982422 -72.19388580322266 -1
vertex -37.523284912109375 -71.22269439697266 0
endloop
endfacet
facet normal -0.15424637216533124 -0.6912524965704736 0.7059589525311805
outer loop
vertex -37.523284912109375 -71.22269439697266 0
vertex -37.74773406982422 -72.19388580322266 -1
vertex -37.109676361083984 -71.31498718261719 0
endloop
endfacet
facet normal -0.15923892754451166 -0.6889389323736224 0.7071111025958843
outer loop
vertex -37.74773406982422 -72.19388580322266 -1
vertex -37.666236877441406 -72.21272277832031 -1
vertex -37.109676361083984 -71.31498718261719 0
endloop
endfacet
facet normal -0.1592151377557246 -0.688948866662448 0.7071067805034498
outer loop
vertex -37.109676361083984 -71.31498718261719 0
vertex -37.666236877441406 -72.21272277832031 -1
vertex -37.33484649658203 -72.289306640625 -1
endloop
endfacet
facet normal -0.29940632615232904 -0.6420778278820157 0.7057562715288315
outer loop
vertex -36.992828369140625 -71.34961700439453 0
vertex -37.33484649658203 -72.289306640625 -1
vertex -36.949520111083984 -71.36981201171875 0
endloop
endfacet
facet normal -0.20111144492069943 -0.6785905121575175 0.7064482313175583
outer loop
vertex -37.109676361083984 -71.31498718261719 0
vertex -37.33484649658203 -72.289306640625 -1
vertex -36.992828369140625 -71.34961700439453 0
endloop
endfacet
facet normal -0.27371135227996285 -0.6531435231320075 0.7060351505582302
outer loop
vertex -37.33484649658203 -72.289306640625 -1
vertex -36.944007873535156 -72.45309448242188 -1
vertex -36.55868148803711 -71.5335922241211 0
endloop
endfacet
facet normal -0.2737014699834368 -0.6531503658783948 0.706032651427556
outer loop
vertex -36.949520111083984 -71.36981201171875 0
vertex -37.33484649658203 -72.289306640625 -1
vertex -36.55868148803711 -71.5335922241211 0
endloop
endfacet
facet normal -0.29941062457466505 -0.6420732476343991 0.705758614941415
outer loop
vertex -36.55868148803711 -71.5335922241211 0
vertex -36.944007873535156 -72.45309448242188 -1
vertex -36.444007873535156 -71.58706665039062 0
endloop
endfacet
facet normal -0.40640332793417006 -0.5802976643219726 0.705755592132641
outer loop
vertex -36.944007873535156 -72.45309448242188 -1
vertex -36.408809661865234 -71.6117172241211 0
vertex -36.444007873535156 -71.58706665039062 0
endloop
endfacet
facet normal -0.38004619027957304 -0.5974786077869783 0.70610495430277
outer loop
vertex -36.944007873535156 -72.45309448242188 -1
vertex -36.051246643066406 -71.83915710449219 0
vertex -36.408809661865234 -71.6117172241211 0
endloop
endfacet
facet normal -0.38004868786350937 -0.5974761599883006 0.7061056812537763
outer loop
vertex -36.944007873535156 -72.45309448242188 -1
vertex -36.586448669433594 -72.68053436279297 -1
vertex -36.051246643066406 -71.83915710449219 0
endloop
endfacet
facet normal -0.40635275700854245 -0.5803305046542395 0.7057577078851581
outer loop
vertex -36.586448669433594 -72.68053436279297 -1
vertex -35.943660736083984 -71.91448974609375 0
vertex -36.051246643066406 -71.83915710449219 0
endloop
endfacet
facet normal -0.5009890937662316 -0.5009182725768385 0.7057554903264487
outer loop
vertex -36.586448669433594 -72.68053436279297 -1
vertex -35.91667938232422 -71.94147491455078 0
vertex -35.943660736083984 -71.91448974609375 0
endloop
endfacet
facet normal -0.475451397835263 -0.5246421789351928 0.7061845030717026
outer loop
vertex -35.91667938232422 -71.94147491455078 0
vertex -36.586448669433594 -72.68053436279297 -1
vertex -35.60266876220703 -72.22604370117188 0
endloop
endfacet
facet normal -0.475457217817074 -0.5246341248725805 0.7061865681566233
outer loop
vertex -36.586448669433594 -72.68053436279297 -1
vertex -36.34597396850586 -72.89846801757812 -1
vertex -35.60266876220703 -72.22604370117188 0
endloop
endfacet
facet normal -0.4754278407910671 -0.5246635268450538 0.706184502661488
outer loop
vertex -36.34597396850586 -72.89846801757812 -1
vertex -36.272438049316406 -72.96510314941406 -1
vertex -35.60266876220703 -72.22604370117188 0
endloop
endfacet
facet normal -0.5009528163261001 -0.5009528163261001 0.7057567226955032
outer loop
vertex -36.272438049316406 -72.96510314941406 -1
vertex -35.50639343261719 -72.32231903076172 0
vertex -35.60266876220703 -72.22604370117188 0
endloop
endfacet
facet normal -0.5802946202169272 -0.4064008006632378 0.7057595503906209
outer loop
vertex -35.50639343261719 -72.32231903076172 0
vertex -36.272438049316406 -72.96510314941406 -1
vertex -35.48727035522461 -72.34962463378906 0
endloop
endfacet
facet normal -0.557166370396505 -0.4367411970992071 0.7062738579726253
outer loop
vertex -36.272438049316406 -72.96510314941406 -1
vertex -36.01100540161133 -73.29862213134766 -1
vertex -35.22583770751953 -72.68314361572266 0
endloop
endfacet
facet normal -0.557166370396505 -0.4367411970992071 0.7062738579726253
outer loop
vertex -36.272438049316406 -72.96510314941406 -1
vertex -35.22583770751953 -72.68314361572266 0
vertex -35.48727035522461 -72.34962463378906 0
endloop
endfacet
facet normal -0.5803278222506919 -0.4063560005367309 0.7057580460395487
outer loop
vertex -36.01100540161133 -73.29862213134766 -1
vertex -35.14497756958008 -72.79862213134766 0
vertex -35.22583770751953 -72.68314361572266 0
endloop
endfacet
facet normal -0.6228373707844523 -0.33632631810487934 0.7063697454621951
outer loop
vertex -36.01100540161133 -73.29862213134766 -1
vertex -35.809654235839844 -73.67150115966797 -1
vertex -34.931575775146484 -73.19734954833984 0
endloop
endfacet
facet normal -0.6235927764944246 -0.33375135952174717 0.706924380058688
outer loop
vertex -36.01100540161133 -73.29862213134766 -1
vertex -34.931575775146484 -73.19734954833984 0
vertex -35.14497756958008 -72.79862213134766 0
endloop
endfacet
facet normal -0.6497256058589586 -0.2839491795869655 0.7051450209021535
outer loop
vertex -35.809654235839844 -73.67150115966797 -1
vertex -34.863826751708984 -73.35237121582031 0
vertex -34.931575775146484 -73.19734954833984 0
endloop
endfacet
facet normal -0.6705967870412705 -0.22625904249542722 0.7064749074800727
outer loop
vertex -35.809654235839844 -73.67150115966797 -1
vertex -34.72835159301758 -73.75389862060547 0
vertex -34.863826751708984 -73.35237121582031 0
endloop
endfacet
facet normal -0.6705967870412705 -0.22625904249542722 0.7064749074800727
outer loop
vertex -35.67417907714844 -74.07302856445312 -1
vertex -34.72835159301758 -73.75389862060547 0
vertex -35.809654235839844 -73.67150115966797 -1
endloop
endfacet
facet normal -0.6843150722720172 -0.18335422512742927 0.7057578267290162
outer loop
vertex -34.72835159301758 -73.75389862060547 0
vertex -35.67417907714844 -74.07302856445312 -1
vertex -34.690574645996094 -73.89488983154297 0
endloop
endfacet
facet normal -0.6957872304955147 -0.12601518452252095 0.7071069955453251
outer loop
vertex -35.67417907714844 -74.07302856445312 -1
vertex -35.56074523925781 -74.69934844970703 -1
vertex -34.590877532958984 -74.44314575195312 0
endloop
endfacet
facet normal -0.6958352500950302 -0.12653354574270895 0.7069671608547066
outer loop
vertex -35.67417907714844 -74.07302856445312 -1
vertex -34.590877532958984 -74.44314575195312 0
vertex -34.690574645996094 -73.89488983154297 0
endloop
endfacet
facet normal -0.6672457909175366 -0.23405847635025911 0.7071065578478438
outer loop
vertex -34.590877532958984 -74.44314575195312 0
vertex -35.56074523925781 -74.69934844970703 -1
vertex -34.42664337158203 -74.91133880615234 0
endloop
endfacet
facet normal -0.6672463326428806 -0.234049018760222 0.7071091771374514
outer loop
vertex -35.56074523925781 -74.69934844970703 -1
vertex -35.501548767089844 -74.86811065673828 -1
vertex -34.42664337158203 -74.91133880615234 0
endloop
endfacet
facet normal -0.6672441518523283 -0.23406431527810834 0.7071061717537596
outer loop
vertex -35.33474349975586 -75.34362030029297 -1
vertex -34.42664337158203 -74.91133880615234 0
vertex -35.501548767089844 -74.86811065673828 -1
endloop
endfacet
facet normal -0.6023786408085905 -0.3703266408720908 0.7071054745637235
outer loop
vertex -34.42664337158203 -74.91133880615234 0
vertex -35.33474349975586 -75.34362030029297 -1
vertex -34.181488037109375 -75.31011199951172 0
endloop
endfacet
facet normal -0.6023800279535254 -0.3703205398079126 0.7071074880943394
outer loop
vertex -35.042686462402344 -75.81869506835938 -1
vertex -34.9771728515625 -75.92526245117188 -1
vertex -34.181488037109375 -75.31011199951172 0
endloop
endfacet
facet normal -0.6023806001578426 -0.3703195902349852 0.7071074979390828
outer loop
vertex -35.33474349975586 -75.34362030029297 -1
vertex -35.042686462402344 -75.81869506835938 -1
vertex -34.181488037109375 -75.31011199951172 0
endloop
endfacet
facet normal -0.5100747914300708 -0.4897162853847191 0.7071079599159963
outer loop
vertex -34.181488037109375 -75.31011199951172 0
vertex -34.9771728515625 -75.92526245117188 -1
vertex -33.857295989990234 -75.64778137207031 0
endloop
endfacet
facet normal -0.510073326247129 -0.4897190664272479 0.7071070907782037
outer loop
vertex -34.9771728515625 -75.92526245117188 -1
vertex -34.50431823730469 -76.41777038574219 -1
vertex -33.857295989990234 -75.64778137207031 0
endloop
endfacet
facet normal -0.39453547434530434 -0.5868055409354963 0.7071075000383784
outer loop
vertex -33.93771743774414 -76.79872131347656 -1
vertex -33.46882629394531 -75.90896606445312 0
vertex -34.50431823730469 -76.41777038574219 -1
endloop
endfacet
facet normal -0.39453482932964734 -0.5868063087104142 0.7071072227770582
outer loop
vertex -33.857295989990234 -75.64778137207031 0
vertex -34.50431823730469 -76.41777038574219 -1
vertex -33.46882629394531 -75.90896606445312 0
endloop
endfacet
facet normal -0.26102322426827784 -0.6571650162599619 0.7071075008770846
outer loop
vertex -33.46882629394531 -75.90896606445312 0
vertex -33.93771743774414 -76.79872131347656 -1
vertex -33.024253845214844 -76.0855484008789 0
endloop
endfacet
facet normal -0.26102455266293034 -0.6571639789609782 0.7071079745436988
outer loop
vertex -33.93771743774414 -76.79872131347656 -1
vertex -33.30318069458008 -77.0507583618164 -1
vertex -33.024253845214844 -76.0855484008789 0
endloop
endfacet
facet normal -0.12975539358482685 -0.6950983268628438 0.7071080920397688
outer loop
vertex -33.024253845214844 -76.0855484008789 0
vertex -33.30318069458008 -77.0507583618164 -1
vertex -32.6617317199707 -76.1532211303711 0
endloop
endfacet
facet normal -0.1297566116479317 -0.695097792529003 0.7071083937805822
outer loop
vertex -32.6617317199707 -76.1532211303711 0
vertex -33.30318069458008 -77.0507583618164 -1
vertex -32.75425338745117 -77.15322875976562 -1
endloop
endfacet
facet normal 0.000020194865467593235 -0.707115783411308 0.7070977785587929
outer loop
vertex 48.83601379394531 -76.44691467285156 -0.29602861404418945
vertex 49.92543029785156 -76.41764068603516 -0.26678499579429626
vertex -32.6617317199707 -76.1532211303711 0
endloop
endfacet
facet normal 0.000021112734093144867 -0.7071151459620364 0.7070984159969109
outer loop
vertex 53.5963249206543 -76.47090148925781 -0.32014966011047363
vertex 54.309669494628906 -76.5065689086914 -0.35583922266960144
vertex 60.326011657714844 -76.15055847167969 0
endloop
endfacet
facet normal 0.000020135626237204515 -0.707108969149021 0.7071045929306113
outer loop
vertex 60.326011657714844 -76.15055847167969 0
vertex 55.43913650512695 -76.58595275878906 -0.43525782227516174
vertex 60.3765983581543 -77.15055084228516 -1
endloop
endfacet
facet normal 0.000020300247203431755 -0.707105022753426 0.7071085393238982
outer loop
vertex -32.6617317199707 -76.1532211303711 0
vertex -32.75425338745117 -77.15322875976562 -1
vertex 46.43913650512695 -77.15095520019531 -1
endloop
endfacet
facet normal 0.000020230028308430955 -0.7071078219447171 0.7071057401374594
outer loop
vertex -32.6617317199707 -76.1532211303711 0
vertex 46.43913650512695 -76.58624267578125 -0.43528586626052856
vertex 46.836002349853516 -76.55604553222656 -0.4050999879837036
endloop
endfacet
facet normal 0.000020294125657482133 -0.7071015149064789 0.7071120471361743
outer loop
vertex -32.6617317199707 -76.1532211303711 0
vertex 46.836002349853516 -76.55604553222656 -0.4050999879837036
vertex 47.568477630615234 -76.50679016113281 -0.35586637258529663
endloop
endfacet
facet normal 0.00001999227555389154 -0.7071094894218335 0.7071040726582638
outer loop
vertex 51.95283126831055 -76.41757202148438 -0.2667788565158844
vertex 53.04220962524414 -76.44677734375 -0.296015202999115
vertex 60.326011657714844 -76.15055847167969 0
endloop
endfacet
facet normal 0.000019809808921382402 -0.7071066272194446 0.7071069348761281
outer loop
vertex 51.33913803100586 -76.15081024169922 0
vertex 51.95283126831055 -76.41757202148438 -0.2667788565158844
vertex 60.326011657714844 -76.15055847167969 0
endloop
endfacet
facet normal 0.000020759868162018968 -0.7071062399650885 0.7071073221028493
outer loop
vertex 55.43913650512695 -76.58595275878906 -0.43525782227516174
vertex 55.43913650512695 -77.15069580078125 -1
vertex 60.3765983581543 -77.15055084228516 -1
endloop
endfacet
facet normal 0.000016578905122027885 -0.7070675078270744 0.7071460521705187
outer loop
vertex 60.326011657714844 -76.15055847167969 0
vertex 53.04220962524414 -76.44677734375 -0.296015202999115
vertex 53.5963249206543 -76.47090148925781 -0.32014966011047363
endloop
endfacet
facet normal 0.000020030367912078552 -0.7071059981889171 0.707107563899609
outer loop
vertex 60.326011657714844 -76.15055847167969 0
vertex 54.309669494628906 -76.5065689086914 -0.35583922266960144
vertex 55.042606353759766 -76.5558090209961 -0.4050999879837036
endloop
endfacet
facet normal 0.000022654550965820416 -0.707123107375105 0.7070904542581149
outer loop
vertex 60.326011657714844 -76.15055847167969 0
vertex 55.042606353759766 -76.5558090209961 -0.4050999879837036
vertex 55.43913650512695 -76.58595275878906 -0.43525782227516174
endloop
endfacet
facet normal 0.000027215769095412874 -0.7070981085023502 0.7071154532406292
outer loop
vertex 51.33913803100586 -76.41203308105469 -0.2612164318561554
vertex 51.95283126831055 -76.41757202148438 -0.2667788565158844
vertex 51.33913803100586 -76.15081024169922 0
endloop
endfacet
facet normal 0.000020161715453587354 -0.7071164891609358 0.707097072791436
outer loop
vertex -32.6617317199707 -76.1532211303711 0
vertex 47.568477630615234 -76.50679016113281 -0.35586637258529663
vertex 48.28227615356445 -76.47105407714844 -0.32014966011047363
endloop
endfacet
facet normal 0.00002125919503060917 -0.7071013355895522 0.7071122264220284
outer loop
vertex 50.53913879394531 -76.15083312988281 0
vertex 49.92543029785156 -76.41764068603516 -0.26678499579429626
vertex 50.53913879394531 -76.41205596923828 -0.2612188160419464
endloop
endfacet
facet normal 0.000020294928115904913 -0.7071002265480971 0.707113335472996
outer loop
vertex 50.53913879394531 -76.15083312988281 0
vertex -32.6617317199707 -76.1532211303711 0
vertex 49.92543029785156 -76.41764068603516 -0.26678499579429626
endloop
endfacet
facet normal 0.000020504013680605414 -0.7070730593473401 0.7071405011203772
outer loop
vertex -32.6617317199707 -76.1532211303711 0
vertex 48.28227615356445 -76.47105407714844 -0.32014966011047363
vertex 48.83601379394531 -76.44691467285156 -0.29602861404418945
endloop
endfacet
facet normal 0.000020230394330770054 -0.7071077886009417 0.7071057734813209
outer loop
vertex -32.6617317199707 -76.1532211303711 0
vertex 46.43913650512695 -77.15095520019531 -1
vertex 46.43913650512695 -76.58624267578125 -0.43528586626052856
endloop
endfacet
facet normal 0.0713174434479427 -0.7034997924105066 0.7071080994716602
outer loop
vertex 60.44190216064453 -76.13880157470703 0
vertex 60.3765983581543 -77.15055084228516 -1
vertex 60.579647064208984 -77.12996673583984 -1
endloop
endfacet
facet normal 0.07136878057731147 -0.703498881874991 0.7071038257282625
outer loop
vertex 60.44190216064453 -76.13880157470703 0
vertex 60.326011657714844 -76.15055847167969 0
vertex 60.3765983581543 -77.15055084228516 -1
endloop
endfacet
facet normal 0.1780981151101584 -0.6363474336597842 -0.7505617929716484
outer loop
vertex 60.244998931884766 -75.92845916748047 -18.83330726623535
vertex 62.202484130859375 -76.49976348876953 -17.88445472717285
vertex 62.26243591308594 -76.62340545654297 -17.76540184020996
endloop
endfacet
facet normal 0.2021672972848391 -0.601159679237422 -0.7731335097948501
outer loop
vertex 62.202484130859375 -76.65628814697266 -17.755510330200195
vertex 60.244998931884766 -75.92845916748047 -18.83330726623535
vertex 62.26243591308594 -76.62340545654297 -17.76540184020996
endloop
endfacet
facet normal 0.18529763410852199 -0.6248129729831495 -0.7584678869838475
outer loop
vertex 61.679832458496094 -76.87287902832031 -17.70477294921875
vertex 60.244998931884766 -75.92845916748047 -18.83330726623535
vertex 62.202484130859375 -76.65628814697266 -17.755510330200195
endloop
endfacet
facet normal 0.18528234369468688 -0.6248191403490241 -0.758466541759431
outer loop
vertex 60.3765983581543 -76.99402618408203 -17.92335319519043
vertex 60.244998931884766 -75.92845916748047 -18.83330726623535
vertex 60.579647064208984 -77.12996673583984 -17.761764526367188
endloop
endfacet
facet normal 0.18529643840725002 -0.624815107032636 -0.7584664211007524
outer loop
vertex 60.579647064208984 -77.12996673583984 -17.761764526367188
vertex 60.244998931884766 -75.92845916748047 -18.83330726623535
vertex 61.13674545288086 -77.0313949584961 -17.706865310668945
endloop
endfacet
facet normal 0.1852933547153193 -0.6248168789090698 -0.7584657148010527
outer loop
vertex 61.13674545288086 -77.0313949584961 -17.706865310668945
vertex 60.244998931884766 -75.92845916748047 -18.83330726623535
vertex 61.679832458496094 -76.87287902832031 -17.70477294921875
endloop
endfacet
facet normal 0.16791314855542216 -0.6402308670042093 -0.7496063043206368
outer loop
vertex 60.3765983581543 -77.15055084228516 -17.7896671295166
vertex 60.3765983581543 -76.99402618408203 -17.92335319519043
vertex 60.579647064208984 -77.12996673583984 -17.761764526367188
endloop
endfacet
facet normal 0.18529686547651514 -0.6248130731259336 -0.7584679922682994
outer loop
vertex 60.244998931884766 -75.92845916748047 -18.83330726623535
vertex 61.802066802978516 -75.5069580078125 -18.800134658813477
vertex 62.202484130859375 -76.49976348876953 -17.88445472717285
endloop
endfacet
facet normal 0.37413408864736886 -0.5426898426485599 -0.7520049324293587
outer loop
vertex 61.802066802978516 -75.5069580078125 -18.800134658813477
vertex 63.16202926635742 -75.9032974243164 -17.83751106262207
vertex 63.22868347167969 -76.00142669677734 -17.73353385925293
endloop
endfacet
facet normal 0.37413384050648685 -0.5426857499558649 -0.7520080093873382
outer loop
vertex 62.26243591308594 -76.62340545654297 -17.76540184020996
vertex 62.202484130859375 -76.49976348876953 -17.88445472717285
vertex 62.69850540161133 -76.38420104980469 -17.721073150634766
endloop
endfacet
facet normal 0.37413382186058025 -0.5426903453045918 -0.7520047024142725
outer loop
vertex 62.202484130859375 -76.49976348876953 -17.88445472717285
vertex 61.802066802978516 -75.5069580078125 -18.800134658813477
vertex 62.69850540161133 -76.38420104980469 -17.721073150634766
endloop
endfacet
facet normal 0.37413536796554203 -0.5426890070950168 -0.7520048989305279
outer loop
vertex 62.69850540161133 -76.38420104980469 -17.721073150634766
vertex 61.802066802978516 -75.5069580078125 -18.800134658813477
vertex 63.16202926635742 -76.05982208251953 -17.724552154541016
endloop
endfacet
facet normal 0.3741260095243232 -0.5427023509264304 -0.7519999250640466
outer loop
vertex 63.16202926635742 -76.05982208251953 -17.724552154541016
vertex 61.802066802978516 -75.5069580078125 -18.800134658813477
vertex 63.22868347167969 -76.00142669677734 -17.73353385925293
endloop
endfacet
facet normal 0.3741324987124985 -0.5426925224220309 -0.7520037895611666
outer loop
vertex 61.802066802978516 -75.5069580078125 -18.800134658813477
vertex 62.49923324584961 -75.07359313964844 -18.766027450561523
vertex 63.16202926635742 -75.9032974243164 -17.83751106262207
endloop
endfacet
facet normal 0.5469283649520095 -0.3913357777623554 -0.7400849090841225
outer loop
vertex 63.58755874633789 -75.68700408935547 -17.637414932250977
vertex 64.30500793457031 -74.814208984375 -17.568723678588867
vertex 63.970062255859375 -75.27014923095703 -17.575162887573242
endloop
endfacet
facet normal 0.5470031749561365 -0.3913925535820807 -0.739999591613674
outer loop
vertex 63.58755874633789 -75.68700408935547 -17.637414932250977
vertex 64.6404800415039 -74.20672607421875 -17.64203453063965
vertex 64.58843231201172 -74.32456970214844 -17.618179321289062
endloop
endfacet
facet normal 0.546922736181329 -0.39133096524872496 -0.7400916134408156
outer loop
vertex 63.16202926635742 -75.9032974243164 -17.83751106262207
vertex 62.49923324584961 -75.07359313964844 -18.766027450561523
vertex 63.58755874633789 -75.68700408935547 -17.637414932250977
endloop
endfacet
facet normal 0.549103167307543 -0.40289138688013465 -0.7322323688765926
outer loop
vertex 63.22868347167969 -76.00142669677734 -17.73353385925293
vertex 63.16202926635742 -75.9032974243164 -17.83751106262207
vertex 63.58755874633789 -75.68700408935547 -17.637414932250977
endloop
endfacet
facet normal 0.5469223173357578 -0.3913314912102113 -0.7400916448570927
outer loop
vertex 62.49923324584961 -75.07359313964844 -18.766027450561523
vertex 63.68343734741211 -73.63298034667969 -18.65264892578125
vertex 64.58843231201172 -74.16804504394531 -17.700942993164062
endloop
endfacet
facet normal 0.5469223312877055 -0.39133160842105635 -0.7400915725701855
outer loop
vertex 63.58755874633789 -75.68700408935547 -17.637414932250977
vertex 62.49923324584961 -75.07359313964844 -18.766027450561523
vertex 64.58843231201172 -74.16804504394531 -17.700942993164062
endloop
endfacet
facet normal 0.546882480045627 -0.39130712268263135 -0.7401339667634397
outer loop
vertex 63.58755874633789 -75.68700408935547 -17.637414932250977
vertex 64.58843231201172 -74.16804504394531 -17.700942993164062
vertex 64.6404800415039 -74.20672607421875 -17.64203453063965
endloop
endfacet
facet normal 0.5469320543427552 -0.39133916608203545 -0.7400803909188722
outer loop
vertex 64.30500793457031 -74.814208984375 -17.568723678588867
vertex 63.58755874633789 -75.68700408935547 -17.637414932250977
vertex 64.58843231201172 -74.32456970214844 -17.618179321289062
endloop
endfacet
facet normal 0.684807283811553 -0.12015633623000511 -0.7187499140190732
outer loop
vertex 64.58843231201172 -74.16804504394531 -17.700942993164062
vertex 63.68343734741211 -73.63298034667969 -18.65264892578125
vertex 64.81697845458984 -73.80703735351562 -17.543540954589844
endloop
endfacet
facet normal 0.6848090195267815 -0.12015202266364784 -0.7187489813729147
outer loop
vertex 63.68343734741211 -73.63298034667969 -18.65264892578125
vertex 64.15889739990234 -71.79051208496094 -18.50764274597168
vertex 65.14971160888672 -71.99303436279297 -17.529760360717773
endloop
endfacet
facet normal 0.6848080616100354 -0.12015159702259762 -0.7187499652082254
outer loop
vertex 64.81697845458984 -73.80703735351562 -17.543540954589844
vertex 63.68343734741211 -73.63298034667969 -18.65264892578125
vertex 64.9879379272461 -73.26773834228516 -17.470808029174805
endloop
endfacet
facet normal 0.6848079637791576 -0.12015017894101496 -0.7187502954747816
outer loop
vertex 64.9879379272461 -73.26773834228516 -17.470808029174805
vertex 63.68343734741211 -73.63298034667969 -18.65264892578125
vertex 65.14971160888672 -71.99303436279297 -17.529760360717773
endloop
endfacet
facet normal 0.6971822913652107 -0.13433677116152065 -0.7041949194084347
outer loop
vertex 64.6404800415039 -74.20672607421875 -17.64203453063965
vertex 64.58843231201172 -74.16804504394531 -17.700942993164062
vertex 64.81697845458984 -73.80703735351562 -17.543540954589844
endloop
endfacet
facet normal 0.6847843724497025 -0.12014823943130351 -0.7187730961925504
outer loop
vertex 64.9879379272461 -73.26773834228516 -17.470808029174805
vertex 65.14971160888672 -71.99303436279297 -17.529760360717773
vertex 65.09928894042969 -72.71305847167969 -17.457441329956055
endloop
endfacet
facet normal 0.6849293867834655 -0.12014457690417644 -0.7186355235868476
outer loop
vertex 65.09928894042969 -72.71305847167969 -17.457441329956055
vertex 65.14971160888672 -71.99303436279297 -17.529760360717773
vertex 65.14970397949219 -72.1495590209961 -17.503599166870117
endloop
endfacet
facet normal 0.7071063581809117 0.05581333298228008 -0.704901035664963
outer loop
vertex 64.11181640625 28.824827194213867 -10.589044570922852
vertex 65.06571960449219 28.90765380859375 -9.625598907470703
vertex 65.10249328613281 28.753536224365234 -9.600913047790527
endloop
endfacet
facet normal 0.7071063790205222 0.05580738516775082 -0.7049014856767035
outer loop
vertex 65.1537094116211 28.023113250732422 -9.607364654541016
vertex 64.11181640625 28.824827194213867 -10.589044570922852
vertex 65.10249328613281 28.753536224365234 -9.600913047790527
endloop
endfacet
facet normal 0.7071065297111203 0.05580780698940284 -0.7049013011187666
outer loop
vertex 65.1537094116211 28.023113250732422 -9.607364654541016
vertex 64.15889739990234 -71.79051208496094 -18.50764274597168
vertex 64.11181640625 28.824827194213867 -10.589044570922852
endloop
endfacet
facet normal 0.7071073829895177 0.055807722755617815 -0.7049004518388023
outer loop
vertex 65.14971160888672 -71.99303436279297 -17.529760360717773
vertex 64.15889739990234 -71.79051208496094 -18.50764274597168
vertex 65.1537094116211 28.023113250732422 -9.607364654541016
endloop
endfacet
facet normal 0.6693653713362631 0.282679763571171 -0.6870532373282392
outer loop
vertex 64.11181640625 28.824827194213867 -10.589044570922852
vertex 64.38578796386719 30.72712516784668 -9.539448738098145
vertex 64.4686508178711 30.6095027923584 -9.507113456726074
endloop
endfacet
facet normal 0.6693752284707392 0.2826727325798141 -0.6870465266381941
outer loop
vertex 64.11181640625 28.824827194213867 -10.589044570922852
vertex 64.8738784790039 29.7116756439209 -9.481705665588379
vertex 65.06571960449219 28.90765380859375 -9.625598907470703
endloop
endfacet
facet normal 0.6693761668236129 0.28267376692862767 -0.6870451868537517
outer loop
vertex 64.11181640625 28.824827194213867 -10.589044570922852
vertex 63.59199523925781 30.3469295501709 -10.469252586364746
vertex 64.38578796386719 30.72712516784668 -9.539448738098145
endloop
endfacet
facet normal 0.6693741535911423 0.28267420658224535 -0.6870469674172501
outer loop
vertex 64.8738784790039 29.7116756439209 -9.481705665588379
vertex 64.11181640625 28.824827194213867 -10.589044570922852
vertex 64.4686508178711 30.6095027923584 -9.507113456726074
endloop
endfacet
facet normal 0.5375895127509902 0.5134014325803541 -0.6688919829124829
outer loop
vertex 63.59199523925781 30.3469295501709 -10.469252586364746
vertex 63.10072708129883 32.158348083496094 -9.473749160766602
vertex 63.1923713684082 32.0986213684082 -9.445937156677246
endloop
endfacet
facet normal 0.5375956979992578 0.5134004017818131 -0.6688878029557451
outer loop
vertex 63.59199523925781 30.3469295501709 -10.469252586364746
vertex 63.1923713684082 32.0986213684082 -9.445937156677246
vertex 63.901363372802734 31.414785385131836 -9.400982856750488
endloop
endfacet
facet normal 0.5375983781167605 0.5133987436282796 -0.668886921599707
outer loop
vertex 64.38578796386719 30.72712516784668 -9.539448738098145
vertex 63.59199523925781 30.3469295501709 -10.469252586364746
vertex 63.901363372802734 31.414785385131836 -9.400982856750488
endloop
endfacet
facet normal 0.5375960147861208 0.5134006529270161 -0.6688873555840285
outer loop
vertex 63.59199523925781 30.3469295501709 -10.469252586364746
vertex 62.54586410522461 31.56751823425293 -10.373189926147461
vertex 63.10072708129883 32.158348083496094 -9.473749160766602
endloop
endfacet
facet normal 0.3605352874772403 0.6618921522679752 -0.6572009473895878
outer loop
vertex 63.10072708129883 32.158348083496094 -9.473749160766602
vertex 62.54586410522461 31.56751823425293 -10.373189926147461
vertex 62.367130279541016 32.6364631652832 -9.39466667175293
endloop
endfacet
facet normal 0.36053261894411376 0.6618926173710514 -0.6572019428965479
outer loop
vertex 62.54586410522461 31.56751823425293 -10.373189926147461
vertex 61.41574478149414 33.02631378173828 -9.523951530456543
vertex 62.367130279541016 32.6364631652832 -9.39466667175293
endloop
endfacet
facet normal 0.36052680999438663 0.6618909499531831 -0.6572068088854104
outer loop
vertex 62.54586410522461 31.56751823425293 -10.373189926147461
vertex 61.03371047973633 33.209693908691406 -9.54883861541748
vertex 61.41574478149414 33.02631378173828 -9.523951530456543
endloop
endfacet
facet normal 0.4044527084747218 0.6796340405945214 -0.6119767785403513
outer loop
vertex 62.54586410522461 31.56751823425293 -10.373189926147461
vertex 60.79124069213867 33.38179016113281 -9.517963409423828
vertex 61.03371047973633 33.209693908691406 -9.54883861541748
endloop
endfacet
facet normal 0.3640667314163735 0.6612706042586635 -0.6558784971465219
outer loop
vertex 62.54586410522461 31.56751823425293 -10.373189926147461
vertex 60.43050003051758 32.830753326416016 -10.273771286010742
vertex 60.79124069213867 33.38179016113281 -9.517963409423828
endloop
endfacet
facet normal 0.7090959797386206 0.06951316501694856 -0.7016771418593115
outer loop
vertex 58.95084762573242 36.012752532958984 -10.02334213256836
vertex 59.830604553222656 35.73622512817383 -9.161678314208984
vertex 58.96468734741211 35.32598114013672 -10.077392578125
endloop
endfacet
facet normal 0.7092026709530442 0.06913145261469895 -0.7016070223226459
outer loop
vertex 59.803199768066406 35.3133430480957 -9.231047630310059
vertex 58.96468734741211 35.32598114013672 -10.077392578125
vertex 59.830604553222656 35.73622512817383 -9.161678314208984
endloop
endfacet
facet normal 0.7077782242391442 0.05790297026719434 -0.7040576903401595
outer loop
vertex 59.830604553222656 35.73622512817383 -9.161678314208984
vertex 58.95084762573242 36.012752532958984 -10.02334213256836
vertex 59.88359451293945 35.958106994628906 -9.090160369873047
endloop
endfacet
facet normal 0.3339260386076518 0.678183405346127 -0.6546454532439159
outer loop
vertex 60.43050003051758 32.830753326416016 -10.273771286010742
vertex 60.287960052490234 32.906707763671875 -10.267793655395508
vertex 60.68813705444336 33.4549674987793 -9.495696067810059
endloop
endfacet
facet normal 0.6754957465177577 0.26482991622082935 -0.6881646691823737
outer loop
vertex 59.96256637573242 34.48402786254883 -9.308574676513672
vertex 59.186439514160156 34.24477767944336 -10.162485122680664
vertex 59.84761047363281 34.89190673828125 -9.264448165893555
endloop
endfacet
facet normal 0.7053651852590114 0.12956331953664557 -0.6969026486211439
outer loop
vertex 59.84761047363281 34.89190673828125 -9.264448165893555
vertex 58.96468734741211 35.32598114013672 -10.077392578125
vertex 59.803199768066406 35.3133430480957 -9.231047630310059
endloop
endfacet
facet normal 0.544888458894236 0.5057186669844124 -0.6688386929801337
outer loop
vertex 60.388954162597656 33.75508499145508 -9.426008224487305
vertex 59.834754943847656 33.27750015258789 -10.238611221313477
vertex 60.14475631713867 34.10142135620117 -9.363080978393555
endloop
endfacet
facet normal 0.6212632860315344 0.3924562070251652 -0.6782404109139477
outer loop
vertex 60.14475631713867 34.10142135620117 -9.363080978393555
vertex 59.46281433105469 33.72930908203125 -10.20305347442627
vertex 59.96256637573242 34.48402786254883 -9.308574676513672
endloop
endfacet
facet normal 0.4496669362859774 0.6015740756670539 -0.6602335025553555
outer loop
vertex 60.68813705444336 33.4549674987793 -9.495696067810059
vertex 59.834754943847656 33.27750015258789 -10.238611221313477
vertex 60.388954162597656 33.75508499145508 -9.426008224487305
endloop
endfacet
facet normal 0.5479169256968391 0.5036267991486889 -0.6679424299400142
outer loop
vertex 59.834754943847656 33.27750015258789 -10.238611221313477
vertex 59.46281433105469 33.72930908203125 -10.20305347442627
vertex 60.14475631713867 34.10142135620117 -9.363080978393555
endloop
endfacet
facet normal 0.7045309460701663 0.12459262527075642 -0.6986507165655937
outer loop
vertex 58.96468734741211 35.32598114013672 -10.077392578125
vertex 59.84761047363281 34.89190673828125 -9.264448165893555
vertex 59.01625061035156 34.80409240722656 -10.118465423583984
endloop
endfacet
facet normal 0.6782917915440669 0.26046649030273983 -0.6870789277465236
outer loop
vertex 59.186439514160156 34.24477767944336 -10.162485122680664
vertex 59.01625061035156 34.80409240722656 -10.118465423583984
vertex 59.84761047363281 34.89190673828125 -9.264448165893555
endloop
endfacet
facet normal 0.6251156956404328 0.3884453076545099 -0.6770085745580857
outer loop
vertex 59.186439514160156 34.24477767944336 -10.162485122680664
vertex 59.96256637573242 34.48402786254883 -9.308574676513672
vertex 59.46281433105469 33.72930908203125 -10.20305347442627
endloop
endfacet
facet normal 0.4496674198194235 0.6015733063379435 -0.6602338742101749
outer loop
vertex 60.287960052490234 32.906707763671875 -10.267793655395508
vertex 59.834754943847656 33.27750015258789 -10.238611221313477
vertex 60.68813705444336 33.4549674987793 -9.495696067810059
endloop
endfacet
facet normal 0.3384983371438616 0.6760804779645774 -0.6544723546995924
outer loop
vertex 60.79124069213867 33.38179016113281 -9.517963409423828
vertex 60.43050003051758 32.830753326416016 -10.273771286010742
vertex 60.68813705444336 33.4549674987793 -9.495696067810059
endloop
endfacet
facet normal 0.6694796051804277 -0.17140899063812207 -0.7227835195796033
outer loop
vertex 60.434627532958984 37.32609558105469 -8.780405044555664
vertex 59.10409164428711 37.03217315673828 -9.94311237335205
vertex 60.65780258178711 38.285518646240234 -8.801217079162598
endloop
endfacet
facet normal 0.6693912246611768 -0.16300982146614756 -0.7248056197713871
outer loop
vertex 60.12404251098633 36.602630615234375 -8.904536247253418
vertex 59.10409164428711 37.03217315673828 -9.94311237335205
vertex 60.434627532958984 37.32609558105469 -8.780405044555664
endloop
endfacet
facet normal 0.6694801934602879 -0.1714082229126187 -0.722783156750566
outer loop
vertex 60.65780258178711 38.285518646240234 -8.801217079162598
vertex 59.65868377685547 38.65853500366211 -9.815114974975586
vertex 60.65780258178711 38.44204330444336 -8.838336944580078
endloop
endfacet
facet normal 0.6694797927160672 -0.1714094890685709 -0.7227832276707195
outer loop
vertex 59.10409164428711 37.03217315673828 -9.94311237335205
vertex 59.65868377685547 38.65853500366211 -9.815114974975586
vertex 60.65780258178711 38.285518646240234 -8.801217079162598
endloop
endfacet
facet normal 0.6837061985499163 -0.12738403341371637 -0.7185535067729304
outer loop
vertex 59.00240707397461 36.65420150756836 -9.972859382629395
vertex 59.10409164428711 37.03217315673828 -9.94311237335205
vertex 60.02411651611328 36.36986541748047 -8.950292587280273
endloop
endfacet
facet normal 0.7053979062047946 -0.013929350449605655 -0.708674655337655
outer loop
vertex 59.89315414428711 35.998138427734375 -9.073348045349121
vertex 58.944942474365234 36.072532653808594 -10.018637657165527
vertex 59.92904281616211 36.14840316772461 -9.040578842163086
endloop
endfacet
facet normal 0.7053989752902993 0.12459241946241943 -0.6977743293299749
outer loop
vertex 59.88359451293945 35.958106994628906 -9.090160369873047
vertex 58.95084762573242 36.012752532958984 -10.02334213256836
vertex 58.944942474365234 36.072532653808594 -10.018637657165527
endloop
endfacet
facet normal 0.6745311514403843 -0.14737453901487393 -0.7233868059251998
outer loop
vertex 60.02411651611328 36.36986541748047 -8.950292587280273
vertex 59.10409164428711 37.03217315673828 -9.94311237335205
vertex 60.12404251098633 36.602630615234375 -8.904536247253418
endloop
endfacet
facet normal 0.705397847410363 -0.013912836891057023 -0.7086750382498801
outer loop
vertex 59.92904281616211 36.14840316772461 -9.040578842163086
vertex 59.00240707397461 36.65420150756836 -9.972859382629395
vertex 60.02411651611328 36.36986541748047 -8.950292587280273
endloop
endfacet
facet normal 0.7053974672158844 -0.013914182259944324 -0.7086753902721981
outer loop
vertex 58.944942474365234 36.072532653808594 -10.018637657165527
vertex 59.00240707397461 36.65420150756836 -9.972859382629395
vertex 59.92904281616211 36.14840316772461 -9.040578842163086
endloop
endfacet
facet normal 0.7053988192946575 0.12459812083481013 -0.6977734689869894
outer loop
vertex 59.88359451293945 35.958106994628906 -9.090160369873047
vertex 58.944942474365234 36.072532653808594 -10.018637657165527
vertex 59.89315414428711 35.998138427734375 -9.073348045349121
endloop
endfacet
facet normal 0.7073835526762797 0.08789651489953676 -0.7013435050469922
outer loop
vertex 60.69601821899414 39.269813537597656 -8.692237854003906
vertex 59.65868377685547 38.65853500366211 -9.815114974975586
vertex 60.48957443237305 40.76736831665039 -8.712777137756348
endloop
endfacet
facet normal 0.7076814990944685 0.08763883376420722 -0.7010751248303247
outer loop
vertex 59.65868377685547 38.65853500366211 -9.815114974975586
vertex 59.56074905395508 40.79347229003906 -9.64709186553955
vertex 60.48957443237305 40.76736831665039 -8.712777137756348
endloop
endfacet
facet normal 0.7061931230698216 0.09131687764768599 -0.702105761823366
outer loop
vertex 60.65780258178711 38.44204330444336 -8.838336944580078
vertex 59.65868377685547 38.65853500366211 -9.815114974975586
vertex 60.69601821899414 39.269813537597656 -8.692237854003906
endloop
endfacet
facet normal 0.6248315280195769 -0.28977739608586767 -0.7249928429373733
outer loop
vertex 60.770565032958984 41.954193115234375 -8.629862785339355
vertex 59.89673614501953 42.31534194946289 -9.527318000793457
vertex 60.98676681518555 42.294227600097656 -8.57944107055664
endloop
endfacet
facet normal 0.6322056863209444 -0.25211774321740105 -0.7326340244203979
outer loop
vertex 59.89673614501953 42.31534194946289 -9.527318000793457
vertex 60.13859939575195 42.80894470214844 -9.488470077514648
vertex 60.98676681518555 42.294227600097656 -8.57944107055664
endloop
endfacet
facet normal 0.6498343463990405 -0.22883065640251649 -0.7248115982312405
outer loop
vertex 60.71371841430664 41.81846618652344 -8.637978553771973
vertex 59.89673614501953 42.31534194946289 -9.527318000793457
vertex 60.770565032958984 41.954193115234375 -8.629862785339355
endloop
endfacet
facet normal 0.6782895083519865 -0.14978023618179195 -0.719367238417866
outer loop
vertex 59.603294372558594 41.52615737915039 -9.589427947998047
vertex 59.77348709106445 42.085472106933594 -9.545409202575684
vertex 60.64402389526367 41.65206527709961 -8.634342193603516
endloop
endfacet
facet normal 0.6251141695025689 -0.27776011155730096 -0.729439233599886
outer loop
vertex 60.64402389526367 41.65206527709961 -8.634342193603516
vertex 59.77348709106445 42.085472106933594 -9.545409202575684
vertex 60.71371841430664 41.81846618652344 -8.637978553771973
endloop
endfacet
facet normal 0.7053983478056168 0.12460588535209625 -0.6977725591112954
outer loop
vertex 59.56074905395508 40.79347229003906 -9.64709186553955
vertex 59.54582977294922 40.944488525390625 -9.63520622253418
vertex 60.48957443237305 40.76736831665039 -8.712777137756348
endloop
endfacet
facet normal 0.6782900577964815 -0.14976561318042983 -0.719369764865841
outer loop
vertex 60.60685729980469 41.563323974609375 -8.650911331176758
vertex 59.603294372558594 41.52615737915039 -9.589427947998047
vertex 60.64402389526367 41.65206527709961 -8.634342193603516
endloop
endfacet
facet normal 0.7053982980430955 0.12459835638628393 -0.6977739538731299
outer loop
vertex 60.48957443237305 40.76736831665039 -8.712777137756348
vertex 59.54582977294922 40.944488525390625 -9.63520622253418
vertex 60.495452880859375 40.8699836730957 -8.68851089477539
endloop
endfacet
facet normal 0.7053979596783614 -0.013917833755196866 -0.7086748283840533
outer loop
vertex 60.495452880859375 40.8699836730957 -8.68851089477539
vertex 59.54582977294922 40.944488525390625 -9.63520622253418
vertex 60.51151657104492 41.150421142578125 -8.67802906036377
endloop
endfacet
facet normal 0.7053976058875601 -0.013914206860904697 -0.7086752517588931
outer loop
vertex 59.54582977294922 40.944488525390625 -9.63520622253418
vertex 59.603294372558594 41.52615737915039 -9.589427947998047
vertex 60.51151657104492 41.150421142578125 -8.67802906036377
endloop
endfacet
facet normal 0.7054005040420143 -0.013900840396681512 -0.7086726293102747
outer loop
vertex 60.51151657104492 41.150421142578125 -8.67802906036377
vertex 59.603294372558594 41.52615737915039 -9.589427947998047
vertex 60.5381965637207 41.2659797668457 -8.653738975524902
endloop
endfacet
facet normal 0.6782884427351553 -0.14978488830272718 -0.7193672745462205
outer loop
vertex 60.5381965637207 41.2659797668457 -8.653738975524902
vertex 59.603294372558594 41.52615737915039 -9.589427947998047
vertex 60.60685729980469 41.563323974609375 -8.650911331176758
endloop
endfacet
facet normal 0.6251146608775566 -0.27775873349028457 -0.7294393372486916
outer loop
vertex 59.77348709106445 42.085472106933594 -9.545409202575684
vertex 59.89673614501953 42.31534194946289 -9.527318000793457
vertex 60.71371841430664 41.81846618652344 -8.637978553771973
endloop
endfacet
facet normal 0.3584540755264933 -0.5521510821800689 -0.7527548460062053
outer loop
vertex 76.13076782226562 51.48784255981445 -7.811610698699951
vertex 76.19523620605469 51.3923225402832 -7.710846900939941
vertex 76.13076782226562 51.33131408691406 -7.69679594039917
endloop
endfacet
facet normal 0.3584501709074341 -0.5521519689167919 -0.7527560549060642
outer loop
vertex 75.52381134033203 50.9217414855957 -7.685394287109375
vertex 76.13076782226562 51.48784255981445 -7.811610698699951
vertex 76.13076782226562 51.33131408691406 -7.69679594039917
endloop
endfacet
facet normal 0.35845721535447717 -0.5521578173774417 -0.7527484104727777
outer loop
vertex 75.52381134033203 50.9217414855957 -7.685394287109375
vertex 75.44764709472656 52.310909271240234 -8.740649223327637
vertex 76.13076782226562 51.48784255981445 -7.811610698699951
endloop
endfacet
facet normal 0.35896771918509457 -0.5520211574448238 -0.7526053536325183
outer loop
vertex 75.52381134033203 50.9217414855957 -7.685394287109375
vertex 61.2809944152832 43.99131774902344 -9.395415306091309
vertex 75.44764709472656 52.310909271240234 -8.740649223327637
endloop
endfacet
facet normal 0.3594552905456694 -0.5533153128686953 -0.7514213589217079
outer loop
vertex 61.815311431884766 43.0025520324707 -8.41172981262207
vertex 61.2809944152832 43.99131774902344 -9.395415306091309
vertex 75.52381134033203 50.9217414855957 -7.685394287109375
endloop
endfacet
facet normal 0.5479183623828773 -0.3929337888111115 -0.7385042354477127
outer loop
vertex 61.131351470947266 42.459068298339844 -8.518303871154785
vertex 60.30434799194336 43.08798599243164 -9.466508865356445
vertex 61.282447814941406 42.62586212158203 -8.494946479797363
endloop
endfacet
facet normal 0.608883141192788 -0.3040076056715461 -0.7326941354105799
outer loop
vertex 60.13859939575195 42.80894470214844 -9.488470077514648
vertex 60.30434799194336 43.08798599243164 -9.466508865356445
vertex 61.131351470947266 42.459068298339844 -8.518303871154785
endloop
endfacet
facet normal 0.33412863740690724 -0.5678454464128933 -0.7522696342753343
outer loop
vertex 61.815311431884766 43.0025520324707 -8.41172981262207
vertex 61.71940231323242 42.947147369384766 -8.412507057189941
vertex 61.2809944152832 43.99131774902344 -9.395415306091309
endloop
endfacet
facet normal 0.4496651457879824 -0.49088483548753126 -0.7462126606751268
outer loop
vertex 61.12949752807617 43.91059112548828 -9.401768684387207
vertex 61.71940231323242 42.947147369384766 -8.412507057189941
vertex 61.61591339111328 42.88736343383789 -8.435541152954102
endloop
endfacet
facet normal 0.4496651441087911 -0.4908851480620577 -0.7462124560644321
outer loop
vertex 61.410552978515625 42.726322174072266 -8.453351974487305
vertex 60.67628860473633 43.539798736572266 -9.430951118469238
vertex 61.61591339111328 42.88736343383789 -8.435541152954102
endloop
endfacet
facet normal 0.3341299461868468 -0.567844805269398 -0.7522695369279117
outer loop
vertex 61.71940231323242 42.947147369384766 -8.412507057189941
vertex 61.12949752807617 43.91059112548828 -9.401768684387207
vertex 61.2809944152832 43.99131774902344 -9.395415306091309
endloop
endfacet
facet normal 0.4496657280754759 -0.4908844603662941 -0.74621255655828
outer loop
vertex 60.67628860473633 43.539798736572266 -9.430951118469238
vertex 61.12949752807617 43.91059112548828 -9.401768684387207
vertex 61.61591339111328 42.88736343383789 -8.435541152954102
endloop
endfacet
facet normal 0.5479174477318046 -0.39293537597274303 -0.7385040695759397
outer loop
vertex 61.282447814941406 42.62586212158203 -8.494946479797363
vertex 60.30434799194336 43.08798599243164 -9.466508865356445
vertex 60.67628860473633 43.539798736572266 -9.430951118469238
endloop
endfacet
facet normal 0.5479216260026593 -0.3929315271886591 -0.7385030173938292
outer loop
vertex 60.67628860473633 43.539798736572266 -9.430951118469238
vertex 61.410552978515625 42.726322174072266 -8.453351974487305
vertex 61.282447814941406 42.62586212158203 -8.494946479797363
endloop
endfacet
facet normal 0.621524304169019 -0.2727823592875799 -0.7343686565947095
outer loop
vertex 60.98676681518555 42.294227600097656 -8.57944107055664
vertex 60.13859939575195 42.80894470214844 -9.488470077514648
vertex 61.131351470947266 42.459068298339844 -8.518303871154785
endloop
endfacet
facet normal 0.5747753864341741 -0.3551071156936895 -0.7372463574227777
outer loop
vertex 75.44764709472656 52.310909271240234 -8.740649223327637
vertex 77.86847686767578 53.83726501464844 -7.588505744934082
vertex 77.83488464355469 53.702171325683594 -7.549624919891357
endloop
endfacet
facet normal 0.5747861333574036 -0.3551438371467986 -0.7372202898975944
outer loop
vertex 75.44764709472656 52.310909271240234 -8.740649223327637
vertex 77.83488464355469 53.85869598388672 -7.625020503997803
vertex 77.86847686767578 53.83726501464844 -7.588505744934082
endloop
endfacet
facet normal 0.5747773132908136 -0.35511493032373387 -0.7372410910871445
outer loop
vertex 77.421142578125 52.80823516845703 -7.4415998458862305
vertex 75.44764709472656 52.310909271240234 -8.740649223327637
vertex 77.83488464355469 53.702171325683594 -7.549624919891357
endloop
endfacet
facet normal 0.5747763224989331 -0.35511221120931313 -0.7372431732777418
outer loop
vertex 75.44764709472656 52.310909271240234 -8.740649223327637
vertex 76.89035034179688 54.31808090209961 -8.582681655883789
vertex 77.83488464355469 53.85869598388672 -7.625020503997803
endloop
endfacet
facet normal 0.5747786787349022 -0.3551132613687241 -0.7372408304426907
outer loop
vertex 76.13076782226562 51.48784255981445 -7.811610698699951
vertex 75.44764709472656 52.310909271240234 -8.740649223327637
vertex 76.84622192382812 52.00838088989258 -7.504549980163574
endloop
endfacet
facet normal 0.5747772200477695 -0.35511709887256815 -0.737240119230152
outer loop
vertex 76.84622192382812 52.00838088989258 -7.504549980163574
vertex 75.44764709472656 52.310909271240234 -8.740649223327637
vertex 77.421142578125 52.80823516845703 -7.4415998458862305
endloop
endfacet
facet normal 0.5811036575480045 -0.371592067720282 -0.7240427296725634
outer loop
vertex 76.19523620605469 51.3923225402832 -7.710846900939941
vertex 76.13076782226562 51.48784255981445 -7.811610698699951
vertex 76.84622192382812 52.00838088989258 -7.504549980163574
endloop
endfacet
facet normal 0.7173957230564253 -0.058341372700080975 -0.694218741299757
outer loop
vertex 77.86847686767578 53.83726501464844 -7.588505744934082
vertex 77.83488464355469 53.85869598388672 -7.625020503997803
vertex 78.07259368896484 54.65809631347656 -7.446556091308594
endloop
endfacet
facet normal 0.6993316453499782 -0.048772669684534205 -0.7131314580804409
outer loop
vertex 78.12574005126953 55.64169692993164 -7.461675643920898
vertex 77.11783599853516 55.83501052856445 -8.463296890258789
vertex 78.10425567626953 55.799007415771484 -7.493503093719482
endloop
endfacet
facet normal 0.6993332591194747 -0.04874808732382433 -0.7131315563566111
outer loop
vertex 77.83488464355469 53.85869598388672 -7.625020503997803
vertex 76.89035034179688 54.31808090209961 -8.582681655883789
vertex 78.07259368896484 54.65809631347656 -7.446556091308594
endloop
endfacet
facet normal 0.699333329059554 -0.04874869951469923 -0.7131314459215126
outer loop
vertex 78.07259368896484 54.65809631347656 -7.446556091308594
vertex 76.89035034179688 54.31808090209961 -8.582681655883789
vertex 78.12574005126953 55.64169692993164 -7.461675643920898
endloop
endfacet
facet normal 0.6993345081847897 -0.04875090717197737 -0.7131301386926847
outer loop
vertex 78.12574005126953 55.64169692993164 -7.461675643920898
vertex 76.89035034179688 54.31808090209961 -8.582681655883789
vertex 77.11783599853516 55.83501052856445 -8.463296890258789
endloop
endfacet
facet normal 0.6885106070863468 0.2160773054644779 -0.6922887706678484
outer loop
vertex 77.67742156982422 57.55098342895508 -7.371152877807617
vertex 76.74609375 57.4188232421875 -8.338647842407227
vertex 77.60063934326172 57.684425354003906 -7.4058661460876465
endloop
endfacet
facet normal 0.6885084728918597 0.2160866139171577 -0.6922879877926069
outer loop
vertex 76.74609375 57.4188232421875 -8.338647842407227
vertex 77.67742156982422 57.55098342895508 -7.371152877807617
vertex 77.11783599853516 55.83501052856445 -8.463296890258789
endloop
endfacet
facet normal 0.6885072221716522 0.21608856671538432 -0.6922886221456814
outer loop
vertex 78.10425567626953 55.799007415771484 -7.493503093719482
vertex 77.11783599853516 55.83501052856445 -8.463296890258789
vertex 77.99242401123047 56.617671966552734 -7.349188804626465
endloop
endfacet
facet normal 0.6885082203972821 0.21608681594622164 -0.6922881758484621
outer loop
vertex 77.99242401123047 56.617671966552734 -7.349188804626465
vertex 77.11783599853516 55.83501052856445 -8.463296890258789
vertex 77.67742156982422 57.55098342895508 -7.371152877807617
endloop
endfacet
facet normal 0.6124344942513835 0.4078328255774801 -0.6771974428721219
outer loop
vertex 66.75253295898438 74.6833267211914 -6.9799017906188965
vertex 67.44012451171875 75.17708587646484 -6.0607075691223145
vertex 67.52876281738281 75.08342742919922 -6.036950588226318
endloop
endfacet
facet normal 0.6124487894863752 0.40780876771784313 -0.6771990026787754
outer loop
vertex 67.9383316040039 74.47647857666016 -6.032046794891357
vertex 66.75253295898438 74.6833267211914 -6.9799017906188965
vertex 67.52876281738281 75.08342742919922 -6.036950588226318
endloop
endfacet
facet normal 0.612448156580209 0.40781232049702126 -0.677197435577202
outer loop
vertex 67.9383316040039 74.47647857666016 -6.032046794891357
vertex 76.74609375 57.4188232421875 -8.338647842407227
vertex 66.75253295898438 74.6833267211914 -6.9799017906188965
endloop
endfacet
facet normal 0.6124464991751289 0.4078117165627557 -0.6771992981997746
outer loop
vertex 77.60063934326172 57.684425354003906 -7.4058661460876465
vertex 76.74609375 57.4188232421875 -8.338647842407227
vertex 67.9383316040039 74.47647857666016 -6.032046794891357
endloop
endfacet
facet normal 0.4660535298633803 0.5856234269890321 -0.6632038216593034
outer loop
vertex 66.75253295898438 74.6833267211914 -6.9799017906188965
vertex 65.54215240478516 75.74082946777344 -6.896675109863281
vertex 65.97370910644531 76.40996551513672 -6.002545356750488
endloop
endfacet
facet normal 0.4660522391423386 0.5856237684336424 -0.6632044271836491
outer loop
vertex 66.85169219970703 75.79888916015625 -5.925154209136963
vertex 66.75253295898438 74.6833267211914 -6.9799017906188965
vertex 66.05184173583984 76.3738021850586 -5.9795708656311035
endloop
endfacet
facet normal 0.46605599688298205 0.5856222256975676 -0.6632031487699956
outer loop
vertex 66.85169219970703 75.79888916015625 -5.925154209136963
vertex 67.44012451171875 75.17708587646484 -6.0607075691223145
vertex 66.75253295898438 74.6833267211914 -6.9799017906188965
endloop
endfacet
facet normal 0.46606287615237085 0.5856237590059379 -0.6631969604577022
outer loop
vertex 66.75253295898438 74.6833267211914 -6.9799017906188965
vertex 65.97370910644531 76.40996551513672 -6.002545356750488
vertex 66.05184173583984 76.3738021850586 -5.9795708656311035
endloop
endfacet
facet normal 0.23552181326160906 0.7201538787499326 -0.6526161708074594
outer loop
vertex 65.54215240478516 75.74082946777344 -6.896675109863281
vertex 64.20198059082031 77.02525329589844 -5.962982177734375
vertex 65.15790557861328 76.78754425048828 -5.880308628082275
endloop
endfacet
facet normal 0.23552427103548917 0.7201549439489934 -0.6526141083818398
outer loop
vertex 65.54215240478516 75.74082946777344 -6.896675109863281
vertex 64.05192565917969 76.26563262939453 -6.855371952056885
vertex 64.20198059082031 77.02525329589844 -5.962982177734375
endloop
endfacet
facet normal 0.23552389629140563 0.7201538955137797 -0.6526154005630291
outer loop
vertex 65.97370910644531 76.40996551513672 -6.002545356750488
vertex 65.54215240478516 75.74082946777344 -6.896675109863281
vertex 65.15790557861328 76.78754425048828 -5.880308628082275
endloop
endfacet
facet normal -0.0215734447290252 0.7630907944786748 -0.6459311308989748
outer loop
vertex 64.20198059082031 77.02525329589844 -5.962982177734375
vertex 64.05192565917969 76.26563262939453 -6.855371952056885
vertex 63.218379974365234 77.07840728759766 -5.867335796356201
endloop
endfacet
facet normal -0.028995151765983763 0.7598123922011315 -0.6494955040888747
outer loop
vertex 64.05192565917969 76.26563262939453 -6.855371952056885
vertex 62.289302825927734 76.95149230957031 -5.974330902099609
vertex 63.218379974365234 77.07840728759766 -5.867335796356201
endloop
endfacet
facet normal -0.0289956987786743 0.7598118179706493 -0.6494961514316104
outer loop
vertex 64.05192565917969 76.26563262939453 -6.855371952056885
vertex 62.52190399169922 76.20303344726562 -6.860298156738281
vertex 62.289302825927734 76.95149230957031 -5.974330902099609
endloop
endfacet
facet normal -0.3480170090302127 0.6691195743467251 -0.6566301521036955
outer loop
vertex 50.23202896118164 69.95050811767578 -6.718062400817871
vertex 44.23272705078125 66.79512786865234 -6.7538018226623535
vertex 50.107666015625 70.10204315185547 -6.497732162475586
endloop
endfacet
facet normal -0.34801639879669216 0.6691185734260123 -0.656631495486563
outer loop
vertex 62.52190399169922 76.20303344726562 -6.860298156738281
vertex 51.86301803588867 70.27493286132812 -7.251895427703857
vertex 51.919921875 70.4625244140625 -7.090895652770996
endloop
endfacet
facet normal -0.3480043228568474 0.6690986260228011 -0.6566582215485822
outer loop
vertex 62.52190399169922 76.20303344726562 -6.860298156738281
vertex 51.80203628540039 70.16084289550781 -7.33582878112793
vertex 51.86301803588867 70.27493286132812 -7.251895427703857
endloop
endfacet
facet normal -0.348019305773984 0.6691221081481411 -0.6566263528034657
outer loop
vertex 50.556453704833984 69.73373413085938 -7.110901832580566
vertex 44.74162673950195 66.18128967285156 -7.649026870727539
vertex 50.383567810058594 69.82614135742188 -6.92510461807251
endloop
endfacet
facet normal -0.34801498624371574 0.6691162835948417 -0.6566345775071656
outer loop
vertex 50.74404525756836 69.67682647705078 -7.268314361572266
vertex 44.74162673950195 66.18128967285156 -7.649026870727539
vertex 50.556453704833984 69.73373413085938 -7.110901832580566
endloop
endfacet
facet normal -0.3480153028830734 0.6691173054043307 -0.6566333684543073
outer loop
vertex 44.74162673950195 66.18128967285156 -7.649026870727539
vertex 44.23272705078125 66.79512786865234 -6.7538018226623535
vertex 50.383567810058594 69.82614135742188 -6.92510461807251
endloop
endfacet
facet normal -0.34801200964514006 0.6691118375378013 -0.6566406856185031
outer loop
vertex 44.74162673950195 66.18128967285156 -7.649026870727539
vertex 50.74404525756836 69.67682647705078 -7.268314361572266
vertex 50.913665771484375 69.66011810302734 -7.375236988067627
endloop
endfacet
facet normal -0.3480149556906073 0.6691160425186921 -0.6566348393588237
outer loop
vertex 62.52190399169922 76.20303344726562 -6.860298156738281
vertex 51.919921875 70.4625244140625 -7.090895652770996
vertex 51.93913650512695 70.6576156616211 -6.902279853820801
endloop
endfacet
facet normal -0.34801510344599235 0.6691163217452764 -0.6566344765145574
outer loop
vertex 62.52190399169922 76.20303344726562 -6.860298156738281
vertex 51.93913650512695 70.6576156616211 -6.902279853820801
vertex 51.919921875 70.85270690917969 -6.693296432495117
endloop
endfacet
facet normal -0.3480181539550257 0.6691210315411064 -0.6566280603713961
outer loop
vertex 51.86301803588867 71.04029846191406 -6.471976280212402
vertex 61.3090934753418 76.63008117675781 -5.782338619232178
vertex 51.919921875 70.85270690917969 -6.693296432495117
endloop
endfacet
facet normal -0.34804586203134025 0.6691043833421246 -0.6566303390151998
outer loop
vertex 62.289302825927734 76.95149230957031 -5.974330902099609
vertex 62.52190399169922 76.20303344726562 -6.860298156738281
vertex 62.24240493774414 76.94508361816406 -5.956003189086914
endloop
endfacet
facet normal -0.34801622669185034 0.66911790110866 -0.6566322718044768
outer loop
vertex 62.52190399169922 76.20303344726562 -6.860298156738281
vertex 61.3090934753418 76.63008117675781 -5.782338619232178
vertex 62.24240493774414 76.94508361816406 -5.956003189086914
endloop
endfacet
facet normal -0.34801599821579576 0.6691181683193627 -0.6566321206054455
outer loop
vertex 62.52190399169922 76.20303344726562 -6.860298156738281
vertex 51.919921875 70.85270690917969 -6.693296432495117
vertex 61.3090934753418 76.63008117675781 -5.782338619232178
endloop
endfacet
facet normal -0.3480197908360551 0.669123393669328 -0.6566247857268792
outer loop
vertex 61.3090934753418 76.63008117675781 -5.782338619232178
vertex 51.86301803588867 71.04029846191406 -6.471976280212402
vertex 51.80195236206055 71.154541015625 -6.323193550109863
endloop
endfacet
facet normal -0.3480123237215911 0.6691107956504923 -0.6566415808352862
outer loop
vertex 50.383567810058594 69.82614135742188 -6.92510461807251
vertex 44.23272705078125 66.79512786865234 -6.7538018226623535
vertex 50.23202896118164 69.95050811767578 -6.718062400817871
endloop
endfacet
facet normal -0.348023236128831 0.6691295911849879 -0.656616644104478
outer loop
vertex 50.107666015625 70.10204315185547 -6.497732162475586
vertex 44.23272705078125 66.79512786865234 -6.7538018226623535
vertex 50.076324462890625 70.16068267822266 -6.421363353729248
endloop
endfacet
facet normal -0.4908794656727086 0.5628687024961497 -0.6649933638249158
outer loop
vertex 44.23272705078125 66.79512786865234 -6.7538018226623535
vertex 44.74162673950195 66.18128967285156 -7.649026870727539
vertex 44.14445877075195 66.7442855834961 -6.7316789627075195
endloop
endfacet
facet normal -0.49085517093828135 0.562891815237018 -0.6649917334090142
outer loop
vertex 44.74162673950195 66.18128967285156 -7.649026870727539
vertex 43.37281799316406 66.13187408447266 -6.680486679077148
vertex 44.14445877075195 66.7442855834961 -6.7316789627075195
endloop
endfacet
facet normal -0.49085598551320064 0.5628896120795641 -0.6649929970298805
outer loop
vertex 44.74162673950195 66.18128967285156 -7.649026870727539
vertex 42.81934356689453 65.48819732666016 -6.816792964935303
vertex 43.37281799316406 66.13187408447266 -6.680486679077148
endloop
endfacet
facet normal -0.49085599343630365 0.5628878426135469 -0.6649944889587629
outer loop
vertex 44.74162673950195 66.18128967285156 -7.649026870727539
vertex 43.55511474609375 65.0405502319336 -7.738804817199707
vertex 42.81934356689453 65.48819732666016 -6.816792964935303
endloop
endfacet
facet normal -0.6443714479715889 0.34576262914900296 -0.6820803774651248
outer loop
vertex 43.55511474609375 65.0405502319336 -7.738804817199707
vertex 42.90122985839844 63.597991943359375 -7.852336883544922
vertex 41.971961975097656 63.747554779052734 -6.898626804351807
endloop
endfacet
facet normal -0.6443701717229904 0.3457591306890585 -0.6820833565912825
outer loop
vertex 43.55511474609375 65.0405502319336 -7.738804817199707
vertex 41.971961975097656 63.747554779052734 -6.898626804351807
vertex 42.24066162109375 64.53022766113281 -6.755720138549805
endloop
endfacet
facet normal -0.6443701866044901 0.3457619175203913 -0.682081929835351
outer loop
vertex 43.55511474609375 65.0405502319336 -7.738804817199707
vertex 42.24066162109375 64.53022766113281 -6.755720138549805
vertex 42.73053741455078 65.38491821289062 -6.785250186920166
endloop
endfacet
facet normal -0.6443725367645483 0.34575701865542674 -0.6820821929314178
outer loop
vertex 42.81934356689453 65.48819732666016 -6.816792964935303
vertex 43.55511474609375 65.0405502319336 -7.738804817199707
vertex 42.73053741455078 65.38491821289062 -6.785250186920166
endloop
endfacet
facet normal -0.7083217026414258 0.09482775713000278 -0.6994912880407052
outer loop
vertex 42.90122985839844 63.597991943359375 -7.852336883544922
vertex 41.81978225708008 61.7376708984375 -7.009434700012207
vertex 41.782379150390625 62.62312698364258 -6.851521015167236
endloop
endfacet
facet normal -0.7073370290684925 0.09373772759748057 -0.7006336886943271
outer loop
vertex 42.80134963989258 61.767547607421875 -7.996396064758301
vertex 41.81978225708008 61.7376708984375 -7.009434700012207
vertex 42.90122985839844 63.597991943359375 -7.852336883544922
endloop
endfacet
facet normal -0.7062748201458792 0.08965958004044354 -0.7022371665861024
outer loop
vertex 41.782379150390625 62.62312698364258 -6.851521015167236
vertex 41.920780181884766 63.598480224609375 -6.866187572479248
vertex 42.90122985839844 63.597991943359375 -7.852336883544922
endloop
endfacet
facet normal -0.7062737900930562 0.0896756513047639 -0.7022361504441765
outer loop
vertex 41.971961975097656 63.747554779052734 -6.898626804351807
vertex 42.90122985839844 63.597991943359375 -7.852336883544922
vertex 41.920780181884766 63.598480224609375 -6.866187572479248
endloop
endfacet
facet normal -0.6546112140109982 0.32967415480235895 -0.680293400046184
outer loop
vertex 41.73177719116211 60.844974517822266 -7.241670608520508
vertex 42.45792770385742 60.528160095214844 -8.093937873840332
vertex 41.70363998413086 60.725730895996094 -7.272381782531738
endloop
endfacet
facet normal -0.623197836059544 0.40436343605619496 -0.6694136753245554
outer loop
vertex 42.45792770385742 60.528160095214844 -8.093937873840332
vertex 41.56536102294922 60.400001525878906 -7.3404083251953125
vertex 41.70363998413086 60.725730895996094 -7.272381782531738
endloop
endfacet
facet normal -0.6270486387280654 0.3848010090410967 -0.6773021394549362
outer loop
vertex 42.23558807373047 60.10758972167969 -8.127037048339844
vertex 41.56536102294922 60.400001525878906 -7.3404083251953125
vertex 42.45792770385742 60.528160095214844 -8.093937873840332
endloop
endfacet
facet normal -0.705398931689394 0.12460728732805827 -0.6977717184840643
outer loop
vertex 41.827239990234375 61.561126708984375 -7.048501014709473
vertex 41.81978225708008 61.7376708984375 -7.009434700012207
vertex 42.80134963989258 61.767547607421875 -7.996396064758301
endloop
endfacet
facet normal -0.7053967727552588 0.12461158681183568 -0.6977731332021191
outer loop
vertex 41.827239990234375 61.561126708984375 -7.048501014709473
vertex 42.75811767578125 61.32993698120117 -8.03083610534668
vertex 41.81977462768555 61.440948486328125 -7.062416076660156
endloop
endfacet
facet normal -0.6782897244616102 0.260465960004407 -0.6870811694179775
outer loop
vertex 41.800968170166016 61.1381721496582 -7.158629894256592
vertex 41.81977462768555 61.440948486328125 -7.062416076660156
vertex 42.75811767578125 61.32993698120117 -8.03083610534668
endloop
endfacet
facet normal -0.6782939992661794 0.2604595257398248 -0.6870793884340276
outer loop
vertex 41.800968170166016 61.1381721496582 -7.158629894256592
vertex 42.58792495727539 60.77062225341797 -8.07485580444336
vertex 41.77700424194336 61.036617279052734 -7.1734700202941895
endloop
endfacet
facet normal -0.6251131941035081 0.3884532607700765 -0.6770063210597111
outer loop
vertex 41.73177719116211 60.844974517822266 -7.241670608520508
vertex 41.77700424194336 61.036617279052734 -7.1734700202941895
vertex 42.58792495727539 60.77062225341797 -8.07485580444336
endloop
endfacet
facet normal -0.7053988274383115 0.12460186478531905 -0.6977727922043654
outer loop
vertex 42.80134963989258 61.767547607421875 -7.996396064758301
vertex 42.75811767578125 61.32993698120117 -8.03083610534668
vertex 41.827239990234375 61.561126708984375 -7.048501014709473
endloop
endfacet
facet normal -0.6782893813299503 0.260470452120915 -0.6870798052242252
outer loop
vertex 42.58792495727539 60.77062225341797 -8.07485580444336
vertex 41.800968170166016 61.1381721496582 -7.158629894256592
vertex 42.75811767578125 61.32993698120117 -8.03083610534668
endloop
endfacet
facet normal -0.6251173151837571 0.38844113445652767 -0.6770094735818526
outer loop
vertex 42.58792495727539 60.77062225341797 -8.07485580444336
vertex 42.45792770385742 60.528160095214844 -8.093937873840332
vertex 41.73177719116211 60.844974517822266 -7.241670608520508
endloop
endfacet
facet normal -0.2561154092861175 0.7158637546430058 -0.649572152970417
outer loop
vertex 40.68110656738281 58.716529846191406 -8.236515998840332
vertex 34.79510498046875 57.19382095336914 -7.5938720703125
vertex 40.31440353393555 59.20695114135742 -7.551460266113281
endloop
endfacet
facet normal -0.27687851612272596 0.7050097390134037 -0.6529161930952008
outer loop
vertex 40.44355010986328 59.275917053222656 -7.5317583084106445
vertex 40.68110656738281 58.716529846191406 -8.236515998840332
vertex 40.31440353393555 59.20695114135742 -7.551460266113281
endloop
endfacet
facet normal -0.2557832903686024 0.7133691561081245 -0.6524410743368273
outer loop
vertex 35.06924819946289 56.54829025268555 -8.407160758972168
vertex 34.79510498046875 57.19382095336914 -7.5938720703125
vertex 40.68110656738281 58.716529846191406 -8.236515998840332
endloop
endfacet
facet normal -0.5479197320571346 0.5036217588813768 -0.6679439281883368
outer loop
vertex 42.089210510253906 59.8345832824707 -8.148523330688477
vertex 41.7172737121582 59.38277053833008 -8.18408203125
vertex 41.3089485168457 59.979148864746094 -7.399467468261719
endloop
endfacet
facet normal -0.5479180967010557 0.5036249743183523 -0.6679428452722072
outer loop
vertex 41.45066452026367 60.199676513671875 -7.3494415283203125
vertex 42.089210510253906 59.8345832824707 -8.148523330688477
vertex 41.3089485168457 59.979148864746094 -7.399467468261719
endloop
endfacet
facet normal -0.4496645349018994 0.6015740712563133 -0.6602351420846685
outer loop
vertex 41.02293395996094 59.66646194458008 -7.452703475952148
vertex 41.26406478881836 59.01197814941406 -8.213263511657715
vertex 40.868377685546875 59.54645919799805 -7.456780910491943
endloop
endfacet
facet normal -0.44966495782808646 0.6015740334483299 -0.660234888492098
outer loop
vertex 41.02293395996094 59.66646194458008 -7.452703475952148
vertex 41.190406799316406 59.849552154541016 -7.3999409675598145
vertex 41.7172737121582 59.38277053833008 -8.18408203125
endloop
endfacet
facet normal -0.3341270362931095 0.6785355452817666 -0.6541778331670669
outer loop
vertex 40.68821334838867 59.40657424926758 -7.509853839874268
vertex 40.868377685546875 59.54645919799805 -7.456780910491943
vertex 41.26406478881836 59.01197814941406 -8.213263511657715
endloop
endfacet
facet normal -0.33413546246766906 0.6785330422598597 -0.6541761255832381
outer loop
vertex 40.68821334838867 59.40657424926758 -7.509853839874268
vertex 40.74700164794922 58.73645782470703 -8.23494815826416
vertex 40.49058151245117 59.30103302001953 -7.5183796882629395
endloop
endfacet
facet normal -0.20576147291986333 0.7315434151109547 -0.6500049600346524
outer loop
vertex 40.49058151245117 59.30103302001953 -7.5183796882629395
vertex 40.68110656738281 58.716529846191406 -8.236515998840332
vertex 40.44355010986328 59.275917053222656 -7.5317583084106445
endloop
endfacet
facet normal -0.6251144215175147 0.38844908675681755 -0.6770075826817729
outer loop
vertex 42.23558807373047 60.10758972167969 -8.127037048339844
vertex 42.089210510253906 59.8345832824707 -8.148523330688477
vertex 41.45066452026367 60.199676513671875 -7.3494415283203125
endloop
endfacet
facet normal -0.44966524761615667 0.6015736697343262 -0.6602350225250675
outer loop
vertex 41.7172737121582 59.38277053833008 -8.18408203125
vertex 41.26406478881836 59.01197814941406 -8.213263511657715
vertex 41.02293395996094 59.66646194458008 -7.452703475952148
endloop
endfacet
facet normal -0.33412696174038836 0.6785356072958655 -0.6541778069223747
outer loop
vertex 41.26406478881836 59.01197814941406 -8.213263511657715
vertex 40.74700164794922 58.73645782470703 -8.23494815826416
vertex 40.68821334838867 59.40657424926758 -7.509853839874268
endloop
endfacet
facet normal -0.20576715348274827 0.731541710779665 -0.6500050799318173
outer loop
vertex 40.74700164794922 58.73645782470703 -8.23494815826416
vertex 40.68110656738281 58.716529846191406 -8.236515998840332
vertex 40.49058151245117 59.30103302001953 -7.5183796882629395
endloop
endfacet
facet normal -0.5479201867682189 0.5036213562326886 -0.6679438587772385
outer loop
vertex 41.7172737121582 59.38277053833008 -8.18408203125
vertex 41.190406799316406 59.849552154541016 -7.3999409675598145
vertex 41.3089485168457 59.979148864746094 -7.399467468261719
endloop
endfacet
facet normal -0.6251148305651056 0.3884479446029892 -0.6770078603245847
outer loop
vertex 41.538047790527344 60.335655212402344 -7.352106094360352
vertex 42.23558807373047 60.10758972167969 -8.127037048339844
vertex 41.45066452026367 60.199676513671875 -7.3494415283203125
endloop
endfacet
facet normal -0.6251257177728602 0.38842507436488316 -0.6770109294417642
outer loop
vertex 41.538047790527344 60.335655212402344 -7.352106094360352
vertex 41.56536102294922 60.400001525878906 -7.3404083251953125
vertex 42.23558807373047 60.10758972167969 -8.127037048339844
endloop
endfacet
facet normal 0.3613635238929179 0.6628681603442494 -0.6557607838240427
outer loop
vertex 31.822368621826172 57.15156173706055 -8.359682083129883
vertex 32.2098503112793 57.743133544921875 -7.548172950744629
vertex 32.47100067138672 56.768104553222656 -8.389860153198242
endloop
endfacet
facet normal 0.3646981080591054 0.6659413559095898 -0.6507821451664191
outer loop
vertex 32.47100067138672 56.768104553222656 -8.389860153198242
vertex 32.317420959472656 57.6348991394043 -7.588940620422363
vertex 32.662620544433594 57.38909912109375 -7.647016525268555
endloop
endfacet
facet normal 0.3314296992026537 0.680040686242264 -0.6539870178693068
outer loop
vertex 32.826141357421875 57.310302734375 -7.646082401275635
vertex 32.47100067138672 56.768104553222656 -8.389860153198242
vertex 32.662620544433594 57.38909912109375 -7.647016525268555
endloop
endfacet
facet normal 0.42081008825853755 0.6547311087659461 -0.6278901534774667
outer loop
vertex 32.317420959472656 57.6348991394043 -7.588940620422363
vertex 32.47100067138672 56.768104553222656 -8.389860153198242
vertex 32.2098503112793 57.743133544921875 -7.548172950744629
endloop
endfacet
facet normal 0.3341408275885781 0.6785313481918493 -0.6541751423429136
outer loop
vertex 32.84611892700195 56.56821823120117 -8.40559196472168
vertex 32.826141357421875 57.310302734375 -7.646082401275635
vertex 33.044376373291016 57.205135345458984 -7.643694877624512
endloop
endfacet
facet normal 0.06947516524112253 0.7585690001196947 -0.6478782860014105
outer loop
vertex 33.872947692871094 57.04193115234375 -7.615695953369141
vertex 33.40716552734375 56.39855194091797 -8.4189453125
vertex 33.554344177246094 57.07699966430664 -7.608801364898682
endloop
endfacet
facet normal 0.3341299733028172 0.6785339588238437 -0.6541779785834287
outer loop
vertex 32.84611892700195 56.56821823120117 -8.40559196472168
vertex 32.47100067138672 56.768104553222656 -8.389860153198242
vertex 32.826141357421875 57.310302734375 -7.646082401275635
endloop
endfacet
facet normal 0.06947166978028245 0.7585688608670978 -0.6478788238712029
outer loop
vertex 33.872947692871094 57.04193115234375 -7.615695953369141
vertex 33.990631103515625 57.04901123046875 -7.594787120819092
vertex 33.990631103515625 56.34126281738281 -8.423454284667969
endloop
endfacet
facet normal -0.06946899715299663 0.7585690023923272 -0.6478789447451326
outer loop
vertex 33.990631103515625 56.34126281738281 -8.423454284667969
vertex 33.990631103515625 57.04901123046875 -7.594787120819092
vertex 34.29595184326172 57.06737518310547 -7.606023788452148
endloop
endfacet
facet normal -0.06947546221975842 0.7585698384378062 -0.6478772726078538
outer loop
vertex 33.990631103515625 56.34126281738281 -8.423454284667969
vertex 34.29595184326172 57.06737518310547 -7.606023788452148
vertex 34.5740966796875 56.39855194091797 -8.4189453125
endloop
endfacet
facet normal -0.2057558681179011 0.7315452187230453 -0.6500047043664381
outer loop
vertex 35.06924819946289 56.54829025268555 -8.407160758972168
vertex 34.5740966796875 56.39855194091797 -8.4189453125
vertex 34.79510498046875 57.19382095336914 -7.5938720703125
endloop
endfacet
facet normal -0.06948176327084156 0.7585684180571006 -0.6478782599370982
outer loop
vertex 34.29595184326172 57.06737518310547 -7.606023788452148
vertex 34.42210388183594 57.099185943603516 -7.5823073387146
vertex 34.5740966796875 56.39855194091797 -8.4189453125
endloop
endfacet
facet normal -0.20575521830119226 0.7315452338632658 -0.6500048930229437
outer loop
vertex 34.5740966796875 56.39855194091797 -8.4189453125
vertex 34.42210388183594 57.099185943603516 -7.5823073387146
vertex 34.79510498046875 57.19382095336914 -7.5938720703125
endloop
endfacet
facet normal 0.20575613395364986 0.7315449684197343 -0.6500049019201452
outer loop
vertex 32.84611892700195 56.56821823120117 -8.40559196472168
vertex 33.124908447265625 57.182037353515625 -7.626522541046143
vertex 33.40716552734375 56.39855194091797 -8.4189453125
endloop
endfacet
facet normal 0.0694753647847027 0.7585689305860807 -0.6478783460168448
outer loop
vertex 33.40716552734375 56.39855194091797 -8.4189453125
vertex 33.872947692871094 57.04193115234375 -7.615695953369141
vertex 33.990631103515625 56.34126281738281 -8.423454284667969
endloop
endfacet
facet normal 0.3341121159188569 0.6785431653776107 -0.654177549840681
outer loop
vertex 33.124908447265625 57.182037353515625 -7.626522541046143
vertex 32.84611892700195 56.56821823120117 -8.40559196472168
vertex 33.044376373291016 57.205135345458984 -7.643694877624512
endloop
endfacet
facet normal 0.20575598883330273 0.7315449656981067 -0.6500049509203648
outer loop
vertex 33.40716552734375 56.39855194091797 -8.4189453125
vertex 33.124908447265625 57.182037353515625 -7.626522541046143
vertex 33.45172119140625 57.088294982910156 -7.628573417663574
endloop
endfacet
facet normal 0.20575291609732912 0.7315455391711441 -0.6500052781602973
outer loop
vertex 33.45172119140625 57.088294982910156 -7.628573417663574
vertex 33.554344177246094 57.07699966430664 -7.608801364898682
vertex 33.40716552734375 56.39855194091797 -8.4189453125
endloop
endfacet
facet normal 0.5481360100961179 0.5060400346892525 -0.6659357309287501
outer loop
vertex 30.58504867553711 59.67903518676758 -7.272563457489014
vertex 31.040157318115234 57.825218200683594 -8.306663513183594
vertex 30.49549674987793 59.73936462402344 -7.3004302978515625
endloop
endfacet
facet normal 0.5427805857704535 0.5098303268934161 -0.6674296018985341
outer loop
vertex 31.743431091308594 58.32823181152344 -7.350495338439941
vertex 31.040157318115234 57.825218200683594 -8.306663513183594
vertex 31.283523559570312 58.98446273803711 -7.2232346534729
endloop
endfacet
facet normal 0.5426456866538661 0.5066080190885742 -0.6699880400060174
outer loop
vertex 31.040157318115234 57.825218200683594 -8.306663513183594
vertex 29.941205978393555 59.139095306396484 -8.203259468078613
vertex 30.49549674987793 59.73936462402344 -7.3004302978515625
endloop
endfacet
facet normal 0.5498920188093578 0.5057751664290965 -0.6646880837455931
outer loop
vertex 31.040157318115234 57.825218200683594 -8.306663513183594
vertex 30.58504867553711 59.67903518676758 -7.272563457489014
vertex 31.283523559570312 58.98446273803711 -7.2232346534729
endloop
endfacet
facet normal 0.3341208324609821 0.6785397443662795 -0.6541766463509108
outer loop
vertex 32.2098503112793 57.743133544921875 -7.548172950744629
vertex 31.6804256439209 57.227195739746094 -8.353729248046875
vertex 32.125335693359375 57.82816696166992 -7.503138542175293
endloop
endfacet
facet normal 0.44966484210430346 0.6015748120286583 -0.6602342579024482
outer loop
vertex 31.6804256439209 57.227195739746094 -8.353729248046875
vertex 31.227216720581055 57.59798812866211 -8.324546813964844
vertex 31.86142349243164 58.15987014770508 -7.380647659301758
endloop
endfacet
facet normal 0.5479189871029553 0.5036235987672095 -0.6679431520248084
outer loop
vertex 31.86142349243164 58.15987014770508 -7.380647659301758
vertex 31.227216720581055 57.59798812866211 -8.324546813964844
vertex 31.040157318115234 57.825218200683594 -8.306663513183594
endloop
endfacet
facet normal 0.5479205266553974 0.5036212423401009 -0.667943665838284
outer loop
vertex 31.86142349243164 58.15987014770508 -7.380647659301758
vertex 31.040157318115234 57.825218200683594 -8.306663513183594
vertex 31.743431091308594 58.32823181152344 -7.350495338439941
endloop
endfacet
facet normal 0.4496591974143869 0.6015786985779515 -0.6602345610447151
outer loop
vertex 32.125335693359375 57.82816696166992 -7.503138542175293
vertex 31.6804256439209 57.227195739746094 -8.353729248046875
vertex 32.01869201660156 57.93546676635742 -7.478002071380615
endloop
endfacet
facet normal 0.44966728883283535 0.6015736773117965 -0.6602336254079233
outer loop
vertex 32.01869201660156 57.93546676635742 -7.478002071380615
vertex 31.6804256439209 57.227195739746094 -8.353729248046875
vertex 31.86142349243164 58.15987014770508 -7.380647659301758
endloop
endfacet
facet normal 0.3341226971943039 0.6785384462028775 -0.6541770404440899
outer loop
vertex 31.822368621826172 57.15156173706055 -8.359682083129883
vertex 31.6804256439209 57.227195739746094 -8.353729248046875
vertex 32.2098503112793 57.743133544921875 -7.548172950744629
endloop
endfacet
facet normal 0.33855810180152857 0.6743547791035013 -0.656219508704834
outer loop
vertex 30.49549674987793 59.73936462402344 -7.3004302978515625
vertex 29.941205978393555 59.139095306396484 -8.203259468078613
vertex 29.768108367919922 60.22940444946289 -7.172123432159424
endloop
endfacet
facet normal 0.33855527046470923 0.6743542860469054 -0.6562214761273332
outer loop
vertex 29.941205978393555 59.139095306396484 -8.203259468078613
vertex 28.555133819580078 59.892677307128906 -8.143951416015625
vertex 28.81104278564453 60.626861572265625 -7.257452487945557
endloop
endfacet
facet normal 0.33856795312758964 0.6743575972888608 -0.6562115299915026
outer loop
vertex 29.941205978393555 59.139095306396484 -8.203259468078613
vertex 28.81104278564453 60.626861572265625 -7.257452487945557
vertex 28.86202621459961 60.615814208984375 -7.2425007820129395
endloop
endfacet
facet normal 0.3385568996421946 0.6743549797784757 -0.6562199227032325
outer loop
vertex 29.941205978393555 59.139095306396484 -8.203259468078613
vertex 28.86202621459961 60.615814208984375 -7.2425007820129395
vertex 29.768108367919922 60.22940444946289 -7.172123432159424
endloop
endfacet
facet normal 0.0838461393065495 0.75543352481051 -0.6498384526293863
outer loop
vertex 28.555133819580078 59.892677307128906 -8.143951416015625
vertex 26.941303253173828 60.08480453491211 -8.128830909729004
vertex 26.919137954711914 60.84754943847656 -7.245004177093506
endloop
endfacet
facet normal 0.08384515344393907 0.7554327755100088 -0.6498394508870688
outer loop
vertex 28.555133819580078 59.892677307128906 -8.143951416015625
vertex 26.919137954711914 60.84754943847656 -7.245004177093506
vertex 27.899324417114258 60.82439422607422 -7.145453929901123
endloop
endfacet
facet normal 0.08384318095478942 0.7554322787440253 -0.649840282868792
outer loop
vertex 28.81104278564453 60.626861572265625 -7.257452487945557
vertex 28.555133819580078 59.892677307128906 -8.143951416015625
vertex 27.899324417114258 60.82439422607422 -7.145453929901123
endloop
endfacet
facet normal -0.12104290136665478 0.7506867505969868 -0.6494751869832129
outer loop
vertex 12.512145042419434 57.58821105957031 -8.325316429138184
vertex 12.374679565429688 58.31277847290039 -7.462215900421143
vertex 26.941303253173828 60.08480453491211 -8.128830909729004
endloop
endfacet
facet normal -0.12099571905468219 0.7499952397049348 -0.6502823820390478
outer loop
vertex 26.941303253173828 60.08480453491211 -8.128830909729004
vertex 12.374679565429688 58.31277847290039 -7.462215900421143
vertex 26.919137954711914 60.84754943847656 -7.245004177093506
endloop
endfacet
facet normal 0.20010690081550064 0.7314150684744414 -0.6519119770755433
outer loop
vertex 11.145123481750488 57.67750549316406 -8.318288803100586
vertex 8.093539237976074 58.57536697387695 -8.247625350952148
vertex 8.239484786987305 59.3278694152832 -7.358553886413574
endloop
endfacet
facet normal 0.20663311014426747 0.7374105566429919 -0.6430617612201646
outer loop
vertex 11.037888526916504 58.324466705322266 -7.610864162445068
vertex 11.145123481750488 57.67750549316406 -8.318288803100586
vertex 10.640605926513672 58.47193145751953 -7.569421291351318
endloop
endfacet
facet normal 0.17855751550061283 0.7394097524113046 -0.649145924809901
outer loop
vertex 11.338826179504395 58.26792526245117 -7.592490196228027
vertex 11.145123481750488 57.67750549316406 -8.318288803100586
vertex 11.037888526916504 58.324466705322266 -7.610864162445068
endloop
endfacet
facet normal 0.2106148869120673 0.7380389921782862 -0.6410458762331106
outer loop
vertex 11.145123481750488 57.67750549316406 -8.318288803100586
vertex 10.117128372192383 58.7614631652832 -7.408070087432861
vertex 10.640605926513672 58.47193145751953 -7.569421291351318
endloop
endfacet
facet normal 0.20689015449813233 0.7367578613568877 -0.6437268968285884
outer loop
vertex 11.145123481750488 57.67750549316406 -8.318288803100586
vertex 9.205255508422852 59.134002685546875 -7.274762153625488
vertex 10.117128372192383 58.7614631652832 -7.408070087432861
endloop
endfacet
facet normal 0.20363429674728303 0.7347794206511694 -0.647017987521036
outer loop
vertex 11.145123481750488 57.67750549316406 -8.318288803100586
vertex 8.239484786987305 59.3278694152832 -7.358553886413574
vertex 9.205255508422852 59.134002685546875 -7.274762153625488
endloop
endfacet
facet normal -0.06947215487899772 0.7585689820527449 -0.6478786299639238
outer loop
vertex 12.512145042419434 57.58821105957031 -8.325316429138184
vertex 12.000534057617188 57.53797912597656 -8.329270362854004
vertex 12.374679565429688 58.31277847290039 -7.462215900421143
endloop
endfacet
facet normal 0.06949449141756442 0.7585688892935509 -0.647876343030491
outer loop
vertex 11.87808609008789 58.239437103271484 -7.52109956741333
vertex 12.000534057617188 58.2573356628418 -7.487008571624756
vertex 12.000534057617188 57.53797912597656 -8.329270362854004
endloop
endfacet
facet normal 0.06947374596807115 0.7585684388984124 -0.647879095301268
outer loop
vertex 11.557921409606934 58.24456024169922 -7.54943323135376
vertex 11.87808609008789 58.239437103271484 -7.52109956741333
vertex 12.000534057617188 57.53797912597656 -8.329270362854004
endloop
endfacet
facet normal 0.20574601538870765 0.7315470530790619 -0.650005758653729
outer loop
vertex 11.557921409606934 58.24456024169922 -7.54943323135376
vertex 11.417067527770996 57.59526824951172 -8.324761390686035
vertex 11.454371452331543 58.2462158203125 -7.580346584320068
endloop
endfacet
facet normal 0.20576187300407697 0.7315441457884809 -0.6500040110495133
outer loop
vertex 11.417067527770996 57.59526824951172 -8.324761390686035
vertex 11.338826179504395 58.26792526245117 -7.592490196228027
vertex 11.454371452331543 58.2462158203125 -7.580346584320068
endloop
endfacet
facet normal 0.06947523375442993 0.758568768658611 -0.6478785496607571
outer loop
vertex 12.000534057617188 57.53797912597656 -8.329270362854004
vertex 11.417067527770996 57.59526824951172 -8.324761390686035
vertex 11.557921409606934 58.24456024169922 -7.54943323135376
endloop
endfacet
facet normal 0.20575201919404063 0.7315451566990121 -0.650005992516833
outer loop
vertex 11.417067527770996 57.59526824951172 -8.324761390686035
vertex 11.145123481750488 57.67750549316406 -8.318288803100586
vertex 11.338826179504395 58.26792526245117 -7.592490196228027
endloop
endfacet
facet normal -0.06947734576276555 0.7585697974238078 -0.6478771186437783
outer loop
vertex 12.000534057617188 57.53797912597656 -8.329270362854004
vertex 12.000534057617188 58.2573356628418 -7.487008571624756
vertex 12.374679565429688 58.31277847290039 -7.462215900421143
endloop
endfacet
facet normal 0.0007402399611974076 0.7623947861283233 -0.6471117694256131
outer loop
vertex 8.093539237976074 58.57536697387695 -8.247625350952148
vertex -11.456247329711914 58.595706939697266 -8.246025085449219
vertex -11.57706069946289 59.348487854003906 -7.359274387359619
endloop
endfacet
facet normal 0.000817607388821105 0.7632304228157856 -0.646125880310172
outer loop
vertex 8.093539237976074 58.57536697387695 -8.247625350952148
vertex -11.57706069946289 59.348487854003906 -7.359274387359619
vertex 8.239484786987305 59.3278694152832 -7.358553886413574
endloop
endfacet
facet normal -0.1706188390585402 0.7395776931623869 -0.6510868202743151
outer loop
vertex -11.456247329711914 58.595706939697266 -8.246025085449219
vertex -13.049062728881836 58.20089340209961 -8.277097702026367
vertex -13.404959678649902 58.902347564697266 -7.387043476104736
endloop
endfacet
facet normal -0.17061964619412168 0.7395763249421758 -0.6510881629377222
outer loop
vertex -11.456247329711914 58.595706939697266 -8.246025085449219
vertex -13.404959678649902 58.902347564697266 -7.387043476104736
vertex -12.543013572692871 59.204345703125 -7.269876956939697
endloop
endfacet
facet normal -0.17061885756679926 0.7395769414279444 -0.6510876693277851
outer loop
vertex -11.57706069946289 59.348487854003906 -7.359274387359619
vertex -11.456247329711914 58.595706939697266 -8.246025085449219
vertex -12.543013572692871 59.204345703125 -7.269876956939697
endloop
endfacet
facet normal -0.4126255114166783 0.6279391908703096 -0.6598731392451623
outer loop
vertex -13.472726821899414 58.878604888916016 -7.36726188659668
vertex -13.049062728881836 58.20089340209961 -8.277097702026367
vertex -14.32431697845459 58.383358001708984 -7.306033611297607
endloop
endfacet
facet normal -0.41262363921770223 0.6279403948286822 -0.6598731642529024
outer loop
vertex -13.404959678649902 58.902347564697266 -7.387043476104736
vertex -13.049062728881836 58.20089340209961 -8.277097702026367
vertex -13.472726821899414 58.878604888916016 -7.36726188659668
endloop
endfacet
facet normal -0.41262512630391895 0.6279379467928868 -0.6598745639287883
outer loop
vertex -13.049062728881836 58.20089340209961 -8.277097702026367
vertex -14.3320894241333 57.28178787231445 -8.349432945251465
vertex -14.974857330322266 57.81681823730469 -7.438368797302246
endloop
endfacet
facet normal -0.41262467585796914 0.6279406123457704 -0.6598723090416242
outer loop
vertex -13.049062728881836 58.20089340209961 -8.277097702026367
vertex -14.974857330322266 57.81681823730469 -7.438368797302246
vertex -14.32431697845459 58.383358001708984 -7.306033611297607
endloop
endfacet
facet normal -0.5975760458486924 0.4337740127362801 -0.6743463318670214
outer loop
vertex -15.369837760925293 55.65286636352539 -8.477631568908691
vertex -16.134525299072266 56.06221008300781 -7.536688327789307
vertex -14.3320894241333 57.28178787231445 -8.349432945251465
endloop
endfacet
facet normal -0.597775754878495 0.4344978952501428 -0.67370299531963
outer loop
vertex -14.3320894241333 57.28178787231445 -8.349432945251465
vertex -16.134525299072266 56.06221008300781 -7.536688327789307
vertex -15.674756050109863 56.960906982421875 -7.365035533905029
endloop
endfacet
facet normal -0.5982218580557731 0.43131766811287825 -0.6753485601657617
outer loop
vertex -14.3320894241333 57.28178787231445 -8.349432945251465
vertex -15.067215919494629 57.736385345458984 -7.4079270362854
vertex -14.974857330322266 57.81681823730469 -7.438368797302246
endloop
endfacet
facet normal -0.5982221128975733 0.4313172894072438 -0.6753485762913483
outer loop
vertex -15.067215919494629 57.736385345458984 -7.4079270362854
vertex -14.3320894241333 57.28178787231445 -8.349432945251465
vertex -15.674756050109863 56.960906982421875 -7.365035533905029
endloop
endfacet
facet normal -0.4243680128583777 0.6212870713803119 -0.6587216138842774
outer loop
vertex -16.690229415893555 55.295692443847656 -7.758442401885986
vertex -16.29079246520996 54.728904724121094 -8.550349235534668
vertex -16.730520248413086 55.25248718261719 -7.77323579788208
endloop
endfacet
facet normal -0.3817461533261843 0.6518864279065492 -0.6552205426662849
outer loop
vertex -17.067731857299805 54.99584197998047 -7.832108020782471
vertex -16.730520248413086 55.25248718261719 -7.77323579788208
vertex -16.29079246520996 54.728904724121094 -8.550349235534668
endloop
endfacet
facet normal -0.36753688289798386 0.6688723034599575 -0.6461628907433512
outer loop
vertex -17.209930419921875 54.92165756225586 -7.828017234802246
vertex -17.067731857299805 54.99584197998047 -7.832108020782471
vertex -16.29079246520996 54.728904724121094 -8.550349235534668
endloop
endfacet
facet normal -0.3802136172992576 0.6505753986260558 -0.6574110250997943
outer loop
vertex -16.831945419311523 54.38531494140625 -8.577390670776367
vertex -17.209930419921875 54.92165756225586 -7.828017234802246
vertex -16.29079246520996 54.728904724121094 -8.550349235534668
endloop
endfacet
facet normal -0.6251164047561919 0.3884456112163359 -0.6770077456214663
outer loop
vertex -15.369837760925293 55.65286636352539 -8.477631568908691
vertex -15.40759563446045 55.58244323730469 -8.483174324035645
vertex -16.159912109375 56.0125846862793 -7.541719913482666
endloop
endfacet
facet normal -0.3341337969651196 0.6785313401458293 -0.654178741756087
outer loop
vertex -16.232742309570312 54.75983810424805 -8.547914505004883
vertex -16.29079246520996 54.728904724121094 -8.550349235534668
vertex -16.690229415893555 55.295692443847656 -7.758442401885986
endloop
endfacet
facet normal -0.44966522704206097 0.6015741526438542 -0.6602345965337173
outer loop
vertex -16.232742309570312 54.75983810424805 -8.547914505004883
vertex -16.656343460083008 55.332027435302734 -7.738061428070068
vertex -15.779534339904785 55.13063049316406 -8.518732070922852
endloop
endfacet
facet normal -0.3341202546393129 0.6785399442058228 -0.6541767341910898
outer loop
vertex -16.656343460083008 55.332027435302734 -7.738061428070068
vertex -16.232742309570312 54.75983810424805 -8.547914505004883
vertex -16.690229415893555 55.295692443847656 -7.758442401885986
endloop
endfacet
facet normal -0.44966573938747467 0.6015733619857521 -0.6602349680002378
outer loop
vertex -16.656343460083008 55.332027435302734 -7.738061428070068
vertex -16.441499710083008 55.56240463256836 -7.674476623535156
vertex -15.779534339904785 55.13063049316406 -8.518732070922852
endloop
endfacet
facet normal -0.5479195906237614 0.5036225101906363 -0.6679434777284469
outer loop
vertex -15.779534339904785 55.13063049316406 -8.518732070922852
vertex -16.377296447753906 55.66022491455078 -7.6290740966796875
vertex -15.40759563446045 55.58244323730469 -8.483174324035645
endloop
endfacet
facet normal -0.44966422559451624 0.6015749210807882 -0.6602345784243108
outer loop
vertex -16.377296447753906 55.66022491455078 -7.6290740966796875
vertex -15.779534339904785 55.13063049316406 -8.518732070922852
vertex -16.441499710083008 55.56240463256836 -7.674476623535156
endloop
endfacet
facet normal -0.5479192927297417 0.5036231995842587 -0.6679432022972113
outer loop
vertex -15.40759563446045 55.58244323730469 -8.483174324035645
vertex -16.377296447753906 55.66022491455078 -7.6290740966796875
vertex -16.208974838256836 55.916683197021484 -7.573782444000244
endloop
endfacet
facet normal -0.5479185600538476 0.503624311161813 -0.6679429651963614
outer loop
vertex -16.159912109375 56.0125846862793 -7.541719913482666
vertex -15.40759563446045 55.58244323730469 -8.483174324035645
vertex -16.208974838256836 55.916683197021484 -7.573782444000244
endloop
endfacet
facet normal -0.6251217908610538 0.388435674887001 -0.6770084734076444
outer loop
vertex -16.134525299072266 56.06221008300781 -7.536688327789307
vertex -15.369837760925293 55.65286636352539 -8.477631568908691
vertex -16.159912109375 56.0125846862793 -7.541719913482666
endloop
endfacet
facet normal -0.0044860219348886714 0.7611090900944301 -0.6486083784402021
outer loop
vertex -27.558130264282227 53.857872009277344 -8.618900299072266
vertex -27.563297271728516 54.60652160644531 -7.740362167358398
vertex -18.416528701782227 53.915626525878906 -8.614355087280273
endloop
endfacet
facet normal -0.004584118524630731 0.7605857498200387 -0.6492213051248715
outer loop
vertex -18.416528701782227 53.915626525878906 -8.614355087280273
vertex -27.563297271728516 54.60652160644531 -7.740362167358398
vertex -18.421321868896484 54.61030578613281 -7.800479888916016
endloop
endfacet
facet normal -0.2057568873713908 0.7315451149733473 -0.6500044984904867
outer loop
vertex -17.85200309753418 53.9710578918457 -8.609992980957031
vertex -17.571598052978516 54.75862121582031 -7.812394142150879
vertex -17.290958404541016 54.140724182128906 -8.596639633178711
endloop
endfacet
facet normal -0.3341286966759442 0.6785341520510133 -0.6541784302146068
outer loop
vertex -17.209930419921875 54.92165756225586 -7.828017234802246
vertex -17.290958404541016 54.140724182128906 -8.596639633178711
vertex -17.44344711303711 54.799835205078125 -7.835103988647461
endloop
endfacet
facet normal -0.33413172200309676 0.678533554803523 -0.6541775044717909
outer loop
vertex -16.831945419311523 54.38531494140625 -8.577390670776367
vertex -17.290958404541016 54.140724182128906 -8.596639633178711
vertex -17.209930419921875 54.92165756225586 -7.828017234802246
endloop
endfacet
facet normal -0.06946029681926233 0.7585679558041034 -0.6478811029756645
outer loop
vertex -18.266407012939453 54.61036682128906 -7.817017078399658
vertex -18.416528701782227 53.915626525878906 -8.614355087280273
vertex -18.421321868896484 54.61030578613281 -7.800479888916016
endloop
endfacet
facet normal -0.0694836419549136 0.7585670349463894 -0.6478796778672138
outer loop
vertex -18.266407012939453 54.61036682128906 -7.817017078399658
vertex -17.998952865600586 54.6484489440918 -7.801112651824951
vertex -17.85200309753418 53.9710578918457 -8.609992980957031
endloop
endfacet
facet normal -0.2057521131565982 0.7315449478090728 -0.6500061978678477
outer loop
vertex -17.85200309753418 53.9710578918457 -8.609992980957031
vertex -17.998952865600586 54.6484489440918 -7.801112651824951
vertex -17.84686851501465 54.670101165771484 -7.82488489151001
endloop
endfacet
facet normal -0.20575159638741583 0.7315450272791942 -0.6500062720059807
outer loop
vertex -17.571598052978516 54.75862121582031 -7.812394142150879
vertex -17.85200309753418 53.9710578918457 -8.609992980957031
vertex -17.84686851501465 54.670101165771484 -7.82488489151001
endloop
endfacet
facet normal -0.33414567281061536 0.6785278084022837 -0.6541763390453179
outer loop
vertex -17.290958404541016 54.140724182128906 -8.596639633178711
vertex -17.571598052978516 54.75862121582031 -7.812394142150879
vertex -17.44344711303711 54.799835205078125 -7.835103988647461
endloop
endfacet
facet normal -0.06947848534696566 0.75856867769819 -0.6478783074691659
outer loop
vertex -17.85200309753418 53.9710578918457 -8.609992980957031
vertex -18.416528701782227 53.915626525878906 -8.614355087280273
vertex -18.266407012939453 54.61036682128906 -7.817017078399658
endloop
endfacet
facet normal 0.2492828284534221 0.7160862574842687 -0.6519804776835232
outer loop
vertex -29.3126220703125 54.31145477294922 -8.583203315734863
vertex -29.073850631713867 54.89091873168945 -7.855470180511475
vertex -28.627185821533203 54.05442428588867 -8.603431701660156
endloop
endfacet
facet normal 0.18944534353252196 0.736898952770427 -0.6489147827100971
outer loop
vertex -28.380538940429688 54.65299606323242 -7.8516950607299805
vertex -28.627185821533203 54.05442428588867 -8.603431701660156
vertex -28.451875686645508 54.660457611083984 -7.864048004150391
endloop
endfacet
facet normal 0.24985020601526037 0.7189903367487265 -0.6485582242297794
outer loop
vertex -28.627185821533203 54.05442428588867 -8.603431701660156
vertex -28.857553482055664 54.782955169677734 -7.884530544281006
vertex -28.451875686645508 54.660457611083984 -7.864048004150391
endloop
endfacet
facet normal 0.2723885589326457 0.718093258247408 -0.6404268462691255
outer loop
vertex -28.627185821533203 54.05442428588867 -8.603431701660156
vertex -29.073850631713867 54.89091873168945 -7.855470180511475
vertex -28.857553482055664 54.782955169677734 -7.884530544281006
endloop
endfacet
facet normal 0.06967144116044244 0.7601171600934641 -0.6460400863863435
outer loop
vertex -27.558130264282227 53.857872009277344 -8.618900299072266
vertex -28.008512496948242 54.61409378051758 -7.777716636657715
vertex -27.93465232849121 54.60636901855469 -7.778840065002441
endloop
endfacet
facet normal 0.20575969240167272 0.7315446198441198 -0.6500041678019391
outer loop
vertex -28.160539627075195 53.91330337524414 -8.614538192749023
vertex -28.627185821533203 54.05442428588867 -8.603431701660156
vertex -28.380538940429688 54.65299606323242 -7.8516950607299805
endloop
endfacet
facet normal 0.20575207685746236 0.7315447221712941 -0.6500064633003007
outer loop
vertex -28.008512496948242 54.61409378051758 -7.777716636657715
vertex -28.160539627075195 53.91330337524414 -8.614538192749023
vertex -28.380538940429688 54.65299606323242 -7.8516950607299805
endloop
endfacet
facet normal 0.066719121230755 0.7596275035899533 -0.6469270551243713
outer loop
vertex -27.93465232849121 54.60636901855469 -7.778840065002441
vertex -27.563297271728516 54.60652160644531 -7.740362167358398
vertex -27.558130264282227 53.857872009277344 -8.618900299072266
endloop
endfacet
facet normal 0.06516743240890659 0.7591805192631057 -0.6476095621009869
outer loop
vertex -28.160539627075195 53.91330337524414 -8.614538192749023
vertex -28.008512496948242 54.61409378051758 -7.777716636657715
vertex -27.558130264282227 53.857872009277344 -8.618900299072266
endloop
endfacet
facet normal 0.592948255109921 0.4416452619201958 -0.6733214903636611
outer loop
vertex -30.111804962158203 55.87754440307617 -7.647698402404785
vertex -30.763118743896484 55.46403884887695 -8.49249267578125
vertex -30.531349182128906 56.734500885009766 -7.455067157745361
endloop
endfacet
facet normal 0.592566578144121 0.4418692467713049 -0.6735105190153508
outer loop
vertex -30.763118743896484 55.46403884887695 -8.49249267578125
vertex -31.0986385345459 57.53978729248047 -7.4258551597595215
vertex -30.531349182128906 56.734500885009766 -7.455067157745361
endloop
endfacet
facet normal 0.5921675106371322 0.44195586355864214 -0.6738046111536762
outer loop
vertex -30.763118743896484 55.46403884887695 -8.49249267578125
vertex -31.18769073486328 57.62567901611328 -7.447780609130859
vertex -31.0986385345459 57.53978729248047 -7.4258551597595215
endloop
endfacet
facet normal 0.5911587051323337 0.4421303133061434 -0.6745755490692454
outer loop
vertex -30.763118743896484 55.46403884887695 -8.49249267578125
vertex -31.840932846069336 57.101810455322266 -8.363597869873047
vertex -31.18769073486328 57.62567901611328 -7.447780609130859
endloop
endfacet
facet normal 0.5479196635420664 0.5036228260390117 -0.6679431797663842
outer loop
vertex -29.87298011779785 55.52748107910156 -7.708370208740234
vertex -30.377286911010742 54.9863166809082 -8.53009033203125
vertex -30.07501220703125 55.82361602783203 -7.650815963745117
endloop
endfacet
facet normal 0.44966602249117044 0.6015723564107689 -0.6602356914158498
outer loop
vertex -30.377286911010742 54.9863166809082 -8.53009033203125
vertex -29.578462600708008 55.22278594970703 -7.770577430725098
vertex -29.92407989501953 54.61552429199219 -8.559271812438965
endloop
endfacet
facet normal 0.5920926624892204 0.4428775243280707 -0.6732650128080807
outer loop
vertex -30.07501220703125 55.82361602783203 -7.650815963745117
vertex -30.763118743896484 55.46403884887695 -8.49249267578125
vertex -30.111804962158203 55.87754440307617 -7.647698402404785
endloop
endfacet
facet normal 0.2057735942305406 0.7315373046404242 -0.650007999825285
outer loop
vertex -29.3126220703125 54.31145477294922 -8.583203315734863
vertex -29.407018661499023 54.340003967285156 -8.58095645904541
vertex -29.073850631713867 54.89091873168945 -7.855470180511475
endloop
endfacet
facet normal 0.33412738138982423 0.678534181314547 -0.6541790716565125
outer loop
vertex -29.92407989501953 54.61552429199219 -8.559271812438965
vertex -29.51108741760254 55.17338562011719 -7.769701957702637
vertex -29.407018661499023 54.340003967285156 -8.58095645904541
endloop
endfacet
facet normal 0.44966164312279855 0.601575272189586 -0.6602360173408678
outer loop
vertex -29.51108741760254 55.17338562011719 -7.769701957702637
vertex -29.92407989501953 54.61552429199219 -8.559271812438965
vertex -29.578462600708008 55.22278594970703 -7.770577430725098
endloop
endfacet
facet normal 0.33412481099439223 0.6785367198536668 -0.6541777514469503
outer loop
vertex -29.23671531677246 54.97220993041992 -7.838226318359375
vertex -29.14147186279297 54.9246711730957 -7.838889122009277
vertex -29.407018661499023 54.340003967285156 -8.58095645904541
endloop
endfacet
facet normal 0.5537227067665402 0.4996405661907739 -0.6661459814693013
outer loop
vertex -30.377286911010742 54.9863166809082 -8.53009033203125
vertex -30.763118743896484 55.46403884887695 -8.49249267578125
vertex -30.07501220703125 55.82361602783203 -7.650815963745117
endloop
endfacet
facet normal 0.3341347920471626 0.6785328083687632 -0.6541767106147991
outer loop
vertex -29.51108741760254 55.17338562011719 -7.769701957702637
vertex -29.23671531677246 54.97220993041992 -7.838226318359375
vertex -29.407018661499023 54.340003967285156 -8.58095645904541
endloop
endfacet
facet normal 0.20575793620781965 0.7315437495358396 -0.6500057032077056
outer loop
vertex -29.073850631713867 54.89091873168945 -7.855470180511475
vertex -29.407018661499023 54.340003967285156 -8.58095645904541
vertex -29.14147186279297 54.9246711730957 -7.838889122009277
endloop
endfacet
facet normal 0.5479141083414429 0.5036284656181629 -0.6679434845101019
outer loop
vertex -30.377286911010742 54.9863166809082 -8.53009033203125
vertex -29.87298011779785 55.52748107910156 -7.708370208740234
vertex -29.823843002319336 55.476646423339844 -7.706392288208008
endloop
endfacet
facet normal 0.44966430334077656 0.6015747932248307 -0.660234641970229
outer loop
vertex -29.578462600708008 55.22278594970703 -7.770577430725098
vertex -30.377286911010742 54.9863166809082 -8.53009033203125
vertex -29.823843002319336 55.476646423339844 -7.706392288208008
endloop
endfacet
facet normal 0.44127599336882084 0.6062892037513935 -0.6615806066465837
outer loop
vertex -33.10226058959961 58.10617446899414 -8.284551620483398
vertex -32.706390380859375 58.79149627685547 -7.392458915710449
vertex -32.632869720458984 58.7614631652832 -7.370943546295166
endloop
endfacet
facet normal 0.4413017161611493 0.6062706115351794 -0.6615804870928282
outer loop
vertex -31.807628631591797 58.2236213684082 -7.313350200653076
vertex -33.10226058959961 58.10617446899414 -8.284551620483398
vertex -32.632869720458984 58.7614631652832 -7.370943546295166
endloop
endfacet
facet normal 0.4413023171040613 0.6062728800884725 -0.6615780073338408
outer loop
vertex -31.18769073486328 57.62567901611328 -7.447780609130859
vertex -31.840932846069336 57.101810455322266 -8.363597869873047
vertex -31.807628631591797 58.2236213684082 -7.313350200653076
endloop
endfacet
facet normal 0.44130014245394317 0.6062736457783862 -0.6615787562374665
outer loop
vertex -31.840932846069336 57.101810455322266 -8.363597869873047
vertex -33.10226058959961 58.10617446899414 -8.284551620483398
vertex -31.807628631591797 58.2236213684082 -7.313350200653076
endloop
endfacet
facet normal 0.2047945802743541 0.7301929110703773 -0.651826274794764
outer loop
vertex -33.10226058959961 58.10617446899414 -8.284551620483398
vertex -34.6568489074707 58.575130462646484 -8.247644424438477
vertex -34.51051330566406 59.3278694152832 -7.358429908752441
endloop
endfacet
facet normal 0.20479579411597387 0.730192581412165 -0.6518262627134982
outer loop
vertex -32.706390380859375 58.79149627685547 -7.392458915710449
vertex -33.10226058959961 58.10617446899414 -8.284551620483398
vertex -33.544742584228516 59.134002685546875 -7.27217435836792
endloop
endfacet
facet normal 0.2047936660885888 0.7301924589550663 -0.6518270684891425
outer loop
vertex -33.544742584228516 59.134002685546875 -7.27217435836792
vertex -33.10226058959961 58.10617446899414 -8.284551620483398
vertex -34.51051330566406 59.3278694152832 -7.358429908752441
endloop
endfacet
facet normal -0.0004103866053692265 0.7604086428095637 -0.6494447840450729
outer loop
vertex -34.6568489074707 58.575130462646484 -8.247644424438477
vertex -63.32930374145508 58.64260482788086 -8.15052318572998
vertex -63.20494079589844 58.79413986206055 -7.973175525665283
endloop
endfacet
facet normal -0.0004103371757854965 0.7604093273386406 -0.6494439825880274
outer loop
vertex -65.01719665527344 59.15462112426758 -7.549962043762207
vertex -73.03804016113281 59.35636901855469 -7.308675289154053
vertex -65.03633880615234 59.35044860839844 -7.320662975311279
endloop
endfacet
facet normal -0.0004107725606974972 0.760402115854243 -0.6494524258714366
outer loop
vertex -64.96028900146484 58.96702575683594 -7.769641399383545
vertex -73.03804016113281 59.35636901855469 -7.308675289154053
vertex -65.01719665527344 59.15462112426758 -7.549962043762207
endloop
endfacet
facet normal -0.0004104442339414949 0.7603995232462555 -0.6494554615848558
outer loop
vertex -34.6568489074707 58.575130462646484 -8.247644424438477
vertex -63.43180847167969 58.55847930908203 -8.248954772949219
vertex -63.32930374145508 58.64260482788086 -8.15052318572998
endloop
endfacet
facet normal -0.0004103972993868707 0.7604080778381762 -0.6494454455398904
outer loop
vertex -34.6568489074707 58.575130462646484 -8.247644424438477
vertex -63.20494079589844 58.79413986206055 -7.973175525665283
vertex -63.11252975463867 58.96702575683594 -7.770809173583984
endloop
endfacet
facet normal -0.0004105979883988906 0.7604020677078756 -0.6494524823533123
outer loop
vertex -34.6568489074707 58.575130462646484 -8.247644424438477
vertex -63.11252975463867 58.96702575683594 -7.770809173583984
vertex -63.055625915527344 59.15462112426758 -7.551201820373535
endloop
endfacet
facet normal -0.00041048153442291107 0.7604044386089274 -0.649449706481381
outer loop
vertex -34.6568489074707 58.575130462646484 -8.247644424438477
vertex -63.055625915527344 59.15462112426758 -7.551201820373535
vertex -63.03648376464844 59.34897232055664 -7.3236589431762695
endloop
endfacet
facet normal -0.00022287905765124187 0.763266073065697 -0.6460842453053592
outer loop
vertex -34.6568489074707 58.575130462646484 -8.247644424438477
vertex -63.03648376464844 59.34897232055664 -7.3236589431762695
vertex -34.51051330566406 59.3278694152832 -7.358429908752441
endloop
endfacet
facet normal -0.00041064813443172227 0.7604073209980093 -0.6494463315322829
outer loop
vertex -64.86788177490234 58.79413986206055 -7.972124099731445
vertex -73.55435943603516 58.55261993408203 -8.24941635131836
vertex -64.96028900146484 58.96702575683594 -7.769641399383545
endloop
endfacet
facet normal -0.00041067216619183487 0.7604041333600446 -0.6494500637595868
outer loop
vertex -64.6401596069336 58.55778121948242 -8.24901008605957
vertex -73.55435943603516 58.55261993408203 -8.24941635131836
vertex -64.74351501464844 58.64260482788086 -8.149629592895508
endloop
endfacet
facet normal -0.00041063917394219666 0.7604032756330404 -0.6494510680428598
outer loop
vertex -64.96028900146484 58.96702575683594 -7.769641399383545
vertex -73.73204040527344 59.30770492553711 -7.3652143478393555
vertex -73.03804016113281 59.35636901855469 -7.308675289154053
endloop
endfacet
facet normal -0.00041043656996972135 0.760405458442139 -0.6494485124420737
outer loop
vertex -73.55435943603516 58.55261993408203 -8.24941635131836
vertex -73.73204040527344 59.30770492553711 -7.3652143478393555
vertex -64.96028900146484 58.96702575683594 -7.769641399383545
endloop
endfacet
facet normal -0.00041080262843726966 0.7604096911943253 -0.6494435562687116
outer loop
vertex -64.74351501464844 58.64260482788086 -8.149629592895508
vertex -73.55435943603516 58.55261993408203 -8.24941635131836
vertex -64.86788177490234 58.79413986206055 -7.972124099731445
endloop
endfacet
facet normal -0.2916378535299944 0.6976575897558558 -0.6543861626321781
outer loop
vertex -75.62442779541016 58.67131423950195 -7.200322151184082
vertex -75.80274963378906 57.53783416748047 -8.3292818069458
vertex -76.34506225585938 58.16365432739258 -7.420388698577881
endloop
endfacet
facet normal -0.2915658080063259 0.6976820171548723 -0.6543922237773969
outer loop
vertex -73.55435943603516 58.55261993408203 -8.24941635131836
vertex -73.76846313476562 59.305152893066406 -7.3517069816589355
vertex -73.73204040527344 59.30770492553711 -7.3652143478393555
endloop
endfacet
facet normal -0.2916355082478838 0.6976579157092611 -0.6543868603335553
outer loop
vertex -73.55435943603516 58.55261993408203 -8.24941635131836
vertex -75.80274963378906 57.53783416748047 -8.3292818069458
vertex -75.62442779541016 58.67131423950195 -7.200322151184082
endloop
endfacet
facet normal -0.2916353723828718 0.697658194389833 -0.6543866237751361
outer loop
vertex -73.55435943603516 58.55261993408203 -8.24941635131836
vertex -75.62442779541016 58.67131423950195 -7.200322151184082
vertex -74.72660064697266 59.0765380859375 -7.168430328369141
endloop
endfacet
facet normal -0.29163723119520096 0.6976563603989269 -0.6543877506308621
outer loop
vertex -73.76846313476562 59.305152893066406 -7.3517069816589355
vertex -73.55435943603516 58.55261993408203 -8.24941635131836
vertex -74.72660064697266 59.0765380859375 -7.168430328369141
endloop
endfacet
facet normal -0.5538235408430259 0.4937552159964691 -0.6704366280897647
outer loop
vertex -75.80274963378906 57.53783416748047 -8.3292818069458
vertex -77.57146453857422 56.692413330078125 -7.490835666656494
vertex -77.1135482788086 57.39503479003906 -7.351645469665527
endloop
endfacet
facet normal -0.5538227627637311 0.49376198885084155 -0.6704322827928332
outer loop
vertex -75.80274963378906 57.53783416748047 -8.3292818069458
vertex -76.4297103881836 58.10402297973633 -7.394381046295166
vertex -76.34506225585938 58.16365432739258 -7.420388698577881
endloop
endfacet
facet normal -0.5538212295248863 0.4937636986921314 -0.670432290079624
outer loop
vertex -77.1135482788086 57.39503479003906 -7.351645469665527
vertex -76.4297103881836 58.10402297973633 -7.394381046295166
vertex -75.80274963378906 57.53783416748047 -8.3292818069458
endloop
endfacet
facet normal -0.5538240528809348 0.49376074538164894 -0.6704321328596162
outer loop
vertex -75.80274963378906 57.53783416748047 -8.3292818069458
vertex -76.75730895996094 56.339054107666016 -8.423627853393555
vertex -77.57146453857422 56.692413330078125 -7.490835666656494
endloop
endfacet
facet normal -0.6771372937391953 0.2585227174752583 -0.6889492651688994
outer loop
vertex -77.57146453857422 56.692413330078125 -7.490835666656494
vertex -76.75730895996094 56.339054107666016 -8.423627853393555
vertex -77.6513900756836 56.56978988647461 -7.458293914794922
endloop
endfacet
facet normal -0.6771502347836856 0.25849374441861483 -0.688947417172634
outer loop
vertex -76.75730895996094 56.339054107666016 -8.423627853393555
vertex -78.1866455078125 54.84733581542969 -7.578460693359375
vertex -78.02392578125 55.65791702270508 -7.434263229370117
endloop
endfacet
facet normal -0.6771474005350799 0.25848829116216404 -0.6889522489118156
outer loop
vertex -76.75730895996094 56.339054107666016 -8.423627853393555
vertex -77.22701263427734 54.781978607177734 -8.546172142028809
vertex -78.1866455078125 54.84733581542969 -7.578460693359375
endloop
endfacet
facet normal -0.6771491461749031 0.25848588003226786 -0.6889514378086048
outer loop
vertex -78.02392578125 55.65791702270508 -7.434263229370117
vertex -77.6513900756836 56.56978988647461 -7.458293914794922
vertex -76.75730895996094 56.339054107666016 -8.423627853393555
endloop
endfacet
facet normal -0.7071050302137643 0.055340740494508475 -0.7049396276901384
outer loop
vertex -77.22701263427734 54.781978607177734 -8.546172142028809
vertex -78.2177963256836 54.69214630126953 -7.559397220611572
vertex -78.1866455078125 54.84733581542969 -7.578460693359375
endloop
endfacet
facet normal -0.7071064122216628 0.05534854188432231 -0.7049376289476164
outer loop
vertex -77.20435333251953 -67.29292297363281 -18.153675079345703
vertex -78.19507598876953 -67.53427124023438 -17.17885398864746
vertex -77.22701263427734 54.781978607177734 -8.546172142028809
endloop
endfacet
facet normal -0.7071050794135606 0.05534862388692569 -0.7049389594151863
outer loop
vertex -77.22701263427734 54.781978607177734 -8.546172142028809
vertex -78.24629211425781 -66.96037292480469 -17.082420349121094
vertex -78.2177963256836 54.69214630126953 -7.559397220611572
endloop
endfacet
facet normal -0.7071065511975895 0.055348533193749425 -0.7049374902264394
outer loop
vertex -77.22701263427734 54.781978607177734 -8.546172142028809
vertex -78.19507598876953 -67.53427124023438 -17.17885398864746
vertex -78.24629211425781 -66.96037292480469 -17.082420349121094
endloop
endfacet
facet normal -0.6693748997196634 -0.1717159172686793 -0.7228076420333884
outer loop
vertex -77.20435333251953 -67.29292297363281 -18.153675079345703
vertex -76.68457794189453 -68.81488800048828 -18.273456573486328
vertex -77.56123352050781 -69.3902359008789 -17.324922561645508
endloop
endfacet
facet normal -0.6693513101922377 -0.17172747804423086 -0.7228267405322684
outer loop
vertex -77.56123352050781 -69.3902359008789 -17.324922561645508
vertex -77.61815643310547 -69.420654296875 -17.264984130859375
vertex -77.20435333251953 -67.29292297363281 -18.153675079345703
endloop
endfacet
facet normal -0.669374714017031 -0.17171510226239362 -0.7228080076269451
outer loop
vertex -77.20435333251953 -67.29292297363281 -18.153675079345703
vertex -77.61815643310547 -69.420654296875 -17.264984130859375
vertex -77.96646118164062 -68.64894104003906 -17.125761032104492
endloop
endfacet
facet normal -0.6693756020988259 -0.1717141510136581 -0.7228074111798335
outer loop
vertex -77.20435333251953 -67.29292297363281 -18.153675079345703
vertex -77.96646118164062 -68.64894104003906 -17.125761032104492
vertex -78.19507598876953 -67.6907958984375 -17.14166831970215
endloop
endfacet
facet normal -0.6693743584732554 -0.17171790729268238 -0.7228076704999327
outer loop
vertex -78.19507598876953 -67.53427124023438 -17.17885398864746
vertex -77.20435333251953 -67.29292297363281 -18.153675079345703
vertex -78.19507598876953 -67.6907958984375 -17.14166831970215
endloop
endfacet
facet normal -0.5749535973740683 -0.39894746056765984 -0.7143313548859753
outer loop
vertex -76.28495788574219 -70.87935638427734 -17.44211769104004
vertex -76.33861541748047 -70.984130859375 -17.34041404724121
vertex -76.68457794189453 -68.81488800048828 -18.273456573486328
endloop
endfacet
facet normal -0.5567724300025375 -0.39644643439809923 -0.729955262904586
outer loop
vertex -77.56123352050781 -69.3902359008789 -17.324922561645508
vertex -77.56123352050781 -69.54676818847656 -17.23990821838379
vertex -77.61815643310547 -69.420654296875 -17.264984130859375
endloop
endfacet
facet normal -0.5375965000245894 -0.40244172469642137 -0.7409660325444625
outer loop
vertex -76.68457794189453 -68.81488800048828 -18.273456573486328
vertex -75.68743896484375 -69.97831726074219 -18.365020751953125
vertex -76.28495788574219 -70.87935638427734 -17.44211769104004
endloop
endfacet
facet normal -0.537597058886933 -0.4024395744240416 -0.7409667949466534
outer loop
vertex -77.56123352050781 -69.54676818847656 -17.23990821838379
vertex -76.68457794189453 -68.81488800048828 -18.273456573486328
vertex -76.99394989013672 -70.35205078125 -17.214120864868164
endloop
endfacet
facet normal -0.5376073127190695 -0.40242667774192986 -0.7409663597981849
outer loop
vertex -76.68457794189453 -68.81488800048828 -18.273456573486328
vertex -77.56123352050781 -69.54676818847656 -17.23990821838379
vertex -77.56123352050781 -69.3902359008789 -17.324922561645508
endloop
endfacet
facet normal -0.5333825110719859 -0.40458138169696434 -0.7428438614316728
outer loop
vertex -76.68457794189453 -68.81488800048828 -18.273456573486328
vertex -76.33861541748047 -70.984130859375 -17.34041404724121
vertex -76.99394989013672 -70.35205078125 -17.214120864868164
endloop
endfacet
facet normal -0.2681309484168009 -0.5968046406332164 -0.7562605473114172
outer loop
vertex -73.38622283935547 -70.91847229003906 -18.43901252746582
vertex -73.58206939697266 -71.98360443115234 -17.529024124145508
vertex -74.54784393310547 -71.9462661743164 -17.216075897216797
endloop
endfacet
facet normal -0.26813738650134034 -0.5967997813682137 -0.7562620993538439
outer loop
vertex -75.459716796875 -71.57372283935547 -17.186756134033203
vertex -75.68743896484375 -69.97831726074219 -18.365020751953125
vertex -74.54784393310547 -71.9462661743164 -17.216075897216797
endloop
endfacet
facet normal -0.2681371077161184 -0.5967997103556939 -0.756262254237903
outer loop
vertex -75.68743896484375 -69.97831726074219 -18.365020751953125
vertex -73.38622283935547 -70.91847229003906 -18.43901252746582
vertex -74.54784393310547 -71.9462661743164 -17.216075897216797
endloop
endfacet
facet normal -0.2681334618643905 -0.5967917301928726 -0.7562698443029546
outer loop
vertex -74.54784393310547 -71.9462661743164 -17.216075897216797
vertex -73.58206939697266 -71.98360443115234 -17.529024124145508
vertex -73.62339782714844 -72.1318359375 -17.397397994995117
endloop
endfacet
facet normal -0.26813795520852013 -0.5967997385693891 -0.7562619314894163
outer loop
vertex -76.28495788574219 -71.03588104248047 -17.31859588623047
vertex -75.68743896484375 -69.97831726074219 -18.365020751953125
vertex -75.459716796875 -71.57372283935547 -17.186756134033203
endloop
endfacet
facet normal -0.2680841948739936 -0.5968128007002419 -0.7562706826124466
outer loop
vertex -76.28495788574219 -70.87935638427734 -17.44211769104004
vertex -76.28495788574219 -71.03588104248047 -17.31859588623047
vertex -76.33861541748047 -70.984130859375 -17.34041404724121
endloop
endfacet
facet normal -0.26812685750953447 -0.5968054456602702 -0.7562613624351757
outer loop
vertex -76.28495788574219 -70.87935638427734 -17.44211769104004
vertex -75.68743896484375 -69.97831726074219 -18.365020751953125
vertex -76.28495788574219 -71.03588104248047 -17.31859588623047
endloop
endfacet
facet normal -0.0010728187054947088 -0.6495030729759492 -0.7603582098293041
outer loop
vertex -38.06183624267578 -72.1715087890625 -17.418500900268555
vertex -73.38622283935547 -70.91847229003906 -18.43901252746582
vertex -38.060157775878906 -70.9719009399414 -18.44321632385254
endloop
endfacet
facet normal -0.0010695892596368779 -0.6494493837768575 -0.7604040727735983
outer loop
vertex -73.58206939697266 -71.98360443115234 -17.529024124145508
vertex -73.38622283935547 -70.91847229003906 -18.43901252746582
vertex -38.06183624267578 -72.1715087890625 -17.418500900268555
endloop
endfacet
facet normal -0.0011843643530310725 -0.6637976226514802 -0.7479113005185323
outer loop
vertex -73.62339782714844 -72.1318359375 -17.397397994995117
vertex -73.58206939697266 -71.98360443115234 -17.529024124145508
vertex -38.06183624267578 -72.1715087890625 -17.418500900268555
endloop
endfacet
facet normal -0.0008484969054343786 -0.24483345400025971 -0.9695647785760909
outer loop
vertex -73.58206939697266 -72.14013671875 -17.39533805847168
vertex -73.62339782714844 -72.1318359375 -17.397397994995117
vertex -38.06183624267578 -72.1715087890625 -17.418500900268555
endloop
endfacet
facet normal -0.1799799689247256 -0.6241261089128464 -0.7603116538362178
outer loop
vertex -37.74773406982422 -72.19388580322266 -17.42815399169922
vertex -37.4811897277832 -71.02874755859375 -18.447690963745117
vertex -37.485477447509766 -72.2544937133789 -17.44048309326172
endloop
endfacet
facet normal -0.20654142657036517 -0.620572266012924 -0.7564593193066387
outer loop
vertex -37.485477447509766 -72.2544937133789 -17.44048309326172
vertex -36.91933822631836 -71.19884490966797 -18.461076736450195
vertex -37.336692810058594 -72.28887939453125 -17.452898025512695
endloop
endfacet
facet normal -0.06946826816227336 -0.6478790206252831 -0.7585690043444686
outer loop
vertex -38.06183624267578 -72.1715087890625 -17.418500900268555
vertex -38.060157775878906 -70.9719009399414 -18.44321632385254
vertex -37.74773406982422 -72.19388580322266 -17.42815399169922
endloop
endfacet
facet normal -0.20628290221608675 -0.6206876159152864 -0.756435223732149
outer loop
vertex -37.13908767700195 -71.1322021484375 -18.455833435058594
vertex -36.91933822631836 -71.19884490966797 -18.461076736450195
vertex -37.485477447509766 -72.2544937133789 -17.44048309326172
endloop
endfacet
facet normal -0.20575625641531597 -0.6208553757618787 -0.7564409860217328
outer loop
vertex -37.4811897277832 -71.02874755859375 -18.447690963745117
vertex -37.13908767700195 -71.1322021484375 -18.455833435058594
vertex -37.485477447509766 -72.2544937133789 -17.44048309326172
endloop
endfacet
facet normal -0.06947549554580369 -0.6478797799281858 -0.758567693933027
outer loop
vertex -38.060157775878906 -70.9719009399414 -18.44321632385254
vertex -37.4811897277832 -71.02874755859375 -18.447690963745117
vertex -37.74773406982422 -72.19388580322266 -17.42815399169922
endloop
endfacet
facet normal -0.520679776870226 -0.42656006231091803 -0.7395532997693117
outer loop
vertex -35.41733932495117 -72.41972351074219 -18.55716323852539
vertex -36.272438049316406 -72.96510314941406 -17.64056968688965
vertex -35.86983871459961 -71.93370056152344 -18.518911361694336
endloop
endfacet
facet normal -0.531280182566833 -0.41155633397475583 -0.7405151933465052
outer loop
vertex -36.272438049316406 -72.96510314941406 -17.64056968688965
vertex -35.41733932495117 -72.41972351074219 -18.55716323852539
vertex -36.12617111206055 -73.15170288085938 -17.641801834106445
endloop
endfacet
facet normal -0.5202488151413643 -0.42684604069706233 -0.73969157618919
outer loop
vertex -35.86983871459961 -71.93370056152344 -18.518911361694336
vertex -36.272438049316406 -72.96510314941406 -17.64056968688965
vertex -36.586448669433594 -72.68053436279297 -17.58392906188965
endloop
endfacet
facet normal -0.44966787482247833 -0.4908837081953777 -0.746211757734352
outer loop
vertex -36.944007873535156 -72.45309448242188 -17.50926971435547
vertex -36.393836975097656 -71.47692108154297 -18.48296356201172
vertex -36.65373229980469 -72.63774108886719 -17.56272315979004
endloop
endfacet
facet normal -0.33237332162551464 -0.5689026286605431 -0.7522484790112548
outer loop
vertex -36.91933822631836 -71.19884490966797 -18.461076736450195
vertex -36.393836975097656 -71.47692108154297 -18.48296356201172
vertex -36.981834411621094 -72.43724060058594 -17.496902465820312
endloop
endfacet
facet normal -0.33128066948091056 -0.5691734735461538 -0.7525255311547147
outer loop
vertex -37.336692810058594 -72.28887939453125 -17.452898025512695
vertex -36.91933822631836 -71.19884490966797 -18.461076736450195
vertex -36.981834411621094 -72.43724060058594 -17.496902465820312
endloop
endfacet
facet normal -0.44969981455846825 -0.490861246475119 -0.7462072858763654
outer loop
vertex -36.981834411621094 -72.43724060058594 -17.496902465820312
vertex -36.393836975097656 -71.47692108154297 -18.48296356201172
vertex -36.944007873535156 -72.45309448242188 -17.50926971435547
endloop
endfacet
facet normal -0.5479154344408174 -0.3929357742697983 -0.738505351368915
outer loop
vertex -35.94062805175781 -71.84770965576172 -18.512144088745117
vertex -35.86983871459961 -71.93370056152344 -18.518911361694336
vertex -36.65373229980469 -72.63774108886719 -17.56272315979004
endloop
endfacet
facet normal -0.4496606527501823 -0.4908870384522942 -0.7462139189587766
outer loop
vertex -35.94062805175781 -71.84770965576172 -18.512144088745117
vertex -36.65373229980469 -72.63774108886719 -17.56272315979004
vertex -36.393836975097656 -71.47692108154297 -18.48296356201172
endloop
endfacet
facet normal -0.5110399554996206 -0.4365950963367716 -0.7404207491268939
outer loop
vertex -36.65373229980469 -72.63774108886719 -17.56272315979004
vertex -35.86983871459961 -71.93370056152344 -18.518911361694336
vertex -36.586448669433594 -72.68053436279297 -17.58392906188965
endloop
endfacet
facet normal -0.685341377519868 -0.13737774278645348 -0.7151465248786913
outer loop
vertex -34.738643646240234 -73.63350677490234 -18.652690887451172
vertex -35.56074523925781 -74.69934844970703 -17.660106658935547
vertex -35.67417907714844 -74.07302856445312 -17.671714782714844
endloop
endfacet
facet normal -0.6844635249871523 -0.13861518411769172 -0.7157482194837653
outer loop
vertex -34.738643646240234 -73.63350677490234 -18.652690887451172
vertex -35.38185501098633 -75.20932006835938 -17.73241424560547
vertex -35.56074523925781 -74.69934844970703 -17.660106658935547
endloop
endfacet
facet normal -0.6777044842998475 -0.1444456114613446 -0.7210076957213676
outer loop
vertex -35.334747314453125 -75.18709564208984 -17.781145095825195
vertex -35.38185501098633 -75.20932006835938 -17.73241424560547
vertex -34.738643646240234 -73.63350677490234 -18.652690887451172
endloop
endfacet
facet normal -0.6769872053704649 -0.14503261912445603 -0.7215634851865697
outer loop
vertex -34.738643646240234 -73.63350677490234 -18.652690887451172
vertex -34.433475494384766 -74.65716552734375 -18.733253479003906
vertex -35.334747314453125 -75.18709564208984 -17.781145095825195
endloop
endfacet
facet normal -0.661185964451473 -0.20399158725285851 -0.721956060118921
outer loop
vertex -34.738643646240234 -73.63350677490234 -18.652690887451172
vertex -35.67417907714844 -74.07302856445312 -17.671714782714844
vertex -35.70386505126953 -73.98503112792969 -17.669391632080078
endloop
endfacet
facet normal -0.6251169297203735 -0.2777547717978129 -0.7294389014307631
outer loop
vertex -35.94691848754883 -73.41729736328125 -17.63347816467285
vertex -35.11619186401367 -72.7855453491211 -18.585954666137695
vertex -35.809654235839844 -73.67150115966797 -17.654315948486328
endloop
endfacet
facet normal -0.5479191399114357 -0.3929311331585814 -0.7385050715556569
outer loop
vertex -36.12617111206055 -73.15170288085938 -17.641801834106445
vertex -35.11619186401367 -72.7855453491211 -18.585954666137695
vertex -36.01100540161133 -73.29862213134766 -17.649076461791992
endloop
endfacet
facet normal -0.5479085283528718 -0.3929478116329044 -0.7385040703280529
outer loop
vertex -35.11619186401367 -72.7855453491211 -18.585954666137695
vertex -35.94691848754883 -73.41729736328125 -17.63347816467285
vertex -36.01100540161133 -73.29862213134766 -17.649076461791992
endloop
endfacet
facet normal -0.67829066105837 -0.14977939317333522 -0.7193663270557129
outer loop
vertex -34.83981704711914 -73.30101776123047 -18.626522064208984
vertex -34.738643646240234 -73.63350677490234 -18.652690887451172
vertex -35.77719497680664 -73.7677001953125 -17.64550018310547
endloop
endfacet
facet normal -0.6251166924166742 -0.2777550571391111 -0.7294389961440821
outer loop
vertex -35.11619186401367 -72.7855453491211 -18.585954666137695
vertex -34.83981704711914 -73.30101776123047 -18.626522064208984
vertex -35.809654235839844 -73.67150115966797 -17.654315948486328
endloop
endfacet
facet normal -0.5479200749512155 -0.39292929164655443 -0.7385053576187456
outer loop
vertex -35.41733932495117 -72.41972351074219 -18.55716323852539
vertex -35.11619186401367 -72.7855453491211 -18.585954666137695
vertex -36.12617111206055 -73.15170288085938 -17.641801834106445
endloop
endfacet
facet normal -0.6251106341115564 -0.27776980436473364 -0.729438572399229
outer loop
vertex -35.809654235839844 -73.67150115966797 -17.654315948486328
vertex -34.83981704711914 -73.30101776123047 -18.626522064208984
vertex -35.77719497680664 -73.7677001953125 -17.64550018310547
endloop
endfacet
facet normal -0.6782902042893765 -0.14978203392784928 -0.7193662079063157
outer loop
vertex -34.738643646240234 -73.63350677490234 -18.652690887451172
vertex -35.70386505126953 -73.98503112792969 -17.669391632080078
vertex -35.77719497680664 -73.7677001953125 -17.64550018310547
endloop
endfacet
facet normal -0.5600654519255879 -0.37484503371825684 -0.7387948905184347
outer loop
vertex -34.9771728515625 -75.92526245117188 -17.677688598632812
vertex -34.433475494384766 -74.65716552734375 -18.733253479003906
vertex -34.57871627807617 -76.34027862548828 -17.769182205200195
endloop
endfacet
facet normal -0.5783920949278544 -0.3691209756208902 -0.7274697862328373
outer loop
vertex -35.33474349975586 -75.34362030029297 -17.70172691345215
vertex -35.38185501098633 -75.20932006835938 -17.73241424560547
vertex -35.334747314453125 -75.18709564208984 -17.781145095825195
endloop
endfacet
facet normal -0.5600669618369768 -0.3748439387360624 -0.7387943014476582
outer loop
vertex -34.50431823730469 -76.26124572753906 -17.86568260192871
vertex -34.433475494384766 -74.65716552734375 -18.733253479003906
vertex -33.85099411010742 -75.41059875488281 -18.792551040649414
endloop
endfacet
facet normal -0.5600773187264902 -0.37484024770822166 -0.738788322692085
outer loop
vertex -34.433475494384766 -74.65716552734375 -18.733253479003906
vertex -34.50431823730469 -76.26124572753906 -17.86568260192871
vertex -34.57871627807617 -76.34027862548828 -17.769182205200195
endloop
endfacet
facet normal -0.560069699498154 -0.37484186886180115 -0.7387932762635567
outer loop
vertex -34.433475494384766 -74.65716552734375 -18.733253479003906
vertex -34.9771728515625 -75.92526245117188 -17.677688598632812
vertex -35.33474349975586 -75.34362030029297 -17.70172691345215
endloop
endfacet
facet normal -0.5600520981928073 -0.374866357487889 -0.73879419416614
outer loop
vertex -35.334747314453125 -75.18709564208984 -17.781145095825195
vertex -34.433475494384766 -74.65716552734375 -18.733253479003906
vertex -35.33474349975586 -75.34362030029297 -17.70172691345215
endloop
endfacet
facet normal -0.3304626320290815 -0.567730940370304 -0.7539734930212483
outer loop
vertex -33.93771743774414 -76.79872131347656 -17.709304809570312
vertex -33.85099411010742 -75.41059875488281 -18.792551040649414
vertex -33.351722717285156 -77.03147888183594 -17.79088020324707
endloop
endfacet
facet normal -0.3691201155762966 -0.559052360316864 -0.7424357202486185
outer loop
vertex -34.57871627807617 -76.34027862548828 -17.769182205200195
vertex -34.50431823730469 -76.26124572753906 -17.86568260192871
vertex -34.50431823730469 -76.41777038574219 -17.747819900512695
endloop
endfacet
facet normal -0.33045939014591214 -0.5677317663666857 -0.7539742919506972
outer loop
vertex -34.50431823730469 -76.41777038574219 -17.747819900512695
vertex -33.85099411010742 -75.41059875488281 -18.792551040649414
vertex -33.93771743774414 -76.79872131347656 -17.709304809570312
endloop
endfacet
facet normal -0.3304572192620074 -0.5677308030671392 -0.7539759687724557
outer loop
vertex -33.85099411010742 -75.41059875488281 -18.792551040649414
vertex -33.30318069458008 -76.89423370361328 -17.915498733520508
vertex -33.351722717285156 -77.03147888183594 -17.79088020324707
endloop
endfacet
facet normal -0.3304451682876973 -0.5677405761923461 -0.7539738913915378
outer loop
vertex -34.50431823730469 -76.41777038574219 -17.747819900512695
vertex -34.50431823730469 -76.26124572753906 -17.86568260192871
vertex -33.85099411010742 -75.41059875488281 -18.792551040649414
endloop
endfacet
facet normal -0.33045900225721225 -0.5677309389616354 -0.7539750849815313
outer loop
vertex -33.85099411010742 -75.41059875488281 -18.792551040649414
vertex -33.05693054199219 -75.82906341552734 -18.825483322143555
vertex -33.30318069458008 -76.89423370361328 -17.915498733520508
endloop
endfacet
facet normal -0.170506557407239 -0.6286519084028775 -0.7587649780680129
outer loop
vertex -33.351722717285156 -77.03147888183594 -17.79088020324707
vertex -33.30318069458008 -76.89423370361328 -17.915498733520508
vertex -33.32030487060547 -77.04395294189453 -17.78760528564453
endloop
endfacet
facet normal -0.0007556724038952841 -0.649451734546633 -0.7604024417725052
outer loop
vertex 60.3765983581543 -77.15055084228516 -17.7896671295166
vertex -33.05693054199219 -75.82906341552734 -18.825483322143555
vertex 60.3765983581543 -76.99402618408203 -17.92335319519043
endloop
endfacet
facet normal -0.000755570360139517 -0.6494474129225154 -0.7604061329064112
outer loop
vertex -32.75425338745117 -77.15322875976562 -17.694841384887695
vertex -33.05693054199219 -75.82906341552734 -18.825483322143555
vertex 60.3765983581543 -77.15055084228516 -17.7896671295166
endloop
endfacet
facet normal -0.0007647895770583763 -0.6494593556179303 -0.7603959235143527
outer loop
vertex -33.32030487060547 -77.04395294189453 -17.78760528564453
vertex -33.30318069458008 -76.89423370361328 -17.915498733520508
vertex -32.75425338745117 -77.15322875976562 -17.694841384887695
endloop
endfacet
facet normal -0.0007549880667385453 -0.6494473362384473 -0.7604061989790748
outer loop
vertex -33.30318069458008 -76.89423370361328 -17.915498733520508
vertex -33.05693054199219 -75.82906341552734 -18.825483322143555
vertex -32.75425338745117 -77.15322875976562 -17.694841384887695
endloop
endfacet
facet normal -0.0007556318344896071 -0.6494497760948166 -0.7604041145015744
outer loop
vertex -33.05693054199219 -75.82906341552734 -18.825483322143555
vertex 60.244998931884766 -75.92845916748047 -18.83330726623535
vertex 60.3765983581543 -76.99402618408203 -17.92335319519043
endloop
endfacet
facet normal 0 -1 0
outer loop
vertex 0.05370670184493065 -76.16863250732422 -3.450000047683716
vertex 0.6277318596839905 -76.16863250732422 -11.335819244384766
vertex 0.6277318596839905 -76.16863250732422 -3.564180612564087
endloop
endfacet
facet normal 0 -1 0
outer loop
vertex -13.446292877197266 -76.16863250732422 -9.949999809265137
vertex -13.332112312316895 -76.16863250732422 -10.524024963378906
vertex -13.446292877197266 -76.16863250732422 -4.949999809265137
endloop
endfacet
facet normal -0.19509009487189052 0 0.9807853255850011
outer loop
vertex 0.05370670184493065 -76.16863250732422 -11.449999809265137
vertex 0.05370670184493065 -77.15228271484375 -11.449999809265137
vertex 0.6277318596839905 -76.16863250732422 -11.335819244384766
endloop
endfacet
facet normal -0.5555701642999497 0 0.8314696582195449
outer loop
vertex 0.6277318596839905 -76.16863250732422 -11.335819244384766
vertex 0.6277318596839905 -77.15226745605469 -11.335819244384766
vertex 1.114366888999939 -76.16863250732422 -11.010660171508789
endloop
endfacet
facet normal -0.5555701642999497 0 0.831469658219545
outer loop
vertex 1.114366888999939 -76.16863250732422 -11.010660171508789
vertex 0.6277318596839905 -77.15226745605469 -11.335819244384766
vertex 1.114366888999939 -77.15225219726562 -11.010660171508789
endloop
endfacet
facet normal -0.8314697525217963 0 0.5555700231666056
outer loop
vertex 1.114366888999939 -76.16863250732422 -11.010660171508789
vertex 1.114366888999939 -77.15225219726562 -11.010660171508789
vertex 1.4395259618759155 -76.16863250732422 -10.524024963378906
endloop
endfacet
facet normal -0.8314697525217962 0 0.5555700231666056
outer loop
vertex 1.4395259618759155 -76.16863250732422 -10.524024963378906
vertex 1.114366888999939 -77.15225219726562 -11.010660171508789
vertex 1.4395259618759155 -77.1522445678711 -10.524024963378906
endloop
endfacet
facet normal 0 -1 0
outer loop
vertex -11.946292877197266 -76.16863250732422 -3.450000047683716
vertex -10.696292877197266 -76.16863250732422 -6.699999809265137
vertex -10.620172500610352 -76.16863250732422 -6.31731653213501
endloop
endfacet
facet normal 0.9807853253427457 0 -0.19509009608979247
outer loop
vertex -13.446292877197266 -76.16863250732422 -4.949999809265137
vertex -13.332112312316895 -77.15267181396484 -4.375974655151367
vertex -13.446292877197266 -77.15267181396484 -4.949999809265137
endloop
endfacet
facet normal 0.5555700231666056 0 0.8314697525217963
outer loop
vertex -13.006953239440918 -77.15265655517578 -11.010660171508789
vertex -12.520318031311035 -76.16863250732422 -11.335819244384766
vertex -13.006953239440918 -76.16863250732422 -11.010660171508789
endloop
endfacet
facet normal 0.1950900960897925 0 0.9807853253427457
outer loop
vertex -11.946292877197266 -76.16863250732422 -11.449999809265137
vertex -12.520318031311035 -77.15264892578125 -11.335819244384766
vertex -11.946292877197266 -77.15262603759766 -11.449999809265137
endloop
endfacet
facet normal 1 0 0
outer loop
vertex -13.446292877197266 -77.15267181396484 -4.949999809265137
vertex -13.446292877197266 -77.15267181396484 -9.949999809265137
vertex -13.446292877197266 -76.16863250732422 -9.949999809265137
endloop
endfacet
facet normal 0.5555700231666058 0 0.8314697525217964
outer loop
vertex -13.006953239440918 -77.15265655517578 -11.010660171508789
vertex -12.520318031311035 -77.15264892578125 -11.335819244384766
vertex -12.520318031311035 -76.16863250732422 -11.335819244384766
endloop
endfacet
facet normal 0 -1 0
outer loop
vertex -11.946292877197266 -76.16863250732422 -3.450000047683716
vertex -10.620172500610352 -76.16863250732422 -6.31731653213501
vertex -10.403400421142578 -76.16863250732422 -5.992893218994141
endloop
endfacet
facet normal 0 -1 0
outer loop
vertex -11.946292877197266 -76.16863250732422 -11.449999809265137
vertex -10.620172500610352 -76.16863250732422 -8.582683563232422
vertex -10.696292877197266 -76.16863250732422 -8.199999809265137
endloop
endfacet
facet normal 0 -1 0
outer loop
vertex -11.946292877197266 -76.16863250732422 -3.450000047683716
vertex -10.403400421142578 -76.16863250732422 -5.992893218994141
vertex -10.07897663116455 -76.16863250732422 -5.776120662689209
endloop
endfacet
facet normal 0.8314697525217963 0 0.5555700231666056
outer loop
vertex -13.332112312316895 -77.15267181396484 -10.524024963378906
vertex -13.006953239440918 -77.15265655517578 -11.010660171508789
vertex -13.006953239440918 -76.16863250732422 -11.010660171508789
endloop
endfacet
facet normal 0.1950900960897925 0 0.9807853253427458
outer loop
vertex -12.520318031311035 -77.15264892578125 -11.335819244384766
vertex -11.946292877197266 -76.16863250732422 -11.449999809265137
vertex -12.520318031311035 -76.16863250732422 -11.335819244384766
endloop
endfacet
facet normal 0 -1 0
outer loop
vertex -11.946292877197266 -76.16863250732422 -3.450000047683716
vertex -10.07897663116455 -76.16863250732422 -5.776120662689209
vertex -9.696292877197266 -76.16863250732422 -5.699999809265137
endloop
endfacet
facet normal 0 -1 0
outer loop
vertex -1.1962933540344238 -76.16863250732422 -6.699999809265137
vertex 0.05370670184493065 -76.16863250732422 -3.450000047683716
vertex -1.272413730621338 -76.16863250732422 -6.31731653213501
endloop
endfacet
facet normal 0 -1 0
outer loop
vertex -1.8136098384857178 -76.16863250732422 -9.123879432678223
vertex 0.05370670184493065 -76.16863250732422 -11.449999809265137
vertex -1.4891865253448486 -76.16863250732422 -8.907106399536133
endloop
endfacet
facet normal 0 -1 0
outer loop
vertex -1.4891865253448486 -76.16863250732422 -5.992893218994141
vertex -1.272413730621338 -76.16863250732422 -6.31731653213501
vertex 0.05370670184493065 -76.16863250732422 -3.450000047683716
endloop
endfacet
facet normal 0 0 -1
outer loop
vertex 0.05370670184493065 -77.15228271484375 -3.450000047683716
vertex -11.946292877197266 -76.16863250732422 -3.450000047683716
vertex 0.05370670184493065 -76.16863250732422 -3.450000047683716
endloop
endfacet
facet normal 0.9807853253427457 0 -0.19509009608979247
outer loop
vertex -13.332112312316895 -77.15267181396484 -4.375974655151367
vertex -13.446292877197266 -76.16863250732422 -4.949999809265137
vertex -13.332112312316895 -76.16863250732422 -4.375974655151367
endloop
endfacet
facet normal 0.8314695010489663 0 -0.5555703995223136
outer loop
vertex -13.006953239440918 -77.15265655517578 -3.8893399238586426
vertex -13.332112312316895 -77.15267181396484 -4.375974655151367
vertex -13.332112312316895 -76.16863250732422 -4.375974655151367
endloop
endfacet
facet normal 0.8314695010489662 0 -0.5555703995223135
outer loop
vertex -13.006953239440918 -77.15265655517578 -3.8893399238586426
vertex -13.332112312316895 -76.16863250732422 -4.375974655151367
vertex -13.006953239440918 -76.16863250732422 -3.8893399238586426
endloop
endfacet
facet normal 0.5555703047945764 0 -0.8314695643440363
outer loop
vertex -13.006953239440918 -77.15265655517578 -3.8893399238586426
vertex -13.006953239440918 -76.16863250732422 -3.8893399238586426
vertex -12.520318031311035 -77.15264892578125 -3.564180612564087
endloop
endfacet
facet normal 0.8314697525217963 0 0.5555700231666056
outer loop
vertex -13.332112312316895 -77.15267181396484 -10.524024963378906
vertex -13.006953239440918 -76.16863250732422 -11.010660171508789
vertex -13.332112312316895 -76.16863250732422 -10.524024963378906
endloop
endfacet
facet normal 0.9807853253427457 0 0.19509009608979247
outer loop
vertex -13.446292877197266 -77.15267181396484 -9.949999809265137
vertex -13.332112312316895 -77.15267181396484 -10.524024963378906
vertex -13.332112312316895 -76.16863250732422 -10.524024963378906
endloop
endfacet
facet normal 0.9807853253427457 0 0.19509009608979247
outer loop
vertex -13.446292877197266 -77.15267181396484 -9.949999809265137
vertex -13.332112312316895 -76.16863250732422 -10.524024963378906
vertex -13.446292877197266 -76.16863250732422 -9.949999809265137
endloop
endfacet
facet normal 0 -1 0
outer loop
vertex -11.946292877197266 -76.16863250732422 -11.449999809265137
vertex -9.696292877197266 -76.16863250732422 -9.199999809265137
vertex -10.07897663116455 -76.16863250732422 -9.123879432678223
endloop
endfacet
facet normal 0 -1 0
outer loop
vertex -11.946292877197266 -76.16863250732422 -11.449999809265137
vertex -10.07897663116455 -76.16863250732422 -9.123879432678223
vertex -10.403400421142578 -76.16863250732422 -8.907106399536133
endloop
endfacet
facet normal 0 -1 0
outer loop
vertex -11.946292877197266 -76.16863250732422 -11.449999809265137
vertex -10.403400421142578 -76.16863250732422 -8.907106399536133
vertex -10.620172500610352 -76.16863250732422 -8.582683563232422
endloop
endfacet
facet normal 0 0 1
outer loop
vertex -11.946292877197266 -76.16863250732422 -11.449999809265137
vertex -11.946292877197266 -77.15262603759766 -11.449999809265137
vertex 0.05370670184493065 -76.16863250732422 -11.449999809265137
endloop
endfacet
facet normal 0 0 1
outer loop
vertex 0.05370670184493065 -76.16863250732422 -11.449999809265137
vertex -11.946292877197266 -77.15262603759766 -11.449999809265137
vertex 0.05370670184493065 -77.15228271484375 -11.449999809265137
endloop
endfacet
facet normal 0 -1 0
outer loop
vertex -11.946292877197266 -76.16863250732422 -11.449999809265137
vertex 0.05370670184493065 -76.16863250732422 -11.449999809265137
vertex -2.196293354034424 -76.16863250732422 -9.199999809265137
endloop
endfacet
facet normal 0 -1 0
outer loop
vertex -9.696292877197266 -76.16863250732422 -9.199999809265137
vertex -11.946292877197266 -76.16863250732422 -11.449999809265137
vertex -2.196293354034424 -76.16863250732422 -9.199999809265137
endloop
endfacet
facet normal 0 -1 0
outer loop
vertex -2.196293354034424 -76.16863250732422 -9.199999809265137
vertex 0.05370670184493065 -76.16863250732422 -11.449999809265137
vertex -1.8136098384857178 -76.16863250732422 -9.123879432678223
endloop
endfacet
facet normal 0 -1 0
outer loop
vertex -1.8136098384857178 -76.16863250732422 -5.776120662689209
vertex -1.4891865253448486 -76.16863250732422 -5.992893218994141
vertex 0.05370670184493065 -76.16863250732422 -3.450000047683716
endloop
endfacet
facet normal 0 -1 0
outer loop
vertex -2.196293354034424 -76.16863250732422 -5.699999809265137
vertex -1.8136098384857178 -76.16863250732422 -5.776120662689209
vertex 0.05370670184493065 -76.16863250732422 -3.450000047683716
endloop
endfacet
facet normal -0.9807852863698643 0 0.1950902920198328
outer loop
vertex 1.4395259618759155 -76.16863250732422 -10.524024963378906
vertex 1.4395259618759155 -77.1522445678711 -10.524024963378906
vertex 1.5537066459655762 -76.16863250732422 -9.949999809265137
endloop
endfacet
facet normal -0.9807852863698643 0 0.1950902920198328
outer loop
vertex 1.5537066459655762 -76.16863250732422 -9.949999809265137
vertex 1.4395259618759155 -77.1522445678711 -10.524024963378906
vertex 1.5537066459655762 -77.1522445678711 -9.949999809265137
endloop
endfacet
facet normal -0.19509009487189052 0 -0.9807853255850012
outer loop
vertex 0.05370670184493065 -76.16863250732422 -3.450000047683716
vertex 0.6277318596839905 -76.16863250732422 -3.564180612564087
vertex 0.6277318596839905 -77.15226745605469 -3.564180612564087
endloop
endfacet
facet normal -0.19509009487189052 0 -0.9807853255850011
outer loop
vertex 0.6277318596839905 -77.15226745605469 -3.564180612564087
vertex 0.05370670184493065 -77.15228271484375 -3.450000047683716
vertex 0.05370670184493065 -76.16863250732422 -3.450000047683716
endloop
endfacet
facet normal -0.555570445927928 0 -0.8314694700417107
outer loop
vertex 0.6277318596839905 -76.16863250732422 -3.564180612564087
vertex 1.114366888999939 -77.15225219726562 -3.8893399238586426
vertex 0.6277318596839905 -77.15226745605469 -3.564180612564087
endloop
endfacet
facet normal -0.555570445927928 0 -0.8314694700417108
outer loop
vertex 0.6277318596839905 -76.16863250732422 -3.564180612564087
vertex 1.114366888999939 -76.16863250732422 -3.8893399238586426
vertex 1.114366888999939 -77.15225219726562 -3.8893399238586426
endloop
endfacet
facet normal -0.8314695010489663 0 -0.5555703995223136
outer loop
vertex 1.114366888999939 -76.16863250732422 -3.8893399238586426
vertex 1.4395259618759155 -77.1522445678711 -4.375974655151367
vertex 1.114366888999939 -77.15225219726562 -3.8893399238586426
endloop
endfacet
facet normal -0.8314695010489662 0 -0.5555703995223135
outer loop
vertex 1.114366888999939 -76.16863250732422 -3.8893399238586426
vertex 1.4395259618759155 -76.16863250732422 -4.375974655151367
vertex 1.4395259618759155 -77.1522445678711 -4.375974655151367
endloop
endfacet
facet normal -0.9807852863698643 0 -0.1950902920198328
outer loop
vertex 1.4395259618759155 -76.16863250732422 -4.375974655151367
vertex 1.5537066459655762 -77.1522445678711 -4.949999809265137
vertex 1.4395259618759155 -77.1522445678711 -4.375974655151367
endloop
endfacet
facet normal 0 -1 0
outer loop
vertex -12.520318031311035 -76.16863250732422 -3.564180612564087
vertex -11.946292877197266 -76.16863250732422 -11.449999809265137
vertex -11.946292877197266 -76.16863250732422 -3.450000047683716
endloop
endfacet
facet normal 0 -1 0
outer loop
vertex -13.006953239440918 -76.16863250732422 -3.8893399238586426
vertex -12.520318031311035 -76.16863250732422 -11.335819244384766
vertex -12.520318031311035 -76.16863250732422 -3.564180612564087
endloop
endfacet
facet normal 0 -1 0
outer loop
vertex -13.332112312316895 -76.16863250732422 -4.375974655151367
vertex -13.006953239440918 -76.16863250732422 -11.010660171508789
vertex -13.006953239440918 -76.16863250732422 -3.8893399238586426
endloop
endfacet
facet normal 0 -1 0
outer loop
vertex -13.446292877197266 -76.16863250732422 -4.949999809265137
vertex -13.332112312316895 -76.16863250732422 -10.524024963378906
vertex -13.332112312316895 -76.16863250732422 -4.375974655151367
endloop
endfacet
facet normal 1 0 0
outer loop
vertex -13.446292877197266 -77.15267181396484 -4.949999809265137
vertex -13.446292877197266 -76.16863250732422 -9.949999809265137
vertex -13.446292877197266 -76.16863250732422 -4.949999809265137
endloop
endfacet
facet normal 0 -1 0
outer loop
vertex 0.05370670184493065 -76.16863250732422 -11.449999809265137
vertex 0.05370670184493065 -76.16863250732422 -3.450000047683716
vertex -1.1962933540344238 -76.16863250732422 -6.699999809265137
endloop
endfacet
facet normal -0.19509009487189052 0 0.9807853255850012
outer loop
vertex 0.05370670184493065 -77.15228271484375 -11.449999809265137
vertex 0.6277318596839905 -77.15226745605469 -11.335819244384766
vertex 0.6277318596839905 -76.16863250732422 -11.335819244384766
endloop
endfacet
facet normal -0.9807852863698643 0 -0.1950902920198328
outer loop
vertex 1.5537066459655762 -76.16863250732422 -4.949999809265137
vertex 1.5537066459655762 -77.1522445678711 -4.949999809265137
vertex 1.4395259618759155 -76.16863250732422 -4.375974655151367
endloop
endfacet
facet normal 0 -1 0
outer loop
vertex -1.1962933540344238 -76.16863250732422 -8.199999809265137
vertex 0.05370670184493065 -76.16863250732422 -11.449999809265137
vertex -1.1962933540344238 -76.16863250732422 -6.699999809265137
endloop
endfacet
facet normal 0 -1 0
outer loop
vertex 0.6277318596839905 -76.16863250732422 -3.564180612564087
vertex 1.114366888999939 -76.16863250732422 -11.010660171508789
vertex 1.114366888999939 -76.16863250732422 -3.8893399238586426
endloop
endfacet
facet normal 0 0 -1
outer loop
vertex 0.05370670184493065 -77.15228271484375 -3.450000047683716
vertex -11.946292877197266 -77.15262603759766 -3.450000047683716
vertex -11.946292877197266 -76.16863250732422 -3.450000047683716
endloop
endfacet
facet normal 0 -1 0
outer loop
vertex 1.114366888999939 -76.16863250732422 -3.8893399238586426
vertex 1.4395259618759155 -76.16863250732422 -10.524024963378906
vertex 1.4395259618759155 -76.16863250732422 -4.375974655151367
endloop
endfacet
facet normal 0 -1 0
outer loop
vertex 1.4395259618759155 -76.16863250732422 -4.375974655151367
vertex 1.5537066459655762 -76.16863250732422 -9.949999809265137
vertex 1.5537066459655762 -76.16863250732422 -4.949999809265137
endloop
endfacet
facet normal 0.5555703047945764 0 -0.8314695643440363
outer loop
vertex -12.520318031311035 -77.15264892578125 -3.564180612564087
vertex -13.006953239440918 -76.16863250732422 -3.8893399238586426
vertex -12.520318031311035 -76.16863250732422 -3.564180612564087
endloop
endfacet
facet normal 0.1950900960897925 0 -0.9807853253427458
outer loop
vertex -11.946292877197266 -77.15262603759766 -3.450000047683716
vertex -12.520318031311035 -77.15264892578125 -3.564180612564087
vertex -12.520318031311035 -76.16863250732422 -3.564180612564087
endloop
endfacet
facet normal -1 0 0
outer loop
vertex 1.5537066459655762 -76.16863250732422 -9.949999809265137
vertex 1.5537066459655762 -77.1522445678711 -9.949999809265137
vertex 1.5537066459655762 -76.16863250732422 -4.949999809265137
endloop
endfacet
facet normal 0 -1 0
outer loop
vertex 0.05370670184493065 -76.16863250732422 -3.450000047683716
vertex 0.05370670184493065 -76.16863250732422 -11.449999809265137
vertex 0.6277318596839905 -76.16863250732422 -11.335819244384766
endloop
endfacet
facet normal 0 -1 0
outer loop
vertex 0.6277318596839905 -76.16863250732422 -11.335819244384766
vertex 1.114366888999939 -76.16863250732422 -11.010660171508789
vertex 0.6277318596839905 -76.16863250732422 -3.564180612564087
endloop
endfacet
facet normal 0 -1 0
outer loop
vertex 1.114366888999939 -76.16863250732422 -11.010660171508789
vertex 1.4395259618759155 -76.16863250732422 -10.524024963378906
vertex 1.114366888999939 -76.16863250732422 -3.8893399238586426
endloop
endfacet
facet normal 0 -1 0
outer loop
vertex 1.4395259618759155 -76.16863250732422 -10.524024963378906
vertex 1.5537066459655762 -76.16863250732422 -9.949999809265137
vertex 1.4395259618759155 -76.16863250732422 -4.375974655151367
endloop
endfacet
facet normal -1 0 0
outer loop
vertex 1.5537066459655762 -76.16863250732422 -4.949999809265137
vertex 1.5537066459655762 -77.1522445678711 -9.949999809265137
vertex 1.5537066459655762 -77.1522445678711 -4.949999809265137
endloop
endfacet
facet normal 0 -1 0
outer loop
vertex -1.4891865253448486 -76.16863250732422 -8.907106399536133
vertex 0.05370670184493065 -76.16863250732422 -11.449999809265137
vertex -1.272413730621338 -76.16863250732422 -8.582683563232422
endloop
endfacet
facet normal 0 -1 0
outer loop
vertex -12.520318031311035 -76.16863250732422 -11.335819244384766
vertex -11.946292877197266 -76.16863250732422 -11.449999809265137
vertex -12.520318031311035 -76.16863250732422 -3.564180612564087
endloop
endfacet
facet normal 0 -1 0
outer loop
vertex -13.006953239440918 -76.16863250732422 -11.010660171508789
vertex -12.520318031311035 -76.16863250732422 -11.335819244384766
vertex -13.006953239440918 -76.16863250732422 -3.8893399238586426
endloop
endfacet
facet normal 0 -1 0
outer loop
vertex -13.332112312316895 -76.16863250732422 -10.524024963378906
vertex -13.006953239440918 -76.16863250732422 -11.010660171508789
vertex -13.332112312316895 -76.16863250732422 -4.375974655151367
endloop
endfacet
facet normal 0 -1 0
outer loop
vertex -11.946292877197266 -76.16863250732422 -3.450000047683716
vertex -10.696292877197266 -76.16863250732422 -8.199999809265137
vertex -10.696292877197266 -76.16863250732422 -6.699999809265137
endloop
endfacet
facet normal 0 -1 0
outer loop
vertex -1.272413730621338 -76.16863250732422 -8.582683563232422
vertex 0.05370670184493065 -76.16863250732422 -11.449999809265137
vertex -1.1962933540344238 -76.16863250732422 -8.199999809265137
endloop
endfacet
facet normal 0 -1 0
outer loop
vertex -11.946292877197266 -76.16863250732422 -11.449999809265137
vertex -10.696292877197266 -76.16863250732422 -8.199999809265137
vertex -11.946292877197266 -76.16863250732422 -3.450000047683716
endloop
endfacet
facet normal 0 -1 0
outer loop
vertex -9.696292877197266 -76.16863250732422 -5.699999809265137
vertex -2.196293354034424 -76.16863250732422 -5.699999809265137
vertex 0.05370670184493065 -76.16863250732422 -3.450000047683716
endloop
endfacet
facet normal 0 -1 0
outer loop
vertex -11.946292877197266 -76.16863250732422 -3.450000047683716
vertex -9.696292877197266 -76.16863250732422 -5.699999809265137
vertex 0.05370670184493065 -76.16863250732422 -3.450000047683716
endloop
endfacet
facet normal 0.1950900960897925 0 -0.9807853253427457
outer loop
vertex -11.946292877197266 -77.15262603759766 -3.450000047683716
vertex -12.520318031311035 -76.16863250732422 -3.564180612564087
vertex -11.946292877197266 -76.16863250732422 -3.450000047683716
endloop
endfacet
facet normal -0.5555707746001807 0 0.831469250429717
outer loop
vertex -1.8136098384857178 -74.9686279296875 -9.123879432678223
vertex -1.8136098384857178 -76.16863250732422 -9.123879432678223
vertex -1.4891865253448486 -74.9686279296875 -8.907106399536133
endloop
endfacet
facet normal -1 0 0
outer loop
vertex -1.1962933540344238 -74.9686279296875 -8.199999809265137
vertex -1.1962933540344238 -76.16863250732422 -8.199999809265137
vertex -1.1962933540344238 -74.9686279296875 -6.699999809265137
endloop
endfacet
facet normal 0.8314700022881474 0 0.5555696493644592
outer loop
vertex -10.620172500610352 -76.16863250732422 -8.582683563232422
vertex -10.403400421142578 -76.16863250732422 -8.907106399536133
vertex -10.403400421142578 -74.9686279296875 -8.907106399536133
endloop
endfacet
facet normal 0.5555693651831525 0 -0.8314701921716671
outer loop
vertex -10.403400421142578 -76.16863250732422 -5.992893218994141
vertex -10.403400421142578 -74.9686279296875 -5.992893218994141
vertex -10.07897663116455 -76.16863250732422 -5.776120662689209
endloop
endfacet
facet normal 0.5555693651831525 0 -0.8314701921716671
outer loop
vertex -10.07897663116455 -76.16863250732422 -5.776120662689209
vertex -10.403400421142578 -74.9686279296875 -5.992893218994141
vertex -10.07897663116455 -74.9686279296875 -5.776120662689209
endloop
endfacet
facet normal 0.9807853563514094 0 0.19508994019846038
outer loop
vertex -10.620172500610352 -76.16863250732422 -8.582683563232422
vertex -10.620172500610352 -74.9686279296875 -8.582683563232422
vertex -10.696292877197266 -76.16863250732422 -8.199999809265137
endloop
endfacet
facet normal 0.9807853563514094 0 0.19508994019846038
outer loop
vertex -10.696292877197266 -76.16863250732422 -8.199999809265137
vertex -10.620172500610352 -74.9686279296875 -8.582683563232422
vertex -10.696292877197266 -74.9686279296875 -8.199999809265137
endloop
endfacet
facet normal 0.5555702100670031 0 0.8314696276389811
outer loop
vertex -10.403400421142578 -76.16863250732422 -8.907106399536133
vertex -10.07897663116455 -76.16863250732422 -9.123879432678223
vertex -10.07897663116455 -74.9686279296875 -9.123879432678223
endloop
endfacet
facet normal 1 0 0
outer loop
vertex -10.696292877197266 -76.16863250732422 -8.199999809265137
vertex -10.696292877197266 -74.9686279296875 -8.199999809265137
vertex -10.696292877197266 -76.16863250732422 -6.699999809265137
endloop
endfacet
facet normal 0.5555702100670031 0 0.8314696276389811
outer loop
vertex -10.403400421142578 -76.16863250732422 -8.907106399536133
vertex -10.07897663116455 -74.9686279296875 -9.123879432678223
vertex -10.403400421142578 -74.9686279296875 -8.907106399536133
endloop
endfacet
facet normal 1 0 0
outer loop
vertex -10.696292877197266 -76.16863250732422 -6.699999809265137
vertex -10.696292877197266 -74.9686279296875 -8.199999809265137
vertex -10.696292877197266 -74.9686279296875 -6.699999809265137
endloop
endfacet
facet normal 0.19508994019846038 0 0.9807853563514094
outer loop
vertex -9.696292877197266 -74.9686279296875 -9.199999809265137
vertex -10.07897663116455 -76.16863250732422 -9.123879432678223
vertex -9.696292877197266 -76.16863250732422 -9.199999809265137
endloop
endfacet
facet normal 0 0 1
outer loop
vertex -9.696292877197266 -74.9686279296875 -9.199999809265137
vertex -9.696292877197266 -76.16863250732422 -9.199999809265137
vertex -2.196293354034424 -74.9686279296875 -9.199999809265137
endloop
endfacet
facet normal 0 0 1
outer loop
vertex -2.196293354034424 -74.9686279296875 -9.199999809265137
vertex -9.696292877197266 -76.16863250732422 -9.199999809265137
vertex -2.196293354034424 -76.16863250732422 -9.199999809265137
endloop
endfacet
facet normal 0.19508994019846038 0 0.9807853563514094
outer loop
vertex -10.07897663116455 -76.16863250732422 -9.123879432678223
vertex -9.696292877197266 -74.9686279296875 -9.199999809265137
vertex -10.07897663116455 -74.9686279296875 -9.123879432678223
endloop
endfacet
facet normal -0.19509005711693658 0 0.9807853330949186
outer loop
vertex -1.8136098384857178 -76.16863250732422 -9.123879432678223
vertex -1.8136098384857178 -74.9686279296875 -9.123879432678223
vertex -2.196293354034424 -76.16863250732422 -9.199999809265137
endloop
endfacet
facet normal -0.980785309838386 0 -0.19509017403555015
outer loop
vertex -1.1962933540344238 -74.9686279296875 -6.699999809265137
vertex -1.1962933540344238 -76.16863250732422 -6.699999809265137
vertex -1.272413730621338 -74.9686279296875 -6.31731653213501
endloop
endfacet
facet normal -0.19509005711693658 0 0.9807853330949186
outer loop
vertex -2.196293354034424 -74.9686279296875 -9.199999809265137
vertex -2.196293354034424 -76.16863250732422 -9.199999809265137
vertex -1.8136098384857178 -74.9686279296875 -9.123879432678223
endloop
endfacet
facet normal -0.8314695326965169 0 -0.5555703521584244
outer loop
vertex -1.272413730621338 -76.16863250732422 -6.31731653213501
vertex -1.4891865253448486 -74.9686279296875 -5.992893218994141
vertex -1.272413730621338 -74.9686279296875 -6.31731653213501
endloop
endfacet
facet normal -0.5555707746001807 0 0.831469250429717
outer loop
vertex -1.8136098384857178 -76.16863250732422 -9.123879432678223
vertex -1.4891865253448486 -76.16863250732422 -8.907106399536133
vertex -1.4891865253448486 -74.9686279296875 -8.907106399536133
endloop
endfacet
facet normal -0.980785309838386 0 -0.19509017403555015
outer loop
vertex -1.272413730621338 -74.9686279296875 -6.31731653213501
vertex -1.1962933540344238 -76.16863250732422 -6.699999809265137
vertex -1.272413730621338 -76.16863250732422 -6.31731653213501
endloop
endfacet
facet normal 0.19509111577748656 0 -0.9807851225139456
outer loop
vertex -10.07897663116455 -76.16863250732422 -5.776120662689209
vertex -10.07897663116455 -74.9686279296875 -5.776120662689209
vertex -9.696292877197266 -76.16863250732422 -5.699999809265137
endloop
endfacet
facet normal -0.8314695326965169 0 -0.5555703521584244
outer loop
vertex -1.4891865253448486 -74.9686279296875 -5.992893218994141
vertex -1.272413730621338 -76.16863250732422 -6.31731653213501
vertex -1.4891865253448486 -76.16863250732422 -5.992893218994141
endloop
endfacet
facet normal -0.555569929716238 0 -0.831469814963294
outer loop
vertex -1.4891865253448486 -74.9686279296875 -5.992893218994141
vertex -1.4891865253448486 -76.16863250732422 -5.992893218994141
vertex -1.8136098384857178 -74.9686279296875 -5.776120662689209
endloop
endfacet
facet normal 0.19509111577748656 0 -0.9807851225139456
outer loop
vertex -9.696292877197266 -76.16863250732422 -5.699999809265137
vertex -10.07897663116455 -74.9686279296875 -5.776120662689209
vertex -9.696292877197266 -74.9686279296875 -5.699999809265137
endloop
endfacet
facet normal 0 0 -1
outer loop
vertex -9.696292877197266 -74.9686279296875 -5.699999809265137
vertex -2.196293354034424 -76.16863250732422 -5.699999809265137
vertex -9.696292877197266 -76.16863250732422 -5.699999809265137
endloop
endfacet
facet normal 0 0 -1
outer loop
vertex -2.196293354034424 -76.16863250732422 -5.699999809265137
vertex -9.696292877197266 -74.9686279296875 -5.699999809265137
vertex -2.196293354034424 -74.9686279296875 -5.699999809265137
endloop
endfacet
facet normal -0.19509123269661155 0 -0.98078509925718
outer loop
vertex -1.8136098384857178 -76.16863250732422 -5.776120662689209
vertex -2.196293354034424 -74.9686279296875 -5.699999809265137
vertex -1.8136098384857178 -74.9686279296875 -5.776120662689209
endloop
endfacet
facet normal -0.555569929716238 0 -0.831469814963294
outer loop
vertex -1.8136098384857178 -74.9686279296875 -5.776120662689209
vertex -1.4891865253448486 -76.16863250732422 -5.992893218994141
vertex -1.8136098384857178 -76.16863250732422 -5.776120662689209
endloop
endfacet
facet normal -0.8314691554865484 0 0.5555709166924471
outer loop
vertex -1.4891865253448486 -76.16863250732422 -8.907106399536133
vertex -1.272413730621338 -76.16863250732422 -8.582683563232422
vertex -1.272413730621338 -74.9686279296875 -8.582683563232422
endloop
endfacet
facet normal -0.19509123269661155 0 -0.98078509925718
outer loop
vertex -2.196293354034424 -74.9686279296875 -5.699999809265137
vertex -1.8136098384857178 -76.16863250732422 -5.776120662689209
vertex -2.196293354034424 -76.16863250732422 -5.699999809265137
endloop
endfacet
facet normal 0.8314700022881474 0 0.5555696493644592
outer loop
vertex -10.620172500610352 -76.16863250732422 -8.582683563232422
vertex -10.403400421142578 -74.9686279296875 -8.907106399536133
vertex -10.620172500610352 -74.9686279296875 -8.582683563232422
endloop
endfacet
facet normal 0.8314703794967792 0 -0.5555690848305744
outer loop
vertex -10.620172500610352 -76.16863250732422 -6.31731653213501
vertex -10.620172500610352 -74.9686279296875 -6.31731653213501
vertex -10.403400421142578 -76.16863250732422 -5.992893218994141
endloop
endfacet
facet normal -0.8314691554865484 0 0.5555709166924471
outer loop
vertex -1.4891865253448486 -74.9686279296875 -8.907106399536133
vertex -1.4891865253448486 -76.16863250732422 -8.907106399536133
vertex -1.272413730621338 -74.9686279296875 -8.582683563232422
endloop
endfacet
facet normal 0.980785309838386 0 -0.19509017403555015
outer loop
vertex -10.620172500610352 -76.16863250732422 -6.31731653213501
vertex -10.696292877197266 -74.9686279296875 -6.699999809265137
vertex -10.620172500610352 -74.9686279296875 -6.31731653213501
endloop
endfacet
facet normal 0.980785309838386 0 -0.19509017403555015
outer loop
vertex -10.696292877197266 -76.16863250732422 -6.699999809265137
vertex -10.696292877197266 -74.9686279296875 -6.699999809265137
vertex -10.620172500610352 -76.16863250732422 -6.31731653213501
endloop
endfacet
facet normal -0.9807853563514094 0 0.19508994019846038
outer loop
vertex -1.272413730621338 -74.9686279296875 -8.582683563232422
vertex -1.272413730621338 -76.16863250732422 -8.582683563232422
vertex -1.1962933540344238 -74.9686279296875 -8.199999809265137
endloop
endfacet
facet normal -0.9807853563514094 0 0.19508994019846038
outer loop
vertex -1.1962933540344238 -74.9686279296875 -8.199999809265137
vertex -1.272413730621338 -76.16863250732422 -8.582683563232422
vertex -1.1962933540344238 -76.16863250732422 -8.199999809265137
endloop
endfacet
facet normal -1 0 0
outer loop
vertex -1.1962933540344238 -74.9686279296875 -6.699999809265137
vertex -1.1962933540344238 -76.16863250732422 -8.199999809265137
vertex -1.1962933540344238 -76.16863250732422 -6.699999809265137
endloop
endfacet
facet normal 0.8314703794967792 0 -0.5555690848305744
outer loop
vertex -10.403400421142578 -76.16863250732422 -5.992893218994141
vertex -10.620172500610352 -74.9686279296875 -6.31731653213501
vertex -10.403400421142578 -74.9686279296875 -5.992893218994141
endloop
endfacet
facet normal 0 -1 0
outer loop
vertex 17.510812759399414 -76.16863250732422 -8.907106399536133
vertex 19.053707122802734 -76.16863250732422 -11.449999809265137
vertex 17.72758674621582 -76.16863250732422 -8.582683563232422
endloop
endfacet
facet normal 0 -1 0
outer loop
vertex 7.053706645965576 -76.16863250732422 -11.449999809265137
vertex 8.303707122802734 -76.16863250732422 -8.199999809265137
vertex 7.053706645965576 -76.16863250732422 -3.450000047683716
endloop
endfacet
facet normal 0 -1 0
outer loop
vertex 7.053706645965576 -76.16863250732422 -3.450000047683716
vertex 8.303707122802734 -76.16863250732422 -6.699999809265137
vertex 8.379827499389648 -76.16863250732422 -6.31731653213501
endloop
endfacet
facet normal 0.9807853253427457 0 -0.1950900960897925
outer loop
vertex 5.667887210845947 -77.1521224975586 -4.375974655151367
vertex 5.553706645965576 -77.15213012695312 -4.949999809265137
vertex 5.553706645965576 -76.16863250732422 -4.949999809265137
endloop
endfacet
facet normal 0 -1 0
outer loop
vertex 7.053706645965576 -76.16863250732422 -3.450000047683716
vertex 8.379827499389648 -76.16863250732422 -6.31731653213501
vertex 8.596599578857422 -76.16863250732422 -5.992893218994141
endloop
endfacet
facet normal 0 -1 0
outer loop
vertex 7.053706645965576 -76.16863250732422 -3.450000047683716
vertex 8.596599578857422 -76.16863250732422 -5.992893218994141
vertex 8.92102336883545 -76.16863250732422 -5.776120662689209
endloop
endfacet
facet normal 0 -1 0
outer loop
vertex 7.053706645965576 -76.16863250732422 -3.450000047683716
vertex 8.92102336883545 -76.16863250732422 -5.776120662689209
vertex 9.303707122802734 -76.16863250732422 -5.699999809265137
endloop
endfacet
facet normal -0.5555700231666056 0 0.8314697525217963
outer loop
vertex 19.627731323242188 -76.16863250732422 -11.335819244384766
vertex 19.627731323242188 -77.15172576904297 -11.335819244384766
vertex 20.11436653137207 -76.16863250732422 -11.010660171508789
endloop
endfacet
facet normal 0 -1 0
outer loop
vertex 17.186389923095703 -76.16863250732422 -9.123879432678223
vertex 19.053707122802734 -76.16863250732422 -11.449999809265137
vertex 17.510812759399414 -76.16863250732422 -8.907106399536133
endloop
endfacet
facet normal 0 -1 0
outer loop
vertex 16.803707122802734 -76.16863250732422 -9.199999809265137
vertex 19.053707122802734 -76.16863250732422 -11.449999809265137
vertex 17.186389923095703 -76.16863250732422 -9.123879432678223
endloop
endfacet
facet normal 0 -1 0
outer loop
vertex 9.303707122802734 -76.16863250732422 -9.199999809265137
vertex 7.053706645965576 -76.16863250732422 -11.449999809265137
vertex 16.803707122802734 -76.16863250732422 -9.199999809265137
endloop
endfacet
facet normal 0 -1 0
outer loop
vertex 7.053706645965576 -76.16863250732422 -3.450000047683716
vertex 8.303707122802734 -76.16863250732422 -8.199999809265137
vertex 8.303707122802734 -76.16863250732422 -6.699999809265137
endloop
endfacet
facet normal 0 -1 0
outer loop
vertex 19.053707122802734 -76.16863250732422 -3.450000047683716
vertex 19.627731323242188 -76.16863250732422 -11.335819244384766
vertex 19.627731323242188 -76.16863250732422 -3.564180612564087
endloop
endfacet
facet normal -0.19509040787318938 0 0.9807852633251953
outer loop
vertex 19.053707122802734 -76.16863250732422 -11.449999809265137
vertex 19.053707122802734 -77.15174102783203 -11.449999809265137
vertex 19.627731323242188 -76.16863250732422 -11.335819244384766
endloop
endfacet
facet normal -0.19509040787318932 0 0.9807852633251951
outer loop
vertex 19.053707122802734 -77.15174102783203 -11.449999809265137
vertex 19.627731323242188 -77.15172576904297 -11.335819244384766
vertex 19.627731323242188 -76.16863250732422 -11.335819244384766
endloop
endfacet
facet normal -0.5555700231666056 0 0.8314697525217963
outer loop
vertex 20.11436653137207 -76.16863250732422 -11.010660171508789
vertex 19.627731323242188 -77.15172576904297 -11.335819244384766
vertex 20.11436653137207 -77.1517105102539 -11.010660171508789
endloop
endfacet
facet normal 0 -1 0
outer loop
vertex 6.479681491851807 -76.16863250732422 -3.564180612564087
vertex 7.053706645965576 -76.16863250732422 -11.449999809265137
vertex 7.053706645965576 -76.16863250732422 -3.450000047683716
endloop
endfacet
facet normal 0 0 1
outer loop
vertex 19.053707122802734 -76.16863250732422 -11.449999809265137
vertex 7.053706645965576 -77.15208435058594 -11.449999809265137
vertex 19.053707122802734 -77.15174102783203 -11.449999809265137
endloop
endfacet
facet normal 0 -1 0
outer loop
vertex 17.803707122802734 -76.16863250732422 -6.699999809265137
vertex 19.053707122802734 -76.16863250732422 -3.450000047683716
vertex 17.72758674621582 -76.16863250732422 -6.31731653213501
endloop
endfacet
facet normal 0 -1 0
outer loop
vertex 9.303707122802734 -76.16863250732422 -5.699999809265137
vertex 16.803707122802734 -76.16863250732422 -5.699999809265137
vertex 19.053707122802734 -76.16863250732422 -3.450000047683716
endloop
endfacet
facet normal 0 -1 0
outer loop
vertex 5.993046760559082 -76.16863250732422 -3.8893399238586426
vertex 6.479681491851807 -76.16863250732422 -11.335819244384766
vertex 6.479681491851807 -76.16863250732422 -3.564180612564087
endloop
endfacet
facet normal 0 -1 0
outer loop
vertex 17.186389923095703 -76.16863250732422 -5.776120662689209
vertex 17.510812759399414 -76.16863250732422 -5.992893218994141
vertex 19.053707122802734 -76.16863250732422 -3.450000047683716
endloop
endfacet
facet normal 0 -1 0
outer loop
vertex 19.053707122802734 -76.16863250732422 -3.450000047683716
vertex 16.803707122802734 -76.16863250732422 -5.699999809265137
vertex 17.186389923095703 -76.16863250732422 -5.776120662689209
endloop
endfacet
facet normal -1 0 0
outer loop
vertex 20.553707122802734 -76.16863250732422 -9.949999809265137
vertex 20.553707122802734 -77.15169525146484 -9.949999809265137
vertex 20.553707122802734 -76.16863250732422 -4.949999809265137
endloop
endfacet
facet normal 0 -1 0
outer loop
vertex 19.627731323242188 -76.16863250732422 -3.564180612564087
vertex 19.627731323242188 -76.16863250732422 -11.335819244384766
vertex 20.11436653137207 -76.16863250732422 -11.010660171508789
endloop
endfacet
facet normal 0 -1 0
outer loop
vertex 20.11436653137207 -76.16863250732422 -11.010660171508789
vertex 20.439525604248047 -76.16863250732422 -10.524024963378906
vertex 20.11436653137207 -76.16863250732422 -3.8893399238586426
endloop
endfacet
facet normal 0 -1 0
outer loop
vertex 20.439525604248047 -76.16863250732422 -10.524024963378906
vertex 20.553707122802734 -76.16863250732422 -9.949999809265137
vertex 20.439525604248047 -76.16863250732422 -4.375974655151367
endloop
endfacet
facet normal -1 0 0
outer loop
vertex 20.553707122802734 -76.16863250732422 -4.949999809265137
vertex 20.553707122802734 -77.15169525146484 -9.949999809265137
vertex 20.553707122802734 -77.15169525146484 -4.949999809265137
endloop
endfacet
facet normal 0 -1 0
outer loop
vertex 20.439525604248047 -76.16863250732422 -4.375974655151367
vertex 20.553707122802734 -76.16863250732422 -9.949999809265137
vertex 20.553707122802734 -76.16863250732422 -4.949999809265137
endloop
endfacet
facet normal 0 -1 0
outer loop
vertex 20.11436653137207 -76.16863250732422 -3.8893399238586426
vertex 20.439525604248047 -76.16863250732422 -10.524024963378906
vertex 20.439525604248047 -76.16863250732422 -4.375974655151367
endloop
endfacet
facet normal 0 -1 0
outer loop
vertex 19.627731323242188 -76.16863250732422 -3.564180612564087
vertex 20.11436653137207 -76.16863250732422 -11.010660171508789
vertex 20.11436653137207 -76.16863250732422 -3.8893399238586426
endloop
endfacet
facet normal -0.9807850135586839 0 -0.1950916635294606
outer loop
vertex 20.553707122802734 -76.16863250732422 -4.949999809265137
vertex 20.553707122802734 -77.15169525146484 -4.949999809265137
vertex 20.439525604248047 -76.16863250732422 -4.375974655151367
endloop
endfacet
facet normal 0 -1 0
outer loop
vertex 7.053706645965576 -76.16863250732422 -11.449999809265137
vertex 19.053707122802734 -76.16863250732422 -11.449999809265137
vertex 16.803707122802734 -76.16863250732422 -9.199999809265137
endloop
endfacet
facet normal 0 0 1
outer loop
vertex 7.053706645965576 -76.16863250732422 -11.449999809265137
vertex 7.053706645965576 -77.15208435058594 -11.449999809265137
vertex 19.053707122802734 -76.16863250732422 -11.449999809265137
endloop
endfacet
facet normal 0 -1 0
outer loop
vertex 7.053706645965576 -76.16863250732422 -11.449999809265137
vertex 8.596599578857422 -76.16863250732422 -8.907106399536133
vertex 8.379827499389648 -76.16863250732422 -8.582683563232422
endloop
endfacet
facet normal 0 -1 0
outer loop
vertex 7.053706645965576 -76.16863250732422 -11.449999809265137
vertex 8.92102336883545 -76.16863250732422 -9.123879432678223
vertex 8.596599578857422 -76.16863250732422 -8.907106399536133
endloop
endfacet
facet normal 0 -1 0
outer loop
vertex 7.053706645965576 -76.16863250732422 -11.449999809265137
vertex 9.303707122802734 -76.16863250732422 -9.199999809265137
vertex 8.92102336883545 -76.16863250732422 -9.123879432678223
endloop
endfacet
facet normal 0.9807853253427457 0 -0.1950900960897925
outer loop
vertex 5.667887210845947 -77.1521224975586 -4.375974655151367
vertex 5.553706645965576 -76.16863250732422 -4.949999809265137
vertex 5.667887210845947 -76.16863250732422 -4.375974655151367
endloop
endfacet
facet normal 0.8314691246930399 0 -0.5555709627781045
outer loop
vertex 5.993046760559082 -77.15211486816406 -3.8893399238586426
vertex 5.667887210845947 -77.1521224975586 -4.375974655151367
vertex 5.667887210845947 -76.16863250732422 -4.375974655151367
endloop
endfacet
facet normal 0.8314691246930399 0 -0.5555709627781045
outer loop
vertex 5.993046760559082 -77.15211486816406 -3.8893399238586426
vertex 5.667887210845947 -76.16863250732422 -4.375974655151367
vertex 5.993046760559082 -76.16863250732422 -3.8893399238586426
endloop
endfacet
facet normal 0.5555706811503046 0 -0.8314693128710082
outer loop
vertex 6.479681491851807 -77.152099609375 -3.564180612564087
vertex 5.993046760559082 -77.15211486816406 -3.8893399238586426
vertex 5.993046760559082 -76.16863250732422 -3.8893399238586426
endloop
endfacet
facet normal 0.5555706811503046 0 -0.8314693128710083
outer loop
vertex 6.479681491851807 -77.152099609375 -3.564180612564087
vertex 5.993046760559082 -76.16863250732422 -3.8893399238586426
vertex 6.479681491851807 -76.16863250732422 -3.564180612564087
endloop
endfacet
facet normal 0.9807853253427457 0 0.1950900960897925
outer loop
vertex 5.553706645965576 -77.15213012695312 -9.949999809265137
vertex 5.667887210845947 -76.16863250732422 -10.524024963378906
vertex 5.553706645965576 -76.16863250732422 -9.949999809265137
endloop
endfacet
facet normal 0.9807853253427457 0 0.1950900960897925
outer loop
vertex 5.553706645965576 -77.15213012695312 -9.949999809265137
vertex 5.667887210845947 -77.1521224975586 -10.524024963378906
vertex 5.667887210845947 -76.16863250732422 -10.524024963378906
endloop
endfacet
facet normal 0.1950900960897925 0 -0.9807853253427457
outer loop
vertex 7.053706645965576 -77.15208435058594 -3.450000047683716
vertex 6.479681491851807 -77.152099609375 -3.564180612564087
vertex 6.479681491851807 -76.16863250732422 -3.564180612564087
endloop
endfacet
facet normal 0.1950900960897925 0 -0.9807853253427458
outer loop
vertex 7.053706645965576 -77.15208435058594 -3.450000047683716
vertex 6.479681491851807 -76.16863250732422 -3.564180612564087
vertex 7.053706645965576 -76.16863250732422 -3.450000047683716
endloop
endfacet
facet normal 0 -1 0
outer loop
vertex 7.053706645965576 -76.16863250732422 -3.450000047683716
vertex 9.303707122802734 -76.16863250732422 -5.699999809265137
vertex 19.053707122802734 -76.16863250732422 -3.450000047683716
endloop
endfacet
facet normal 0 0 -1
outer loop
vertex 19.053707122802734 -77.15174102783203 -3.450000047683716
vertex 7.053706645965576 -77.15208435058594 -3.450000047683716
vertex 7.053706645965576 -76.16863250732422 -3.450000047683716
endloop
endfacet
facet normal 0 0 -1
outer loop
vertex 19.053707122802734 -77.15174102783203 -3.450000047683716
vertex 7.053706645965576 -76.16863250732422 -3.450000047683716
vertex 19.053707122802734 -76.16863250732422 -3.450000047683716
endloop
endfacet
facet normal -0.19509040787318938 0 -0.9807852633251953
outer loop
vertex 19.053707122802734 -76.16863250732422 -3.450000047683716
vertex 19.627731323242188 -77.15172576904297 -3.564180612564087
vertex 19.053707122802734 -77.15174102783203 -3.450000047683716
endloop
endfacet
facet normal -0.19509040787318932 0 -0.9807852633251951
outer loop
vertex 19.627731323242188 -77.15172576904297 -3.564180612564087
vertex 19.053707122802734 -76.16863250732422 -3.450000047683716
vertex 19.627731323242188 -76.16863250732422 -3.564180612564087
endloop
endfacet
facet normal -0.980785013558684 0 -0.1950916635294606
outer loop
vertex 20.439525604248047 -76.16863250732422 -4.375974655151367
vertex 20.553707122802734 -77.15169525146484 -4.949999809265137
vertex 20.439525604248047 -77.15170288085938 -4.375974655151367
endloop
endfacet
facet normal -0.8314695010489662 0 -0.5555703995223135
outer loop
vertex 20.11436653137207 -76.16863250732422 -3.8893399238586426
vertex 20.439525604248047 -76.16863250732422 -4.375974655151367
vertex 20.439525604248047 -77.15170288085938 -4.375974655151367
endloop
endfacet
facet normal -0.8314695010489662 0 -0.5555703995223135
outer loop
vertex 20.11436653137207 -76.16863250732422 -3.8893399238586426
vertex 20.439525604248047 -77.15170288085938 -4.375974655151367
vertex 20.11436653137207 -77.1517105102539 -3.8893399238586426
endloop
endfacet
facet normal -0.5555703047945763 0 -0.8314695643440363
outer loop
vertex 19.627731323242188 -76.16863250732422 -3.564180612564087
vertex 20.11436653137207 -76.16863250732422 -3.8893399238586426
vertex 20.11436653137207 -77.1517105102539 -3.8893399238586426
endloop
endfacet
facet normal 0.8314693761662661 0 0.5555705864223558
outer loop
vertex 5.667887210845947 -77.1521224975586 -10.524024963378906
vertex 5.993046760559082 -76.16863250732422 -11.010660171508789
vertex 5.667887210845947 -76.16863250732422 -10.524024963378906
endloop
endfacet
facet normal 0.831469376166266 0 0.5555705864223558
outer loop
vertex 5.667887210845947 -77.1521224975586 -10.524024963378906
vertex 5.993046760559082 -77.15211486816406 -11.010660171508789
vertex 5.993046760559082 -76.16863250732422 -11.010660171508789
endloop
endfacet
facet normal 0.5555703995223136 0 0.8314695010489663
outer loop
vertex 5.993046760559082 -77.15211486816406 -11.010660171508789
vertex 6.479681491851807 -76.16863250732422 -11.335819244384766
vertex 5.993046760559082 -76.16863250732422 -11.010660171508789
endloop
endfacet
facet normal 0.5555703995223136 0 0.8314695010489663
outer loop
vertex 5.993046760559082 -77.15211486816406 -11.010660171508789
vertex 6.479681491851807 -77.152099609375 -11.335819244384766
vertex 6.479681491851807 -76.16863250732422 -11.335819244384766
endloop
endfacet
facet normal 0.1950900960897925 0 0.9807853253427457
outer loop
vertex 6.479681491851807 -77.152099609375 -11.335819244384766
vertex 7.053706645965576 -76.16863250732422 -11.449999809265137
vertex 6.479681491851807 -76.16863250732422 -11.335819244384766
endloop
endfacet
facet normal 0 -1 0
outer loop
vertex 5.667887210845947 -76.16863250732422 -4.375974655151367
vertex 5.993046760559082 -76.16863250732422 -11.010660171508789
vertex 5.993046760559082 -76.16863250732422 -3.8893399238586426
endloop
endfacet
facet normal 0 -1 0
outer loop
vertex 5.553706645965576 -76.16863250732422 -4.949999809265137
vertex 5.667887210845947 -76.16863250732422 -10.524024963378906
vertex 5.667887210845947 -76.16863250732422 -4.375974655151367
endloop
endfacet
facet normal 1 0 0
outer loop
vertex 5.553706645965576 -77.15213012695312 -4.949999809265137
vertex 5.553706645965576 -76.16863250732422 -9.949999809265137
vertex 5.553706645965576 -76.16863250732422 -4.949999809265137
endloop
endfacet
facet normal -0.8314697525217963 0 0.5555700231666056
outer loop
vertex 20.11436653137207 -76.16863250732422 -11.010660171508789
vertex 20.11436653137207 -77.1517105102539 -11.010660171508789
vertex 20.439525604248047 -76.16863250732422 -10.524024963378906
endloop
endfacet
facet normal -0.8314697525217964 0 0.5555700231666058
outer loop
vertex 20.439525604248047 -76.16863250732422 -10.524024963378906
vertex 20.11436653137207 -77.1517105102539 -11.010660171508789
vertex 20.439525604248047 -77.15170288085938 -10.524024963378906
endloop
endfacet
facet normal -0.980785013558684 0 0.1950916635294606
outer loop
vertex 20.439525604248047 -76.16863250732422 -10.524024963378906
vertex 20.439525604248047 -77.15170288085938 -10.524024963378906
vertex 20.553707122802734 -76.16863250732422 -9.949999809265137
endloop
endfacet
facet normal -0.9807850135586839 0 0.1950916635294606
outer loop
vertex 20.553707122802734 -76.16863250732422 -9.949999809265137
vertex 20.439525604248047 -77.15170288085938 -10.524024963378906
vertex 20.553707122802734 -77.15169525146484 -9.949999809265137
endloop
endfacet
facet normal 0 -1 0
outer loop
vertex 7.053706645965576 -76.16863250732422 -11.449999809265137
vertex 8.379827499389648 -76.16863250732422 -8.582683563232422
vertex 8.303707122802734 -76.16863250732422 -8.199999809265137
endloop
endfacet
facet normal 1 0 0
outer loop
vertex 5.553706645965576 -77.15213012695312 -4.949999809265137
vertex 5.553706645965576 -77.15213012695312 -9.949999809265137
vertex 5.553706645965576 -76.16863250732422 -9.949999809265137
endloop
endfacet
facet normal 0 -1 0
outer loop
vertex 5.667887210845947 -76.16863250732422 -10.524024963378906
vertex 5.993046760559082 -76.16863250732422 -11.010660171508789
vertex 5.667887210845947 -76.16863250732422 -4.375974655151367
endloop
endfacet
facet normal 0 -1 0
outer loop
vertex 19.053707122802734 -76.16863250732422 -11.449999809265137
vertex 19.627731323242188 -76.16863250732422 -11.335819244384766
vertex 19.053707122802734 -76.16863250732422 -3.450000047683716
endloop
endfacet
facet normal 0.1950900960897925 0 0.9807853253427458
outer loop
vertex 6.479681491851807 -77.152099609375 -11.335819244384766
vertex 7.053706645965576 -77.15208435058594 -11.449999809265137
vertex 7.053706645965576 -76.16863250732422 -11.449999809265137
endloop
endfacet
facet normal -0.5555703047945764 0 -0.8314695643440364
outer loop
vertex 19.627731323242188 -76.16863250732422 -3.564180612564087
vertex 20.11436653137207 -77.1517105102539 -3.8893399238586426
vertex 19.627731323242188 -77.15172576904297 -3.564180612564087
endloop
endfacet
facet normal 0 -1 0
outer loop
vertex 17.803707122802734 -76.16863250732422 -8.199999809265137
vertex 19.053707122802734 -76.16863250732422 -11.449999809265137
vertex 17.803707122802734 -76.16863250732422 -6.699999809265137
endloop
endfacet
facet normal 0 -1 0
outer loop
vertex 17.72758674621582 -76.16863250732422 -8.582683563232422
vertex 19.053707122802734 -76.16863250732422 -11.449999809265137
vertex 17.803707122802734 -76.16863250732422 -8.199999809265137
endloop
endfacet
facet normal 0 -1 0
outer loop
vertex 5.993046760559082 -76.16863250732422 -11.010660171508789
vertex 6.479681491851807 -76.16863250732422 -11.335819244384766
vertex 5.993046760559082 -76.16863250732422 -3.8893399238586426
endloop
endfacet
facet normal 0 -1 0
outer loop
vertex 6.479681491851807 -76.16863250732422 -11.335819244384766
vertex 7.053706645965576 -76.16863250732422 -11.449999809265137
vertex 6.479681491851807 -76.16863250732422 -3.564180612564087
endloop
endfacet
facet normal 0 -1 0
outer loop
vertex 17.803707122802734 -76.16863250732422 -6.699999809265137
vertex 19.053707122802734 -76.16863250732422 -11.449999809265137
vertex 19.053707122802734 -76.16863250732422 -3.450000047683716
endloop
endfacet
facet normal 0 -1 0
outer loop
vertex 5.553706645965576 -76.16863250732422 -9.949999809265137
vertex 5.667887210845947 -76.16863250732422 -10.524024963378906
vertex 5.553706645965576 -76.16863250732422 -4.949999809265137
endloop
endfacet
facet normal 0 -1 0
outer loop
vertex 17.510812759399414 -76.16863250732422 -5.992893218994141
vertex 17.72758674621582 -76.16863250732422 -6.31731653213501
vertex 19.053707122802734 -76.16863250732422 -3.450000047683716
endloop
endfacet
facet normal 0.19509111577748656 0 -0.9807851225139456
outer loop
vertex 8.92102336883545 -76.16863250732422 -5.776120662689209
vertex 8.92102336883545 -74.9686279296875 -5.776120662689209
vertex 9.303707122802734 -76.16863250732422 -5.699999809265137
endloop
endfacet
facet normal 0.5555693651831525 0 -0.8314701921716671
outer loop
vertex 8.92102336883545 -76.16863250732422 -5.776120662689209
vertex 8.596599578857422 -74.9686279296875 -5.992893218994141
vertex 8.92102336883545 -74.9686279296875 -5.776120662689209
endloop
endfacet
facet normal -0.5555704942502147 0 -0.831469437753771
outer loop
vertex 17.186389923095703 -74.9686279296875 -5.776120662689209
vertex 17.510812759399414 -76.16863250732422 -5.992893218994141
vertex 17.186389923095703 -76.16863250732422 -5.776120662689209
endloop
endfacet
facet normal -0.19509158345481065 0 -0.9807850294866325
outer loop
vertex 16.803707122802734 -76.16863250732422 -5.699999809265137
vertex 16.803707122802734 -74.9686279296875 -5.699999809265137
vertex 17.186389923095703 -76.16863250732422 -5.776120662689209
endloop
endfacet
facet normal 0 0 -1
outer loop
vertex 16.803707122802734 -76.16863250732422 -5.699999809265137
vertex 9.303707122802734 -74.9686279296875 -5.699999809265137
vertex 16.803707122802734 -74.9686279296875 -5.699999809265137
endloop
endfacet
facet normal 0 0 -1
outer loop
vertex 9.303707122802734 -76.16863250732422 -5.699999809265137
vertex 9.303707122802734 -74.9686279296875 -5.699999809265137
vertex 16.803707122802734 -76.16863250732422 -5.699999809265137
endloop
endfacet
facet normal -0.5555704942502147 0 -0.831469437753771
outer loop
vertex 17.510812759399414 -74.9686279296875 -5.992893218994141
vertex 17.510812759399414 -76.16863250732422 -5.992893218994141
vertex 17.186389923095703 -74.9686279296875 -5.776120662689209
endloop
endfacet
facet normal -0.8314681213622869 0 -0.5555724643629031
outer loop
vertex 17.510812759399414 -74.9686279296875 -5.992893218994141
vertex 17.72758674621582 -76.16863250732422 -6.31731653213501
vertex 17.510812759399414 -76.16863250732422 -5.992893218994141
endloop
endfacet
facet normal -0.8314681213622869 0 -0.5555724643629031
outer loop
vertex 17.72758674621582 -74.9686279296875 -6.31731653213501
vertex 17.72758674621582 -76.16863250732422 -6.31731653213501
vertex 17.510812759399414 -74.9686279296875 -5.992893218994141
endloop
endfacet
facet normal -0.980785309838386 0 -0.19509017403555015
outer loop
vertex 17.72758674621582 -74.9686279296875 -6.31731653213501
vertex 17.803707122802734 -76.16863250732422 -6.699999809265137
vertex 17.72758674621582 -76.16863250732422 -6.31731653213501
endloop
endfacet
facet normal -0.980785309838386 0 -0.19509017403555015
outer loop
vertex 17.803707122802734 -74.9686279296875 -6.699999809265137
vertex 17.803707122802734 -76.16863250732422 -6.699999809265137
vertex 17.72758674621582 -74.9686279296875 -6.31731653213501
endloop
endfacet
facet normal 0.19509111577748656 0 -0.9807851225139456
outer loop
vertex 9.303707122802734 -76.16863250732422 -5.699999809265137
vertex 8.92102336883545 -74.9686279296875 -5.776120662689209
vertex 9.303707122802734 -74.9686279296875 -5.699999809265137
endloop
endfacet
facet normal 0.5555693651831525 0 -0.8314701921716671
outer loop
vertex 8.596599578857422 -76.16863250732422 -5.992893218994141
vertex 8.596599578857422 -74.9686279296875 -5.992893218994141
vertex 8.92102336883545 -76.16863250732422 -5.776120662689209
endloop
endfacet
facet normal 0.8314703794967792 0 -0.5555690848305744
outer loop
vertex 8.596599578857422 -76.16863250732422 -5.992893218994141
vertex 8.379827499389648 -74.9686279296875 -6.31731653213501
vertex 8.596599578857422 -74.9686279296875 -5.992893218994141
endloop
endfacet
facet normal 0.8314703794967792 0 -0.5555690848305744
outer loop
vertex 8.379827499389648 -76.16863250732422 -6.31731653213501
vertex 8.379827499389648 -74.9686279296875 -6.31731653213501
vertex 8.596599578857422 -76.16863250732422 -5.992893218994141
endloop
endfacet
facet normal 0.980785309838386 0 -0.19509017403555015
outer loop
vertex 8.379827499389648 -76.16863250732422 -6.31731653213501
vertex 8.303707122802734 -74.9686279296875 -6.699999809265137
vertex 8.379827499389648 -74.9686279296875 -6.31731653213501
endloop
endfacet
facet normal 0.980785309838386 0 -0.19509017403555015
outer loop
vertex 8.303707122802734 -76.16863250732422 -6.699999809265137
vertex 8.303707122802734 -74.9686279296875 -6.699999809265137
vertex 8.379827499389648 -76.16863250732422 -6.31731653213501
endloop
endfacet
facet normal -1 0 0
outer loop
vertex 17.803707122802734 -74.9686279296875 -6.699999809265137
vertex 17.803707122802734 -76.16863250732422 -8.199999809265137
vertex 17.803707122802734 -76.16863250732422 -6.699999809265137
endloop
endfacet
facet normal -1 0 0
outer loop
vertex 17.803707122802734 -74.9686279296875 -8.199999809265137
vertex 17.803707122802734 -76.16863250732422 -8.199999809265137
vertex 17.803707122802734 -74.9686279296875 -6.699999809265137
endloop
endfacet
facet normal -0.9807853563514094 0 0.19508994019846038
outer loop
vertex 17.803707122802734 -74.9686279296875 -8.199999809265137
vertex 17.72758674621582 -76.16863250732422 -8.582683563232422
vertex 17.803707122802734 -76.16863250732422 -8.199999809265137
endloop
endfacet
facet normal -0.9807853563514094 0 0.19508994019846038
outer loop
vertex 17.72758674621582 -74.9686279296875 -8.582683563232422
vertex 17.72758674621582 -76.16863250732422 -8.582683563232422
vertex 17.803707122802734 -74.9686279296875 -8.199999809265137
endloop
endfacet
facet normal -0.8314677441500904 0 0.5555730288971555
outer loop
vertex 17.72758674621582 -74.9686279296875 -8.582683563232422
vertex 17.510812759399414 -76.16863250732422 -8.907106399536133
vertex 17.72758674621582 -76.16863250732422 -8.582683563232422
endloop
endfacet
facet normal -0.8314677441500904 0 0.5555730288971555
outer loop
vertex 17.510812759399414 -74.9686279296875 -8.907106399536133
vertex 17.510812759399414 -76.16863250732422 -8.907106399536133
vertex 17.72758674621582 -74.9686279296875 -8.582683563232422
endloop
endfacet
facet normal -0.5555713391342493 0 0.8314688732193027
outer loop
vertex 17.186389923095703 -74.9686279296875 -9.123879432678223
vertex 17.186389923095703 -76.16863250732422 -9.123879432678223
vertex 17.510812759399414 -74.9686279296875 -8.907106399536133
endloop
endfacet
facet normal -0.5555713391342493 0 0.8314688732193027
outer loop
vertex 17.186389923095703 -76.16863250732422 -9.123879432678223
vertex 17.510812759399414 -76.16863250732422 -8.907106399536133
vertex 17.510812759399414 -74.9686279296875 -8.907106399536133
endloop
endfacet
facet normal -0.19509040787318935 0 0.9807852633251952
outer loop
vertex 17.186389923095703 -74.9686279296875 -9.123879432678223
vertex 16.803707122802734 -76.16863250732422 -9.199999809265137
vertex 17.186389923095703 -76.16863250732422 -9.123879432678223
endloop
endfacet
facet normal -0.19509040787318935 0 0.9807852633251952
outer loop
vertex 16.803707122802734 -74.9686279296875 -9.199999809265137
vertex 16.803707122802734 -76.16863250732422 -9.199999809265137
vertex 17.186389923095703 -74.9686279296875 -9.123879432678223
endloop
endfacet
facet normal 0 0 1
outer loop
vertex 16.803707122802734 -74.9686279296875 -9.199999809265137
vertex 9.303707122802734 -76.16863250732422 -9.199999809265137
vertex 16.803707122802734 -76.16863250732422 -9.199999809265137
endloop
endfacet
facet normal 0 0 1
outer loop
vertex 9.303707122802734 -74.9686279296875 -9.199999809265137
vertex 9.303707122802734 -76.16863250732422 -9.199999809265137
vertex 16.803707122802734 -74.9686279296875 -9.199999809265137
endloop
endfacet
facet normal 1 0 0
outer loop
vertex 8.303707122802734 -76.16863250732422 -6.699999809265137
vertex 8.303707122802734 -74.9686279296875 -8.199999809265137
vertex 8.303707122802734 -74.9686279296875 -6.699999809265137
endloop
endfacet
facet normal 0.9807853563514094 0 0.19508994019846038
outer loop
vertex 8.379827499389648 -76.16863250732422 -8.582683563232422
vertex 8.379827499389648 -74.9686279296875 -8.582683563232422
vertex 8.303707122802734 -76.16863250732422 -8.199999809265137
endloop
endfacet
facet normal 0.8314700022881474 0 0.5555696493644592
outer loop
vertex 8.379827499389648 -76.16863250732422 -8.582683563232422
vertex 8.596599578857422 -76.16863250732422 -8.907106399536133
vertex 8.596599578857422 -74.9686279296875 -8.907106399536133
endloop
endfacet
facet normal 0.8314700022881474 0 0.5555696493644592
outer loop
vertex 8.596599578857422 -74.9686279296875 -8.907106399536133
vertex 8.379827499389648 -74.9686279296875 -8.582683563232422
vertex 8.379827499389648 -76.16863250732422 -8.582683563232422
endloop
endfacet
facet normal 0.5555702100670031 0 0.8314696276389811
outer loop
vertex 8.596599578857422 -76.16863250732422 -8.907106399536133
vertex 8.92102336883545 -74.9686279296875 -9.123879432678223
vertex 8.596599578857422 -74.9686279296875 -8.907106399536133
endloop
endfacet
facet normal 0.5555702100670031 0 0.8314696276389811
outer loop
vertex 8.596599578857422 -76.16863250732422 -8.907106399536133
vertex 8.92102336883545 -76.16863250732422 -9.123879432678223
vertex 8.92102336883545 -74.9686279296875 -9.123879432678223
endloop
endfacet
facet normal 0.19508994019846038 0 0.9807853563514094
outer loop
vertex 9.303707122802734 -74.9686279296875 -9.199999809265137
vertex 8.92102336883545 -76.16863250732422 -9.123879432678223
vertex 9.303707122802734 -76.16863250732422 -9.199999809265137
endloop
endfacet
facet normal 0.19508994019846038 0 0.9807853563514094
outer loop
vertex 8.92102336883545 -76.16863250732422 -9.123879432678223
vertex 9.303707122802734 -74.9686279296875 -9.199999809265137
vertex 8.92102336883545 -74.9686279296875 -9.123879432678223
endloop
endfacet
facet normal 1 0 0
outer loop
vertex 8.303707122802734 -76.16863250732422 -8.199999809265137
vertex 8.303707122802734 -74.9686279296875 -8.199999809265137
vertex 8.303707122802734 -76.16863250732422 -6.699999809265137
endloop
endfacet
facet normal 0.9807853563514094 0 0.19508994019846038
outer loop
vertex 8.303707122802734 -76.16863250732422 -8.199999809265137
vertex 8.379827499389648 -74.9686279296875 -8.582683563232422
vertex 8.303707122802734 -74.9686279296875 -8.199999809265137
endloop
endfacet
facet normal -0.19509158345481065 0 -0.9807850294866325
outer loop
vertex 17.186389923095703 -76.16863250732422 -5.776120662689209
vertex 16.803707122802734 -74.9686279296875 -5.699999809265137
vertex 17.186389923095703 -74.9686279296875 -5.776120662689209
endloop
endfacet
facet normal -0.06811968197924681 -0.09729101433666432 -0.992922034933453
outer loop
vertex 46.43913650512695 -77.15095520019531 -1.5093841552734375
vertex 47.19657897949219 -77.15093231201172 -1.56135094165802
vertex 46.43913650512695 -77.2467269897461 -1.5
endloop
endfacet
facet normal -0.05019110821869213 -0.10763716371548507 -0.9929225013278052
outer loop
vertex 46.93913650512695 -77.59683227539062 -1.5
vertex 47.19657897949219 -77.15093231201172 -1.56135094165802
vertex 47.860225677490234 -77.15090942382812 -1.5949000120162964
endloop
endfacet
facet normal 0.08715346341544244 -0.9961948975048472 0
outer loop
vertex 52.32832336425781 -78.5470962524414 -1.5
vertex 52.32832336425781 -78.5470962524414 -0.5
vertex 51.33913803100586 -78.63363647460938 -1.5
endloop
endfacet
facet normal 0.2588212712285562 -0.9659252297976455 0
outer loop
vertex 52.32832336425781 -78.5470962524414 -1.5
vertex 53.675296783447266 -78.18617248535156 -1.5
vertex 53.675296783447266 -78.18617248535156 -0.5
endloop
endfacet
facet normal 0.08715346341544244 -0.9961948975048472 0
outer loop
vertex 51.33913803100586 -78.63363647460938 -1.5
vertex 52.32832336425781 -78.5470962524414 -0.5
vertex 51.33913803100586 -78.63363647460938 -0.5
endloop
endfacet
facet normal 0.2588212712285562 -0.9659252297976455 0
outer loop
vertex 52.32832336425781 -78.5470962524414 -0.5
vertex 52.32832336425781 -78.5470962524414 -1.5
vertex 53.675296783447266 -78.18617248535156 -0.5
endloop
endfacet
facet normal -0.03073829439549061 -0.11471614378037633 0.9929226372753399
outer loop
vertex 49.68825149536133 -77.76274871826172 -0.4050999879837036
vertex 48.20297622680664 -78.18617248535156 -0.5
vertex 49.54995346069336 -78.5470962524414 -0.5
endloop
endfacet
facet normal -0.010351498381610402 -0.11831079480990511 0.9929226567627027
outer loop
vertex 49.68825149536133 -77.76274871826172 -0.4050999879837036
vertex 49.54995346069336 -78.5470962524414 -0.5
vertex 50.53913879394531 -77.83719635009766 -0.4050999879837036
endloop
endfacet
facet normal -0.02751592422463865 -0.10269071854092318 0.9943326858952254
outer loop
vertex 48.47537612915039 -77.43775939941406 -0.4050999879837036
vertex 49.68825149536133 -77.76274871826172 -0.4050999879837036
vertex 49.82674789428711 -76.97730255126953 -0.32014966011047363
endloop
endfacet
facet normal -0.027515997446134484 -0.10269050729791639 0.9943327056852957
outer loop
vertex 48.7481575012207 -76.68829345703125 -0.32014966011047363
vertex 48.47537612915039 -77.43775939941406 -0.4050999879837036
vertex 49.82674789428711 -76.97730255126953 -0.32014966011047363
endloop
endfacet
facet normal -0.024289329890529933 -0.0906484896020139 0.9955867012904213
outer loop
vertex 48.83601379394531 -76.44691467285156 -0.29602861404418945
vertex 48.7481575012207 -76.68829345703125 -0.32014966011047363
vertex 49.82674789428711 -76.97730255126953 -0.32014966011047363
endloop
endfacet
facet normal -0.009265578380794868 -0.10590877078192316 0.9943326814143904
outer loop
vertex 49.82674789428711 -76.97730255126953 -0.32014966011047363
vertex 49.68825149536133 -77.76274871826172 -0.4050999879837036
vertex 50.53913879394531 -77.03962707519531 -0.32014966011047363
endloop
endfacet
facet normal -0.024289084468341007 -0.09064803332908893 0.9955867488216477
outer loop
vertex 49.92543029785156 -76.41764068603516 -0.26678499579429626
vertex 48.83601379394531 -76.44691467285156 -0.29602861404418945
vertex 49.82674789428711 -76.97730255126953 -0.32014966011047363
endloop
endfacet
facet normal -0.010350678969440938 -0.11831191981339857 0.9929225312555555
outer loop
vertex 50.53913879394531 -77.83719635009766 -0.4050999879837036
vertex 49.54995346069336 -78.5470962524414 -0.5
vertex 50.53913879394531 -78.63363647460938 -0.5
endloop
endfacet
facet normal -0.009266318889550406 -0.10590790940298556 0.9943327662609365
outer loop
vertex 50.53913879394531 -77.03962707519531 -0.32014966011047363
vertex 49.68825149536133 -77.76274871826172 -0.4050999879837036
vertex 50.53913879394531 -77.83719635009766 -0.4050999879837036
endloop
endfacet
facet normal -0.008178985473771315 -0.09348863742449011 0.995586751051425
outer loop
vertex 49.82674789428711 -76.97730255126953 -0.32014966011047363
vertex 50.53913879394531 -77.03962707519531 -0.32014966011047363
vertex 50.53913879394531 -76.41205596923828 -0.2612188160419464
endloop
endfacet
facet normal 0.06812050341798899 -0.09728582189033284 0.9929224873439024
outer loop
vertex 55.042606353759766 -76.5558090209961 -0.4050999879837036
vertex 55.43913650512695 -77.2467269897461 -0.5
vertex 55.43913650512695 -76.58595275878906 -0.43525782227516174
endloop
endfacet
facet normal 0.06812054440489182 -0.09728579829848091 0.9929224868434638
outer loop
vertex 55.042606353759766 -76.5558090209961 -0.4050999879837036
vertex 54.93913650512695 -77.59683227539062 -0.5
vertex 55.43913650512695 -77.2467269897461 -0.5
endloop
endfacet
facet normal 0.06097858799161775 -0.08708625444919652 0.9943327391233572
outer loop
vertex 54.309669494628906 -76.5065689086914 -0.35583922266960144
vertex 54.540916442871094 -76.90709686279297 -0.4050999879837036
vertex 55.042606353759766 -76.5558090209961 -0.4050999879837036
endloop
endfacet
facet normal 0.0681203915467019 -0.09728578418756514 0.9929224987130337
outer loop
vertex 54.93913650512695 -77.59683227539062 -0.5
vertex 55.042606353759766 -76.5558090209961 -0.4050999879837036
vertex 54.540916442871094 -76.90709686279297 -0.4050999879837036
endloop
endfacet
facet normal 0.04493014695383536 -0.09635190712556385 0.9943327370090826
outer loop
vertex 54.540916442871094 -76.90709686279297 -0.4050999879837036
vertex 54.309669494628906 -76.5065689086914 -0.35583922266960144
vertex 53.5963249206543 -76.47090148925781 -0.32014966011047363
endloop
endfacet
facet normal 0.044929764959949776 -0.09635272231983363 0.9943326752763386
outer loop
vertex 53.5963249206543 -76.47090148925781 -0.32014966011047363
vertex 53.40290069580078 -77.43775939941406 -0.4050999879837036
vertex 54.540916442871094 -76.90709686279297 -0.4050999879837036
endloop
endfacet
facet normal 0.05019136566444446 -0.10763632356034597 0.9929225793903321
outer loop
vertex 53.40290069580078 -77.43775939941406 -0.4050999879837036
vertex 53.675296783447266 -78.18617248535156 -0.5
vertex 54.540916442871094 -76.90709686279297 -0.4050999879837036
endloop
endfacet
facet normal 0.050192022753163396 -0.10763676225503624 0.9929224986186982
outer loop
vertex 53.675296783447266 -78.18617248535156 -0.5
vertex 54.93913650512695 -77.59683227539062 -0.5
vertex 54.540916442871094 -76.90709686279297 -0.4050999879837036
endloop
endfacet
facet normal -0.008178976196808447 -0.09348864901093483 0.9955867500396349
outer loop
vertex 49.92543029785156 -76.41764068603516 -0.26678499579429626
vertex 49.82674789428711 -76.97730255126953 -0.32014966011047363
vertex 50.53913879394531 -76.41205596923828 -0.2612188160419464
endloop
endfacet
facet normal 1 0 0
outer loop
vertex 55.43913650512695 -77.2467269897461 -0.5
vertex 55.43913650512695 -77.15069580078125 -1
vertex 55.43913650512695 -76.58595275878906 -0.43525782227516174
endloop
endfacet
facet normal 0.5735781035076711 -0.8191508769308272 0
outer loop
vertex 54.93913650512695 -77.59683227539062 -0.5
vertex 54.93913650512695 -77.59683227539062 -1.5
vertex 55.43913650512695 -77.2467269897461 -0.5
endloop
endfacet
facet normal 0.42261948047228126 -0.9063072187317825 0
outer loop
vertex 53.675296783447266 -78.18617248535156 -0.5
vertex 53.675296783447266 -78.18617248535156 -1.5
vertex 54.93913650512695 -77.59683227539062 -0.5
endloop
endfacet
facet normal 1 0 0
outer loop
vertex 55.43913650512695 -77.2467269897461 -0.5
vertex 55.43913650512695 -77.2467269897461 -1.5
vertex 55.43913650512695 -77.15069580078125 -1
endloop
endfacet
facet normal 0.5735781035076711 -0.8191508769308272 0
outer loop
vertex 54.93913650512695 -77.59683227539062 -1.5
vertex 55.43913650512695 -77.2467269897461 -1.5
vertex 55.43913650512695 -77.2467269897461 -0.5
endloop
endfacet
facet normal 0.42261948047228126 -0.9063072187317825 0
outer loop
vertex 53.675296783447266 -78.18617248535156 -1.5
vertex 54.93913650512695 -77.59683227539062 -1.5
vertex 54.93913650512695 -77.59683227539062 -0.5
endloop
endfacet
facet normal 0.008180057581176547 -0.09348900600649414 0.9955867076321813
outer loop
vertex 51.33913803100586 -76.41203308105469 -0.2612164318561554
vertex 51.33913803100586 -77.03962707519531 -0.32014966011047363
vertex 51.95283126831055 -76.41757202148438 -0.2667788565158844
endloop
endfacet
facet normal 0.03965983663274144 -0.08505277030662355 0.9955868237484027
outer loop
vertex 53.1301155090332 -76.68829345703125 -0.32014966011047363
vertex 53.5963249206543 -76.47090148925781 -0.32014966011047363
vertex 53.04220962524414 -76.44677734375 -0.296015202999115
endloop
endfacet
facet normal 0.04492888894219796 -0.09635255199659194 0.9943327313641867
outer loop
vertex 53.1301155090332 -76.68829345703125 -0.32014966011047363
vertex 53.40290069580078 -77.43775939941406 -0.4050999879837036
vertex 53.5963249206543 -76.47090148925781 -0.32014966011047363
endloop
endfacet
facet normal 0.024289022541627375 -0.09064736470564398 0.9955868112103005
outer loop
vertex 51.95283126831055 -76.41757202148438 -0.2667788565158844
vertex 53.1301155090332 -76.68829345703125 -0.32014966011047363
vertex 53.04220962524414 -76.44677734375 -0.296015202999115
endloop
endfacet
facet normal 0.027515766447171405 -0.10269045268577248 0.9943327177177748
outer loop
vertex 53.1301155090332 -76.68829345703125 -0.32014966011047363
vertex 52.19002151489258 -77.76274871826172 -0.4050999879837036
vertex 53.40290069580078 -77.43775939941406 -0.4050999879837036
endloop
endfacet
facet normal 0.030738008060226956 -0.11471604719512055 0.9929226572983497
outer loop
vertex 52.19002151489258 -77.76274871826172 -0.4050999879837036
vertex 52.32832336425781 -78.5470962524414 -0.5
vertex 53.40290069580078 -77.43775939941406 -0.4050999879837036
endloop
endfacet
facet normal 0.030738475336703073 -0.11471649417491271 0.9929225911913739
outer loop
vertex 52.32832336425781 -78.5470962524414 -0.5
vertex 53.675296783447266 -78.18617248535156 -0.5
vertex 53.40290069580078 -77.43775939941406 -0.4050999879837036
endloop
endfacet
facet normal 0.024289025305939207 -0.09064735288341236 0.9955868122192648
outer loop
vertex 51.95283126831055 -76.41757202148438 -0.2667788565158844
vertex 52.0515251159668 -76.97730255126953 -0.32014966011047363
vertex 53.1301155090332 -76.68829345703125 -0.32014966011047363
endloop
endfacet
facet normal 0.027516048159649344 -0.10269069656223719 0.9943326847354654
outer loop
vertex 52.0515251159668 -76.97730255126953 -0.32014966011047363
vertex 52.19002151489258 -77.76274871826172 -0.4050999879837036
vertex 53.1301155090332 -76.68829345703125 -0.32014966011047363
endloop
endfacet
facet normal 0.008178968319705394 -0.09348794073744296 0.9955868166131459
outer loop
vertex 51.33913803100586 -77.03962707519531 -0.32014966011047363
vertex 52.0515251159668 -76.97730255126953 -0.32014966011047363
vertex 51.95283126831055 -76.41757202148438 -0.2667788565158844
endloop
endfacet
facet normal 0.00926555270263327 -0.10590791015493684 0.9943327733207472
outer loop
vertex 51.33913803100586 -77.03962707519531 -0.32014966011047363
vertex 51.33913803100586 -77.83719635009766 -0.4050999879837036
vertex 52.0515251159668 -76.97730255126953 -0.32014966011047363
endloop
endfacet
facet normal 0.009266422844980474 -0.10590862273336107 0.9943326893139843
outer loop
vertex 51.33913803100586 -77.83719635009766 -0.4050999879837036
vertex 52.19002151489258 -77.76274871826172 -0.4050999879837036
vertex 52.0515251159668 -76.97730255126953 -0.32014966011047363
endloop
endfacet
facet normal 0.009264838486777149 -0.10590948931343225 -0.9943326117759499
outer loop
vertex 51.33913803100586 -77.15081024169922 -1.668007731437683
vertex 52.082115173339844 -77.15079498291016 -1.6610865592956543
vertex 52.19002151489258 -77.76274871826172 -1.5949000120162964
endloop
endfacet
facet normal -0.08715346341544244 -0.9961948975048472 0
outer loop
vertex 49.54995346069336 -78.5470962524414 -0.5
vertex 49.54995346069336 -78.5470962524414 -1.5
vertex 50.53913879394531 -78.63363647460938 -0.5
endloop
endfacet
facet normal -0.08715346341544244 -0.9961948975048472 0
outer loop
vertex 49.54995346069336 -78.5470962524414 -1.5
vertex 50.53913879394531 -78.63363647460938 -1.5
vertex 50.53913879394531 -78.63363647460938 -0.5
endloop
endfacet
facet normal -0.25882058733748775 -0.9659254130471346 0
outer loop
vertex 49.54995346069336 -78.5470962524414 -0.5
vertex 48.20297622680664 -78.18617248535156 -1.5
vertex 49.54995346069336 -78.5470962524414 -1.5
endloop
endfacet
facet normal 1 0 0
outer loop
vertex 55.43913650512695 -77.2467269897461 -1.5
vertex 55.43913650512695 -77.15069580078125 -1.5094094276428223
vertex 55.43913650512695 -77.15069580078125 -1
endloop
endfacet
facet normal 0.010351539812745284 -0.11831073792744859 -0.9929226631085464
outer loop
vertex 52.32832336425781 -78.5470962524414 -1.5
vertex 51.33913803100586 -77.83719635009766 -1.5949000120162964
vertex 52.19002151489258 -77.76274871826172 -1.5949000120162964
endloop
endfacet
facet normal 0.010350678969440938 -0.11831191981339857 -0.9929225312555555
outer loop
vertex 51.33913803100586 -77.83719635009766 -1.5949000120162964
vertex 52.32832336425781 -78.5470962524414 -1.5
vertex 51.33913803100586 -78.63363647460938 -1.5
endloop
endfacet
facet normal 0.06812021662014457 -0.09728952820865913 -0.9929221438705863
outer loop
vertex 55.43913650512695 -77.2467269897461 -1.5
vertex 54.68157196044922 -77.15071868896484 -1.5613805055618286
vertex 55.43913650512695 -77.15069580078125 -1.5094094276428223
endloop
endfacet
facet normal 0.06812068858038482 -0.09728600420153194 -0.9929224567778865
outer loop
vertex 54.93913650512695 -77.59683227539062 -1.5
vertex 54.68157196044922 -77.15071868896484 -1.5613805055618286
vertex 55.43913650512695 -77.2467269897461 -1.5
endloop
endfacet
facet normal 0.050190853623437816 -0.10763782720571644 -0.9929224422717934
outer loop
vertex 54.93913650512695 -77.59683227539062 -1.5
vertex 54.01842498779297 -77.1507339477539 -1.5949000120162964
vertex 54.68157196044922 -77.15071868896484 -1.5613805055618286
endloop
endfacet
facet normal 0.05019177742249755 -0.10763595382611461 -0.9929225986566693
outer loop
vertex 54.93913650512695 -77.59683227539062 -1.5
vertex 53.40290069580078 -77.43775939941406 -1.5949000120162964
vertex 54.01842498779297 -77.1507339477539 -1.5949000120162964
endloop
endfacet
facet normal 0.0501917523134086 -0.10763618229714661 -0.9929225751589118
outer loop
vertex 53.675296783447266 -78.18617248535156 -1.5
vertex 53.40290069580078 -77.43775939941406 -1.5949000120162964
vertex 54.93913650512695 -77.59683227539062 -1.5
endloop
endfacet
facet normal 0.04493018385668569 -0.09635249922090557 -0.9943326779667305
outer loop
vertex 53.40290069580078 -77.43775939941406 -1.5949000120162964
vertex 53.298439025878906 -77.1507568359375 -1.6274312734603882
vertex 54.01842498779297 -77.1507339477539 -1.5949000120162964
endloop
endfacet
facet normal 0.027516081439298932 -0.10269123335180165 -0.9943326283768986
outer loop
vertex 53.298439025878906 -77.1507568359375 -1.6274312734603882
vertex 52.19002151489258 -77.76274871826172 -1.5949000120162964
vertex 52.082115173339844 -77.15079498291016 -1.6610865592956543
endloop
endfacet
facet normal 0.030738158599630198 -0.1147166090169944 -0.9929225877285429
outer loop
vertex 53.675296783447266 -78.18617248535156 -1.5
vertex 52.19002151489258 -77.76274871826172 -1.5949000120162964
vertex 53.40290069580078 -77.43775939941406 -1.5949000120162964
endloop
endfacet
facet normal 0.009266320490290315 -0.10590745289204836 -0.9943328148695937
outer loop
vertex 51.33913803100586 -77.83719635009766 -1.5949000120162964
vertex 51.33913803100586 -77.15081024169922 -1.668007731437683
vertex 52.19002151489258 -77.76274871826172 -1.5949000120162964
endloop
endfacet
facet normal -0.01035159671444868 -0.11831191868934979 -0.9929225218220735
outer loop
vertex 50.53913879394531 -78.63363647460938 -1.5
vertex 49.68825149536133 -77.76274871826172 -1.5949000120162964
vertex 50.53913879394531 -77.83719635009766 -1.5949000120162964
endloop
endfacet
facet normal 0.03073833978250938 -0.11471598828443828 -0.9929226538353024
outer loop
vertex 52.32832336425781 -78.5470962524414 -1.5
vertex 52.19002151489258 -77.76274871826172 -1.5949000120162964
vertex 53.675296783447266 -78.18617248535156 -1.5
endloop
endfacet
facet normal 0.027515877064204244 -0.10269086551502071 -0.9943326720213731
outer loop
vertex 52.19002151489258 -77.76274871826172 -1.5949000120162964
vertex 53.298439025878906 -77.1507568359375 -1.6274312734603882
vertex 53.40290069580078 -77.43775939941406 -1.5949000120162964
endloop
endfacet
facet normal -0.009266285675658157 -0.10590752979011735 -0.9943328070035367
outer loop
vertex 49.68825149536133 -77.76274871826172 -1.5949000120162964
vertex 50.53913879394531 -77.15083312988281 -1.668005347251892
vertex 50.53913879394531 -77.83719635009766 -1.5949000120162964
endloop
endfacet
facet normal -0.009265592960786922 -0.10590848168965665 -0.9943327120703999
outer loop
vertex 49.68825149536133 -77.76274871826172 -1.5949000120162964
vertex 49.796146392822266 -77.1508560180664 -1.6610794067382812
vertex 50.53913879394531 -77.15083312988281 -1.668005347251892
endloop
endfacet
facet normal -0.027515492854535153 -0.1026904821875646 -0.9943327222419354
outer loop
vertex 49.68825149536133 -77.76274871826172 -1.5949000120162964
vertex 48.57978820800781 -77.15089416503906 -1.6274160146713257
vertex 49.796146392822266 -77.1508560180664 -1.6610794067382812
endloop
endfacet
facet normal -0.010350594391906024 -0.11831095306227449 -0.992922647330209
outer loop
vertex 49.68825149536133 -77.76274871826172 -1.5949000120162964
vertex 50.53913879394531 -78.63363647460938 -1.5
vertex 49.54995346069336 -78.5470962524414 -1.5
endloop
endfacet
facet normal -0.030738138055674796 -0.11471617154407224 -0.9929226389075542
outer loop
vertex 49.54995346069336 -78.5470962524414 -1.5
vertex 48.47537612915039 -77.43775939941406 -1.5949000120162964
vertex 49.68825149536133 -77.76274871826172 -1.5949000120162964
endloop
endfacet
facet normal -0.027516203887422944 -0.10269176225553853 -0.9943325703649045
outer loop
vertex 48.47537612915039 -77.43775939941406 -1.5949000120162964
vertex 48.57978820800781 -77.15089416503906 -1.6274160146713257
vertex 49.68825149536133 -77.76274871826172 -1.5949000120162964
endloop
endfacet
facet normal -0.03966038018342439 -0.0850537843478481 0.9955867154657179
outer loop
vertex 48.83601379394531 -76.44691467285156 -0.29602861404418945
vertex 48.28227615356445 -76.47105407714844 -0.32014966011047363
vertex 48.7481575012207 -76.68829345703125 -0.32014966011047363
endloop
endfacet
facet normal -0.04492938619336802 -0.09635344660082266 0.9943326222066887
outer loop
vertex 48.28227615356445 -76.47105407714844 -0.32014966011047363
vertex 47.33735656738281 -76.90709686279297 -0.4050999879837036
vertex 48.7481575012207 -76.68829345703125 -0.32014966011047363
endloop
endfacet
facet normal -0.04493012705988846 -0.09635186446424204 0.9943327420419417
outer loop
vertex 48.28227615356445 -76.47105407714844 -0.32014966011047363
vertex 47.568477630615234 -76.50679016113281 -0.35586637258529663
vertex 47.33735656738281 -76.90709686279297 -0.4050999879837036
endloop
endfacet
facet normal -0.044929531090142506 -0.09635254376009462 0.9943327031466778
outer loop
vertex 47.33735656738281 -76.90709686279297 -0.4050999879837036
vertex 48.47537612915039 -77.43775939941406 -0.4050999879837036
vertex 48.7481575012207 -76.68829345703125 -0.32014966011047363
endloop
endfacet
facet normal -0.030738209004710124 -0.11471643632919659 0.9929226061194862
outer loop
vertex 48.47537612915039 -77.43775939941406 -0.4050999879837036
vertex 48.20297622680664 -78.18617248535156 -0.5
vertex 49.68825149536133 -77.76274871826172 -0.4050999879837036
endloop
endfacet
facet normal -0.05019165176549849 -0.10763596667221456 0.9929226036160064
outer loop
vertex 48.47537612915039 -77.43775939941406 -0.4050999879837036
vertex 46.93913650512695 -77.59683227539062 -0.5
vertex 48.20297622680664 -78.18617248535156 -0.5
endloop
endfacet
facet normal -0.06097834436056847 -0.08708626762302428 0.9943327529104806
outer loop
vertex 47.568477630615234 -76.50679016113281 -0.35586637258529663
vertex 46.836002349853516 -76.55604553222656 -0.4050999879837036
vertex 47.33735656738281 -76.90709686279297 -0.4050999879837036
endloop
endfacet
facet normal -0.05019153336632978 -0.10763704400481873 0.9929224928141376
outer loop
vertex 47.33735656738281 -76.90709686279297 -0.4050999879837036
vertex 46.93913650512695 -77.59683227539062 -0.5
vertex 48.47537612915039 -77.43775939941406 -0.4050999879837036
endloop
endfacet
facet normal -0.06812034217420407 -0.09728611708570532 0.9929224694831192
outer loop
vertex 46.836002349853516 -76.55604553222656 -0.4050999879837036
vertex 46.43913650512695 -77.2467269897461 -0.5
vertex 47.33735656738281 -76.90709686279297 -0.4050999879837036
endloop
endfacet
facet normal -0.06811991255808046 -0.097286364660101 0.9929224746999643
outer loop
vertex 46.836002349853516 -76.55604553222656 -0.4050999879837036
vertex 46.43913650512695 -76.58624267578125 -0.43528586626052856
vertex 46.43913650512695 -77.2467269897461 -0.5
endloop
endfacet
facet normal -0.06812049328025564 -0.09728572528524992 0.9929224975047032
outer loop
vertex 46.43913650512695 -77.2467269897461 -0.5
vertex 46.93913650512695 -77.59683227539062 -0.5
vertex 47.33735656738281 -76.90709686279297 -0.4050999879837036
endloop
endfacet
facet normal -0.25882058733748775 -0.9659254130471346 0
outer loop
vertex 48.20297622680664 -78.18617248535156 -0.5
vertex 48.20297622680664 -78.18617248535156 -1.5
vertex 49.54995346069336 -78.5470962524414 -0.5
endloop
endfacet
facet normal 0.010350590115886993 -0.11831090418586529 0.9929226531986144
outer loop
vertex 51.33913803100586 -78.63363647460938 -0.5
vertex 52.32832336425781 -78.5470962524414 -0.5
vertex 52.19002151489258 -77.76274871826172 -0.4050999879837036
endloop
endfacet
facet normal 0.010351643117954003 -0.1183119186325124 0.9929225213450708
outer loop
vertex 51.33913803100586 -77.83719635009766 -0.4050999879837036
vertex 51.33913803100586 -78.63363647460938 -0.5
vertex 52.19002151489258 -77.76274871826172 -0.4050999879837036
endloop
endfacet
facet normal -1 0 0
outer loop
vertex 46.43913650512695 -76.58624267578125 -0.43528586626052856
vertex 46.43913650512695 -77.15095520019531 -1
vertex 46.43913650512695 -77.2467269897461 -0.5
endloop
endfacet
facet normal -0.5735781035076711 -0.8191508769308272 0
outer loop
vertex 46.43913650512695 -77.2467269897461 -0.5
vertex 46.43913650512695 -77.2467269897461 -1.5
vertex 46.93913650512695 -77.59683227539062 -0.5
endloop
endfacet
facet normal -0.42261948047228126 -0.9063072187317825 0
outer loop
vertex 46.93913650512695 -77.59683227539062 -0.5
vertex 46.93913650512695 -77.59683227539062 -1.5
vertex 48.20297622680664 -78.18617248535156 -0.5
endloop
endfacet
facet normal -0.42261948047228126 -0.9063072187317825 0
outer loop
vertex 46.93913650512695 -77.59683227539062 -1.5
vertex 48.20297622680664 -78.18617248535156 -1.5
vertex 48.20297622680664 -78.18617248535156 -0.5
endloop
endfacet
facet normal -1 0 0
outer loop
vertex 46.43913650512695 -77.15095520019531 -1
vertex 46.43913650512695 -77.2467269897461 -1.5
vertex 46.43913650512695 -77.2467269897461 -0.5
endloop
endfacet
facet normal -0.5735781035076711 -0.8191508769308272 0
outer loop
vertex 46.43913650512695 -77.2467269897461 -1.5
vertex 46.93913650512695 -77.59683227539062 -1.5
vertex 46.93913650512695 -77.59683227539062 -0.5
endloop
endfacet
facet normal -1 0 0
outer loop
vertex 46.43913650512695 -77.15095520019531 -1
vertex 46.43913650512695 -77.15095520019531 -1.5093841552734375
vertex 46.43913650512695 -77.2467269897461 -1.5
endloop
endfacet
facet normal -0.04493042534211525 -0.09635340350309618 -0.994332579428003
outer loop
vertex 47.860225677490234 -77.15090942382812 -1.5949000120162964
vertex 48.57978820800781 -77.15089416503906 -1.6274160146713257
vertex 48.47537612915039 -77.43775939941406 -1.5949000120162964
endloop
endfacet
facet normal -0.030738358281302572 -0.11471638220394974 -0.9929226077515849
outer loop
vertex 48.20297622680664 -78.18617248535156 -1.5
vertex 48.47537612915039 -77.43775939941406 -1.5949000120162964
vertex 49.54995346069336 -78.5470962524414 -1.5
endloop
endfacet
facet normal -0.05019167426332873 -0.10763601491879783 -0.9929225972486698
outer loop
vertex 47.860225677490234 -77.15090942382812 -1.5949000120162964
vertex 48.20297622680664 -78.18617248535156 -1.5
vertex 46.93913650512695 -77.59683227539062 -1.5
endloop
endfacet
facet normal -0.05019159226021765 -0.10763598841292327 -0.9929226042671991
outer loop
vertex 48.20297622680664 -78.18617248535156 -1.5
vertex 47.860225677490234 -77.15090942382812 -1.5949000120162964
vertex 48.47537612915039 -77.43775939941406 -1.5949000120162964
endloop
endfacet
facet normal -0.06812040566418456 -0.09728560015707466 -0.9929225157756393
outer loop
vertex 46.93913650512695 -77.59683227539062 -1.5
vertex 46.43913650512695 -77.2467269897461 -1.5
vertex 47.19657897949219 -77.15093231201172 -1.56135094165802
endloop
endfacet
facet normal -0.25882058733748775 -0.9659254130471346 0
outer loop
vertex -65.42559814453125 -73.5470962524414 -0.5
vertex -66.77257537841797 -73.18617248535156 -1.5
vertex -65.42559814453125 -73.5470962524414 -1.5
endloop
endfacet
facet normal -0.009265627246703552 -0.10590876221492196 0.9943326818715296
outer loop
vertex -65.14879608154297 -71.97730255126953 -0.32014966011047363
vertex -65.28729248046875 -72.76274871826172 -0.4050999879837036
vertex -64.43640899658203 -72.03962707519531 -0.32014966011047363
endloop
endfacet
facet normal -0.08715312987075319 -0.9961949266854011 0
outer loop
vertex -65.42559814453125 -73.5470962524414 -0.5
vertex -65.42559814453125 -73.5470962524414 -1.5
vertex -64.43640899658203 -73.63363647460938 -0.5
endloop
endfacet
facet normal -0.06812067849088278 -0.09728598979229214 0.9929224588818987
outer loop
vertex -68.53640747070312 -72.2467269897461 -0.5
vertex -68.03640747070312 -72.59683227539062 -0.5
vertex -67.63819122314453 -71.90709686279297 -0.4050999879837036
endloop
endfacet
facet normal -0.06812133672283296 -0.09728571858071931 0.9929224402959818
outer loop
vertex -68.53640747070312 -71.5787353515625 -0.4345507323741913
vertex -68.53640747070312 -72.2467269897461 -0.5
vertex -68.14875030517578 -71.54959869384766 -0.4050999879837036
endloop
endfacet
facet normal -0.010350639057482123 -0.11831191986228023 0.9929225316657906
outer loop
vertex -64.43640899658203 -72.83719635009766 -0.4050999879837036
vertex -65.42559814453125 -73.5470962524414 -0.5
vertex -64.43640899658203 -73.63363647460938 -0.5
endloop
endfacet
facet normal -0.25882058733748775 -0.9659254130471346 0
outer loop
vertex -66.77257537841797 -73.18617248535156 -0.5
vertex -66.77257537841797 -73.18617248535156 -1.5
vertex -65.42559814453125 -73.5470962524414 -0.5
endloop
endfacet
facet normal -0.5735781035076711 -0.8191508769308272 0
outer loop
vertex -68.53640747070312 -72.2467269897461 -0.5
vertex -68.53640747070312 -72.2467269897461 -1.5
vertex -68.03640747070312 -72.59683227539062 -0.5
endloop
endfacet
facet normal -0.42262157603364314 -0.9063062415490911 0
outer loop
vertex -68.03640747070312 -72.59683227539062 -0.5
vertex -68.03640747070312 -72.59683227539062 -1.5
vertex -66.77257537841797 -73.18617248535156 -0.5
endloop
endfacet
facet normal -0.42262157603364314 -0.9063062415490911 0
outer loop
vertex -66.77257537841797 -73.18617248535156 -1.5
vertex -66.77257537841797 -73.18617248535156 -0.5
vertex -68.03640747070312 -72.59683227539062 -1.5
endloop
endfacet
facet normal -0.5735781035076711 -0.8191508769308272 0
outer loop
vertex -68.53640747070312 -72.2467269897461 -1.5
vertex -68.03640747070312 -72.59683227539062 -1.5
vertex -68.03640747070312 -72.59683227539062 -0.5
endloop
endfacet
facet normal 1 0 0
outer loop
vertex -59.53641128540039 -72.2467269897461 -1.5
vertex -59.53641128540039 -72.15141296386719 -1.5093389749526978
vertex -59.53641128540039 -72.15141296386719 -1
endloop
endfacet
facet normal -0.06812063128213786 -0.09728611219857154 0.9929224501274055
outer loop
vertex -68.14875030517578 -71.54959869384766 -0.4050999879837036
vertex -68.53640747070312 -72.2467269897461 -0.5
vertex -67.63819122314453 -71.90709686279297 -0.4050999879837036
endloop
endfacet
facet normal 0.06812182736730153 -0.09728763055075233 -0.9929222192991554
outer loop
vertex -59.53641128540039 -72.15141296386719 -1.5093389749526978
vertex -59.53641128540039 -72.2467269897461 -1.5
vertex -60.03641128540039 -72.59683227539062 -1.5
endloop
endfacet
facet normal 0.06812060269017661 -0.09728626038084866 -0.9929224375701441
outer loop
vertex -60.03641128540039 -72.59683227539062 -1.5
vertex -60.29392623901367 -72.15081024169922 -1.5613682270050049
vertex -59.53641128540039 -72.15141296386719 -1.5093389749526978
endloop
endfacet
facet normal 0.050191389331350415 -0.10763785434665579 -0.99292241225014
outer loop
vertex -60.03641128540039 -72.59683227539062 -1.5
vertex -60.95613098144531 -72.15027618408203 -1.5949000120162964
vertex -60.29392623901367 -72.15081024169922 -1.5613682270050049
endloop
endfacet
facet normal -0.05019176655141126 -0.10763718326995338 0.9929224659298221
outer loop
vertex -67.63819122314453 -71.90709686279297 -0.4050999879837036
vertex -68.03640747070312 -72.59683227539062 -0.5
vertex -66.50017547607422 -72.43775939941406 -0.4050999879837036
endloop
endfacet
facet normal -0.060978323031768276 -0.08708586318848294 0.9943327896398418
outer loop
vertex -67.40323638916016 -71.5001449584961 -0.3550494313240051
vertex -68.14875030517578 -71.54959869384766 -0.4050999879837036
vertex -67.63819122314453 -71.90709686279297 -0.4050999879837036
endloop
endfacet
facet normal -0.050191910651603625 -0.1076358720861934 0.9929226007828535
outer loop
vertex -66.50017547607422 -72.43775939941406 -0.4050999879837036
vertex -68.03640747070312 -72.59683227539062 -0.5
vertex -66.77257537841797 -73.18617248535156 -0.5
endloop
endfacet
facet normal -0.030738032773694746 -0.11471650022767149 0.992922604192652
outer loop
vertex -66.50017547607422 -72.43775939941406 -0.4050999879837036
vertex -66.77257537841797 -73.18617248535156 -0.5
vertex -65.28729248046875 -72.76274871826172 -0.4050999879837036
endloop
endfacet
facet normal -0.044929479518324794 -0.09635211018492362 0.9943327474910623
outer loop
vertex -67.63819122314453 -71.90709686279297 -0.4050999879837036
vertex -66.50017547607422 -72.43775939941406 -0.4050999879837036
vertex -66.22738647460938 -71.68829345703125 -0.32014966011047363
endloop
endfacet
facet normal 0.0501916198152813 -0.10763738791521593 -0.9929224511627821
outer loop
vertex -60.03641128540039 -72.59683227539062 -1.5
vertex -61.57264709472656 -72.43775939941406 -1.5949000120162964
vertex -60.95613098144531 -72.15027618408203 -1.5949000120162964
endloop
endfacet
facet normal 0.0501917523134086 -0.10763618229714661 -0.9929225751589118
outer loop
vertex -61.30025100708008 -73.18617248535156 -1.5
vertex -61.57264709472656 -72.43775939941406 -1.5949000120162964
vertex -60.03641128540039 -72.59683227539062 -1.5
endloop
endfacet
facet normal 0.06811995214201037 -0.09728638881637705 0.9929224696174617
outer loop
vertex -59.53641128540039 -72.2467269897461 -0.5
vertex -59.53641128540039 -71.58675384521484 -0.4353359341621399
vertex -59.933494567871094 -71.55619812011719 -0.4050999879837036
endloop
endfacet
facet normal 0.06812066858233713 -0.09728597564148372 0.992922460948175
outer loop
vertex -59.933494567871094 -71.55619812011719 -0.4050999879837036
vertex -60.03641128540039 -72.59683227539062 -0.5
vertex -59.53641128540039 -72.2467269897461 -0.5
endloop
endfacet
facet normal 0.060978323103464245 -0.08708632081079835 0.9943327495557652
outer loop
vertex -60.43463134765625 -71.90709686279297 -0.4050999879837036
vertex -59.933494567871094 -71.55619812011719 -0.4050999879837036
vertex -60.66602325439453 -71.50631713867188 -0.3558083176612854
endloop
endfacet
facet normal 0.04492962875875167 -0.09635289511258208 -0.9943326646867358
outer loop
vertex -61.57264709472656 -72.43775939941406 -1.5949000120162964
vertex -61.67749786376953 -72.14969635009766 -1.6275516748428345
vertex -60.95613098144531 -72.15027618408203 -1.5949000120162964
endloop
endfacet
facet normal 0.027515969585808552 -0.10269121081106937 -0.994332633800133
outer loop
vertex -61.57264709472656 -72.43775939941406 -1.5949000120162964
vertex -62.785526275634766 -72.76274871826172 -1.5949000120162964
vertex -61.67749786376953 -72.14969635009766 -1.6275516748428345
endloop
endfacet
facet normal 0.030738158599630198 -0.1147166090169944 -0.9929225877285429
outer loop
vertex -61.30025100708008 -73.18617248535156 -1.5
vertex -62.785526275634766 -72.76274871826172 -1.5949000120162964
vertex -61.57264709472656 -72.43775939941406 -1.5949000120162964
endloop
endfacet
facet normal 0.03073833978250938 -0.11471598828443828 -0.9929226538353024
outer loop
vertex -62.64722442626953 -73.5470962524414 -1.5
vertex -62.785526275634766 -72.76274871826172 -1.5949000120162964
vertex -61.30025100708008 -73.18617248535156 -1.5
endloop
endfacet
facet normal 0.027515897832345256 -0.102691081938774 -0.994332649095223
outer loop
vertex -62.785526275634766 -72.76274871826172 -1.5949000120162964
vertex -62.893795013427734 -72.14871978759766 -1.6613107919692993
vertex -61.67749786376953 -72.14969635009766 -1.6275516748428345
endloop
endfacet
facet normal 0.009265953122491231 -0.10590900641676114 -0.994332652824268
outer loop
vertex -62.785526275634766 -72.76274871826172 -1.5949000120162964
vertex -63.636409759521484 -72.14812469482422 -1.6682944297790527
vertex -62.893795013427734 -72.14871978759766 -1.6613107919692993
endloop
endfacet
facet normal 0.010351539812745284 -0.11831073792744859 -0.9929226631085464
outer loop
vertex -62.64722442626953 -73.5470962524414 -1.5
vertex -63.636409759521484 -72.83719635009766 -1.5949000120162964
vertex -62.785526275634766 -72.76274871826172 -1.5949000120162964
endloop
endfacet
facet normal 0.010350678969440938 -0.11831191981339857 -0.9929225312555555
outer loop
vertex -63.636409759521484 -72.83719635009766 -1.5949000120162964
vertex -62.64722442626953 -73.5470962524414 -1.5
vertex -63.636409759521484 -73.63363647460938 -1.5
endloop
endfacet
facet normal 0.009266402610557419 -0.10590839146829649 -0.9943327141350913
outer loop
vertex -63.636409759521484 -72.83719635009766 -1.5949000120162964
vertex -63.636409759521484 -72.14812469482422 -1.6682944297790527
vertex -62.785526275634766 -72.76274871826172 -1.5949000120162964
endloop
endfacet
facet normal -0.010351643117954003 -0.1183119186325124 -0.9929225213450708
outer loop
vertex -64.43640899658203 -73.63363647460938 -1.5
vertex -65.28729248046875 -72.76274871826172 -1.5949000120162964
vertex -64.43640899658203 -72.83719635009766 -1.5949000120162964
endloop
endfacet
facet normal -0.009266321952730631 -0.10590746960670108 -0.9943328130756693
outer loop
vertex -65.28729248046875 -72.76274871826172 -1.5949000120162964
vertex -64.43640899658203 -72.14747619628906 -1.6683628559112549
vertex -64.43640899658203 -72.83719635009766 -1.5949000120162964
endloop
endfacet
facet normal -0.027515737830225984 -0.1026906688630696 -0.9943326961837843
outer loop
vertex -65.28729248046875 -72.76274871826172 -1.5949000120162964
vertex -66.50017547607422 -72.43775939941406 -1.5949000120162964
vertex -65.17870330810547 -72.14688110351562 -1.6615092754364014
endloop
endfacet
facet normal -0.009265549423141586 -0.10590852539953834 -0.9943327078204672
outer loop
vertex -65.28729248046875 -72.76274871826172 -1.5949000120162964
vertex -65.17870330810547 -72.14688110351562 -1.6615092754364014
vertex -64.43640899658203 -72.14747619628906 -1.6683628559112549
endloop
endfacet
facet normal -0.04492951603338507 -0.096351686998183 0.9943327868483517
outer loop
vertex -66.70451354980469 -71.46580505371094 -0.32014966011047363
vertex -67.40323638916016 -71.5001449584961 -0.3550494313240051
vertex -67.63819122314453 -71.90709686279297 -0.4050999879837036
endloop
endfacet
facet normal -0.04492956323392016 -0.09635158855781151 0.9943327942545169
outer loop
vertex -66.70451354980469 -71.46580505371094 -0.32014966011047363
vertex -67.63819122314453 -71.90709686279297 -0.4050999879837036
vertex -66.22738647460938 -71.68829345703125 -0.32014966011047363
endloop
endfacet
facet normal -0.027515936678644687 -0.10268978512624981 -0.9943327819494947
outer loop
vertex -66.50017547607422 -72.43775939941406 -1.5949000120162964
vertex -66.3939437866211 -72.14590454101562 -1.6279810667037964
vertex -65.17870330810547 -72.14688110351562 -1.6615092754364014
endloop
endfacet
facet normal 0.06812014405953361 -0.09728592747919172 0.9929225016524814
outer loop
vertex -60.43463134765625 -71.90709686279297 -0.4050999879837036
vertex -60.03641128540039 -72.59683227539062 -0.5
vertex -59.933494567871094 -71.55619812011719 -0.4050999879837036
endloop
endfacet
facet normal 0.04492973663996353 -0.09635204074611316 0.9943327426015514
outer loop
vertex -61.377479553222656 -71.47008514404297 -0.32014966011047363
vertex -60.43463134765625 -71.90709686279297 -0.4050999879837036
vertex -60.66602325439453 -71.50631713867188 -0.3558083176612854
endloop
endfacet
facet normal 0.04492959126918106 -0.09635234983672754 0.994332719218937
outer loop
vertex -61.377479553222656 -71.47008514404297 -0.32014966011047363
vertex -61.57264709472656 -72.43775939941406 -0.4050999879837036
vertex -60.43463134765625 -71.90709686279297 -0.4050999879837036
endloop
endfacet
facet normal 0.05019136566444446 -0.10763632356034597 0.9929225793903321
outer loop
vertex -61.57264709472656 -72.43775939941406 -0.4050999879837036
vertex -61.30025100708008 -73.18617248535156 -0.5
vertex -60.43463134765625 -71.90709686279297 -0.4050999879837036
endloop
endfacet
facet normal 0.050192022753163396 -0.10763676225503624 0.9929224986186982
outer loop
vertex -61.30025100708008 -73.18617248535156 -0.5
vertex -60.03641128540039 -72.59683227539062 -0.5
vertex -60.43463134765625 -71.90709686279297 -0.4050999879837036
endloop
endfacet
facet normal -0.010350546526129717 -0.11831086219213156 -0.9929226586567379
outer loop
vertex -65.28729248046875 -72.76274871826172 -1.5949000120162964
vertex -64.43640899658203 -73.63363647460938 -1.5
vertex -65.42559814453125 -73.5470962524414 -1.5
endloop
endfacet
facet normal -0.030737878065877647 -0.1147159228472169 -0.9929226756889574
outer loop
vertex -65.42559814453125 -73.5470962524414 -1.5
vertex -66.50017547607422 -72.43775939941406 -1.5949000120162964
vertex -65.28729248046875 -72.76274871826172 -1.5949000120162964
endloop
endfacet
facet normal -0.044929478560615195 -0.09635146662391093 -0.9943328098960089
outer loop
vertex -67.1273193359375 -72.14531707763672 -1.5949000120162964
vertex -66.3939437866211 -72.14590454101562 -1.6279810667037964
vertex -66.50017547607422 -72.43775939941406 -1.5949000120162964
endloop
endfacet
facet normal -0.030738358281302572 -0.11471638220394974 -0.9929226077515849
outer loop
vertex -66.77257537841797 -73.18617248535156 -1.5
vertex -66.50017547607422 -72.43775939941406 -1.5949000120162964
vertex -65.42559814453125 -73.5470962524414 -1.5
endloop
endfacet
facet normal 0.024288505337120535 -0.09064952976680539 0.9955866266988252
outer loop
vertex -63.02314376831055 -71.4151611328125 -0.26654893159866333
vertex -61.84543228149414 -71.68829345703125 -0.32014966011047363
vertex -61.93385314941406 -71.44536590576172 -0.29587364196777344
endloop
endfacet
facet normal 0.00817928557090245 -0.09348829210647214 0.995586781012366
outer loop
vertex -63.636409759521484 -71.4090576171875 -0.26093748211860657
vertex -63.636409759521484 -72.03962707519531 -0.32014966011047363
vertex -63.02314376831055 -71.4151611328125 -0.26654893159866333
endloop
endfacet
facet normal 0.0396611283011858 -0.08505419862652991 0.9955866502710228
outer loop
vertex -61.84543228149414 -71.68829345703125 -0.32014966011047363
vertex -61.377479553222656 -71.47008514404297 -0.32014966011047363
vertex -61.93385314941406 -71.44536590576172 -0.29587364196777344
endloop
endfacet
facet normal 0.044929494592617074 -0.09635233088302733 0.9943327254239697
outer loop
vertex -61.57264709472656 -72.43775939941406 -0.4050999879837036
vertex -61.377479553222656 -71.47008514404297 -0.32014966011047363
vertex -61.84543228149414 -71.68829345703125 -0.32014966011047363
endloop
endfacet
facet normal -0.05019155064590848 -0.10763600361702859 -0.9929226047226009
outer loop
vertex -66.77257537841797 -73.18617248535156 -1.5
vertex -67.1273193359375 -72.14531707763672 -1.5949000120162964
vertex -66.50017547607422 -72.43775939941406 -1.5949000120162964
endloop
endfacet
facet normal 0.027515766447171405 -0.10269045268577248 0.9943327177177748
outer loop
vertex -61.84543228149414 -71.68829345703125 -0.32014966011047363
vertex -62.785526275634766 -72.76274871826172 -0.4050999879837036
vertex -61.57264709472656 -72.43775939941406 -0.4050999879837036
endloop
endfacet
facet normal 0.030738008060226956 -0.11471604719512055 0.9929226572983497
outer loop
vertex -62.785526275634766 -72.76274871826172 -0.4050999879837036
vertex -62.64722442626953 -73.5470962524414 -0.5
vertex -61.57264709472656 -72.43775939941406 -0.4050999879837036
endloop
endfacet
facet normal 0.030738475336703073 -0.11471649417491271 0.9929225911913739
outer loop
vertex -62.64722442626953 -73.5470962524414 -0.5
vertex -61.30025100708008 -73.18617248535156 -0.5
vertex -61.57264709472656 -72.43775939941406 -0.4050999879837036
endloop
endfacet
facet normal 0.024289021763530146 -0.09064733966303813 0.9955868135093918
outer loop
vertex -63.02314376831055 -71.4151611328125 -0.26654893159866333
vertex -62.92402267456055 -71.97730255126953 -0.32014966011047363
vertex -61.84543228149414 -71.68829345703125 -0.32014966011047363
endloop
endfacet
facet normal 0.027516048159649344 -0.10269069656223719 0.9943326847354654
outer loop
vertex -62.92402267456055 -71.97730255126953 -0.32014966011047363
vertex -62.785526275634766 -72.76274871826172 -0.4050999879837036
vertex -61.84543228149414 -71.68829345703125 -0.32014966011047363
endloop
endfacet
facet normal 0.008178972386052507 -0.09348798721695027 0.9955868122152038
outer loop
vertex -63.636409759521484 -72.03962707519531 -0.32014966011047363
vertex -62.92402267456055 -71.97730255126953 -0.32014966011047363
vertex -63.02314376831055 -71.4151611328125 -0.26654893159866333
endloop
endfacet
facet normal -0.03966136403583798 -0.08505391893811247 0.9955866647741348
outer loop
vertex -66.13760375976562 -71.44161224365234 -0.2954987585544586
vertex -66.70451354980469 -71.46580505371094 -0.32014966011047363
vertex -66.22738647460938 -71.68829345703125 -0.32014966011047363
endloop
endfacet
facet normal -0.050191090677207915 -0.10763806696927167 -0.9929224042974109
outer loop
vertex -67.1273193359375 -72.14531707763672 -1.5949000120162964
vertex -68.03640747070312 -72.59683227539062 -1.5
vertex -67.77542877197266 -72.1447982788086 -1.562195062637329
endloop
endfacet
facet normal -0.06812095441582569 -0.09728638385224242 -0.9929224013418325
outer loop
vertex -68.53640747070312 -72.2467269897461 -1.5
vertex -67.77542877197266 -72.1447982788086 -1.562195062637329
vertex -68.03640747070312 -72.59683227539062 -1.5
endloop
endfacet
facet normal -0.03073821897355187 -0.11471586230366661 0.9929226721302421
outer loop
vertex -65.28729248046875 -72.76274871826172 -0.4050999879837036
vertex -66.77257537841797 -73.18617248535156 -0.5
vertex -65.42559814453125 -73.5470962524414 -0.5
endloop
endfacet
facet normal -0.010351535535945007 -0.11831068904666313 0.9929226689774747
outer loop
vertex -65.28729248046875 -72.76274871826172 -0.4050999879837036
vertex -65.42559814453125 -73.5470962524414 -0.5
vertex -64.43640899658203 -72.83719635009766 -0.4050999879837036
endloop
endfacet
facet normal -0.02751575899277922 -0.10269074784320673 0.9943326874414087
outer loop
vertex -66.50017547607422 -72.43775939941406 -0.4050999879837036
vertex -65.28729248046875 -72.76274871826172 -0.4050999879837036
vertex -65.14879608154297 -71.97730255126953 -0.32014966011047363
endloop
endfacet
facet normal 0.00926555270263327 -0.10590791015493684 0.9943327733207472
outer loop
vertex -63.636409759521484 -72.03962707519531 -0.32014966011047363
vertex -63.636409759521484 -72.83719635009766 -0.4050999879837036
vertex -62.92402267456055 -71.97730255126953 -0.32014966011047363
endloop
endfacet
facet normal 0.009266422844980474 -0.10590862273336107 0.9943326893139843
outer loop
vertex -63.636409759521484 -72.83719635009766 -0.4050999879837036
vertex -62.785526275634766 -72.76274871826172 -0.4050999879837036
vertex -62.92402267456055 -71.97730255126953 -0.32014966011047363
endloop
endfacet
facet normal 0.010351643117954003 -0.1183119186325124 0.9929225213450708
outer loop
vertex -63.636409759521484 -72.83719635009766 -0.4050999879837036
vertex -63.636409759521484 -73.63363647460938 -0.5
vertex -62.785526275634766 -72.76274871826172 -0.4050999879837036
endloop
endfacet
facet normal 0.010350590115886993 -0.11831090418586529 0.9929226531986144
outer loop
vertex -63.636409759521484 -73.63363647460938 -0.5
vertex -62.64722442626953 -73.5470962524414 -0.5
vertex -62.785526275634766 -72.76274871826172 -0.4050999879837036
endloop
endfacet
facet normal -0.06812036382348274 -0.09729056767849337 -0.99292203192061
outer loop
vertex -68.53640747070312 -72.2467269897461 -1.5
vertex -68.53640747070312 -72.1441879272461 -1.510047197341919
vertex -67.77542877197266 -72.1447982788086 -1.562195062637329
endloop
endfacet
facet normal -0.05019204941774238 -0.1076361696682971 -0.9929225615093981
outer loop
vertex -68.03640747070312 -72.59683227539062 -1.5
vertex -67.1273193359375 -72.14531707763672 -1.5949000120162964
vertex -66.77257537841797 -73.18617248535156 -1.5
endloop
endfacet
facet normal -0.027515929833758366 -0.10269025496655108 0.9943327336160106
outer loop
vertex -66.22738647460938 -71.68829345703125 -0.32014966011047363
vertex -66.50017547607422 -72.43775939941406 -0.4050999879837036
vertex -65.14879608154297 -71.97730255126953 -0.32014966011047363
endloop
endfacet
facet normal -0.024289396969098733 -0.09064873994119467 0.9955866768604085
outer loop
vertex -66.13760375976562 -71.44161224365234 -0.2954987585544586
vertex -66.22738647460938 -71.68829345703125 -0.32014966011047363
vertex -65.14879608154297 -71.97730255126953 -0.32014966011047363
endloop
endfacet
facet normal 1 0 0
outer loop
vertex -59.53641128540039 -72.2467269897461 -0.5
vertex -59.53641128540039 -72.15141296386719 -1
vertex -59.53641128540039 -71.58675384521484 -0.4353359341621399
endloop
endfacet
facet normal 0.5735781035076711 -0.8191508769308272 0
outer loop
vertex -60.03641128540039 -72.59683227539062 -0.5
vertex -60.03641128540039 -72.59683227539062 -1.5
vertex -59.53641128540039 -72.2467269897461 -0.5
endloop
endfacet
facet normal 0.42261948047228126 -0.9063072187317825 0
outer loop
vertex -61.30025100708008 -73.18617248535156 -0.5
vertex -61.30025100708008 -73.18617248535156 -1.5
vertex -60.03641128540039 -72.59683227539062 -0.5
endloop
endfacet
facet normal -1 0 0
outer loop
vertex -68.53640747070312 -72.1441879272461 -1
vertex -68.53640747070312 -72.2467269897461 -0.5
vertex -68.53640747070312 -71.5787353515625 -0.4345507323741913
endloop
endfacet
facet normal -1 0 0
outer loop
vertex -68.53640747070312 -72.1441879272461 -1
vertex -68.53640747070312 -72.2467269897461 -1.5
vertex -68.53640747070312 -72.2467269897461 -0.5
endloop
endfacet
facet normal 1 0 0
outer loop
vertex -59.53641128540039 -72.2467269897461 -0.5
vertex -59.53641128540039 -72.2467269897461 -1.5
vertex -59.53641128540039 -72.15141296386719 -1
endloop
endfacet
facet normal 0.5735781035076711 -0.8191508769308272 0
outer loop
vertex -60.03641128540039 -72.59683227539062 -1.5
vertex -59.53641128540039 -72.2467269897461 -1.5
vertex -59.53641128540039 -72.2467269897461 -0.5
endloop
endfacet
facet normal 0.42261948047228126 -0.9063072187317825 0
outer loop
vertex -61.30025100708008 -73.18617248535156 -1.5
vertex -60.03641128540039 -72.59683227539062 -1.5
vertex -60.03641128540039 -72.59683227539062 -0.5
endloop
endfacet
facet normal 0.2588212712285562 -0.9659252297976455 0
outer loop
vertex -62.64722442626953 -73.5470962524414 -0.5
vertex -62.64722442626953 -73.5470962524414 -1.5
vertex -61.30025100708008 -73.18617248535156 -0.5
endloop
endfacet
facet normal 0.08715346341544244 -0.9961948975048472 0
outer loop
vertex -63.636409759521484 -73.63363647460938 -0.5
vertex -63.636409759521484 -73.63363647460938 -1.5
vertex -62.64722442626953 -73.5470962524414 -0.5
endloop
endfacet
facet normal 0.2588212712285562 -0.9659252297976455 0
outer loop
vertex -62.64722442626953 -73.5470962524414 -1.5
vertex -61.30025100708008 -73.18617248535156 -1.5
vertex -61.30025100708008 -73.18617248535156 -0.5
endloop
endfacet
facet normal 0.08715346341544244 -0.9961948975048472 0
outer loop
vertex -62.64722442626953 -73.5470962524414 -1.5
vertex -62.64722442626953 -73.5470962524414 -0.5
vertex -63.636409759521484 -73.63363647460938 -1.5
endloop
endfacet
facet normal -1 0 0
outer loop
vertex -68.53640747070312 -72.1441879272461 -1.510047197341919
vertex -68.53640747070312 -72.2467269897461 -1.5
vertex -68.53640747070312 -72.1441879272461 -1
endloop
endfacet
facet normal -0.008179378700525361 -0.09348773681554097 0.9955868323904156
outer loop
vertex -65.04936218261719 -71.41336059570312 -0.26637738943099976
vertex -65.14879608154297 -71.97730255126953 -0.32014966011047363
vertex -64.43640899658203 -71.4083480834961 -0.26087090373039246
endloop
endfacet
facet normal -0.024288645615769253 -0.09064735967704435 0.9955868208638221
outer loop
vertex -65.04936218261719 -71.41336059570312 -0.26637738943099976
vertex -66.13760375976562 -71.44161224365234 -0.2954987585544586
vertex -65.14879608154297 -71.97730255126953 -0.32014966011047363
endloop
endfacet
facet normal -0.008178992412699645 -0.09348821612723916 0.995586790555429
outer loop
vertex -65.14879608154297 -71.97730255126953 -0.32014966011047363
vertex -64.43640899658203 -72.03962707519531 -0.32014966011047363
vertex -64.43640899658203 -71.4083480834961 -0.26087090373039246
endloop
endfacet
facet normal -0.009266360428923093 -0.10590790936221621 0.9943327658781671
outer loop
vertex -64.43640899658203 -72.03962707519531 -0.32014966011047363
vertex -65.28729248046875 -72.76274871826172 -0.4050999879837036
vertex -64.43640899658203 -72.83719635009766 -0.4050999879837036
endloop
endfacet
facet normal -0.08715312987075319 -0.9961949266854011 0
outer loop
vertex -65.42559814453125 -73.5470962524414 -1.5
vertex -64.43640899658203 -73.63363647460938 -1.5
vertex -64.43640899658203 -73.63363647460938 -0.5
endloop
endfacet
facet normal 1 0 0
outer loop
vertex 50.53913879394531 -76.15083312988281 0
vertex 50.53913879394531 -76.41205596923828 -0.2612188160419464
vertex 50.53913879394531 -75.9686279296875 0
endloop
endfacet
facet normal -1 0 0
outer loop
vertex 56.93913650512695 -74.4686279296875 -5
vertex 56.93913650512695 -77.15065002441406 -5
vertex 56.93913650512695 -75.4686279296875 -4
endloop
endfacet
facet normal -0.0071918335720697335 0.9999741384305255 0
outer loop
vertex 56.63047790527344 -75.93057250976562 0
vertex 51.33913803100586 -75.9686279296875 -4
vertex 51.33913803100586 -75.9686279296875 0
endloop
endfacet
facet normal 0 0 -1
outer loop
vertex 51.33913803100586 -75.9686279296875 -4
vertex 56.93913650512695 -77.15065002441406 -4
vertex 51.33913803100586 -77.15081024169922 -4
endloop
endfacet
facet normal 0.19506689606419184 0.9807899398239573 0
outer loop
vertex 45.24779510498047 -75.93057250976562 0
vertex 45.43913650512695 -75.9686279296875 0
vertex 45.43913650512695 -75.9686279296875 -4
endloop
endfacet
facet normal -1 0 0
outer loop
vertex 51.33913803100586 -76.41203308105469 -0.2612164318561554
vertex 51.33913803100586 -77.15081024169922 -1.668007731437683
vertex 51.33913803100586 -77.03962707519531 -0.32014966011047363
endloop
endfacet
facet normal -1 0 0
outer loop
vertex 51.33913803100586 -77.15081024169922 -1.668007731437683
vertex 51.33913803100586 -77.83719635009766 -0.4050999879837036
vertex 51.33913803100586 -77.03962707519531 -0.32014966011047363
endloop
endfacet
facet normal -1 0 0
outer loop
vertex 51.33913803100586 -77.83719635009766 -0.4050999879837036
vertex 51.33913803100586 -78.63363647460938 -1.5
vertex 51.33913803100586 -78.63363647460938 -0.5
endloop
endfacet
facet normal -1 0 0
outer loop
vertex 51.33913803100586 -77.83719635009766 -1.5949000120162964
vertex 51.33913803100586 -78.63363647460938 -1.5
vertex 51.33913803100586 -77.83719635009766 -0.4050999879837036
endloop
endfacet
facet normal 1 0 0
outer loop
vertex 50.53913879394531 -76.41205596923828 -0.2612188160419464
vertex 50.53913879394531 -77.83719635009766 -1.5949000120162964
vertex 50.53913879394531 -75.9686279296875 0
endloop
endfacet
facet normal -1 0 0
outer loop
vertex 51.33913803100586 -77.15081024169922 -1.668007731437683
vertex 51.33913803100586 -76.41203308105469 -0.2612164318561554
vertex 51.33913803100586 -75.9686279296875 -4
endloop
endfacet
facet normal 1 0 0
outer loop
vertex 50.53913879394531 -77.15083312988281 -1.668005347251892
vertex 50.53913879394531 -75.9686279296875 -4
vertex 50.53913879394531 -75.9686279296875 0
endloop
endfacet
facet normal 0 0 1
outer loop
vertex 44.93913650512695 -77.15099334716797 -5
vertex 44.977195739746094 -74.27729034423828 -5
vertex 44.93913650512695 -74.4686279296875 -5
endloop
endfacet
facet normal 0 0 1
outer loop
vertex 45.24779510498047 -74.0066909790039 -5
vertex 44.93913650512695 -77.15099334716797 -5
vertex 56.63047790527344 -74.0066909790039 -5
endloop
endfacet
facet normal 0 0 1
outer loop
vertex 56.93913650512695 -77.15065002441406 -5
vertex 56.93913650512695 -74.4686279296875 -5
vertex 44.93913650512695 -77.15099334716797 -5
endloop
endfacet
facet normal 0 0 1
outer loop
vertex 44.93913650512695 -77.15099334716797 -5
vertex 56.93913650512695 -74.4686279296875 -5
vertex 56.90107727050781 -74.27729034423828 -5
endloop
endfacet
facet normal 0 0 1
outer loop
vertex 44.93913650512695 -77.15099334716797 -5
vertex 56.90107727050781 -74.27729034423828 -5
vertex 56.79269027709961 -74.11507415771484 -5
endloop
endfacet
facet normal 0 1 0
outer loop
vertex 50.53913879394531 -75.9686279296875 0
vertex 45.43913650512695 -75.9686279296875 -4
vertex 45.43913650512695 -75.9686279296875 0
endloop
endfacet
facet normal 0 0 1
outer loop
vertex 56.63047790527344 -74.0066909790039 -5
vertex 44.93913650512695 -77.15099334716797 -5
vertex 56.79269027709961 -74.11507415771484 -5
endloop
endfacet
facet normal 1 0 0
outer loop
vertex 44.93913650512695 -77.15099334716797 -4
vertex 44.93913650512695 -77.15099334716797 -5
vertex 44.93913650512695 -74.4686279296875 -5
endloop
endfacet
facet normal 1 0 0
outer loop
vertex 44.93913650512695 -77.15099334716797 -4
vertex 44.93913650512695 -74.4686279296875 -5
vertex 44.93913650512695 -75.4686279296875 -4
endloop
endfacet
facet normal 0 0 -1
outer loop
vertex 44.93913650512695 -77.15099334716797 -4
vertex 44.977195739746094 -75.65997314453125 -4
vertex 45.0855827331543 -75.82218170166016 -4
endloop
endfacet
facet normal 0 0 -1
outer loop
vertex 44.93913650512695 -77.15099334716797 -4
vertex 45.0855827331543 -75.82218170166016 -4
vertex 45.24779510498047 -75.93057250976562 -4
endloop
endfacet
facet normal 0 0 -1
outer loop
vertex 44.93913650512695 -77.15099334716797 -4
vertex 45.24779510498047 -75.93057250976562 -4
vertex 45.43913650512695 -75.9686279296875 -4
endloop
endfacet
facet normal 0 0 -1
outer loop
vertex 44.977195739746094 -75.65997314453125 -4
vertex 44.93913650512695 -77.15099334716797 -4
vertex 44.93913650512695 -75.4686279296875 -4
endloop
endfacet
facet normal 1 0 0
outer loop
vertex 50.53913879394531 -77.03962707519531 -0.32014966011047363
vertex 50.53913879394531 -77.83719635009766 -1.5949000120162964
vertex 50.53913879394531 -76.41205596923828 -0.2612188160419464
endloop
endfacet
facet normal 0 0 -1
outer loop
vertex 45.43913650512695 -75.9686279296875 -4
vertex 50.53913879394531 -75.9686279296875 -4
vertex 44.93913650512695 -77.15099334716797 -4
endloop
endfacet
facet normal 1 0 0
outer loop
vertex 50.53913879394531 -78.63363647460938 -0.5
vertex 50.53913879394531 -78.63363647460938 -1.5
vertex 50.53913879394531 -77.83719635009766 -0.4050999879837036
endloop
endfacet
facet normal 0 0 -1
outer loop
vertex 44.93913650512695 -77.15099334716797 -4
vertex 50.53913879394531 -75.9686279296875 -4
vertex 50.53913879394531 -77.15083312988281 -4
endloop
endfacet
facet normal 1 0 0
outer loop
vertex 50.53913879394531 -77.83719635009766 -1.5949000120162964
vertex 50.53913879394531 -77.15083312988281 -1.668005347251892
vertex 50.53913879394531 -75.9686279296875 0
endloop
endfacet
facet normal 1 0 0
outer loop
vertex 50.53913879394531 -78.63363647460938 -1.5
vertex 50.53913879394531 -77.83719635009766 -1.5949000120162964
vertex 50.53913879394531 -77.83719635009766 -0.4050999879837036
endloop
endfacet
facet normal 0.980785454467839 -0.19508944693220684 0
outer loop
vertex 44.93913650512695 -74.4686279296875 -5
vertex 44.977195739746094 -74.27729034423828 -5
vertex 44.977195739746094 -74.27729034423828 0
endloop
endfacet
facet normal 0.8314752881755461 -0.5555617383814266 0
outer loop
vertex 44.977195739746094 -74.27729034423828 -5
vertex 45.0855827331543 -74.11507415771484 -5
vertex 45.0855827331543 -74.11507415771484 0
endloop
endfacet
facet normal -0.9807869428222868 0.19508196428504695 0
outer loop
vertex 56.93913650512695 -75.4686279296875 0
vertex 56.93913650512695 -75.4686279296875 -4
vertex 56.90107727050781 -75.65997314453125 0
endloop
endfacet
facet normal -0.83146321751404 0.5555798033776966 0
outer loop
vertex 56.90107727050781 -75.65997314453125 0
vertex 56.90107727050781 -75.65997314453125 -4
vertex 56.79269027709961 -75.82218170166016 0
endloop
endfacet
facet normal -0.5555842886150507 0.8314602204820793 0
outer loop
vertex 56.79269027709961 -75.82218170166016 0
vertex 56.79269027709961 -75.82218170166016 -4
vertex 56.63047790527344 -75.93057250976562 0
endloop
endfacet
facet normal -0.980785454467839 -0.19508944693220684 0
outer loop
vertex 56.90107727050781 -74.27729034423828 0
vertex 56.90107727050781 -74.27729034423828 -5
vertex 56.93913650512695 -74.4686279296875 0
endloop
endfacet
facet normal -0.8314752881755461 -0.5555617383814266 0
outer loop
vertex 56.79269027709961 -74.11507415771484 0
vertex 56.79269027709961 -74.11507415771484 -5
vertex 56.90107727050781 -74.27729034423828 0
endloop
endfacet
facet normal -1 0 0
outer loop
vertex 56.93913650512695 -74.4686279296875 0
vertex 56.93913650512695 -74.4686279296875 -5
vertex 56.93913650512695 -75.4686279296875 0
endloop
endfacet
facet normal -0.5555572524753821 -0.8314782854783428 0
outer loop
vertex 56.63047790527344 -74.0066909790039 0
vertex 56.63047790527344 -74.0066909790039 -5
vertex 56.79269027709961 -74.11507415771484 0
endloop
endfacet
facet normal 0.5555572524753821 -0.8314782854783428 0
outer loop
vertex 45.0855827331543 -74.11507415771484 -5
vertex 45.24779510498047 -74.0066909790039 -5
vertex 45.24779510498047 -74.0066909790039 0
endloop
endfacet
facet normal 1 0 0
outer loop
vertex 44.93913650512695 -75.4686279296875 -4
vertex 44.93913650512695 -74.4686279296875 -5
vertex 44.93913650512695 -74.4686279296875 0
endloop
endfacet
facet normal 0.5555842886150507 0.8314602204820793 0
outer loop
vertex 45.24779510498047 -75.93057250976562 -4
vertex 45.0855827331543 -75.82218170166016 -4
vertex 45.0855827331543 -75.82218170166016 0
endloop
endfacet
facet normal 0.83146321751404 0.5555798033776966 0
outer loop
vertex 45.0855827331543 -75.82218170166016 -4
vertex 44.977195739746094 -75.65997314453125 -4
vertex 44.977195739746094 -75.65997314453125 0
endloop
endfacet
facet normal 0.5555842886150507 0.8314602204820793 0
outer loop
vertex 45.24779510498047 -75.93057250976562 0
vertex 45.24779510498047 -75.93057250976562 -4
vertex 45.0855827331543 -75.82218170166016 0
endloop
endfacet
facet normal 1 0 0
outer loop
vertex 44.93913650512695 -74.4686279296875 0
vertex 44.93913650512695 -75.4686279296875 0
vertex 44.93913650512695 -75.4686279296875 -4
endloop
endfacet
facet normal 0.83146321751404 0.5555798033776966 0
outer loop
vertex 45.0855827331543 -75.82218170166016 0
vertex 45.0855827331543 -75.82218170166016 -4
vertex 44.977195739746094 -75.65997314453125 0
endloop
endfacet
facet normal 0.9807869428222868 0.19508196428504695 0
outer loop
vertex 44.93913650512695 -75.4686279296875 0
vertex 44.977195739746094 -75.65997314453125 0
vertex 44.977195739746094 -75.65997314453125 -4
endloop
endfacet
facet normal 0.5555572524753821 -0.8314782854783428 0
outer loop
vertex 45.24779510498047 -74.0066909790039 0
vertex 45.0855827331543 -74.11507415771484 0
vertex 45.0855827331543 -74.11507415771484 -5
endloop
endfacet
facet normal 0.9807869428222868 0.19508196428504695 0
outer loop
vertex 44.977195739746094 -75.65997314453125 -4
vertex 44.93913650512695 -75.4686279296875 -4
vertex 44.93913650512695 -75.4686279296875 0
endloop
endfacet
facet normal 0.19506689606419184 0.9807899398239573 0
outer loop
vertex 45.43913650512695 -75.9686279296875 -4
vertex 45.24779510498047 -75.93057250976562 -4
vertex 45.24779510498047 -75.93057250976562 0
endloop
endfacet
facet normal 0.8314752881755461 -0.5555617383814266 0
outer loop
vertex 45.0855827331543 -74.11507415771484 0
vertex 44.977195739746094 -74.27729034423828 0
vertex 44.977195739746094 -74.27729034423828 -5
endloop
endfacet
facet normal 0.980785454467839 -0.19508944693220684 0
outer loop
vertex 44.977195739746094 -74.27729034423828 0
vertex 44.93913650512695 -74.4686279296875 0
vertex 44.93913650512695 -74.4686279296875 -5
endloop
endfacet
facet normal 0 0 1
outer loop
vertex 45.0855827331543 -74.11507415771484 -5
vertex 44.93913650512695 -77.15099334716797 -5
vertex 45.24779510498047 -74.0066909790039 -5
endloop
endfacet
facet normal 1 0 0
outer loop
vertex 50.53913879394531 -77.83719635009766 -0.4050999879837036
vertex 50.53913879394531 -77.83719635009766 -1.5949000120162964
vertex 50.53913879394531 -77.03962707519531 -0.32014966011047363
endloop
endfacet
facet normal 0 0 1
outer loop
vertex 44.977195739746094 -74.27729034423828 -5
vertex 44.93913650512695 -77.15099334716797 -5
vertex 45.0855827331543 -74.11507415771484 -5
endloop
endfacet
facet normal -1 0 0
outer loop
vertex 51.33913803100586 -76.15081024169922 0
vertex 51.33913803100586 -75.9686279296875 0
vertex 51.33913803100586 -75.9686279296875 -4
endloop
endfacet
facet normal -0.9807869428222868 0.19508196428504695 0
outer loop
vertex 56.93913650512695 -75.4686279296875 -4
vertex 56.90107727050781 -75.65997314453125 -4
vertex 56.90107727050781 -75.65997314453125 0
endloop
endfacet
facet normal -0.83146321751404 0.5555798033776966 0
outer loop
vertex 56.90107727050781 -75.65997314453125 -4
vertex 56.79269027709961 -75.82218170166016 -4
vertex 56.79269027709961 -75.82218170166016 0
endloop
endfacet
facet normal -0.5555842886150507 0.8314602204820793 0
outer loop
vertex 56.79269027709961 -75.82218170166016 -4
vertex 56.63047790527344 -75.93057250976562 -4
vertex 56.63047790527344 -75.93057250976562 0
endloop
endfacet
facet normal -0.0071918335720697335 0.9999741384305255 0
outer loop
vertex 56.63047790527344 -75.93057250976562 -4
vertex 51.33913803100586 -75.9686279296875 -4
vertex 56.63047790527344 -75.93057250976562 0
endloop
endfacet
facet normal -1 0 0
outer loop
vertex 56.93913650512695 -74.4686279296875 -5
vertex 56.93913650512695 -75.4686279296875 -4
vertex 56.93913650512695 -75.4686279296875 0
endloop
endfacet
facet normal -0.8314752881755461 -0.5555617383814266 0
outer loop
vertex 56.79269027709961 -74.11507415771484 -5
vertex 56.90107727050781 -74.27729034423828 -5
vertex 56.90107727050781 -74.27729034423828 0
endloop
endfacet
facet normal -0.980785454467839 -0.19508944693220684 0
outer loop
vertex 56.90107727050781 -74.27729034423828 -5
vertex 56.93913650512695 -74.4686279296875 -5
vertex 56.93913650512695 -74.4686279296875 0
endloop
endfacet
facet normal -1 0 0
outer loop
vertex 51.33913803100586 -76.41203308105469 -0.2612164318561554
vertex 51.33913803100586 -76.15081024169922 0
vertex 51.33913803100586 -75.9686279296875 -4
endloop
endfacet
facet normal -0.5555572524753821 -0.8314782854783428 0
outer loop
vertex 56.63047790527344 -74.0066909790039 -5
vertex 56.79269027709961 -74.11507415771484 -5
vertex 56.79269027709961 -74.11507415771484 0
endloop
endfacet
facet normal 0 1 0
outer loop
vertex 50.53913879394531 -75.9686279296875 -4
vertex 45.43913650512695 -75.9686279296875 -4
vertex 50.53913879394531 -75.9686279296875 0
endloop
endfacet
facet normal -1 0 0
outer loop
vertex 51.33913803100586 -75.9686279296875 -4
vertex 51.33913803100586 -77.15081024169922 -4
vertex 51.33913803100586 -77.15081024169922 -1.668007731437683
endloop
endfacet
facet normal 0 -1 0
outer loop
vertex 45.24779510498047 -74.0066909790039 -5
vertex 56.63047790527344 -74.0066909790039 -5
vertex 45.24779510498047 -74.0066909790039 0
endloop
endfacet
facet normal 1 0 0
outer loop
vertex 50.53913879394531 -77.15083312988281 -1.668005347251892
vertex 50.53913879394531 -77.15083312988281 -4
vertex 50.53913879394531 -75.9686279296875 -4
endloop
endfacet
facet normal 0 0 -1
outer loop
vertex 56.93913650512695 -75.4686279296875 -4
vertex 56.93913650512695 -77.15065002441406 -4
vertex 56.90107727050781 -75.65997314453125 -4
endloop
endfacet
facet normal 0 0 -1
outer loop
vertex 56.93913650512695 -77.15065002441406 -4
vertex 56.79269027709961 -75.82218170166016 -4
vertex 56.90107727050781 -75.65997314453125 -4
endloop
endfacet
facet normal 0 -1 0
outer loop
vertex 45.24779510498047 -74.0066909790039 0
vertex 56.63047790527344 -74.0066909790039 -5
vertex 56.63047790527344 -74.0066909790039 0
endloop
endfacet
facet normal -1 0 0
outer loop
vertex 51.33913803100586 -77.15081024169922 -1.668007731437683
vertex 51.33913803100586 -77.83719635009766 -1.5949000120162964
vertex 51.33913803100586 -77.83719635009766 -0.4050999879837036
endloop
endfacet
facet normal 0 0 -1
outer loop
vertex 56.93913650512695 -77.15065002441406 -4
vertex 56.63047790527344 -75.93057250976562 -4
vertex 56.79269027709961 -75.82218170166016 -4
endloop
endfacet
facet normal 0 0 -1
outer loop
vertex 56.93913650512695 -77.15065002441406 -4
vertex 51.33913803100586 -75.9686279296875 -4
vertex 56.63047790527344 -75.93057250976562 -4
endloop
endfacet
facet normal -1 0 0
outer loop
vertex 56.93913650512695 -77.15065002441406 -5
vertex 56.93913650512695 -77.15065002441406 -4
vertex 56.93913650512695 -75.4686279296875 -4
endloop
endfacet
facet normal -1 0 0
outer loop
vertex -63.636409759521484 -72.14812469482422 -1.6682944297790527
vertex -63.636409759521484 -71.4090576171875 -0.26093748211860657
vertex -63.636409759521484 -70.9686279296875 -4
endloop
endfacet
facet normal 1 0 0
outer loop
vertex -64.43640899658203 -72.14747619628906 -1.6683628559112549
vertex -64.43640899658203 -72.14747619628906 -4
vertex -64.43640899658203 -70.9686279296875 0
endloop
endfacet
facet normal 0 1 0
outer loop
vertex -64.43640899658203 -70.9686279296875 0
vertex -69.53640747070312 -70.9686279296875 -4
vertex -69.53640747070312 -70.9686279296875 0
endloop
endfacet
facet normal -1 0 0
outer loop
vertex -63.636409759521484 -72.83719635009766 -1.5949000120162964
vertex -63.636409759521484 -72.83719635009766 -0.4050999879837036
vertex -63.636409759521484 -72.14812469482422 -1.6682944297790527
endloop
endfacet
facet normal 1 0 0
outer loop
vertex -64.43640899658203 -72.83719635009766 -1.5949000120162964
vertex -64.43640899658203 -72.14747619628906 -1.6683628559112549
vertex -64.43640899658203 -72.03962707519531 -0.32014966011047363
endloop
endfacet
facet normal -1 0 0
outer loop
vertex -63.636409759521484 -71.4090576171875 -0.26093748211860657
vertex -63.636409759521484 -71.14812469482422 0
vertex -63.636409759521484 -70.9686279296875 -4
endloop
endfacet
facet normal -1 0 0
outer loop
vertex -63.636409759521484 -71.14812469482422 0
vertex -63.636409759521484 -70.9686279296875 0
vertex -63.636409759521484 -70.9686279296875 -4
endloop
endfacet
facet normal -1 0 0
outer loop
vertex -58.03641128540039 -69.66419219970703 0
vertex -58.03641128540039 -70.4686279296875 -4
vertex -58.03641128540039 -70.4686279296875 0
endloop
endfacet
facet normal -0.9807869428222868 0.19508196428504695 0
outer loop
vertex -58.03641128540039 -70.4686279296875 -4
vertex -58.07447052001953 -70.65997314453125 0
vertex -58.03641128540039 -70.4686279296875 0
endloop
endfacet
facet normal -0.0071918335720697335 0.9999741384305255 0
outer loop
vertex -58.345069885253906 -70.93057250976562 0
vertex -63.636409759521484 -70.9686279296875 -4
vertex -63.636409759521484 -70.9686279296875 0
endloop
endfacet
facet normal -0.83146321751404 0.5555798033776966 0
outer loop
vertex -58.07447052001953 -70.65997314453125 0
vertex -58.07447052001953 -70.65997314453125 -4
vertex -58.182857513427734 -70.82218170166016 0
endloop
endfacet
facet normal -0.5555842886150507 0.8314602204820793 0
outer loop
vertex -58.182857513427734 -70.82218170166016 0
vertex -58.182857513427734 -70.82218170166016 -4
vertex -58.345069885253906 -70.93057250976562 0
endloop
endfacet
facet normal -1 0 0
outer loop
vertex -58.03641128540039 -69.66419219970703 -4.099999904632568
vertex -58.03641128540039 -70.4686279296875 -4
vertex -58.03641128540039 -69.66419219970703 0
endloop
endfacet
facet normal -0.9807869428222868 0.19508196428504695 0
outer loop
vertex -58.03641128540039 -70.4686279296875 -4
vertex -58.07447052001953 -70.65997314453125 -4
vertex -58.07447052001953 -70.65997314453125 0
endloop
endfacet
facet normal -0.83146321751404 0.5555798033776966 0
outer loop
vertex -58.07447052001953 -70.65997314453125 -4
vertex -58.182857513427734 -70.82218170166016 -4
vertex -58.182857513427734 -70.82218170166016 0
endloop
endfacet
facet normal -0.5555842886150507 0.8314602204820793 0
outer loop
vertex -58.182857513427734 -70.82218170166016 -4
vertex -58.345069885253906 -70.93057250976562 -4
vertex -58.345069885253906 -70.93057250976562 0
endloop
endfacet
facet normal 0 0 -1
outer loop
vertex -58.03641128540039 -70.4686279296875 -4
vertex -58.03641128540039 -72.15261840820312 -4
vertex -58.07447052001953 -70.65997314453125 -4
endloop
endfacet
facet normal 0 0 -1
outer loop
vertex -58.03641128540039 -72.15261840820312 -4
vertex -58.182857513427734 -70.82218170166016 -4
vertex -58.07447052001953 -70.65997314453125 -4
endloop
endfacet
facet normal 0 0 -1
outer loop
vertex -58.345069885253906 -70.93057250976562 -4
vertex -58.182857513427734 -70.82218170166016 -4
vertex -58.03641128540039 -72.15261840820312 -4
endloop
endfacet
facet normal -0.980785454467839 -0.19508944693220684 0
outer loop
vertex -58.07447052001953 -69.27729034423828 -4.099999904632568
vertex -58.07447052001953 -69.27729034423828 -5
vertex -58.03641128540039 -69.4686279296875 -4.099999904632568
endloop
endfacet
facet normal -1 0 0
outer loop
vertex -58.03641128540039 -69.4686279296875 -4.099999904632568
vertex -58.03641128540039 -69.4686279296875 -5
vertex -58.03641128540039 -69.66419219970703 -4.099999904632568
endloop
endfacet
facet normal -1 0 0
outer loop
vertex -58.03641128540039 -69.4686279296875 -5
vertex -58.03641128540039 -70.4686279296875 -4
vertex -58.03641128540039 -69.66419219970703 -4.099999904632568
endloop
endfacet
facet normal -0.831475288175546 -0.5555617383814266 0
outer loop
vertex -58.182857513427734 -69.11507415771484 -4.099999904632568
vertex -58.182857513427734 -69.11507415771484 -5
vertex -58.07447052001953 -69.27729034423828 -4.099999904632568
endloop
endfacet
facet normal 1 0 0
outer loop
vertex -64.43640899658203 -73.63363647460938 -1.5
vertex -64.43640899658203 -72.83719635009766 -1.5949000120162964
vertex -64.43640899658203 -72.83719635009766 -0.4050999879837036
endloop
endfacet
facet normal -1 0 0
outer loop
vertex -63.636409759521484 -72.83719635009766 -0.4050999879837036
vertex -63.636409759521484 -72.83719635009766 -1.5949000120162964
vertex -63.636409759521484 -73.63363647460938 -1.5
endloop
endfacet
facet normal -0.5555572524753821 -0.8314782854783427 0
outer loop
vertex -58.345069885253906 -69.0066909790039 -4.099999904632568
vertex -58.345069885253906 -69.0066909790039 -5
vertex -58.182857513427734 -69.11507415771484 -4.099999904632568
endloop
endfacet
facet normal 0.19506315514312336 0.9807906838391206 0
outer loop
vertex -69.53640747070312 -70.9686279296875 -4
vertex -69.72775268554688 -70.93057250976562 0
vertex -69.53640747070312 -70.9686279296875 0
endloop
endfacet
facet normal 1 0 0
outer loop
vertex -70.03640747070312 -70.4686279296875 0
vertex -70.03640747070312 -69.66205596923828 -4.099999904632568
vertex -70.03640747070312 -69.66205596923828 0
endloop
endfacet
facet normal 0.9807906838391206 0.19506315514312336 0
outer loop
vertex -69.99835205078125 -70.65997314453125 0
vertex -69.99835205078125 -70.65997314453125 -4
vertex -70.03640747070312 -70.4686279296875 0
endloop
endfacet
facet normal 0.5555933212507748 0.8314541847760064 0
outer loop
vertex -69.72775268554688 -70.93057250976562 0
vertex -69.72775268554688 -70.93057250976562 -4
vertex -69.88996124267578 -70.82218170166016 0
endloop
endfacet
facet normal 0.8314541847760064 0.5555933212507748 0
outer loop
vertex -69.88996124267578 -70.82218170166016 0
vertex -69.88996124267578 -70.82218170166016 -4
vertex -69.99835205078125 -70.65997314453125 0
endloop
endfacet
facet normal 1 0 0
outer loop
vertex -64.43640899658203 -73.63363647460938 -0.5
vertex -64.43640899658203 -73.63363647460938 -1.5
vertex -64.43640899658203 -72.83719635009766 -0.4050999879837036
endloop
endfacet
facet normal -0.0071918335720697335 0.9999741384305255 0
outer loop
vertex -58.345069885253906 -70.93057250976562 -4
vertex -63.636409759521484 -70.9686279296875 -4
vertex -58.345069885253906 -70.93057250976562 0
endloop
endfacet
facet normal 1 0 0
outer loop
vertex -64.43640899658203 -72.14747619628906 -4
vertex -64.43640899658203 -70.9686279296875 -4
vertex -64.43640899658203 -70.9686279296875 0
endloop
endfacet
facet normal 0 1 0
outer loop
vertex -64.43640899658203 -70.9686279296875 -4
vertex -69.53640747070312 -70.9686279296875 -4
vertex -64.43640899658203 -70.9686279296875 0
endloop
endfacet
facet normal -1 0 0
outer loop
vertex -63.636409759521484 -70.9686279296875 -4
vertex -63.636409759521484 -72.14812469482422 -4
vertex -63.636409759521484 -72.14812469482422 -1.6682944297790527
endloop
endfacet
facet normal 0 0 -1
outer loop
vertex -58.03641128540039 -72.15261840820312 -4
vertex -63.636409759521484 -70.9686279296875 -4
vertex -58.345069885253906 -70.93057250976562 -4
endloop
endfacet
facet normal 0 0 -1
outer loop
vertex -63.636409759521484 -72.14812469482422 -4
vertex -63.636409759521484 -70.9686279296875 -4
vertex -58.03641128540039 -72.15261840820312 -4
endloop
endfacet
facet normal 0 -1 0
outer loop
vertex -58.53641128540039 -68.9686279296875 -4.099999904632568
vertex -69.53640747070312 -68.9686279296875 -5
vertex -58.53641128540039 -68.9686279296875 -5
endloop
endfacet
facet normal 0 0 -1
outer loop
vertex -64.43640899658203 -72.14747619628906 -4
vertex -69.53640747070312 -70.9686279296875 -4
vertex -64.43640899658203 -70.9686279296875 -4
endloop
endfacet
facet normal 0 0 -1
outer loop
vertex -64.43640899658203 -72.14747619628906 -4
vertex -70.03640747070312 -72.14298248291016 -4
vertex -69.53640747070312 -70.9686279296875 -4
endloop
endfacet
facet normal 0 -1 0
outer loop
vertex -69.53640747070312 -68.9686279296875 -4.099999904632568
vertex -69.53640747070312 -68.9686279296875 -5
vertex -58.53641128540039 -68.9686279296875 -4.099999904632568
endloop
endfacet
facet normal 0.19506315514312336 0.9807906838391206 0
outer loop
vertex -69.72775268554688 -70.93057250976562 -4
vertex -69.72775268554688 -70.93057250976562 0
vertex -69.53640747070312 -70.9686279296875 -4
endloop
endfacet
facet normal 0.8314541847760064 0.5555933212507748 0
outer loop
vertex -69.88996124267578 -70.82218170166016 -4
vertex -69.99835205078125 -70.65997314453125 -4
vertex -69.99835205078125 -70.65997314453125 0
endloop
endfacet
facet normal 1 0 0
outer loop
vertex -70.03640747070312 -70.4686279296875 0
vertex -70.03640747070312 -70.4686279296875 -4
vertex -70.03640747070312 -69.66205596923828 -4.099999904632568
endloop
endfacet
facet normal 0.9807906838391206 0.19506315514312336 0
outer loop
vertex -69.99835205078125 -70.65997314453125 -4
vertex -70.03640747070312 -70.4686279296875 -4
vertex -70.03640747070312 -70.4686279296875 0
endloop
endfacet
facet normal 0.5555933212507748 0.8314541847760064 0
outer loop
vertex -69.72775268554688 -70.93057250976562 -4
vertex -69.88996124267578 -70.82218170166016 -4
vertex -69.88996124267578 -70.82218170166016 0
endloop
endfacet
facet normal 0 0 -1
outer loop
vertex -69.88996124267578 -70.82218170166016 -4
vertex -70.03640747070312 -72.14298248291016 -4
vertex -69.99835205078125 -70.65997314453125 -4
endloop
endfacet
facet normal 0 0 -1
outer loop
vertex -70.03640747070312 -72.14298248291016 -4
vertex -69.88996124267578 -70.82218170166016 -4
vertex -69.72775268554688 -70.93057250976562 -4
endloop
endfacet
facet normal 0 0 -1
outer loop
vertex -70.03640747070312 -72.14298248291016 -4
vertex -70.03640747070312 -70.4686279296875 -4
vertex -69.99835205078125 -70.65997314453125 -4
endloop
endfacet
facet normal 0 0 -1
outer loop
vertex -70.03640747070312 -72.14298248291016 -4
vertex -69.72775268554688 -70.93057250976562 -4
vertex -69.53640747070312 -70.9686279296875 -4
endloop
endfacet
facet normal 0.19510077321173105 -0.9807832014732842 0
outer loop
vertex -69.72775268554688 -69.0066909790039 -4.099999904632568
vertex -69.72775268554688 -69.0066909790039 -5
vertex -69.53640747070312 -68.9686279296875 -4.099999904632568
endloop
endfacet
facet normal 0.555566285064051 -0.8314722502285505 0
outer loop
vertex -69.88996124267578 -69.11507415771484 -4.099999904632568
vertex -69.88996124267578 -69.11507415771484 -5
vertex -69.72775268554688 -69.0066909790039 -4.099999904632568
endloop
endfacet
facet normal 0.8314662558937794 -0.5555752562074557 0
outer loop
vertex -69.99835205078125 -69.27729034423828 -4.099999904632568
vertex -69.99835205078125 -69.27729034423828 -5
vertex -69.88996124267578 -69.11507415771484 -4.099999904632568
endloop
endfacet
facet normal 0.9807891957659867 -0.19507063712591177 0
outer loop
vertex -70.03640747070312 -69.4686279296875 -4.099999904632568
vertex -70.03640747070312 -69.4686279296875 -5
vertex -69.99835205078125 -69.27729034423828 -4.099999904632568
endloop
endfacet
facet normal 1 0 0
outer loop
vertex -70.03640747070312 -69.66205596923828 -4.099999904632568
vertex -70.03640747070312 -69.4686279296875 -5
vertex -70.03640747070312 -69.4686279296875 -4.099999904632568
endloop
endfacet
facet normal 1 0 0
outer loop
vertex -70.03640747070312 -70.4686279296875 -4
vertex -70.03640747070312 -69.4686279296875 -5
vertex -70.03640747070312 -69.66205596923828 -4.099999904632568
endloop
endfacet
facet normal 0.19510077321173105 -0.9807832014732842 0
outer loop
vertex -69.72775268554688 -69.0066909790039 -5
vertex -69.53640747070312 -68.9686279296875 -5
vertex -69.53640747070312 -68.9686279296875 -4.099999904632568
endloop
endfacet
facet normal 0.555566285064051 -0.8314722502285505 0
outer loop
vertex -69.88996124267578 -69.11507415771484 -5
vertex -69.72775268554688 -69.0066909790039 -5
vertex -69.72775268554688 -69.0066909790039 -4.099999904632568
endloop
endfacet
facet normal 0.8314662558937794 -0.5555752562074557 0
outer loop
vertex -69.99835205078125 -69.27729034423828 -5
vertex -69.88996124267578 -69.11507415771484 -5
vertex -69.88996124267578 -69.11507415771484 -4.099999904632568
endloop
endfacet
facet normal 0.9807891957659867 -0.19507063712591177 0
outer loop
vertex -70.03640747070312 -69.4686279296875 -5
vertex -69.99835205078125 -69.27729034423828 -5
vertex -69.99835205078125 -69.27729034423828 -4.099999904632568
endloop
endfacet
facet normal 1 0 0
outer loop
vertex -70.03640747070312 -70.4686279296875 -4
vertex -70.03640747070312 -72.14298248291016 -5
vertex -70.03640747070312 -69.4686279296875 -5
endloop
endfacet
facet normal 1 0 0
outer loop
vertex -70.03640747070312 -72.14298248291016 -4
vertex -70.03640747070312 -72.14298248291016 -5
vertex -70.03640747070312 -70.4686279296875 -4
endloop
endfacet
facet normal 0 0 1
outer loop
vertex -58.345069885253906 -69.0066909790039 -5
vertex -70.03640747070312 -72.14298248291016 -5
vertex -58.182857513427734 -69.11507415771484 -5
endloop
endfacet
facet normal 0 0 1
outer loop
vertex -58.53641128540039 -68.9686279296875 -5
vertex -70.03640747070312 -72.14298248291016 -5
vertex -58.345069885253906 -69.0066909790039 -5
endloop
endfacet
facet normal 0 0 1
outer loop
vertex -58.07447052001953 -69.27729034423828 -5
vertex -70.03640747070312 -72.14298248291016 -5
vertex -58.03641128540039 -69.4686279296875 -5
endloop
endfacet
facet normal 0 0 1
outer loop
vertex -58.03641128540039 -72.15261840820312 -5
vertex -58.03641128540039 -69.4686279296875 -5
vertex -70.03640747070312 -72.14298248291016 -5
endloop
endfacet
facet normal 1 0 0
outer loop
vertex -64.43640899658203 -71.14747619628906 0
vertex -64.43640899658203 -72.14747619628906 -1.6683628559112549
vertex -64.43640899658203 -70.9686279296875 0
endloop
endfacet
facet normal 1 0 0
outer loop
vertex -64.43640899658203 -72.83719635009766 -0.4050999879837036
vertex -64.43640899658203 -72.83719635009766 -1.5949000120162964
vertex -64.43640899658203 -72.03962707519531 -0.32014966011047363
endloop
endfacet
facet normal 0 0 1
outer loop
vertex -69.72775268554688 -69.0066909790039 -5
vertex -70.03640747070312 -72.14298248291016 -5
vertex -69.53640747070312 -68.9686279296875 -5
endloop
endfacet
facet normal 0 0 1
outer loop
vertex -69.88996124267578 -69.11507415771484 -5
vertex -70.03640747070312 -72.14298248291016 -5
vertex -69.72775268554688 -69.0066909790039 -5
endloop
endfacet
facet normal 0 0 1
outer loop
vertex -69.99835205078125 -69.27729034423828 -5
vertex -70.03640747070312 -72.14298248291016 -5
vertex -69.88996124267578 -69.11507415771484 -5
endloop
endfacet
facet normal 0 0 1
outer loop
vertex -70.03640747070312 -72.14298248291016 -5
vertex -69.99835205078125 -69.27729034423828 -5
vertex -70.03640747070312 -69.4686279296875 -5
endloop
endfacet
facet normal -1 0 0
outer loop
vertex -63.636409759521484 -72.83719635009766 -0.4050999879837036
vertex -63.636409759521484 -73.63363647460938 -1.5
vertex -63.636409759521484 -73.63363647460938 -0.5
endloop
endfacet
facet normal 1 0 0
outer loop
vertex -64.43640899658203 -72.03962707519531 -0.32014966011047363
vertex -64.43640899658203 -72.14747619628906 -1.6683628559112549
vertex -64.43640899658203 -71.4083480834961 -0.26087090373039246
endloop
endfacet
facet normal -1 0 0
outer loop
vertex -63.636409759521484 -72.14812469482422 -1.6682944297790527
vertex -63.636409759521484 -72.83719635009766 -0.4050999879837036
vertex -63.636409759521484 -72.03962707519531 -0.32014966011047363
endloop
endfacet
facet normal -1 0 0
outer loop
vertex -63.636409759521484 -71.4090576171875 -0.26093748211860657
vertex -63.636409759521484 -72.14812469482422 -1.6682944297790527
vertex -63.636409759521484 -72.03962707519531 -0.32014966011047363
endloop
endfacet
facet normal 1 0 0
outer loop
vertex -64.43640899658203 -71.4083480834961 -0.26087090373039246
vertex -64.43640899658203 -72.14747619628906 -1.6683628559112549
vertex -64.43640899658203 -71.14747619628906 0
endloop
endfacet
facet normal -0.1951045147971481 -0.9807824571768041 0
outer loop
vertex -58.53641128540039 -68.9686279296875 -4.099999904632568
vertex -58.53641128540039 -68.9686279296875 -5
vertex -58.345069885253906 -69.0066909790039 -4.099999904632568
endloop
endfacet
facet normal -0.980785454467839 -0.19508944693220684 0
outer loop
vertex -58.07447052001953 -69.27729034423828 -5
vertex -58.03641128540039 -69.4686279296875 -5
vertex -58.03641128540039 -69.4686279296875 -4.099999904632568
endloop
endfacet
facet normal -0.5555572524753821 -0.8314782854783427 0
outer loop
vertex -58.345069885253906 -69.0066909790039 -5
vertex -58.182857513427734 -69.11507415771484 -5
vertex -58.182857513427734 -69.11507415771484 -4.099999904632568
endloop
endfacet
facet normal -0.831475288175546 -0.5555617383814266 0
outer loop
vertex -58.182857513427734 -69.11507415771484 -5
vertex -58.07447052001953 -69.27729034423828 -5
vertex -58.07447052001953 -69.27729034423828 -4.099999904632568
endloop
endfacet
facet normal -0.1951045147971481 -0.9807824571768041 0
outer loop
vertex -58.53641128540039 -68.9686279296875 -5
vertex -58.345069885253906 -69.0066909790039 -5
vertex -58.345069885253906 -69.0066909790039 -4.099999904632568
endloop
endfacet
facet normal -1 0 0
outer loop
vertex -58.03641128540039 -69.4686279296875 -5
vertex -58.03641128540039 -72.15261840820312 -5
vertex -58.03641128540039 -70.4686279296875 -4
endloop
endfacet
facet normal 0 0 1
outer loop
vertex -69.53640747070312 -68.9686279296875 -5
vertex -70.03640747070312 -72.14298248291016 -5
vertex -58.53641128540039 -68.9686279296875 -5
endloop
endfacet
facet normal 0 0 1
outer loop
vertex -70.03640747070312 -72.14298248291016 -5
vertex -58.07447052001953 -69.27729034423828 -5
vertex -58.182857513427734 -69.11507415771484 -5
endloop
endfacet
facet normal -1 0 0
outer loop
vertex -58.03641128540039 -72.15261840820312 -5
vertex -58.03641128540039 -72.15261840820312 -4
vertex -58.03641128540039 -70.4686279296875 -4
endloop
endfacet
facet normal 0.47141119595445236 0.8819135356307856 0
outer loop
vertex -64.41909790039062 58.42583084106445 -8.259394645690918
vertex -64.59197998046875 58.51824188232422 -8.252121925354004
vertex -64.59197998046875 58.51824188232422 -3.5
endloop
endfacet
facet normal 0.6344022999184756 0.7730030542359768 0
outer loop
vertex -64.74351501464844 58.64260482788086 -3.5
vertex -64.6401596069336 58.55778121948242 -8.24901008605957
vertex -64.74351501464844 58.64260482788086 -8.149629592895508
endloop
endfacet
facet normal 0.8819259499769285 0.47138797052671205 0
outer loop
vertex -64.86788177490234 58.79413986206055 -7.972124099731445
vertex -64.96028900146484 58.96702575683594 -7.769641399383545
vertex -64.96028900146484 58.96702575683594 -3.5
endloop
endfacet
facet normal 0.9569386052164731 0.29029038193910456 0
outer loop
vertex -64.96028900146484 58.96702575683594 -7.769641399383545
vertex -65.01719665527344 59.15462112426758 -7.549962043762207
vertex -65.01719665527344 59.15462112426758 -3.5
endloop
endfacet
facet normal 0.9952605903844393 0.097243796095541 0.000036722557579719875
outer loop
vertex -65.01719665527344 59.15462112426758 -7.549962043762207
vertex -65.03633880615234 59.35044860839844 -7.320662975311279
vertex -65.03640747070312 59.349708557128906 -3.5
endloop
endfacet
facet normal -0.6343866536210803 0.7730158948608026 0
outer loop
vertex -63.480838775634766 58.51824188232422 -8.252121925354004
vertex -63.480838775634766 58.51824188232422 -3.5
vertex -63.43180847167969 58.55847930908203 -8.248954772949219
endloop
endfacet
facet normal -0.6344025701873834 0.7730028324266621 0
outer loop
vertex -63.43180847167969 58.55847930908203 -8.248954772949219
vertex -63.32930374145508 58.64260482788086 -3.5
vertex -63.32930374145508 58.64260482788086 -8.15052318572998
endloop
endfacet
facet normal -0.7730070588633648 0.6343974203505326 0
outer loop
vertex -63.32930374145508 58.64260482788086 -8.15052318572998
vertex -63.32930374145508 58.64260482788086 -3.5
vertex -63.20494079589844 58.79413986206055 -7.973175525665283
endloop
endfacet
facet normal -0.881917860019375 0.4714031058222316 0
outer loop
vertex -63.20494079589844 58.79413986206055 -7.973175525665283
vertex -63.20494079589844 58.79413986206055 -3.5
vertex -63.11252975463867 58.96702575683594 -7.770809173583984
endloop
endfacet
facet normal -0.9569440106171243 0.2902725625063677 0
outer loop
vertex -63.11252975463867 58.96702575683594 -7.770809173583984
vertex -63.11252975463867 58.96702575683594 -3.5
vertex -63.055625915527344 59.15462112426758 -7.551201820373535
endloop
endfacet
facet normal -0.9951846123833077 0.09801830071719082 0
outer loop
vertex -63.055625915527344 59.15462112426758 -7.551201820373535
vertex -63.055625915527344 59.15462112426758 -3.5
vertex -63.03648376464844 59.34897232055664 -7.3236589431762695
endloop
endfacet
facet normal 0.6343974203505326 0.7730070588633648 0
outer loop
vertex -64.59197998046875 58.51824188232422 -3.5
vertex -64.59197998046875 58.51824188232422 -8.252121925354004
vertex -64.74351501464844 58.64260482788086 -3.5
endloop
endfacet
facet normal 0.4714111959544524 0.8819135356307857 0
outer loop
vertex -64.41909790039062 58.42583084106445 -3.5
vertex -64.41909790039062 58.42583084106445 -8.259394645690918
vertex -64.59197998046875 58.51824188232422 -3.5
endloop
endfacet
facet normal 0.2902671573371157 0.9569456501658965 0
outer loop
vertex -64.23149871826172 58.368927001953125 -3.5
vertex -64.23149871826172 58.368927001953125 -8.263873100280762
vertex -64.41909790039062 58.42583084106445 -3.5
endloop
endfacet
facet normal 0.7729975161039842 0.6344090479312782 0
outer loop
vertex -64.74351501464844 58.64260482788086 -3.5
vertex -64.74351501464844 58.64260482788086 -8.149629592895508
vertex -64.86788177490234 58.79413986206055 -3.5
endloop
endfacet
facet normal 0.0980355000203388 0.9951829182294892 0
outer loop
vertex -64.03640747070312 58.349708557128906 -3.5
vertex -64.03640747070312 58.349708557128906 -8.265385627746582
vertex -64.23149871826172 58.368927001953125 -3.5
endloop
endfacet
facet normal -0.09803739856079464 0.9951827312023817 0
outer loop
vertex -63.8413200378418 58.368927001953125 -3.5
vertex -63.8413200378418 58.368927001953125 -8.263873100280762
vertex -64.03640747070312 58.349708557128906 -3.5
endloop
endfacet
facet normal -0.2902779678676651 0.9569423709767578 0
outer loop
vertex -63.65372848510742 58.42583084106445 -3.5
vertex -63.65372848510742 58.42583084106445 -8.259394645690918
vertex -63.8413200378418 58.368927001953125 -3.5
endloop
endfacet
facet normal 0.8819259499769284 0.471387970526712 0
outer loop
vertex -64.86788177490234 58.79413986206055 -3.5
vertex -64.86788177490234 58.79413986206055 -7.972124099731445
vertex -64.96028900146484 58.96702575683594 -3.5
endloop
endfacet
facet normal 0.956938605216473 0.29029038193910456 0
outer loop
vertex -64.96028900146484 58.96702575683594 -3.5
vertex -64.96028900146484 58.96702575683594 -7.769641399383545
vertex -65.01719665527344 59.15462112426758 -3.5
endloop
endfacet
facet normal 0.9951865276244913 0.0979988532315938 0
outer loop
vertex -65.01719665527344 59.15462112426758 -3.5
vertex -65.01719665527344 59.15462112426758 -7.549962043762207
vertex -65.03640747070312 59.349708557128906 -3.5
endloop
endfacet
facet normal -0.4713950159280179 0.8819221841853303 0
outer loop
vertex -63.480838775634766 58.51824188232422 -3.5
vertex -63.480838775634766 58.51824188232422 -8.252121925354004
vertex -63.65372848510742 58.42583084106445 -3.5
endloop
endfacet
facet normal -0.6343974203505217 0.7730070588633515 -1.8602700164929102e-7
outer loop
vertex -63.32930374145508 58.64260482788086 -3.5
vertex -63.43180847167969 58.55847930908203 -8.248954772949219
vertex -63.480838775634766 58.51824188232422 -3.5
endloop
endfacet
facet normal -0.7730070588633648 0.6343974203505326 0
outer loop
vertex -63.20494079589844 58.79413986206055 -3.5
vertex -63.20494079589844 58.79413986206055 -7.973175525665283
vertex -63.32930374145508 58.64260482788086 -3.5
endloop
endfacet
facet normal -0.8819178600193749 0.47140310582223155 0
outer loop
vertex -63.11252975463867 58.96702575683594 -3.5
vertex -63.11252975463867 58.96702575683594 -7.770809173583984
vertex -63.20494079589844 58.79413986206055 -3.5
endloop
endfacet
facet normal -0.9569440106171243 0.2902725625063677 0
outer loop
vertex -63.055625915527344 59.15462112426758 -3.5
vertex -63.055625915527344 59.15462112426758 -7.551201820373535
vertex -63.11252975463867 58.96702575683594 -3.5
endloop
endfacet
facet normal -0.9951846123833077 0.09801830071719082 0
outer loop
vertex -63.03648376464844 59.34897232055664 -7.3236589431762695
vertex -63.055625915527344 59.15462112426758 -3.5
vertex -63.03648376464844 59.34897232055664 -3.5
endloop
endfacet
facet normal 0 0 -1
outer loop
vertex -65.03640747070312 59.349708557128906 -3.5
vertex -64.86788177490234 58.79413986206055 -3.5
vertex -65.01719665527344 59.15462112426758 -3.5
endloop
endfacet
facet normal 0 0 -1
outer loop
vertex -64.74351501464844 58.64260482788086 -3.5
vertex -64.86788177490234 58.79413986206055 -3.5
vertex -65.03640747070312 59.349708557128906 -3.5
endloop
endfacet
facet normal 0 0 -1
outer loop
vertex -64.86788177490234 58.79413986206055 -3.5
vertex -64.96028900146484 58.96702575683594 -3.5
vertex -65.01719665527344 59.15462112426758 -3.5
endloop
endfacet
facet normal 0 0 -1
outer loop
vertex -64.41909790039062 58.42583084106445 -3.5
vertex -64.59197998046875 58.51824188232422 -3.5
vertex -65.03640747070312 59.349708557128906 -3.5
endloop
endfacet
facet normal 0 0 -1
outer loop
vertex -64.23149871826172 58.368927001953125 -3.5
vertex -64.41909790039062 58.42583084106445 -3.5
vertex -65.03640747070312 59.349708557128906 -3.5
endloop
endfacet
facet normal 0 0 -1
outer loop
vertex -64.03640747070312 58.349708557128906 -3.5
vertex -64.23149871826172 58.368927001953125 -3.5
vertex -65.03640747070312 59.349708557128906 -3.5
endloop
endfacet
facet normal 0 0 -1
outer loop
vertex -63.8413200378418 58.368927001953125 -3.5
vertex -64.03640747070312 58.349708557128906 -3.5
vertex -65.03640747070312 59.349708557128906 -3.5
endloop
endfacet
facet normal 0 0 -1
outer loop
vertex -63.65372848510742 58.42583084106445 -3.5
vertex -63.8413200378418 58.368927001953125 -3.5
vertex -65.03640747070312 59.349708557128906 -3.5
endloop
endfacet
facet normal 0 0 -1
outer loop
vertex -63.480838775634766 58.51824188232422 -3.5
vertex -63.65372848510742 58.42583084106445 -3.5
vertex -65.03640747070312 59.349708557128906 -3.5
endloop
endfacet
facet normal 0 0 -1
outer loop
vertex -64.74351501464844 58.64260482788086 -3.5
vertex -65.03640747070312 59.349708557128906 -3.5
vertex -64.59197998046875 58.51824188232422 -3.5
endloop
endfacet
facet normal 0 0 -1
outer loop
vertex -63.32930374145508 58.64260482788086 -3.5
vertex -63.480838775634766 58.51824188232422 -3.5
vertex -65.03640747070312 59.349708557128906 -3.5
endloop
endfacet
facet normal 0 0 -1
outer loop
vertex -63.20494079589844 58.79413986206055 -3.5
vertex -63.32930374145508 58.64260482788086 -3.5
vertex -65.03640747070312 59.349708557128906 -3.5
endloop
endfacet
facet normal 0 0 -1
outer loop
vertex -63.11252975463867 58.96702575683594 -3.5
vertex -63.20494079589844 58.79413986206055 -3.5
vertex -65.03640747070312 59.349708557128906 -3.5
endloop
endfacet
facet normal 0 0 -1
outer loop
vertex -63.055625915527344 59.15462112426758 -3.5
vertex -63.11252975463867 58.96702575683594 -3.5
vertex -65.03640747070312 59.349708557128906 -3.5
endloop
endfacet
facet normal 0 0 -1
outer loop
vertex -63.03648376464844 59.34897232055664 -3.5
vertex -63.055625915527344 59.15462112426758 -3.5
vertex -65.03640747070312 59.349708557128906 -3.5
endloop
endfacet
facet normal -0.2902779678676651 0.9569423709767578 0
outer loop
vertex -63.8413200378418 58.368927001953125 -8.263873100280762
vertex -63.8413200378418 58.368927001953125 -3.5
vertex -63.65372848510742 58.42583084106445 -8.259394645690918
endloop
endfacet
facet normal -0.09803739856079466 0.9951827312023818 0
outer loop
vertex -64.03640747070312 58.349708557128906 -8.265385627746582
vertex -64.03640747070312 58.349708557128906 -3.5
vertex -63.8413200378418 58.368927001953125 -8.263873100280762
endloop
endfacet
facet normal 0.0980355000203388 0.9951829182294892 0
outer loop
vertex -64.03640747070312 58.349708557128906 -8.265385627746582
vertex -64.23149871826172 58.368927001953125 -8.263873100280762
vertex -64.23149871826172 58.368927001953125 -3.5
endloop
endfacet
facet normal 0.2902671573371157 0.9569456501658964 0
outer loop
vertex -64.23149871826172 58.368927001953125 -8.263873100280762
vertex -64.41909790039062 58.42583084106445 -8.259394645690918
vertex -64.41909790039062 58.42583084106445 -3.5
endloop
endfacet
facet normal 0.7729975161039842 0.6344090479312782 0
outer loop
vertex -64.74351501464844 58.64260482788086 -8.149629592895508
vertex -64.86788177490234 58.79413986206055 -7.972124099731445
vertex -64.86788177490234 58.79413986206055 -3.5
endloop
endfacet
facet normal 0.6343869307930601 0.7730156673953302 -5.597747456915682e-7
outer loop
vertex -64.59197998046875 58.51824188232422 -8.252121925354004
vertex -64.6401596069336 58.55778121948242 -8.24901008605957
vertex -64.74351501464844 58.64260482788086 -3.5
endloop
endfacet
facet normal -0.4713950159280179 0.8819221841853304 0
outer loop
vertex -63.65372848510742 58.42583084106445 -8.259394645690918
vertex -63.65372848510742 58.42583084106445 -3.5
vertex -63.480838775634766 58.51824188232422 -8.252121925354004
endloop
endfacet
facet normal 0.09802999119960183 0.9951834608881953 0
outer loop
vertex 50.913665771484375 69.66011810302734 -7.375236988067627
vertex 50.74404525756836 69.67682647705078 -7.268314361572266
vertex 50.74404525756836 69.67682647705078 -3.5
endloop
endfacet
facet normal 0 0 -1
outer loop
vertex 51.13422775268555 69.67682647705078 -3.5
vertex 50.93913650512695 69.6576156616211 -3.5
vertex 50.076324462890625 70.16068267822266 -3.5
endloop
endfacet
facet normal -0.07554392755616281 0.99714182262199 0.0011404330252674027
outer loop
vertex 51.13422775268555 69.67682647705078 -7.373921871185303
vertex 50.913665771484375 69.66011810302734 -7.375236988067627
vertex 50.93913650512695 69.6576156616211 -3.5
endloop
endfacet
facet normal -0.2902957875711588 0.9569369653840532 0
outer loop
vertex 51.32181930541992 69.73373413085938 -7.369443416595459
vertex 51.13422775268555 69.67682647705078 -7.373921871185303
vertex 51.13422775268555 69.67682647705078 -3.5
endloop
endfacet
facet normal 0.2902957875711588 0.9569369653840532 0
outer loop
vertex 50.74404525756836 69.67682647705078 -7.268314361572266
vertex 50.556453704833984 69.73373413085938 -7.110901832580566
vertex 50.556453704833984 69.73373413085938 -3.5
endloop
endfacet
facet normal -0.4713798807438282 0.8819302739048787 0
outer loop
vertex 51.49470901489258 69.82614135742188 -7.362170696258545
vertex 51.32181930541992 69.73373413085938 -7.369443416595459
vertex 51.32181930541992 69.73373413085938 -3.5
endloop
endfacet
facet normal -0.6344090479312781 0.7729975161039842 0
outer loop
vertex 51.646244049072266 69.95050811767578 -7.352383136749268
vertex 51.49470901489258 69.82614135742188 -7.362170696258545
vertex 51.49470901489258 69.82614135742188 -3.5
endloop
endfacet
facet normal -0.7730070588633648 0.6343974203505326 0
outer loop
vertex 51.770606994628906 70.10204315185547 -7.340456962585449
vertex 51.646244049072266 69.95050811767578 -7.352383136749268
vertex 51.646244049072266 69.95050811767578 -3.5
endloop
endfacet
facet normal -0.8819201856180295 0.47139875498293404 0
outer loop
vertex 51.80203628540039 70.16084289550781 -7.33582878112793
vertex 51.770606994628906 70.10204315185547 -7.340456962585449
vertex 51.770606994628906 70.10204315185547 -3.5
endloop
endfacet
facet normal -0.8819232142052923 0.4713930888820985 0
outer loop
vertex 51.86301803588867 70.27493286132812 -7.251895427703857
vertex 51.80203628540039 70.16084289550781 -7.33582878112793
vertex 51.86301803588867 70.27493286132812 -3.5
endloop
endfacet
facet normal 0 0 -1
outer loop
vertex 51.86301803588867 71.04029846191406 -3.5
vertex 51.919921875 70.85270690917969 -3.5
vertex 51.86301803588867 70.27493286132812 -3.5
endloop
endfacet
facet normal 0 0 -1
outer loop
vertex 51.93913650512695 70.6576156616211 -3.5
vertex 51.86301803588867 70.27493286132812 -3.5
vertex 51.919921875 70.85270690917969 -3.5
endloop
endfacet
facet normal 0 0 -1
outer loop
vertex 51.919921875 70.4625244140625 -3.5
vertex 51.86301803588867 70.27493286132812 -3.5
vertex 51.93913650512695 70.6576156616211 -3.5
endloop
endfacet
facet normal 0 0 -1
outer loop
vertex 51.86301803588867 70.27493286132812 -3.5
vertex 51.770606994628906 70.10204315185547 -3.5
vertex 51.86301803588867 71.04029846191406 -3.5
endloop
endfacet
facet normal 0 0 -1
outer loop
vertex 51.86301803588867 71.04029846191406 -3.5
vertex 50.076324462890625 70.16068267822266 -3.5
vertex 51.80195236206055 71.154541015625 -3.5
endloop
endfacet
facet normal 0 0 -1
outer loop
vertex 51.770606994628906 70.10204315185547 -3.5
vertex 50.076324462890625 70.16068267822266 -3.5
vertex 51.86301803588867 71.04029846191406 -3.5
endloop
endfacet
facet normal 0 0 -1
outer loop
vertex 51.770606994628906 70.10204315185547 -3.5
vertex 51.646244049072266 69.95050811767578 -3.5
vertex 50.076324462890625 70.16068267822266 -3.5
endloop
endfacet
facet normal 0 0 -1
outer loop
vertex 51.646244049072266 69.95050811767578 -3.5
vertex 51.49470901489258 69.82614135742188 -3.5
vertex 50.076324462890625 70.16068267822266 -3.5
endloop
endfacet
facet normal 0 0 -1
outer loop
vertex 51.49470901489258 69.82614135742188 -3.5
vertex 51.32181930541992 69.73373413085938 -3.5
vertex 50.076324462890625 70.16068267822266 -3.5
endloop
endfacet
facet normal 0 0 -1
outer loop
vertex 51.32181930541992 69.73373413085938 -3.5
vertex 51.13422775268555 69.67682647705078 -3.5
vertex 50.076324462890625 70.16068267822266 -3.5
endloop
endfacet
facet normal -0.9569423709767578 0.2902779678676651 0
outer loop
vertex 51.919921875 70.4625244140625 -7.090895652770996
vertex 51.86301803588867 70.27493286132812 -7.251895427703857
vertex 51.86301803588867 70.27493286132812 -3.5
endloop
endfacet
facet normal 0.471387970526712 0.8819259499769284 0
outer loop
vertex 50.556453704833984 69.73373413085938 -7.110901832580566
vertex 50.383567810058594 69.82614135742188 -6.92510461807251
vertex 50.383567810058594 69.82614135742188 -3.5
endloop
endfacet
facet normal 0.6343995052974511 0.7730053477682733 0
outer loop
vertex 50.383567810058594 69.82614135742188 -6.92510461807251
vertex 50.23202896118164 69.95050811767578 -6.718062400817871
vertex 50.23202896118164 69.95050811767578 -3.5
endloop
endfacet
facet normal 0.7730070588633648 0.6343974203505326 0
outer loop
vertex 50.23202896118164 69.95050811767578 -6.718062400817871
vertex 50.107666015625 70.10204315185547 -6.497732162475586
vertex 50.107666015625 70.10204315185547 -3.5
endloop
endfacet
facet normal 0.8819333135729603 0.4713741936192715 0
outer loop
vertex 50.107666015625 70.10204315185547 -3.5
vertex 50.107666015625 70.10204315185547 -6.497732162475586
vertex 50.076324462890625 70.16068267822266 -6.421363353729248
endloop
endfacet
facet normal -0.9951848165503704 0.09801622777686081 0
outer loop
vertex 51.93913650512695 70.6576156616211 -6.902279853820801
vertex 51.919921875 70.4625244140625 -7.090895652770996
vertex 51.919921875 70.4625244140625 -3.5
endloop
endfacet
facet normal -0.9951848165503704 -0.09801622777686081 0
outer loop
vertex 51.919921875 70.85270690917969 -6.693296432495117
vertex 51.93913650512695 70.6576156616211 -6.902279853820801
vertex 51.93913650512695 70.6576156616211 -3.5
endloop
endfacet
facet normal -0.9569423709767578 -0.2902779678676651 0
outer loop
vertex 51.86301803588867 71.04029846191406 -6.471976280212402
vertex 51.919921875 70.85270690917969 -6.693296432495117
vertex 51.919921875 70.85270690917969 -3.5
endloop
endfacet
facet normal -0.8819156265361269 -0.4714072842790944 0
outer loop
vertex 51.80195236206055 71.154541015625 -6.323193550109863
vertex 51.86301803588867 71.04029846191406 -6.471976280212402
vertex 51.86301803588867 71.04029846191406 -3.5
endloop
endfacet
facet normal 0.09799695542300298 0.9951867145042133 -0.000001460016008076764
outer loop
vertex 50.93913650512695 69.6576156616211 -3.5
vertex 50.913665771484375 69.66011810302734 -7.375236988067627
vertex 50.74404525756836 69.67682647705078 -3.5
endloop
endfacet
facet normal -0.0979969554231074 0.9951867145052739 0
outer loop
vertex 51.13422775268555 69.67682647705078 -3.5
vertex 51.13422775268555 69.67682647705078 -7.373921871185303
vertex 50.93913650512695 69.6576156616211 -3.5
endloop
endfacet
facet normal 0.2902957875711588 0.9569369653840533 0
outer loop
vertex 50.74404525756836 69.67682647705078 -3.5
vertex 50.74404525756836 69.67682647705078 -7.268314361572266
vertex 50.556453704833984 69.73373413085938 -3.5
endloop
endfacet
facet normal -0.29029578757115876 0.9569369653840532 0
outer loop
vertex 51.32181930541992 69.73373413085938 -3.5
vertex 51.32181930541992 69.73373413085938 -7.369443416595459
vertex 51.13422775268555 69.67682647705078 -3.5
endloop
endfacet
facet normal -0.47137988074382814 0.8819302739048787 0
outer loop
vertex 51.49470901489258 69.82614135742188 -3.5
vertex 51.49470901489258 69.82614135742188 -7.362170696258545
vertex 51.32181930541992 69.73373413085938 -3.5
endloop
endfacet
facet normal -0.6344090479312781 0.7729975161039842 0
outer loop
vertex 51.646244049072266 69.95050811767578 -3.5
vertex 51.646244049072266 69.95050811767578 -7.352383136749268
vertex 51.49470901489258 69.82614135742188 -3.5
endloop
endfacet
facet normal -0.7730070588633648 0.6343974203505326 0
outer loop
vertex 51.770606994628906 70.10204315185547 -3.5
vertex 51.770606994628906 70.10204315185547 -7.340456962585449
vertex 51.646244049072266 69.95050811767578 -3.5
endloop
endfacet
facet normal -0.8819221841853279 0.4713950159280166 -7.369177289274535e-8
outer loop
vertex 51.86301803588867 70.27493286132812 -3.5
vertex 51.80203628540039 70.16084289550781 -7.33582878112793
vertex 51.770606994628906 70.10204315185547 -3.5
endloop
endfacet
facet normal 0.47138797052671194 0.8819259499769283 0
outer loop
vertex 50.556453704833984 69.73373413085938 -3.5
vertex 50.556453704833984 69.73373413085938 -7.110901832580566
vertex 50.383567810058594 69.82614135742188 -3.5
endloop
endfacet
facet normal 0.6343995052974511 0.7730053477682733 0
outer loop
vertex 50.383567810058594 69.82614135742188 -3.5
vertex 50.383567810058594 69.82614135742188 -6.92510461807251
vertex 50.23202896118164 69.95050811767578 -3.5
endloop
endfacet
facet normal 0.7730070588633648 0.6343974203505326 0
outer loop
vertex 50.23202896118164 69.95050811767578 -3.5
vertex 50.23202896118164 69.95050811767578 -6.718062400817871
vertex 50.107666015625 70.10204315185547 -3.5
endloop
endfacet
facet normal 0.8819333135729603 0.4713741936192715 0
outer loop
vertex 50.107666015625 70.10204315185547 -3.5
vertex 50.076324462890625 70.16068267822266 -6.421363353729248
vertex 50.076324462890625 70.16068267822266 -3.5
endloop
endfacet
facet normal -0.9569423709767578 0.2902779678676651 0
outer loop
vertex 51.919921875 70.4625244140625 -3.5
vertex 51.919921875 70.4625244140625 -7.090895652770996
vertex 51.86301803588867 70.27493286132812 -3.5
endloop
endfacet
facet normal -0.9951848165503704 0.09801622777686081 0
outer loop
vertex 51.93913650512695 70.6576156616211 -3.5
vertex 51.93913650512695 70.6576156616211 -6.902279853820801
vertex 51.919921875 70.4625244140625 -3.5
endloop
endfacet
facet normal -0.9951848165503705 -0.09801622777686082 0
outer loop
vertex 51.919921875 70.85270690917969 -3.5
vertex 51.919921875 70.85270690917969 -6.693296432495117
vertex 51.93913650512695 70.6576156616211 -3.5
endloop
endfacet
facet normal -0.9569423709767578 -0.290277967867665 0
outer loop
vertex 51.86301803588867 71.04029846191406 -3.5
vertex 51.86301803588867 71.04029846191406 -6.471976280212402
vertex 51.919921875 70.85270690917969 -3.5
endloop
endfacet
facet normal -0.8819156265361269 -0.4714072842790944 0
outer loop
vertex 51.80195236206055 71.154541015625 -3.5
vertex 51.80195236206055 71.154541015625 -6.323193550109863
vertex 51.86301803588867 71.04029846191406 -3.5
endloop
endfacet
facet normal 0 0 -1
outer loop
vertex 50.23202896118164 69.95050811767578 -3.5
vertex 50.107666015625 70.10204315185547 -3.5
vertex 50.076324462890625 70.16068267822266 -3.5
endloop
endfacet
facet normal 0 0 -1
outer loop
vertex 50.383567810058594 69.82614135742188 -3.5
vertex 50.23202896118164 69.95050811767578 -3.5
vertex 50.076324462890625 70.16068267822266 -3.5
endloop
endfacet
facet normal 0 0 -1
outer loop
vertex 50.383567810058594 69.82614135742188 -3.5
vertex 50.076324462890625 70.16068267822266 -3.5
vertex 50.556453704833984 69.73373413085938 -3.5
endloop
endfacet
facet normal 0 0 -1
outer loop
vertex 50.74404525756836 69.67682647705078 -3.5
vertex 50.556453704833984 69.73373413085938 -3.5
vertex 50.076324462890625 70.16068267822266 -3.5
endloop
endfacet
facet normal 0 0 -1
outer loop
vertex 50.93913650512695 69.6576156616211 -3.5
vertex 50.74404525756836 69.67682647705078 -3.5
vertex 50.076324462890625 70.16068267822266 -3.5
endloop
endfacet
facet normal 0.0000917916681425652 0.12403420130703409 -0.9922779391281537
outer loop
vertex -63.03582000732422 60.14897155761719 -2.4000000953674316
vertex -65.23641204833984 59.3505973815918 -2.5
vertex -65.03582000732422 60.15045166015625 -2.4000000953674316
endloop
endfacet
facet normal 0.00009167355853133766 0.12403452184033757 -0.9922778990725317
outer loop
vertex -65.23641204833984 59.3505973815918 -2.5
vertex -63.03582000732422 60.14897155761719 -2.4000000953674316
vertex -62.83641052246094 59.34882354736328 -2.5
endloop
endfacet
facet normal -0.9699629099733997 0.24325285872099112 0
outer loop
vertex -65.03582000732422 60.15045166015625 -2.4000000953674316
vertex -65.23641204833984 59.3505973815918 -2.5
vertex -65.23641204833984 59.3505973815918 -1.100000023841858
endloop
endfacet
facet normal 0.0007400510668772174 0.9999997261621717 0
outer loop
vertex -63.03582000732422 60.14897155761719 -2.4000000953674316
vertex -65.03582000732422 60.15045166015625 -2.4000000953674316
vertex -63.03582000732422 60.14897155761719 -1.2000000476837158
endloop
endfacet
facet normal -0.9699629099733997 0.24325285872099112 0
outer loop
vertex -65.03582000732422 60.15045166015625 -2.4000000953674316
vertex -65.23641204833984 59.3505973815918 -1.100000023841858
vertex -65.03582000732422 60.15045166015625 -1.2000000476837158
endloop
endfacet
facet normal 0.0007400510668772174 0.9999997261621717 0
outer loop
vertex -63.03582000732422 60.14897155761719 -1.2000000476837158
vertex -65.03582000732422 60.15045166015625 -2.4000000953674316
vertex -65.03582000732422 60.15045166015625 -1.2000000476837158
endloop
endfacet
facet normal 0.9703212890509633 0.24181934582344103 0
outer loop
vertex -63.03582000732422 60.14897155761719 -1.2000000476837158
vertex -62.83641052246094 59.34882354736328 -2.5
vertex -63.03582000732422 60.14897155761719 -2.4000000953674316
endloop
endfacet
facet normal 0.9703212890509633 0.24181934582344106 0
outer loop
vertex -62.83641052246094 59.34882354736328 -2.5
vertex -63.03582000732422 60.14897155761719 -1.2000000476837158
vertex -62.83641052246094 59.34882354736328 -1.100000023841858
endloop
endfacet
facet normal 0.00009167345082370553 0.12403437611167967 0.9922779172885814
outer loop
vertex -65.03582000732422 60.15045166015625 -1.2000000476837158
vertex -65.23641204833984 59.3505973815918 -1.100000023841858
vertex -62.83641052246094 59.34882354736328 -1.100000023841858
endloop
endfacet
facet normal 0.00009179203458895814 0.12403469647055589 0.9922778772328241
outer loop
vertex -65.03582000732422 60.15045166015625 -1.2000000476837158
vertex -62.83641052246094 59.34882354736328 -1.100000023841858
vertex -63.03582000732422 60.14897155761719 -1.2000000476837158
endloop
endfacet
facet normal -0.9617263570417728 -0.27401170444191003 0
outer loop
vertex 49.673316955566406 70.85177612304688 -2.4000000953674316
vertex 49.89927291870117 70.0587158203125 -2.5
vertex 49.89927291870117 70.0587158203125 -1.100000023841858
endloop
endfacet
facet normal -0.4990812096653766 0.8665552181822831 0
outer loop
vertex 51.40642547607422 71.84993743896484 -1.2000000476837158
vertex 49.673316955566406 70.85177612304688 -2.4000000953674316
vertex 49.673316955566406 70.85177612304688 -1.2000000476837158
endloop
endfacet
facet normal -0.9617263570417727 -0.27401170444191003 0
outer loop
vertex 49.673316955566406 70.85177612304688 -2.4000000953674316
vertex 49.89927291870117 70.0587158203125 -1.100000023841858
vertex 49.673316955566406 70.85177612304688 -1.2000000476837158
endloop
endfacet
facet normal 0.7196321010821234 0.6943555566798097 0
outer loop
vertex 51.40642547607422 71.84993743896484 -1.2000000476837158
vertex 51.97900390625 71.25651550292969 -2.5
vertex 51.40642547607422 71.84993743896484 -2.4000000953674316
endloop
endfacet
facet normal -0.4990812096653766 0.8665552181822831 0
outer loop
vertex 51.40642547607422 71.84993743896484 -2.4000000953674316
vertex 49.673316955566406 70.85177612304688 -2.4000000953674316
vertex 51.40642547607422 71.84993743896484 -1.2000000476837158
endloop
endfacet
facet normal -0.061903839835463895 0.10748319257588226 -0.9922778229544994
outer loop
vertex 49.89927291870117 70.0587158203125 -2.5
vertex 51.40642547607422 71.84993743896484 -2.4000000953674316
vertex 51.97900390625 71.25651550292969 -2.5
endloop
endfacet
facet normal 0.7196321010821234 0.6943555566798097 0
outer loop
vertex 51.97900390625 71.25651550292969 -2.5
vertex 51.40642547607422 71.84993743896484 -1.2000000476837158
vertex 51.97900390625 71.25651550292969 -1.100000023841858
endloop
endfacet
facet normal -0.061903600864460215 0.10748277765224461 0.9922778828071156
outer loop
vertex 49.673316955566406 70.85177612304688 -1.2000000476837158
vertex 49.89927291870117 70.0587158203125 -1.100000023841858
vertex 51.97900390625 71.25651550292969 -1.100000023841858
endloop
endfacet
facet normal -0.06190372384392155 0.10748349944457282 0.9922777969507348
outer loop
vertex 49.673316955566406 70.85177612304688 -1.2000000476837158
vertex 51.97900390625 71.25651550292969 -1.100000023841858
vertex 51.40642547607422 71.84993743896484 -1.2000000476837158
endloop
endfacet
facet normal -0.06190327722838478 0.10748272398555651 -0.9922779088103444
outer loop
vertex 51.40642547607422 71.84993743896484 -2.4000000953674316
vertex 49.89927291870117 70.0587158203125 -2.5
vertex 49.673316955566406 70.85177612304688 -2.4000000953674316
endloop
endfacet
endsolid auto-kdk-case
