solid auto-kdk-case
facet normal -0.6125959806101365 0.7903962073164985 0
outer loop
vertex -66.23255157470703 76.28138732910156 -1
vertex -67.01112365722656 75.6779556274414 -5.990785121917725
vertex -67.01112365722656 75.6779556274414 -1
endloop
endfacet
facet normal 0 0 1
outer loop
vertex 74.2374496459961 58.17743682861328 0
vertex 73.46215057373047 58.333072662353516 0
vertex 74.97314453125 57.87687683105469 0
endloop
endfacet
facet normal 0 0 1
outer loop
vertex 75.75572967529297 -70.14842224121094 0
vertex 76.30744171142578 -69.576416015625 0
vertex 75.63418579101562 -67.66063690185547 0
endloop
endfacet
facet normal 0 0 1
outer loop
vertex 34.326011657714844 -69.66348266601562 0
vertex 39.14064407348633 -71.16749572753906 0
vertex 58.01775360107422 -70.46348571777344 0
endloop
endfacet
facet normal 0 0 1
outer loop
vertex 73.46215057373047 58.333072662353516 0
vertex 75.63894653320312 57.44294738769531 0
vertex 74.97314453125 57.87687683105469 0
endloop
endfacet
facet normal -0.591403067861398 0.8063760979370153 0
outer loop
vertex -32.29595947265625 57.676368713378906 -7.529700756072998
vertex -32.65468978881836 57.413272857666016 -7.620670795440674
vertex -32.29595947265625 57.676368713378906 -1
endloop
endfacet
facet normal 0 0 1
outer loop
vertex 58.16419982910156 -70.8170394897461 0
vertex 58.055816650390625 -70.65482330322266 0
vertex 39.14064407348633 -71.16749572753906 0
endloop
endfacet
facet normal 0 0 1
outer loop
vertex 58.01775360107422 -70.46348571777344 0
vertex 39.14064407348633 -71.16749572753906 0
vertex 58.055816650390625 -70.65482330322266 0
endloop
endfacet
facet normal 0.00011852804433334556 -0.9999999929750667 9.845232744338757e-7
outer loop
vertex 47.822715759277344 -72.16645812988281 -1
vertex 58.01775360107422 -72.16525268554688 -4
vertex 63.61775588989258 -72.16458892822266 -4
endloop
endfacet
facet normal 0.000530878290226097 0.999999858630503 0.000030120008614499894
outer loop
vertex 73.5617904663086 59.3330192565918 -1
vertex 65.21775817871094 59.33745193481445 -1.100000023841858
vertex 62.81775665283203 59.33872604370117 -1.100000023841858
endloop
endfacet
facet normal 0 0 1
outer loop
vertex 73.46215057373047 58.333072662353516 0
vertex 34.81917953491211 58.35359573364258 0
vertex 73.21873474121094 56.8543701171875 0
endloop
endfacet
facet normal 0.00011823833773026986 -0.9999999930098477 0
outer loop
vertex 47.822715759277344 -72.16645812988281 -1
vertex 58.01775360107422 -72.16525268554688 -5
vertex 58.01775360107422 -72.16525268554688 -4
endloop
endfacet
facet normal 0.0005312392671059439 0.9999998588924105 0
outer loop
vertex 65.21775817871094 59.33745193481445 -2.5
vertex 65.21775817871094 59.33745193481445 -1.100000023841858
vertex 73.5617904663086 59.3330192565918 -1
endloop
endfacet
facet normal 0.0006893491004278583 0.999999375623522 -0.000879517130933477
outer loop
vertex 73.5617904663086 59.3330192565918 -1
vertex 63.01775360107422 59.33808898925781 -3.5
vertex 65.21775817871094 59.33745193481445 -2.5
endloop
endfacet
facet normal 0.6942285676690878 0.7197546080659204 0
outer loop
vertex 76.71923828125 57.79033279418945 -1
vertex 76.26467895507812 58.2287712097168 -7.389047145843506
vertex 76.26467895507812 58.2287712097168 -1
endloop
endfacet
facet normal 0.6942250365410322 0.7197580139459145 4.849511589039869e-7
outer loop
vertex 76.97366333007812 57.5449333190918 -1
vertex 76.26467895507812 58.2287712097168 -7.389047145843506
vertex 76.71923828125 57.79033279418945 -1
endloop
endfacet
facet normal 0.3782018383125398 0.9257231602898437 0
outer loop
vertex 75.4394302368164 58.76660919189453 -1
vertex 74.52755737304688 59.13915252685547 -7.165473461151123
vertex 74.52755737304688 59.13915252685547 -1
endloop
endfacet
facet normal 0.5460058583093562 0.8377813573312927 0
outer loop
vertex 75.4394302368164 58.76660919189453 -7.194793224334717
vertex 75.4394302368164 58.76660919189453 -1
vertex 76.26467895507812 58.2287712097168 -1
endloop
endfacet
facet normal 0.19681241962640095 0.9804411616618314 0
outer loop
vertex 74.52755737304688 59.13915252685547 -1
vertex 73.5617904663086 59.3330192565918 -7.351746082305908
vertex 73.5617904663086 59.3330192565918 -1
endloop
endfacet
facet normal 0.0005313016320528251 0.9999998588592779 0
outer loop
vertex 73.5617904663086 59.3330192565918 -7.351746082305908
vertex 65.0177001953125 59.33755874633789 -3.5
vertex 73.5617904663086 59.3330192565918 -1
endloop
endfacet
facet normal -0.6761122482770439 -0.7367986288631289 -0.00009074786095660332
outer loop
vertex -63.353851318359375 -75.90795135498047 -17.7283992767334
vertex -63.275508880615234 -75.97984313964844 -17.712017059326172
vertex -63.692359924316406 -75.59733581542969 -17.632408142089844
endloop
endfacet
facet normal 0.0002651284206384551 0.9999995510921253 0.0009096826195757887
outer loop
vertex 65.0177001953125 59.33755874633789 -3.5
vertex 63.01775360107422 59.33808898925781 -3.5
vertex 73.5617904663086 59.3330192565918 -1
endloop
endfacet
facet normal 0.0005308782156571711 0.9999997181672052 -0.0005308802407968487
outer loop
vertex 63.01775360107422 59.33808898925781 -3.5
vertex 62.81775665283203 59.33872604370117 -2.5
vertex 65.21775817871094 59.33745193481445 -2.5
endloop
endfacet
facet normal 0 0 1
outer loop
vertex 76.66864013671875 56.241539001464844 0
vertex 75.68630981445312 54.62129211425781 0
vertex 76.99556732177734 55.51717758178711 0
endloop
endfacet
facet normal 0 0 1
outer loop
vertex 75.32672119140625 55.57408142089844 0
vertex 75.55184936523438 55.11479568481445 0
vertex 76.66864013671875 56.241539001464844 0
endloop
endfacet
facet normal 0 0 1
outer loop
vertex 75.55184936523438 55.11479568481445 0
vertex 75.68630981445312 54.62129211425781 0
vertex 76.66864013671875 56.241539001464844 0
endloop
endfacet
facet normal -0.9238307333498543 -0.3828012227216133 -0.0000010526311745614317
outer loop
vertex -64.66165161132812 -74.2122573852539 -17.61150360107422
vertex -64.87823486328125 -73.68961334228516 -1
vertex -64.71676635742188 -74.0792465209961 -17.63541603088379
endloop
endfacet
facet normal -0.6761028425157551 -0.736807265397211 0
outer loop
vertex -63.692359924316406 -75.59733581542969 -17.632408142089844
vertex -63.275508880615234 -75.97984313964844 -17.712017059326172
vertex -63.692359924316406 -75.59733581542969 -1
endloop
endfacet
facet normal -0.7521563414134088 -0.6589847024564346 0
outer loop
vertex -64.06517791748047 -75.17180633544922 -17.569435119628906
vertex -63.692359924316406 -75.59733581542969 -17.632408142089844
vertex -64.06517791748047 -75.17180633544922 -1
endloop
endfacet
facet normal -0.9238148393224926 -0.38283957821463155 0
outer loop
vertex -64.87823486328125 -73.68961334228516 -17.534282684326172
vertex -64.71676635742188 -74.0792465209961 -17.63541603088379
vertex -64.87823486328125 -73.68961334228516 -1
endloop
endfacet
facet normal -0.8767520627776503 -0.4809426373437225 0
outer loop
vertex -64.66165161132812 -74.2122573852539 -17.61150360107422
vertex -64.38955688476562 -74.70828247070312 -17.56243896484375
vertex -64.66165161132812 -74.2122573852539 -1
endloop
endfacet
facet normal -0.8193047712069923 -0.5733582578784906 0
outer loop
vertex -64.38955688476562 -74.70828247070312 -17.56243896484375
vertex -64.06517791748047 -75.17180633544922 -17.569435119628906
vertex -64.38955688476562 -74.70828247070312 -1
endloop
endfacet
facet normal -0.9599456087158268 -0.2801864170640696 0
outer loop
vertex -65.03675079345703 -73.14652252197266 -17.457317352294922
vertex -64.87823486328125 -73.68961334228516 -17.534282684326172
vertex -65.03675079345703 -73.14652252197266 -1
endloop
endfacet
facet normal -0.9847047174149942 -0.17423151121612881 0
outer loop
vertex -65.13532257080078 -72.58942413330078 -17.439958572387695
vertex -65.03675079345703 -73.14652252197266 -17.457317352294922
vertex -65.13532257080078 -72.58942413330078 -1
endloop
endfacet
facet normal -0.9981828709692903 -0.060257415340397164 0
outer loop
vertex -65.17398834228516 -71.94891357421875 -17.491811752319336
vertex -65.13532257080078 -72.58942413330078 -17.439958572387695
vertex -65.17398834228516 -71.94891357421875 -1
endloop
endfacet
facet normal -0.5009716815845593 -0.8654636758699575 0
outer loop
vertex -62.81956481933594 -76.31478881835938 -17.651947021484375
vertex -62.32992935180664 -76.59821319580078 -17.645328521728516
vertex -62.81956481933594 -76.31478881835938 -1
endloop
endfacet
facet normal -0.4039589131102619 -0.914777129424854 0
outer loop
vertex -62.32992935180664 -76.59821319580078 -17.645328521728516
vertex -61.81239700317383 -76.82675170898438 -17.69223976135254
vertex -62.32992935180664 -76.59821319580078 -1
endloop
endfacet
facet normal -0.302269337157716 -0.9532225594302088 -0.00000274902085170106
outer loop
vertex -61.28993225097656 -76.99237823486328 -17.781766891479492
vertex -61.81239700317383 -76.82675170898438 -1
vertex -61.32142639160156 -76.98239135742188 -17.783172607421875
endloop
endfacet
facet normal -0.3021839478054803 -0.9532496324094202 0
outer loop
vertex -61.81239700317383 -76.82675170898438 -17.69223976135254
vertex -61.32142639160156 -76.98239135742188 -17.783172607421875
vertex -61.81239700317383 -76.82675170898438 -1
endloop
endfacet
facet normal -0.20002006137560113 -0.9797917956329091 -0.00011071468135442024
outer loop
vertex -60.718414306640625 -77.10906219482422 -17.68302345275879
vertex -61.27309799194336 -76.99771118164062 -1
vertex -61.28993225097656 -76.99237823486328 -17.781766891479492
endloop
endfacet
facet normal -0.5920378263279427 -0.8059101762584244 0
outer loop
vertex -62.81956481933594 -76.31478881835938 -17.651947021484375
vertex -63.275508880615234 -75.97984313964844 -1
vertex -63.275508880615234 -75.97984313964844 -17.712017059326172
endloop
endfacet
facet normal -0.08912521183161069 -0.9960204298185708 0
outer loop
vertex -60.15491485595703 -77.15948486328125 -17.6408634185791
vertex -60.718414306640625 -77.10906219482422 -1
vertex -60.718414306640625 -77.10906219482422 -17.68302345275879
endloop
endfacet
facet normal 0 0 1
outer loop
vertex 58.326412200927734 -70.92542266845703 0
vertex 58.16419982910156 -70.8170394897461 0
vertex 39.14064407348633 -71.16749572753906 0
endloop
endfacet
facet normal -0.4539508782144352 0.8910267112540551 -3.5459221107419413e-7
outer loop
vertex -32.65468978881836 57.413272857666016 -7.620670795440674
vertex -33.01321792602539 57.230613708496094 -7.672041416168213
vertex -32.6356315612793 57.4229850769043 -1
endloop
endfacet
facet normal -0.2969512820750452 0.9548926306522566 0
outer loop
vertex -33.01321792602539 57.230613708496094 -7.672041416168213
vertex -33.41787338256836 57.104774475097656 -7.6854424476623535
vertex -33.01321792602539 57.230613708496094 -1
endloop
endfacet
facet normal -0.9999999580525107 0.0002867061376929971 -0.00004116512290687309
outer loop
vertex -65.17394256591797 -71.7923812866211 -17.51361656188965
vertex -65.17398834228516 -71.94891357421875 -17.491811752319336
vertex -65.14549255371094 28.572296142578125 -9.614745140075684
endloop
endfacet
facet normal -0.13140009547277015 0.9913294179584033 0
outer loop
vertex -33.41787338256836 57.104774475097656 -7.6854424476623535
vertex -33.83796691894531 57.04909133911133 -7.698930740356445
vertex -33.41787338256836 57.104774475097656 -1
endloop
endfacet
facet normal 0.03795909179489005 0.9992792939664602 0
outer loop
vertex -33.83796691894531 57.04909133911133 -7.698930740356445
vertex -33.8994255065918 57.05142593383789 -7.689610004425049
vertex -33.83796691894531 57.04909133911133 -1
endloop
endfacet
facet normal 0.037918692129087966 0.9992808277892062 3.7169390359616083e-7
outer loop
vertex -33.8994255065918 57.05142593383789 -7.689610004425049
vertex -34.26143264770508 57.065162658691406 -7.712344646453857
vertex -33.83796691894531 57.04909133911133 -1
endloop
endfacet
facet normal 0.20614322866933743 0.9785218287160391 0
outer loop
vertex -34.26143264770508 57.065162658691406 -7.712344646453857
vertex -34.353546142578125 57.08456802368164 -7.699500560760498
vertex -34.26143264770508 57.065162658691406 -1
endloop
endfacet
facet normal 0 0 1
outer loop
vertex 63.61775588989258 -70.96348571777344 0
vertex 58.326412200927734 -70.92542266845703 0
vertex 39.14064407348633 -71.16749572753906 0
endloop
endfacet
facet normal 0.20615377044562083 0.9785196078418825 -1.5137497490194035e-7
outer loop
vertex -34.353546142578125 57.08456802368164 -7.699500560760498
vertex -34.65945816040039 57.149017333984375 -7.713079929351807
vertex -34.26143264770508 57.065162658691406 -1
endloop
endfacet
facet normal 0.00011807746321216563 -0.9999999930288563 0
outer loop
vertex 59.51775360107422 -72.16507720947266 -1.5074959993362427
vertex 59.51775360107422 -72.16507720947266 -1
vertex 47.822715759277344 -72.16645812988281 -1
endloop
endfacet
facet normal 0 0 1
outer loop
vertex 76.99556732177734 55.51717758178711 0
vertex 75.68630981445312 54.62129211425781 0
vertex 77.18299865722656 54.73164367675781 0
endloop
endfacet
facet normal -0.00001560091458392424 -0.9999999998783059 -4.958799777085754e-9
outer loop
vertex -60.15491485595703 -77.15948486328125 -17.6408634185791
vertex 33.7398681640625 -77.16094970703125 -17.790082931518555
vertex -5.873988628387451 -77.16033172607422 -11.449999809265137
endloop
endfacet
facet normal -0.000014573949592588848 -0.999999999873002 -0.000006449479669514409
outer loop
vertex -60.15491485595703 -77.15948486328125 -17.6408634185791
vertex -17.87398910522461 -77.16014099121094 -11.449999809265137
vertex -18.448013305664062 -77.1601333618164 -11.335819244384766
endloop
endfacet
facet normal -0.000015572733178463324 -0.9999999998787326 1.5732077970243945e-7
outer loop
vertex -18.448013305664062 -77.1601333618164 -11.335819244384766
vertex -18.934648513793945 -77.16012573242188 -11.010660171508789
vertex -60.15491485595703 -77.15948486328125 -17.6408634185791
endloop
endfacet
facet normal -0.000014038624026359225 -0.9999999998574636 -0.000009380303555116043
outer loop
vertex -18.934648513793945 -77.16012573242188 -11.010660171508789
vertex -19.259807586669922 -77.16012573242188 -10.524024963378906
vertex -60.15491485595703 -77.15948486328125 -17.6408634185791
endloop
endfacet
facet normal -0.000017382330959121657 -0.9999999998005789 0.000009833460335916081
outer loop
vertex -19.259807586669922 -77.16012573242188 -10.524024963378906
vertex -19.37398910522461 -77.16011810302734 -9.949999809265137
vertex -60.15491485595703 -77.15948486328125 -17.6408634185791
endloop
endfacet
facet normal -0.000015894571306450387 -0.9999999998703795 0.000002569796501632415
outer loop
vertex -17.87398910522461 -77.16014099121094 -11.449999809265137
vertex -60.15491485595703 -77.15948486328125 -17.6408634185791
vertex -5.873988628387451 -77.16033172607422 -11.449999809265137
endloop
endfacet
facet normal -0.000015527841370938854 -0.9999999998794431 0
outer loop
vertex -19.37398910522461 -77.16011810302734 -9.949999809265137
vertex -19.37398910522461 -77.16011810302734 -4.949999809265137
vertex -60.15491485595703 -77.15948486328125 -17.6408634185791
endloop
endfacet
facet normal 0 0 1
outer loop
vertex 75.68630981445312 54.62129211425781 0
vertex 77.22600555419922 54.11836242675781 0
vertex 77.18299865722656 54.73164367675781 0
endloop
endfacet
facet normal 0 0 1
outer loop
vertex 63.61775588989258 -70.96348571777344 0
vertex 39.14064407348633 -71.16749572753906 0
vertex 63.61775588989258 -71.16458892822266 0
endloop
endfacet
facet normal 0.0001231207707723311 -0.999999992398689 0.000006625544301962191
outer loop
vertex 59.51775360107422 -72.16507720947266 -1.5074959993362427
vertex 63.61775588989258 -72.16458892822266 -4
vertex 60.26411056518555 -72.16498565673828 -1.5587085485458374
endloop
endfacet
facet normal 0 0 1
outer loop
vertex 73.46215057373047 58.333072662353516 0
vertex 76.66864013671875 56.241539001464844 0
vertex 76.21095275878906 56.8912353515625 0
endloop
endfacet
facet normal 0 0 1
outer loop
vertex 75.63894653320312 57.44294738769531 0
vertex 73.46215057373047 58.333072662353516 0
vertex 76.21095275878906 56.8912353515625 0
endloop
endfacet
facet normal 0 0 1
outer loop
vertex 73.46215057373047 58.333072662353516 0
vertex 75.32672119140625 55.57408142089844 0
vertex 76.66864013671875 56.241539001464844 0
endloop
endfacet
facet normal 0 0 1
outer loop
vertex 73.46215057373047 58.333072662353516 0
vertex 75.01900482177734 55.982662200927734 0
vertex 75.32672119140625 55.57408142089844 0
endloop
endfacet
facet normal 0 0 1
outer loop
vertex 73.46215057373047 58.333072662353516 0
vertex 74.20257568359375 56.591392517089844 0
vertex 74.63975524902344 56.325870513916016 0
endloop
endfacet
facet normal 0 0 1
outer loop
vertex 74.63975524902344 56.325870513916016 0
vertex 75.01900482177734 55.982662200927734 0
vertex 73.46215057373047 58.333072662353516 0
endloop
endfacet
facet normal 0 0 1
outer loop
vertex 73.46215057373047 58.333072662353516 0
vertex 73.7231674194336 56.769691467285156 0
vertex 74.20257568359375 56.591392517089844 0
endloop
endfacet
facet normal 0 0 1
outer loop
vertex 73.7231674194336 56.769691467285156 0
vertex 73.46215057373047 58.333072662353516 0
vertex 73.21873474121094 56.8543701171875 0
endloop
endfacet
facet normal 0.00011716928600510045 -0.9999999931344777 -0.000001550115898178123
outer loop
vertex 60.26411056518555 -72.16498565673828 -1.5587085485458374
vertex 63.61775588989258 -72.16458892822266 -4
vertex 60.979888916015625 -72.16490173339844 -1.5949000120162964
endloop
endfacet
facet normal 0.00011334578122435892 -0.9999999935598721 -0.000005743661766971584
outer loop
vertex 60.979888916015625 -72.16490173339844 -1.5949000120162964
vertex 63.61775588989258 -72.16458892822266 -4
vertex 61.651458740234375 -72.16482543945312 -1.6252532005310059
endloop
endfacet
facet normal 0.3424140993359126 0.9395490707501359 0.00035809011712033896
outer loop
vertex -34.65945816040039 57.149017333984375 -7.713079929351807
vertex -40.304935455322266 59.20637130737305 -7.417038917541504
vertex -34.67609786987305 57.152523040771484 -1
endloop
endfacet
facet normal -0.7247143904425604 0.6890493830528174 0
outer loop
vertex -32.00395965576172 57.983482360839844 -7.447138786315918
vertex -32.29595947265625 57.676368713378906 -7.529700756072998
vertex -32.00395965576172 57.983482360839844 -1
endloop
endfacet
facet normal 0.9804422089366603 -0.1968072024479843 0
outer loop
vertex 78.00364685058594 -68.46503448486328 -1
vertex 78.197509765625 -67.49925994873047 -17.131343841552734
vertex 78.197509765625 -67.49925994873047 -1
endloop
endfacet
facet normal 0.9257231602898436 -0.37820183831253973 0
outer loop
vertex 77.631103515625 -69.37690734863281 -1
vertex 78.00364685058594 -68.46503448486328 -17.115802764892578
vertex 78.00364685058594 -68.46503448486328 -1
endloop
endfacet
facet normal -0.000016671895761336847 -0.9999999997165802 -0.000016996693027340313
outer loop
vertex -4.813328742980957 -77.16034698486328 -11.010660171508789
vertex 1.1260111331939697 -77.16043853759766 -11.449999809265137
vertex 0.551986038684845 -77.16043090820312 -11.335819244384766
endloop
endfacet
facet normal -0.8235237575008946 0.5672817825659221 6.614063039085076e-7
outer loop
vertex -31.88740348815918 58.152687072753906 -7.413104057312012
vertex -32.00395965576172 57.983482360839844 -7.447138786315918
vertex -31.344738006591797 58.940467834472656 -1
endloop
endfacet
facet normal -0.000014434706106418948 -0.9999999998776217 -0.000006032894510033839
outer loop
vertex -4.4881696701049805 -77.16035461425781 -10.524024963378906
vertex -4.813328742980957 -77.16034698486328 -11.010660171508789
vertex -0.25980812311172485 -77.16041564941406 -10.524024963378906
endloop
endfacet
facet normal -0.00001563823599333883 -0.9999999998777209 5.929743580083586e-8
outer loop
vertex -4.813328742980957 -77.16034698486328 -11.010660171508789
vertex 0.551986038684845 -77.16043090820312 -11.335819244384766
vertex 0.06535100936889648 -77.1604232788086 -11.010660171508789
endloop
endfacet
facet normal -0.000015638235993125088 -0.999999999864053 0.000005228720073377643
outer loop
vertex -0.25980812311172485 -77.16041564941406 -10.524024963378906
vertex -4.813328742980957 -77.16034698486328 -11.010660171508789
vertex 0.06535100936889648 -77.1604232788086 -11.010660171508789
endloop
endfacet
facet normal -0.8235212421055345 0.5672854341519425 0
outer loop
vertex -31.344738006591797 58.940467834472656 -7.24733304977417
vertex -31.88740348815918 58.152687072753906 -7.413104057312012
vertex -31.344738006591797 58.940467834472656 -1
endloop
endfacet
facet normal -0.7137913740852752 0.7003583898843897 0
outer loop
vertex -30.654796600341797 59.64364242553711 -7.275907039642334
vertex -31.344738006591797 58.940467834472656 -7.24733304977417
vertex -30.654796600341797 59.64364242553711 -1
endloop
endfacet
facet normal -0.5688903786195163 0.8224133614637734 0
outer loop
vertex -29.844615936279297 60.204071044921875 -7.172670841217041
vertex -30.654796600341797 59.64364242553711 -7.275907039642334
vertex -29.844615936279297 60.204071044921875 -1
endloop
endfacet
facet normal -0.22376324467885716 0.9746435298754342 0.0000016563283843997142
outer loop
vertex -28.890483856201172 60.61375045776367 -7.257589340209961
vertex -28.94327163696289 60.60163116455078 -7.242125034332275
vertex -27.983123779296875 60.82205581665039 -1
endloop
endfacet
facet normal -0.40356222096574074 0.9149522030189329 0
outer loop
vertex -28.94327163696289 60.60163116455078 -7.242125034332275
vertex -29.844615936279297 60.204071044921875 -7.172670841217041
vertex -28.94327163696289 60.60163116455078 -1
endloop
endfacet
facet normal -0.22375239374546968 0.9746460210215667 0
outer loop
vertex -27.983123779296875 60.82205581665039 -7.144954204559326
vertex -28.890483856201172 60.61375045776367 -7.257589340209961
vertex -27.983123779296875 60.82205581665039 -1
endloop
endfacet
facet normal -0.03591162374294762 0.9993549696079692 0
outer loop
vertex -26.998632431030273 60.8574333190918 -7.243209362030029
vertex -27.983123779296875 60.82205581665039 -7.144954204559326
vertex -26.998632431030273 60.8574333190918 -1
endloop
endfacet
facet normal -0.000015258789742774417 -0.9999999998789786 0.00000303517101244212
outer loop
vertex -4.373988628387451 -77.16035461425781 -9.949999809265137
vertex -4.4881696701049805 -77.16035461425781 -10.524024963378906
vertex -0.3739888072013855 -77.16041564941406 -9.949999809265137
endloop
endfacet
facet normal -0.00001443470610662213 -0.9999999998916975 -0.0000028712411051601007
outer loop
vertex -0.3739888072013855 -77.16041564941406 -9.949999809265137
vertex -4.4881696701049805 -77.16035461425781 -10.524024963378906
vertex -0.25980812311172485 -77.16041564941406 -10.524024963378906
endloop
endfacet
facet normal 0.11665651545873564 0.993172320094064 0
outer loop
vertex -26.39413833618164 60.78643035888672 -7.220026969909668
vertex -26.998632431030273 60.8574333190918 -7.243209362030029
vertex -26.39413833618164 60.78643035888672 -1
endloop
endfacet
facet normal 0.17337894653709673 0.9848551877802576 0
outer loop
vertex -12.02035903930664 58.25599670410156 -7.641824722290039
vertex -26.39413833618164 60.78643035888672 -7.220026969909668
vertex -12.02035903930664 58.25599670410156 -1
endloop
endfacet
facet normal 0.03309018215537586 0.9994523699729927 -5.404654035010987e-7
outer loop
vertex -11.766416549682617 58.247589111328125 -7.614597320556641
vertex -12.02035903930664 58.25599670410156 -7.641824722290039
vertex -11.596821784973145 58.24197769165039 -1
endloop
endfacet
facet normal -0.000014314342970191093 -0.9999999998975497 0
outer loop
vertex -60.15491485595703 -77.15948486328125 -17.6408634185791
vertex -56.95697784423828 -77.15953063964844 -4
vertex -60.15491485595703 -77.15948486328125 -1
endloop
endfacet
facet normal -0.9238189014221891 -0.38282977597765244 0
outer loop
vertex -64.87823486328125 -73.68961334228516 -1
vertex -64.66165161132812 -74.2122573852539 -17.61150360107422
vertex -64.66165161132812 -74.2122573852539 -1
endloop
endfacet
facet normal -0.8193047712069925 -0.5733582578784907 0
outer loop
vertex -64.38955688476562 -74.70828247070312 -1
vertex -64.06517791748047 -75.17180633544922 -17.569435119628906
vertex -64.06517791748047 -75.17180633544922 -1
endloop
endfacet
facet normal -0.7521563414134088 -0.6589847024564346 0
outer loop
vertex -64.06517791748047 -75.17180633544922 -1
vertex -63.692359924316406 -75.59733581542969 -17.632408142089844
vertex -63.692359924316406 -75.59733581542969 -1
endloop
endfacet
facet normal -0.8767520627776503 -0.4809426373437225 0
outer loop
vertex -64.66165161132812 -74.2122573852539 -1
vertex -64.38955688476562 -74.70828247070312 -17.56243896484375
vertex -64.38955688476562 -74.70828247070312 -1
endloop
endfacet
facet normal -0.9599456087158268 -0.28018641706406966 0
outer loop
vertex -65.03675079345703 -73.14652252197266 -1
vertex -64.87823486328125 -73.68961334228516 -17.534282684326172
vertex -64.87823486328125 -73.68961334228516 -1
endloop
endfacet
facet normal -0.9847047174149944 -0.17423151121612884 0
outer loop
vertex -65.13532257080078 -72.58942413330078 -1
vertex -65.03675079345703 -73.14652252197266 -17.457317352294922
vertex -65.03675079345703 -73.14652252197266 -1
endloop
endfacet
facet normal -0.9981828709692904 -0.06025741534039717 0
outer loop
vertex -65.17398834228516 -71.94891357421875 -1
vertex -65.13532257080078 -72.58942413330078 -17.439958572387695
vertex -65.13532257080078 -72.58942413330078 -1
endloop
endfacet
facet normal -0.5920378263279427 -0.8059101762584243 0
outer loop
vertex -63.275508880615234 -75.97984313964844 -1
vertex -62.81956481933594 -76.31478881835938 -17.651947021484375
vertex -62.81956481933594 -76.31478881835938 -1
endloop
endfacet
facet normal -0.5009727861962077 -0.8654630364670746 0
outer loop
vertex -62.32992935180664 -76.59821319580078 -17.645328521728516
vertex -62.32992935180664 -76.59821319580078 -1
vertex -62.524681091308594 -76.48548126220703 -1
endloop
endfacet
facet normal -0.5009709520582564 -0.8654640981541888 2.8649936054650577e-8
outer loop
vertex -62.81956481933594 -76.31478881835938 -1
vertex -62.32992935180664 -76.59821319580078 -17.645328521728516
vertex -62.524681091308594 -76.48548126220703 -1
endloop
endfacet
facet normal -0.4039589131102618 -0.9147771294248539 0
outer loop
vertex -62.32992935180664 -76.59821319580078 -1
vertex -61.81239700317383 -76.82675170898438 -17.69223976135254
vertex -61.81239700317383 -76.82675170898438 -1
endloop
endfacet
facet normal -0.30218318992939075 -0.9532498726588202 2.0255664220388176e-7
outer loop
vertex -61.81239700317383 -76.82675170898438 -1
vertex -61.28993225097656 -76.99237823486328 -17.781766891479492
vertex -61.27309799194336 -76.99771118164062 -1
endloop
endfacet
facet normal -0.6761028425157551 -0.736807265397211 0
outer loop
vertex -63.692359924316406 -75.59733581542969 -1
vertex -63.275508880615234 -75.97984313964844 -17.712017059326172
vertex -63.275508880615234 -75.97984313964844 -1
endloop
endfacet
facet normal -0.1968201808087422 -0.9804396036607324 0
outer loop
vertex -61.27309799194336 -76.99771118164062 -1
vertex -60.718414306640625 -77.10906219482422 -17.68302345275879
vertex -60.718414306640625 -77.10906219482422 -1
endloop
endfacet
facet normal -0.08912521183161069 -0.9960204298185708 0
outer loop
vertex -60.718414306640625 -77.10906219482422 -1
vertex -60.15491485595703 -77.15948486328125 -17.6408634185791
vertex -60.15491485595703 -77.15948486328125 -1
endloop
endfacet
facet normal -0.9999999598161433 0.00028349199606124095 0
outer loop
vertex -65.17398834228516 -71.94891357421875 -17.491811752319336
vertex -65.17398834228516 -71.94891357421875 -1
vertex -65.1575927734375 -14.114588737487793 -1
endloop
endfacet
facet normal -0.000014314342970191093 -0.9999999998975497 0
outer loop
vertex -56.95697784423828 -77.15953063964844 -4
vertex -60.15491485595703 -77.15948486328125 -17.6408634185791
vertex -56.95697784423828 -77.15953063964844 -5
endloop
endfacet
facet normal -0.000015894571938095114 -0.9999999998736013 3.9977274788993e-7
outer loop
vertex -56.95697784423828 -77.15953063964844 -5
vertex -60.15491485595703 -77.15948486328125 -17.6408634185791
vertex -44.95697784423828 -77.15972137451172 -5
endloop
endfacet
facet normal -0.000015507383938124246 -0.9999999998797584 -6.573808328146239e-8
outer loop
vertex -44.95697784423828 -77.15972137451172 -5
vertex -60.15491485595703 -77.15948486328125 -17.6408634185791
vertex -19.37398910522461 -77.16011810302734 -4.949999809265137
endloop
endfacet
facet normal 0.501265171114819 0.8652937236726159 9.901506139561913e-8
outer loop
vertex -49.91862487792969 70.0588150024414 -2.5
vertex -49.30183410644531 69.70150756835938 -1
vertex -43.94698715209961 66.59944152832031 -1
endloop
endfacet
facet normal 0.033069125784261896 0.99945306689202 0
outer loop
vertex -11.596821784973145 58.24197769165039 -7.602983474731445
vertex -11.766416549682617 58.247589111328125 -7.614597320556641
vertex -11.596821784973145 58.24197769165039 -1
endloop
endfacet
facet normal -0.13620086837443796 0.9906812421026261 2.1668934720056872e-7
outer loop
vertex -11.39382553100586 58.2698860168457 -7.548538684844971
vertex -11.596821784973145 58.24197769165039 -7.602983474731445
vertex -11.177000999450684 58.2996940612793 -1
endloop
endfacet
facet normal 0.9114629843477832 0.411382095093883 0
outer loop
vertex 77.94618225097656 55.84182357788086 -1
vertex 77.54095458984375 56.73965072631836 -7.450223445892334
vertex 77.54095458984375 56.73965072631836 -1
endloop
endfacet
facet normal 0.8175144235971921 0.5759081239317178 0
outer loop
vertex 77.54095458984375 56.73965072631836 -1
vertex 76.97366333007812 57.5449333190918 -7.344093322753906
vertex 76.97366333007812 57.5449333190918 -1
endloop
endfacet
facet normal 0.9726949512447829 0.2320873366276355 0
outer loop
vertex 78.17479705810547 54.88368225097656 -1
vertex 77.94618225097656 55.84182357788086 -7.424816131591797
vertex 77.94618225097656 55.84182357788086 -1
endloop
endfacet
facet normal 0 0 1
outer loop
vertex -44.51705551147461 63.456199645996094 0
vertex -44.36022186279297 62.96934127807617 0
vertex -42.873680114746094 63.16019821166992 0
endloop
endfacet
facet normal 0 0 1
outer loop
vertex -44.36022186279297 62.96934127807617 0
vertex -42.800270080566406 62.34765625 0
vertex -42.873680114746094 63.16019821166992 0
endloop
endfacet
facet normal 0 0 1
outer loop
vertex -44.36022186279297 62.96934127807617 0
vertex -44.29803466796875 62.46164321899414 0
vertex -42.800270080566406 62.34765625 0
endloop
endfacet
facet normal -0.13619444531409255 0.9906821251368102 0
outer loop
vertex -11.177000999450684 58.2996940612793 -7.536888122558594
vertex -11.39382553100586 58.2698860168457 -7.548538684844971
vertex -11.177000999450684 58.2996940612793 -1
endloop
endfacet
facet normal -0.30156987127041895 0.9534440795043738 -1.718282667071101e-8
outer loop
vertex -10.962660789489746 58.367488861083984 -7.480496406555176
vertex -11.177000999450684 58.2996940612793 -7.536888122558594
vertex -10.772960662841797 58.427490234375 -1
endloop
endfacet
facet normal -0.3015704048824341 0.9534439107252428 0
outer loop
vertex -10.772960662841797 58.427490234375 -7.473018169403076
vertex -10.962660789489746 58.367488861083984 -7.480496406555176
vertex -10.772960662841797 58.427490234375 -1
endloop
endfacet
facet normal -0.44520198537532846 0.895430171603457 -2.635189491821339e-7
outer loop
vertex -10.60849380493164 58.50926208496094 -7.43304967880249
vertex -10.772960662841797 58.427490234375 -7.473018169403076
vertex -9.597597122192383 59.01187515258789 -1
endloop
endfacet
facet normal -0.4452033299500752 0.8954295030885259 0
outer loop
vertex -9.597597122192383 59.01187515258789 -7.276247978210449
vertex -10.60849380493164 58.50926208496094 -7.43304967880249
vertex -9.597597122192383 59.01187515258789 -1
endloop
endfacet
facet normal -0.2703442365046965 0.962763726876274 0
outer loop
vertex -8.649153709411621 59.2781982421875 -7.357327938079834
vertex -9.597597122192383 59.01187515258789 -7.276247978210449
vertex -8.649153709411621 59.2781982421875 -1
endloop
endfacet
facet normal -0.08893713441302308 0.9960372413250839 0.000003989532686004025
outer loop
vertex -8.617411613464355 59.28103256225586 -7.366674423217773
vertex -8.649153709411621 59.2781982421875 -7.357327938079834
vertex -7.715732574462891 59.36151885986328 -1
endloop
endfacet
facet normal -0.08890918739533686 0.9960397363542786 0
outer loop
vertex -7.715732574462891 59.36151885986328 -1
vertex -7.715732574462891 59.36151885986328 -7.275077819824219
vertex -8.617411613464355 59.28103256225586 -7.366674423217773
endloop
endfacet
facet normal 0.8377772767846426 -0.5460121193740193 0
outer loop
vertex 77.09326171875 -70.2021484375 -1
vertex 77.631103515625 -69.37690734863281 -17.23011589050293
vertex 77.631103515625 -69.37690734863281 -1
endloop
endfacet
facet normal 0.7197634332401506 -0.6942194178862136 -2.787297214880931e-7
outer loop
vertex 76.40943145751953 -70.91114044189453 -1
vertex 76.46461486816406 -70.85391998291016 -17.333471298217773
vertex 77.09326171875 -70.2021484375 -1
endloop
endfacet
facet normal 0.5758993009316649 -0.8175206389972182 0
outer loop
vertex 75.60414123535156 -71.47842407226562 -1
vertex 76.40943145751953 -70.91114044189453 -17.310338973999023
vertex 76.40943145751953 -70.91114044189453 -1
endloop
endfacet
facet normal 0.4113849992740268 -0.9114616735619272 0
outer loop
vertex 74.7063217163086 -71.88365173339844 -1
vertex 75.60414123535156 -71.47842407226562 -17.180646896362305
vertex 75.60414123535156 -71.47842407226562 -1
endloop
endfacet
facet normal 0.2320864623815749 -0.972695159841564 0
outer loop
vertex 73.74817657470703 -72.11226654052734 -1
vertex 74.7063217163086 -71.88365173339844 -17.21253776550293
vertex 74.7063217163086 -71.88365173339844 -1
endloop
endfacet
facet normal 0.06994670828851905 -0.9975507162410602 -0.00016286972895403158
outer loop
vertex 73.01775360107422 -72.16348266601562 -1
vertex 73.76407623291016 -72.10847473144531 -17.395883560180664
vertex 73.74817657470703 -72.11226654052734 -1
endloop
endfacet
facet normal 0.00011878815032877273 -0.9999999929439222 -0.0000012373645038407625
outer loop
vertex 61.651458740234375 -72.16482543945312 -1.6252532005310059
vertex 63.61775588989258 -72.16458892822266 -4
vertex 62.87141799926758 -72.16468048095703 -1.6590275764465332
endloop
endfacet
facet normal 0.00012266928268843516 -0.9999999924761235 0
outer loop
vertex 62.87141799926758 -72.16468048095703 -1.6590275764465332
vertex 63.61775588989258 -72.16458892822266 -4
vertex 63.61775588989258 -72.16458892822266 -1.6659917831420898
endloop
endfacet
facet normal 0.00011852812507424648 -0.9999999929755418 0
outer loop
vertex 64.41775512695312 -72.16449737548828 -4
vertex 70.01775360107422 -72.16383361816406 -4
vertex 64.41775512695312 -72.16449737548828 -1.666001796722412
endloop
endfacet
facet normal 0.00011258640713810937 -0.9999999935605329 -0.000014256057145884852
outer loop
vertex 64.41775512695312 -72.16449737548828 -1.666001796722412
vertex 70.01775360107422 -72.16383361816406 -4
vertex 65.16404724121094 -72.16441345214844 -1.6590567827224731
endloop
endfacet
facet normal 0.0001188715130327976 -0.999999992934032 -0.000001224532676783499
outer loop
vertex 65.16404724121094 -72.16441345214844 -1.6590567827224731
vertex 70.01775360107422 -72.16383361816406 -4
vertex 66.38385009765625 -72.16426849365234 -1.6253165006637573
endloop
endfacet
facet normal 0.00011698404867868766 -0.9999999931573662 0
outer loop
vertex 70.01775360107422 -72.16383361816406 -4
vertex 73.01775360107422 -72.16348266601562 -17.353708267211914
vertex 73.01775360107422 -72.16348266601562 -1
endloop
endfacet
facet normal 0.00011698404867868766 -0.9999999931573662 0
outer loop
vertex 70.01775360107422 -72.16383361816406 -5
vertex 73.01775360107422 -72.16348266601562 -17.353708267211914
vertex 70.01775360107422 -72.16383361816406 -4
endloop
endfacet
facet normal 0.0001184540001700936 -0.9999999929841739 5.49671691501414e-7
outer loop
vertex 47.822715759277344 -72.16645812988281 -1
vertex 73.01775360107422 -72.16348266601562 -17.353708267211914
vertex 58.01775360107422 -72.16525268554688 -5
endloop
endfacet
facet normal 0.00011825561440750302 -0.9999999930077572 3.0878964894098494e-7
outer loop
vertex 73.01775360107422 -72.16348266601562 -17.353708267211914
vertex 70.01775360107422 -72.16383361816406 -5
vertex 58.01775360107422 -72.16525268554688 -5
endloop
endfacet
facet normal 0.00012432162221409613 -0.9999999922467512 0.000007115598187960613
outer loop
vertex 66.38385009765625 -72.16426849365234 -1.6253165006637573
vertex 70.01775360107422 -72.16383361816406 -4
vertex 67.05715942382812 -72.1641845703125 -1.5949000120162964
endloop
endfacet
facet normal 0.00011764022248837724 -0.9999999930797742 -0.0000011089718985210492
outer loop
vertex 67.05715942382812 -72.1641845703125 -1.5949000120162964
vertex 70.01775360107422 -72.16383361816406 -4
vertex 67.77088928222656 -72.16410064697266 -1.5588304996490479
endloop
endfacet
facet normal 0.20615157170551776 0.978520071068215 -1.522311016503947e-8
outer loop
vertex -34.26143264770508 57.065162658691406 -1
vertex -34.65945816040039 57.149017333984375 -7.713079929351807
vertex -34.67609786987305 57.152523040771484 -1
endloop
endfacet
facet normal 0.00011775447407332195 -0.9999999930668024 -5.280402523199527e-7
outer loop
vertex 39.14076232910156 -72.16748046875 -1
vertex 73.01775360107422 -72.16348266601562 -17.353708267211914
vertex 47.822715759277344 -72.16645812988281 -1
endloop
endfacet
facet normal 0 0 1
outer loop
vertex 34.326011657714844 -69.66348266601562 0
vertex 38.99980545043945 -71.1774673461914 0
vertex 39.14064407348633 -71.16749572753906 0
endloop
endfacet
facet normal 0 0 1
outer loop
vertex 38.580596923828125 -71.23951721191406 0
vertex 38.99980545043945 -71.1774673461914 0
vertex 34.326011657714844 -69.66348266601562 0
endloop
endfacet
facet normal 0 0 1
outer loop
vertex 34.326011657714844 -69.66348266601562 0
vertex 38.41587448120117 -71.27769470214844 0
vertex 38.580596923828125 -71.23951721191406 0
endloop
endfacet
facet normal 0 0 1
outer loop
vertex 38.012451171875 -71.40743255615234 0
vertex 38.41587448120117 -71.27769470214844 0
vertex 34.326011657714844 -69.66348266601562 0
endloop
endfacet
facet normal 0 0 1
outer loop
vertex 34.326011657714844 -69.66348266601562 0
vertex 37.97578048706055 -71.41725158691406 0
vertex 38.012451171875 -71.40743255615234 0
endloop
endfacet
facet normal 0 0 1
outer loop
vertex 34.326011657714844 -69.66348266601562 0
vertex 37.85526657104492 -71.47034454345703 0
vertex 37.97578048706055 -71.41725158691406 0
endloop
endfacet
facet normal 0.037912855748596826 0.9992810492393951 0
outer loop
vertex -34.26143264770508 57.065162658691406 -7.712344646453857
vertex -34.26143264770508 57.065162658691406 -1
vertex -34.135650634765625 57.06039047241211 -1
endloop
endfacet
facet normal 0 0 1
outer loop
vertex -40.74048614501953 58.30080795288086 0
vertex -46.050479888916016 58.62779235839844 0
vertex -35.01884841918945 56.213172912597656 0
endloop
endfacet
facet normal 0.03792952731951149 0.9992804165784601 -3.1285683840027175e-7
outer loop
vertex -34.26143264770508 57.065162658691406 -7.712344646453857
vertex -34.135650634765625 57.06039047241211 -1
vertex -33.83796691894531 57.04909133911133 -1
endloop
endfacet
facet normal -0.13140009547277018 0.9913294179584035 0
outer loop
vertex -33.41787338256836 57.104774475097656 -1
vertex -33.83796691894531 57.04909133911133 -7.698930740356445
vertex -33.83796691894531 57.04909133911133 -1
endloop
endfacet
facet normal -0.2969512820750452 0.9548926306522566 0
outer loop
vertex -33.01321792602539 57.230613708496094 -1
vertex -33.41787338256836 57.104774475097656 -7.6854424476623535
vertex -33.41787338256836 57.104774475097656 -1
endloop
endfacet
facet normal -0.4539558527348675 0.8910241768705042 0
outer loop
vertex -32.6356315612793 57.4229850769043 -1
vertex -33.01321792602539 57.230613708496094 -7.672041416168213
vertex -33.01321792602539 57.230613708496094 -1
endloop
endfacet
facet normal -0.5979282032690545 0.801549478398844 0.0005453567466111379
outer loop
vertex -32.29595947265625 57.676368713378906 -1
vertex -32.65468978881836 57.413272857666016 -7.620670795440674
vertex -32.6356315612793 57.4229850769043 -1
endloop
endfacet
facet normal 0 0 1
outer loop
vertex -44.29803466796875 62.46164321899414 0
vertex -42.84287643432617 61.55148696899414 0
vertex -42.800270080566406 62.34765625 0
endloop
endfacet
facet normal 0 0 1
outer loop
vertex -44.29803466796875 62.46164321899414 0
vertex -44.33271408081055 61.95132827758789 0
vertex -42.84287643432617 61.55148696899414 0
endloop
endfacet
facet normal 0 0 1
outer loop
vertex -44.33271408081055 61.95132827758789 0
vertex -42.843772888183594 61.40325164794922 0
vertex -42.84287643432617 61.55148696899414 0
endloop
endfacet
facet normal 0 0 1
outer loop
vertex -42.843772888183594 61.40325164794922 0
vertex -44.4630241394043 61.45671081542969 0
vertex -42.80152130126953 60.98157501220703 0
endloop
endfacet
facet normal 0 0 1
outer loop
vertex 37.480857849121094 -71.6688461303711 0
vertex 37.85526657104492 -71.47034454345703 0
vertex 34.326011657714844 -69.66348266601562 0
endloop
endfacet
facet normal 0 0 1
outer loop
vertex 34.326011657714844 -69.66348266601562 0
vertex 37.33645248413086 -71.75720977783203 0
vertex 37.480857849121094 -71.6688461303711 0
endloop
endfacet
facet normal 0 0 1
outer loop
vertex -61.458274841308594 -75.88996887207031 0
vertex -61.022857666015625 -76.02799987792969 0
vertex -60.16671371459961 -69.65633392333984 0
endloop
endfacet
facet normal 0 0 1
outer loop
vertex -60.16671371459961 -69.65633392333984 0
vertex -61.022857666015625 -76.02799987792969 0
vertex -60.57501983642578 -76.1178970336914 0
endloop
endfacet
facet normal 0 0 1
outer loop
vertex -60.16671371459961 -69.65633392333984 0
vertex -60.57501983642578 -76.1178970336914 0
vertex -60.11025619506836 -76.15948486328125 0
endloop
endfacet
facet normal 0 0 1
outer loop
vertex -63.53900909423828 -74.1795654296875 0
vertex -63.27711486816406 -74.55380249023438 0
vertex -60.671146392822266 -69.5716552734375 0
endloop
endfacet
facet normal 0 0 1
outer loop
vertex -64.1406021118164 -72.47179412841797 0
vertex -64.06153869628906 -72.91864013671875 0
vertex -61.58773422241211 -69.12783813476562 0
endloop
endfacet
facet normal 0 0 1
outer loop
vertex -64.06153869628906 -72.91864013671875 0
vertex -63.93355941772461 -73.35711669921875 0
vertex -61.15055847167969 -69.39335632324219 0
endloop
endfacet
facet normal 0 0 1
outer loop
vertex -63.758689880371094 -73.77909088134766 0
vertex -63.53900909423828 -74.1795654296875 0
vertex -60.671146392822266 -69.5716552734375 0
endloop
endfacet
facet normal 0 0 1
outer loop
vertex -63.93355941772461 -73.35711669921875 0
vertex -63.758689880371094 -73.77909088134766 0
vertex -60.671146392822266 -69.5716552734375 0
endloop
endfacet
facet normal 0 0 1
outer loop
vertex -62.97610855102539 -74.89736938476562 0
vertex -62.639556884765625 -75.20619201660156 0
vertex -60.16671371459961 -69.65633392333984 0
endloop
endfacet
facet normal 0 0 1
outer loop
vertex -60.16671371459961 -69.65633392333984 0
vertex -62.639556884765625 -75.20619201660156 0
vertex -62.27143859863281 -75.47661590576172 0
endloop
endfacet
facet normal 0 0 1
outer loop
vertex -63.27711486816406 -74.55380249023438 0
vertex -62.97610855102539 -74.89736938476562 0
vertex -60.16671371459961 -69.65633392333984 0
endloop
endfacet
facet normal 0 0 1
outer loop
vertex -60.16671371459961 -69.65633392333984 0
vertex -62.27143859863281 -75.47661590576172 0
vertex -61.87611770629883 -75.70545196533203 0
endloop
endfacet
facet normal 0 0 1
outer loop
vertex -60.16671371459961 -69.65633392333984 0
vertex -61.87611770629883 -75.70545196533203 0
vertex -61.458274841308594 -75.88996887207031 0
endloop
endfacet
facet normal 0 0 1
outer loop
vertex -64.17398071289062 -71.91889953613281 0
vertex -64.1406021118164 -72.47179412841797 0
vertex -61.58773422241211 -69.12783813476562 0
endloop
endfacet
facet normal 0 0 1
outer loop
vertex -64.17398071289062 -71.91889953613281 0
vertex -62.27470016479492 -68.37604522705078 0
vertex -62.49982833862305 -67.91676330566406 0
endloop
endfacet
facet normal 0 0 1
outer loop
vertex -64.17398071289062 -71.91889953613281 0
vertex -62.49982833862305 -67.91676330566406 0
vertex -62.63429260253906 -67.42325592041016 0
endloop
endfacet
facet normal 0 0 1
outer loop
vertex -61.58773422241211 -69.12783813476562 0
vertex -61.96698760986328 -68.78462219238281 0
vertex -64.17398071289062 -71.91889953613281 0
endloop
endfacet
facet normal 0 0 1
outer loop
vertex -62.27470016479492 -68.37604522705078 0
vertex -64.17398071289062 -71.91889953613281 0
vertex -61.96698760986328 -68.78462219238281 0
endloop
endfacet
facet normal 0 0 1
outer loop
vertex -60.671146392822266 -69.5716552734375 0
vertex -61.15055847167969 -69.39335632324219 0
vertex -63.93355941772461 -73.35711669921875 0
endloop
endfacet
facet normal 0 0 1
outer loop
vertex -61.15055847167969 -69.39335632324219 0
vertex -61.58773422241211 -69.12783813476562 0
vertex -64.06153869628906 -72.91864013671875 0
endloop
endfacet
facet normal 0 0 1
outer loop
vertex -60.16671371459961 -69.65633392333984 0
vertex -60.671146392822266 -69.5716552734375 0
vertex -63.27711486816406 -74.55380249023438 0
endloop
endfacet
facet normal 0 0 1
outer loop
vertex -60.16671371459961 -69.65633392333984 0
vertex -60.11025619506836 -76.15948486328125 0
vertex -56.95697784423828 -74.46348571777344 0
endloop
endfacet
facet normal 0 0 1
outer loop
vertex -44.33271408081055 61.95132827758789 0
vertex -44.4630241394043 61.45671081542969 0
vertex -42.843772888183594 61.40325164794922 0
endloop
endfacet
facet normal 0 0 1
outer loop
vertex -42.66279602050781 60.40585708618164 0
vertex -44.658538818359375 61.03868865966797 0
vertex -42.639930725097656 60.32052993774414 0
endloop
endfacet
facet normal 0 0 1
outer loop
vertex 37.001068115234375 -72.0162582397461 0
vertex 37.33645248413086 -71.75720977783203 0
vertex 34.326011657714844 -69.66348266601562 0
endloop
endfacet
facet normal 0.9975507294718492 0.06994670921624145 0
outer loop
vertex 78.22601318359375 54.15325927734375 -1
vertex 78.17479705810547 54.88368225097656 -7.543978691101074
vertex 78.17479705810547 54.88368225097656 -1
endloop
endfacet
facet normal 0 0 1
outer loop
vertex -44.658538818359375 61.03868865966797 0
vertex -42.605628967285156 60.24696350097656 0
vertex -42.639930725097656 60.32052993774414 0
endloop
endfacet
facet normal 0 0 1
outer loop
vertex -44.4630241394043 61.45671081542969 0
vertex -42.775665283203125 60.814334869384766 0
vertex -42.80152130126953 60.98157501220703 0
endloop
endfacet
facet normal 0 0 1
outer loop
vertex -42.66279602050781 60.40585708618164 0
vertex -42.775665283203125 60.814334869384766 0
vertex -44.658538818359375 61.03868865966797 0
endloop
endfacet
facet normal 0 0 1
outer loop
vertex -40.86714172363281 58.35994338989258 0
vertex -46.050479888916016 58.62779235839844 0
vertex -40.74048614501953 58.30080795288086 0
endloop
endfacet
facet normal 0.0005310781741202615 0.9999998589406134 0.000008644438255274345
outer loop
vertex 62.81775665283203 59.33872604370117 -1.100000023841858
vertex 34.745243072509766 59.353633880615234 -1
vertex 73.5617904663086 59.3330192565918 -1
endloop
endfacet
facet normal 0.0005310473808951248 0.9999998589943296 0
outer loop
vertex 34.745243072509766 59.353633880615234 -1
vertex 62.81775665283203 59.33872604370117 -1.100000023841858
vertex 62.81775665283203 59.33872604370117 -2.5
endloop
endfacet
facet normal -0.00001634870701941014 -0.9999999998640084 -0.0000021685893632810052
outer loop
vertex -56.95697784423828 -77.15953063964844 -4
vertex -51.35697937011719 -77.15962219238281 -4
vertex -60.15491485595703 -77.15948486328125 -1
endloop
endfacet
facet normal 0.0005023761763503996 0.9999997298496986 -0.0005365805691192662
outer loop
vertex 63.01775360107422 59.33808898925781 -3.5
vertex 34.745243072509766 59.353633880615234 -1
vertex 62.81775665283203 59.33872604370117 -2.5
endloop
endfacet
facet normal 0 0 1
outer loop
vertex 34.326011657714844 -69.66348266601562 0
vertex 36.87588119506836 -72.1297607421875 0
vertex 37.001068115234375 -72.0162582397461 0
endloop
endfacet
facet normal 0.0005498234404072734 0.9999998488470808 0
outer loop
vertex 63.01775360107422 59.33808898925781 -3.5
vertex 34.745243072509766 59.353633880615234 -7.358466625213623
vertex 34.745243072509766 59.353633880615234 -1
endloop
endfacet
facet normal 0 0 1
outer loop
vertex 34.81917953491211 58.35359573364258 0
vertex 31.983591079711914 57.04991149902344 0
vertex 73.21873474121094 56.8543701171875 0
endloop
endfacet
facet normal -0.000020818548549806716 -0.9999999997608616 -0.000006698119005864063
outer loop
vertex -51.35697937011719 -77.15962219238281 -4
vertex -54.70749282836914 -77.1595687866211 -1.559454321861267
vertex -55.45697784423828 -77.15955352783203 -1.508036732673645
endloop
endfacet
facet normal 0 0 1
outer loop
vertex 31.983591079711914 57.04991149902344 0
vertex 35.0260124206543 56.86151885986328 0
vertex 73.21873474121094 56.8543701171875 0
endloop
endfacet
facet normal 0 0 1
outer loop
vertex -41.11771011352539 58.490875244140625 0
vertex -46.050479888916016 58.62779235839844 0
vertex -40.86714172363281 58.35994338989258 0
endloop
endfacet
facet normal 0.6942273004996686 0.7197558302931231 0
outer loop
vertex 76.26467895507812 58.2287712097168 -7.389047145843506
vertex 76.97366333007812 57.5449333190918 -1
vertex 76.97366333007812 57.5449333190918 -7.344093322753906
endloop
endfacet
facet normal -0.00001050268113778404 -0.9999999999169908 0.000007464063212426772
outer loop
vertex -54.70749282836914 -77.1595687866211 -1.559454321861267
vertex -51.35697937011719 -77.15962219238281 -4
vertex -54.00625991821289 -77.15957641601562 -1.5949000120162964
endloop
endfacet
facet normal -0.000022541071965844698 -0.9999999997291501 -0.000005796539182108512
outer loop
vertex -54.00625991821289 -77.15957641601562 -1.5949000120162964
vertex -51.35697937011719 -77.15962219238281 -4
vertex -53.32136917114258 -77.15959167480469 -1.6258465051651
endloop
endfacet
facet normal -0.000012447291846052734 -0.9999999999192682 0.000002555119112121946
outer loop
vertex -53.32136917114258 -77.15959167480469 -1.6258465051651
vertex -51.35697937011719 -77.15962219238281 -4
vertex -52.102420806884766 -77.15960693359375 -1.6595760583877563
endloop
endfacet
facet normal -0.000020469467226653302 -0.9999999997905005 0
outer loop
vertex -52.102420806884766 -77.15960693359375 -1.6595760583877563
vertex -51.35697937011719 -77.15962219238281 -4
vertex -51.35697937011719 -77.15962219238281 -1.6665213108062744
endloop
endfacet
facet normal 0.5460058583093563 0.8377813573312927 0
outer loop
vertex 76.26467895507812 58.2287712097168 -7.389047145843506
vertex 75.4394302368164 58.76660919189453 -7.194793224334717
vertex 76.26467895507812 58.2287712097168 -1
endloop
endfacet
facet normal 0.3782018383125398 0.9257231602898437 0
outer loop
vertex 75.4394302368164 58.76660919189453 -7.194793224334717
vertex 74.52755737304688 59.13915252685547 -7.165473461151123
vertex 75.4394302368164 58.76660919189453 -1
endloop
endfacet
facet normal 0.19681241962640098 0.9804411616618315 0
outer loop
vertex 74.52755737304688 59.13915252685547 -7.165473461151123
vertex 73.5617904663086 59.3330192565918 -7.351746082305908
vertex 74.52755737304688 59.13915252685547 -1
endloop
endfacet
facet normal 0.0005488071357498416 0.999999848651414 0.000038831388925698946
outer loop
vertex 73.5617904663086 59.3330192565918 -7.351746082305908
vertex 73.52801513671875 59.333038330078125 -7.365583896636963
vertex 65.0177001953125 59.33755874633789 -3.5
endloop
endfacet
facet normal 0.0005311690170331483 0.9999998589297279 0
outer loop
vertex 73.52801513671875 59.333038330078125 -7.365583896636963
vertex 65.0177001953125 59.33755874633789 -7.365228176116943
vertex 65.0177001953125 59.33755874633789 -3.5
endloop
endfacet
facet normal 0.5460055933879512 0.8377815299864876 -0.0000016035021031464106
outer loop
vertex 76.1818618774414 58.282745361328125 -7.414180278778076
vertex 75.4394302368164 58.76660919189453 -7.194793224334717
vertex 76.26467895507812 58.2287712097168 -7.389047145843506
endloop
endfacet
facet normal 0 0 1
outer loop
vertex 34.326011657714844 -69.66348266601562 0
vertex 36.58686065673828 -72.4396743774414 0
vertex 36.87588119506836 -72.1297607421875 0
endloop
endfacet
facet normal 0 0 1
outer loop
vertex 34.326011657714844 -69.66348266601562 0
vertex 36.549808502197266 -72.47673034667969 0
vertex 36.58686065673828 -72.4396743774414 0
endloop
endfacet
facet normal -0.000016348707019448585 -0.9999999998663599 0
outer loop
vertex -50.556976318359375 -77.15962982177734 -1.6665198802947998
vertex -50.556976318359375 -77.15962982177734 -4
vertex -44.95697784423828 -77.15972137451172 -4
endloop
endfacet
facet normal 0 0 1
outer loop
vertex 34.326011657714844 -69.66348266601562 0
vertex 36.482643127441406 -72.5726547241211 0
vertex 36.549808502197266 -72.47673034667969 0
endloop
endfacet
facet normal 0 0 1
outer loop
vertex 34.326011657714844 -69.66348266601562 0
vertex 36.250118255615234 -72.92693328857422 0
vertex 36.482643127441406 -72.5726547241211 0
endloop
endfacet
facet normal 0 0 1
outer loop
vertex 34.326011657714844 -69.66348266601562 0
vertex 36.21730422973633 -72.97379302978516 0
vertex 36.250118255615234 -72.92693328857422 0
endloop
endfacet
facet normal 0 0 1
outer loop
vertex 34.326011657714844 -69.66348266601562 0
vertex 36.166648864746094 -73.07417297363281 0
vertex 36.21730422973633 -72.97379302978516 0
endloop
endfacet
facet normal 0 0 1
outer loop
vertex 36.166648864746094 -73.07417297363281 0
vertex 34.32201385498047 -74.0381851196289 0
vertex 36.0004997253418 -73.46402740478516 0
endloop
endfacet
facet normal 0 0 1
outer loop
vertex -41.70468521118164 58.92997741699219 0
vertex -42.002254486083984 59.231719970703125 0
vertex -46.050479888916016 58.62779235839844 0
endloop
endfacet
facet normal -0.00002001982496891922 -0.9999999986369607 -0.00004822121313420579
outer loop
vertex -50.556976318359375 -77.15962982177734 -1.6665198802947998
vertex -19.259807586669922 -77.16012573242188 -4.375974655151367
vertex -49.811527252197266 -77.1596450805664 -1.6595721244812012
endloop
endfacet
facet normal -0.000013362502315157372 -0.9999999994448912 0.000030523129625511014
outer loop
vertex -49.811527252197266 -77.1596450805664 -1.6595721244812012
vertex -18.934648513793945 -77.16012573242188 -3.8893399238586426
vertex -48.592559814453125 -77.15966033935547 -1.6258381605148315
endloop
endfacet
facet normal -0.000014154560498568294 -0.9999999998907246 0.0000042660638168908
outer loop
vertex -51.35697937011719 -77.15962219238281 -4
vertex -55.45697784423828 -77.15955352783203 -1.508036732673645
vertex -60.15491485595703 -77.15948486328125 -1
endloop
endfacet
facet normal 0 0 1
outer loop
vertex 34.326011657714844 -69.66348266601562 0
vertex 34.32201385498047 -74.0381851196289 0
vertex 36.166648864746094 -73.07417297363281 0
endloop
endfacet
facet normal 0 0 1
outer loop
vertex 34.32201385498047 -74.0381851196289 0
vertex 35.97428894042969 -73.5202407836914 0
vertex 36.0004997253418 -73.46402740478516 0
endloop
endfacet
facet normal 0 0 1
outer loop
vertex -42.605628967285156 60.24696350097656 0
vertex -46.050479888916016 58.62779235839844 0
vertex -42.4288444519043 59.8618278503418 0
endloop
endfacet
facet normal 0 0 1
outer loop
vertex -42.38948440551758 59.77741622924805 0
vertex -46.050479888916016 58.62779235839844 0
vertex -42.345680236816406 59.71485900878906 0
endloop
endfacet
facet normal 0 0 1
outer loop
vertex -46.050479888916016 58.62779235839844 0
vertex -42.38948440551758 59.77741622924805 0
vertex -42.4288444519043 59.8618278503418 0
endloop
endfacet
facet normal 0 0 1
outer loop
vertex -42.10639190673828 59.365116119384766 0
vertex -42.345680236816406 59.71485900878906 0
vertex -46.050479888916016 58.62779235839844 0
endloop
endfacet
facet normal 0.8175144235971921 0.5759081239317178 0
outer loop
vertex 76.97366333007812 57.5449333190918 -7.344093322753906
vertex 77.54095458984375 56.73965072631836 -1
vertex 77.54095458984375 56.73965072631836 -7.450223445892334
endloop
endfacet
facet normal 0.9114629843477832 0.41138209509388307 0
outer loop
vertex 77.54095458984375 56.73965072631836 -7.450223445892334
vertex 77.94618225097656 55.84182357788086 -1
vertex 77.94618225097656 55.84182357788086 -7.424816131591797
endloop
endfacet
facet normal 0.9726949512447829 0.23208733662763553 0
outer loop
vertex 77.94618225097656 55.84182357788086 -7.424816131591797
vertex 78.17479705810547 54.88368225097656 -1
vertex 78.17479705810547 54.88368225097656 -7.543978691101074
endloop
endfacet
facet normal 0.9975507294718492 0.06994670921624145 0
outer loop
vertex 78.17479705810547 54.88368225097656 -7.543978691101074
vertex 78.22601318359375 54.15325927734375 -1
vertex 78.22601318359375 54.15325927734375 -7.5502238273620605
endloop
endfacet
facet normal 0.817511962724 0.5759116158153841 -0.00003964929900459988
outer loop
vertex 77.54095458984375 56.73965072631836 -7.450223445892334
vertex 77.45809173583984 56.85727310180664 -7.4825592041015625
vertex 76.97366333007812 57.5449333190918 -7.344093322753906
endloop
endfacet
facet normal 0.9726955495799895 0.23208482796765884 0.000021319104734995325
outer loop
vertex 78.17479705810547 54.88368225097656 -7.543978691101074
vertex 78.13802337646484 55.03780746459961 -7.568708419799805
vertex 77.94618225097656 55.84182357788086 -7.424816131591797
endloop
endfacet
facet normal 0 0 1
outer loop
vertex 34.32201385498047 -74.0381851196289 0
vertex 35.94099426269531 -73.64449310302734 0
vertex 35.97428894042969 -73.5202407836914 0
endloop
endfacet
facet normal 0 0 1
outer loop
vertex -46.050479888916016 58.62779235839844 0
vertex -42.05021286010742 59.28488540649414 0
vertex -42.10639190673828 59.365116119384766 0
endloop
endfacet
facet normal 0 0 1
outer loop
vertex -46.050479888916016 58.62779235839844 0
vertex -42.002254486083984 59.231719970703125 0
vertex -42.05021286010742 59.28488540649414 0
endloop
endfacet
facet normal 0 0 1
outer loop
vertex -41.23526382446289 58.568912506103516 0
vertex -46.050479888916016 58.62779235839844 0
vertex -41.11771011352539 58.490875244140625 0
endloop
endfacet
facet normal 0 0 1
outer loop
vertex -41.57734680175781 58.819034576416016 0
vertex -46.050479888916016 58.62779235839844 0
vertex -41.23526382446289 58.568912506103516 0
endloop
endfacet
facet normal 0 0 1
outer loop
vertex -46.050479888916016 58.62779235839844 0
vertex -41.63203048706055 58.857322692871094 0
vertex -41.70468521118164 58.92997741699219 0
endloop
endfacet
facet normal 0 0 1
outer loop
vertex -46.050479888916016 58.62779235839844 0
vertex -41.57734680175781 58.819034576416016 0
vertex -41.63203048706055 58.857322692871094 0
endloop
endfacet
facet normal 0 0 1
outer loop
vertex -35.01884841918945 56.213172912597656 0
vertex -46.050479888916016 58.62779235839844 0
vertex -30.97800064086914 53.14181900024414 0
endloop
endfacet
facet normal 0.0005311001295594967 0.999999849555341 0.00013719310428242333
outer loop
vertex 63.01780700683594 59.338619232177734 -7.365144729614258
vertex 34.745243072509766 59.353633880615234 -7.358466625213623
vertex 63.01775360107422 59.33808898925781 -3.5
endloop
endfacet
facet normal 0 0 1
outer loop
vertex -30.97800064086914 53.14181900024414 0
vertex -34.88225173950195 56.17400360107422 0
vertex -35.01884841918945 56.213172912597656 0
endloop
endfacet
facet normal 0 0 1
outer loop
vertex -34.46710205078125 56.08893585205078 0
vertex -34.88225173950195 56.17400360107422 0
vertex -30.97800064086914 53.14181900024414 0
endloop
endfacet
facet normal 0 0 1
outer loop
vertex -34.299354553222656 56.06588363647461 0
vertex -34.46710205078125 56.08893585205078 0
vertex -30.97800064086914 53.14181900024414 0
endloop
endfacet
facet normal 0 0 1
outer loop
vertex -34.299354553222656 56.06588363647461 0
vertex -30.97800064086914 53.14181900024414 0
vertex -33.87579345703125 56.05240249633789 0
endloop
endfacet
facet normal 0 0 1
outer loop
vertex -33.87579345703125 56.05240249633789 0
vertex -30.97800064086914 53.14181900024414 0
vertex -33.70656967163086 56.057762145996094 0
endloop
endfacet
facet normal 0 0 1
outer loop
vertex -33.70656967163086 56.057762145996094 0
vertex -30.97800064086914 53.14181900024414 0
vertex -33.286842346191406 56.11623764038086 0
endloop
endfacet
facet normal 0 0 1
outer loop
vertex -33.286842346191406 56.11623764038086 0
vertex -30.97800064086914 53.14181900024414 0
vertex -33.12092971801758 56.149879455566406 0
endloop
endfacet
facet normal -0.000014615894296291283 -0.9999999998931879 0
outer loop
vertex -60.15491485595703 -77.15948486328125 -1
vertex -55.45697784423828 -77.15955352783203 -1.508036732673645
vertex -55.45697784423828 -77.15955352783203 -1
endloop
endfacet
facet normal 0 0 1
outer loop
vertex -33.12092971801758 56.149879455566406 0
vertex -30.97800064086914 53.14181900024414 0
vertex -32.71717071533203 56.278602600097656 0
endloop
endfacet
facet normal 0 0 1
outer loop
vertex -32.559261322021484 56.3395881652832 0
vertex -32.71717071533203 56.278602600097656 0
vertex -30.97800064086914 53.14181900024414 0
endloop
endfacet
facet normal 0 0 1
outer loop
vertex -32.18312454223633 56.534812927246094 0
vertex -32.559261322021484 56.3395881652832 0
vertex -30.97800064086914 53.14181900024414 0
endloop
endfacet
facet normal 0 0 1
outer loop
vertex -32.18312454223633 56.534812927246094 0
vertex -30.97800064086914 53.14181900024414 0
vertex -32.1356315612793 56.55696105957031 0
endloop
endfacet
facet normal 0 0 1
outer loop
vertex -30.97800064086914 53.14181900024414 0
vertex -30.47286605834961 53.249656677246094 0
vertex -29.923431396484375 56.32435989379883 0
endloop
endfacet
facet normal 0 0 1
outer loop
vertex -60.11025619506836 -76.15948486328125 0
vertex -56.91891860961914 -75.65482330322266 0
vertex -56.95697784423828 -75.46348571777344 0
endloop
endfacet
facet normal 0 0 1
outer loop
vertex -56.95697784423828 -74.46348571777344 0
vertex -60.11025619506836 -76.15948486328125 0
vertex -56.95697784423828 -75.46348571777344 0
endloop
endfacet
facet normal 0 0 1
outer loop
vertex -56.648319244384766 -75.92542266845703 0
vertex -56.81053161621094 -75.8170394897461 0
vertex -60.11025619506836 -76.15948486328125 0
endloop
endfacet
facet normal 0 0 1
outer loop
vertex -56.45697784423828 -75.96348571777344 0
vertex -56.648319244384766 -75.92542266845703 0
vertex -60.11025619506836 -76.15948486328125 0
endloop
endfacet
facet normal 0 0 1
outer loop
vertex -56.91891860961914 -75.65482330322266 0
vertex -60.11025619506836 -76.15948486328125 0
vertex -56.81053161621094 -75.8170394897461 0
endloop
endfacet
facet normal 0 0 1
outer loop
vertex -32.03970718383789 56.62412643432617 0
vertex -32.1356315612793 56.55696105957031 0
vertex -30.97800064086914 53.14181900024414 0
endloop
endfacet
facet normal 0 0 1
outer loop
vertex 75.68630981445312 54.62129211425781 0
vertex 75.71886444091797 -67.15620422363281 0
vertex 77.22600555419922 54.11836242675781 0
endloop
endfacet
facet normal 0 0 1
outer loop
vertex -31.700035095214844 56.87751007080078 0
vertex -32.03970718383789 56.62412643432617 0
vertex -30.97800064086914 53.14181900024414 0
endloop
endfacet
facet normal 0 0 1
outer loop
vertex -31.700035095214844 56.87751007080078 0
vertex -30.97800064086914 53.14181900024414 0
vertex -31.653169631958008 56.91032409667969 0
endloop
endfacet
facet normal 0.9999999725513078 -0.00023430190650962875 0
outer loop
vertex 78.197509765625 -67.49925994873047 -1
vertex 78.22601318359375 54.15325927734375 -7.5502238273620605
vertex 78.22601318359375 54.15325927734375 -1
endloop
endfacet
facet normal 0 0 1
outer loop
vertex -31.653169631958008 56.91032409667969 0
vertex -30.97800064086914 53.14181900024414 0
vertex -31.573766708374023 56.98972702026367 0
endloop
endfacet
facet normal 0 0 1
outer loop
vertex -31.281770706176758 57.29684066772461 0
vertex -31.573766708374023 56.98972702026367 0
vertex -30.97800064086914 53.14181900024414 0
endloop
endfacet
facet normal 0 0 1
outer loop
vertex -42.873680114746094 63.16019821166992 0
vertex -45.08892059326172 64.29885864257812 0
vertex -44.76289367675781 63.90473556518555 0
endloop
endfacet
facet normal 0 0 1
outer loop
vertex -42.873680114746094 63.16019821166992 0
vertex -45.483428955078125 64.6244125366211 0
vertex -45.08892059326172 64.29885864257812 0
endloop
endfacet
facet normal 0 0 1
outer loop
vertex -44.76289367675781 63.90473556518555 0
vertex -44.51705551147461 63.456199645996094 0
vertex -42.873680114746094 63.16019821166992 0
endloop
endfacet
facet normal 0 0 1
outer loop
vertex -31.281770706176758 57.29684066772461 0
vertex -30.97800064086914 53.14181900024414 0
vertex -31.237916946411133 57.340694427490234 0
endloop
endfacet
facet normal 0 0 1
outer loop
vertex -31.237916946411133 57.340694427490234 0
vertex -30.97800064086914 53.14181900024414 0
vertex -31.183549880981445 57.418338775634766 0
endloop
endfacet
facet normal 0 0 1
outer loop
vertex -56.45697784423828 -75.96348571777344 0
vertex -60.11025619506836 -76.15948486328125 0
vertex -51.35697937011719 -76.15962219238281 0
endloop
endfacet
facet normal 0 0 1
outer loop
vertex -60.16671371459961 -69.65633392333984 0
vertex -56.95697784423828 -74.46348571777344 0
vertex -56.91891860961914 -74.27214050292969 0
endloop
endfacet
facet normal 0 0 1
outer loop
vertex -60.16671371459961 -69.65633392333984 0
vertex -56.91891860961914 -74.27214050292969 0
vertex -56.81053161621094 -74.10993194580078 0
endloop
endfacet
facet normal 0 0 1
outer loop
vertex -60.16671371459961 -69.65633392333984 0
vertex -56.81053161621094 -74.10993194580078 0
vertex -56.648319244384766 -74.00154113769531 0
endloop
endfacet
facet normal 0 0 1
outer loop
vertex -60.16671371459961 -69.65633392333984 0
vertex -56.648319244384766 -74.00154113769531 0
vertex -45.45697784423828 -73.96348571777344 0
endloop
endfacet
facet normal 0 0 1
outer loop
vertex -31.183549880981445 57.418338775634766 0
vertex -30.97800064086914 53.14181900024414 0
vertex -29.923431396484375 56.32435989379883 0
endloop
endfacet
facet normal 0 0 1
outer loop
vertex -44.4630241394043 61.45671081542969 0
vertex -44.658538818359375 61.03868865966797 0
vertex -42.775665283203125 60.814334869384766 0
endloop
endfacet
facet normal 0 0 1
outer loop
vertex -44.658538818359375 61.03868865966797 0
vertex -46.050479888916016 58.62779235839844 0
vertex -42.605628967285156 60.24696350097656 0
endloop
endfacet
facet normal 0 0 1
outer loop
vertex -43.93965530395508 65.26084899902344 0
vertex -62.6403923034668 76.0042724609375 0
vertex -43.452816009521484 64.63269805908203 0
endloop
endfacet
facet normal 0 0 1
outer loop
vertex -62.6403923034668 76.0042724609375 0
vertex -43.09318923950195 63.92400360107422 0
vertex -43.452816009521484 64.63269805908203 0
endloop
endfacet
facet normal 0 0 1
outer loop
vertex -62.6403923034668 76.0042724609375 0
vertex -42.873680114746094 63.16019821166992 0
vertex -43.09318923950195 63.92400360107422 0
endloop
endfacet
facet normal 0 0 1
outer loop
vertex -44.53361129760742 65.78359985351562 0
vertex -62.6403923034668 76.0042724609375 0
vertex -43.93965530395508 65.26084899902344 0
endloop
endfacet
facet normal 0 0 1
outer loop
vertex -62.6403923034668 76.0042724609375 0
vertex -45.483428955078125 64.6244125366211 0
vertex -42.873680114746094 63.16019821166992 0
endloop
endfacet
facet normal 0 0 1
outer loop
vertex -31.183549880981445 57.418338775634766 0
vertex -29.923431396484375 56.32435989379883 0
vertex -29.752418518066406 56.80641555786133 0
endloop
endfacet
facet normal 0 0 1
outer loop
vertex -31.183549880981445 57.418338775634766 0
vertex -29.752418518066406 56.80641555786133 0
vertex -29.493555068969727 57.2475700378418 0
endloop
endfacet
facet normal 0 0 1
outer loop
vertex -31.183549880981445 57.418338775634766 0
vertex -29.493555068969727 57.2475700378418 0
vertex -29.1561336517334 57.631980895996094 0
endloop
endfacet
facet normal 0 0 1
outer loop
vertex 34.02056121826172 58.23442459106445 0
vertex 31.983591079711914 57.04991149902344 0
vertex 34.81917953491211 58.35359573364258 0
endloop
endfacet
facet normal 0 0 1
outer loop
vertex 33.270042419433594 57.971466064453125 0
vertex 31.983591079711914 57.04991149902344 0
vertex 34.02056121826172 58.23442459106445 0
endloop
endfacet
facet normal 0.5012664467823974 0.8652929846293242 -0.000009023628447728622
outer loop
vertex -51.995330810546875 71.26185607910156 -1.100000023841858
vertex -49.30183410644531 69.70150756835938 -1
vertex -49.91862487792969 70.0588150024414 -1.100000023841858
endloop
endfacet
facet normal 0.3427744915166299 0.9394177175067063 -7.643184215836688e-8
outer loop
vertex -34.67609786987305 57.152523040771484 -1
vertex -40.304935455322266 59.20637130737305 -7.417038917541504
vertex -36.644649505615234 57.87080764770508 -1
endloop
endfacet
facet normal 0 0 1
outer loop
vertex -61.3143196105957 75.50467681884766 0
vertex -62.6403923034668 76.0042724609375 0
vertex -44.53361129760742 65.78359985351562 0
endloop
endfacet
facet normal 0 0 1
outer loop
vertex -62.6403923034668 76.0042724609375 0
vertex -63.43117141723633 76.08333587646484 0
vertex -45.483428955078125 64.6244125366211 0
endloop
endfacet
facet normal 0 0 1
outer loop
vertex -63.43117141723633 76.08333587646484 0
vertex -64.22267150878906 76.01182556152344 0
vertex -45.483428955078125 64.6244125366211 0
endloop
endfacet
facet normal 0.5012654462346291 0.8652935638753604 0.00002696434103135217
outer loop
vertex -60.8439826965332 76.38788604736328 -1
vertex -49.30183410644531 69.70150756835938 -1
vertex -51.995330810546875 71.26185607910156 -1.100000023841858
endloop
endfacet
facet normal 0 0 1
outer loop
vertex -64.22267150878906 76.01182556152344 0
vertex -62.51918411254883 74.4224853515625 0
vertex -45.483428955078125 64.6244125366211 0
endloop
endfacet
facet normal 0 0 1
outer loop
vertex 35.71637725830078 -74.6346435546875 0
vertex 35.3051643371582 -75.37448120117188 0
vertex 35.57206726074219 -74.97750854492188 0
endloop
endfacet
facet normal 0 0 1
outer loop
vertex 35.94099426269531 -73.64449310302734 0
vertex 33.96260452270508 -74.5772476196289 0
vertex 35.71637725830078 -74.6346435546875 0
endloop
endfacet
facet normal -0.14758845208932264 0.989048860678722 0
outer loop
vertex 34.745243072509766 59.353633880615234 -1
vertex 33.77928924560547 59.20949172973633 -7.269069194793701
vertex 33.77928924560547 59.20949172973633 -1
endloop
endfacet
facet normal -0.330659846262823 0.9437500018910974 0
outer loop
vertex 33.77928924560547 59.20949172973633 -1
vertex 32.849578857421875 58.883750915527344 -7.366454124450684
vertex 32.849578857421875 58.883750915527344 -1
endloop
endfacet
facet normal -0.5027205678299235 0.8644489751747984 0
outer loop
vertex 31.997987747192383 58.38850784301758 -1
vertex 32.849578857421875 58.883750915527344 -1
vertex 31.997987747192383 58.38850784301758 -7.305225849151611
endloop
endfacet
facet normal -0.6567434887211931 0.7541140431143794 0
outer loop
vertex 31.255088806152344 57.74153137207031 -7.407119274139404
vertex 31.255088806152344 57.74153137207031 -1
vertex 31.997987747192383 58.38850784301758 -1
endloop
endfacet
facet normal 0 0 1
outer loop
vertex 31.983591079711914 57.04991149902344 0
vertex 34.56623458862305 56.82181930541992 0
vertex 35.0260124206543 56.86151885986328 0
endloop
endfacet
facet normal 0 0 1
outer loop
vertex 31.983591079711914 57.04991149902344 0
vertex 34.07273483276367 56.687355041503906 0
vertex 34.56623458862305 56.82181930541992 0
endloop
endfacet
facet normal 0 0 1
outer loop
vertex 34.32201385498047 -74.0381851196289 0
vertex 34.26296615600586 -74.2538070678711 0
vertex 35.94099426269531 -73.64449310302734 0
endloop
endfacet
facet normal 0 0 1
outer loop
vertex -51.35697937011719 -75.96348571777344 0
vertex -56.45697784423828 -75.96348571777344 0
vertex -51.35697937011719 -76.15962219238281 0
endloop
endfacet
facet normal 0 0 1
outer loop
vertex 31.983591079711914 57.04991149902344 0
vertex 33.61344909667969 56.46222686767578 0
vertex 34.07273483276367 56.687355041503906 0
endloop
endfacet
facet normal 0 0 1
outer loop
vertex 31.983591079711914 57.04991149902344 0
vertex 33.270042419433594 57.971466064453125 0
vertex 32.582969665527344 57.571895599365234 0
endloop
endfacet
facet normal 0 0 1
outer loop
vertex 31.983591079711914 57.04991149902344 0
vertex 33.20486831665039 56.15451431274414 0
vertex 33.61344909667969 56.46222686767578 0
endloop
endfacet
facet normal 0 0 1
outer loop
vertex 31.983591079711914 57.04991149902344 0
vertex 32.861656188964844 55.77526092529297 0
vertex 33.20486831665039 56.15451431274414 0
endloop
endfacet
facet normal 0 0 1
outer loop
vertex 31.983591079711914 57.04991149902344 0
vertex 32.59613800048828 55.33808517456055 0
vertex 32.861656188964844 55.77526092529297 0
endloop
endfacet
facet normal 0 0 1
outer loop
vertex 31.983591079711914 57.04991149902344 0
vertex 31.494022369384766 56.425018310546875 0
vertex 32.59613800048828 55.33808517456055 0
endloop
endfacet
facet normal 0 0 1
outer loop
vertex 30.979354858398438 55.42182922363281 0
vertex 31.494022369384766 56.425018310546875 0
vertex 31.00079345703125 55.46780776977539 0
endloop
endfacet
facet normal 0 0 1
outer loop
vertex 34.26296615600586 -74.2538070678711 0
vertex 34.138946533203125 -74.4398193359375 0
vertex 35.94099426269531 -73.64449310302734 0
endloop
endfacet
facet normal 0 0 1
outer loop
vertex 34.138946533203125 -74.4398193359375 0
vertex 33.96260452270508 -74.5772476196289 0
vertex 35.94099426269531 -73.64449310302734 0
endloop
endfacet
facet normal 0 0 1
outer loop
vertex 33.96260452270508 -74.5772476196289 0
vertex 33.75193405151367 -74.65206146240234 0
vertex 35.71637725830078 -74.6346435546875 0
endloop
endfacet
facet normal 0 0 1
outer loop
vertex 35.71637725830078 -74.6346435546875 0
vertex 34.96749496459961 -75.69867706298828 0
vertex 35.3051643371582 -75.37448120117188 0
endloop
endfacet
facet normal 0 0 1
outer loop
vertex 35.71637725830078 -74.6346435546875 0
vertex 34.56871795654297 -75.94383239746094 0
vertex 34.96749496459961 -75.69867706298828 0
endloop
endfacet
facet normal 0 0 1
outer loop
vertex 31.494022369384766 56.425018310546875 0
vertex 29.710723876953125 52.11151885986328 0
vertex 32.59613800048828 55.33808517456055 0
endloop
endfacet
facet normal 0 0 1
outer loop
vertex 32.59613800048828 55.33808517456055 0
vertex 29.710723876953125 52.11151885986328 0
vertex 32.41783905029297 54.85867691040039 0
endloop
endfacet
facet normal 0 0 1
outer loop
vertex 29.710723876953125 52.11151885986328 0
vertex 31.494022369384766 56.425018310546875 0
vertex 30.979354858398438 55.42182922363281 0
endloop
endfacet
facet normal 0 0 1
outer loop
vertex 29.710723876953125 52.11151885986328 0
vertex 32.33315658569336 54.35424041748047 0
vertex 32.41783905029297 54.85867691040039 0
endloop
endfacet
facet normal 0 0 1
outer loop
vertex 29.710723876953125 52.11151885986328 0
vertex 32.326011657714844 52.11151885986328 0
vertex 32.33315658569336 54.35424041748047 0
endloop
endfacet
facet normal 0 0 1
outer loop
vertex 30.94654083251953 55.37496566772461 0
vertex 29.710723876953125 52.11151885986328 0
vertex 30.979354858398438 55.42182922363281 0
endloop
endfacet
facet normal 0 0 1
outer loop
vertex 30.71401596069336 55.02069091796875 0
vertex 29.710723876953125 52.11151885986328 0
vertex 30.94654083251953 55.37496566772461 0
endloop
endfacet
facet normal 0 0 1
outer loop
vertex 30.60979652404785 54.88771057128906 0
vertex 29.710723876953125 52.11151885986328 0
vertex 30.646848678588867 54.924766540527344 0
endloop
endfacet
facet normal 0 0 1
outer loop
vertex 29.710723876953125 52.11151885986328 0
vertex 30.71401596069336 55.02069091796875 0
vertex 30.646848678588867 54.924766540527344 0
endloop
endfacet
facet normal 0 0 1
outer loop
vertex 30.60979652404785 54.88771057128906 0
vertex 30.320775985717773 54.577796936035156 0
vertex 29.710723876953125 52.11151885986328 0
endloop
endfacet
facet normal 0 0 1
outer loop
vertex 30.195587158203125 54.46429443359375 0
vertex 29.710723876953125 52.11151885986328 0
vertex 30.23457145690918 54.49159240722656 0
endloop
endfacet
facet normal 0 0 1
outer loop
vertex 29.710723876953125 52.11151885986328 0
vertex 30.320775985717773 54.577796936035156 0
vertex 30.23457145690918 54.49159240722656 0
endloop
endfacet
facet normal 0 0 1
outer loop
vertex 30.195587158203125 54.46429443359375 0
vertex 29.858375549316406 54.207645416259766 0
vertex 29.710723876953125 52.11151885986328 0
endloop
endfacet
facet normal 0 0 1
outer loop
vertex 29.715801239013672 54.11688232421875 0
vertex 29.710723876953125 52.11151885986328 0
vertex 29.858375549316406 54.207645416259766 0
endloop
endfacet
facet normal 0 0 1
outer loop
vertex 29.715801239013672 54.11688232421875 0
vertex 29.341388702392578 53.91838073730469 0
vertex 29.710723876953125 52.11151885986328 0
endloop
endfacet
facet normal 0 0 1
outer loop
vertex 29.341388702392578 53.91838073730469 0
vertex 29.184206008911133 53.855464935302734 0
vertex 29.710723876953125 52.11151885986328 0
endloop
endfacet
facet normal 0 0 1
outer loop
vertex 33.75193405151367 -74.65206146240234 0
vertex 34.56871795654297 -75.94383239746094 0
vertex 35.71637725830078 -74.6346435546875 0
endloop
endfacet
facet normal 0.5012653514089908 0.8652936192280752 0
outer loop
vertex -49.30183410644531 69.70150756835938 -1
vertex -49.91862487792969 70.0588150024414 -2.5
vertex -49.91862487792969 70.0588150024414 -1.100000023841858
endloop
endfacet
facet normal -0.7247143904425604 0.6890493830528174 0
outer loop
vertex -32.29595947265625 57.676368713378906 -1
vertex -32.00395965576172 57.983482360839844 -1
vertex -32.29595947265625 57.676368713378906 -7.529700756072998
endloop
endfacet
facet normal -0.8235216758639143 0.5672848044697566 0
outer loop
vertex -31.344738006591797 58.940467834472656 -1
vertex -32.00395965576172 57.983482360839844 -7.447138786315918
vertex -32.00395965576172 57.983482360839844 -1
endloop
endfacet
facet normal 0.5012645823796191 0.8652940647219037 0.0000029718635230027865
outer loop
vertex -50.0953483581543 70.16119384765625 -3.5
vertex -51.818607330322266 71.15947723388672 -3.5
vertex -43.94698715209961 66.59944152832031 -1
endloop
endfacet
facet normal 0.5012654871484148 0.8652935405940936 0
outer loop
vertex -43.94698715209961 66.59944152832031 -1
vertex -43.94698715209961 66.59944152832031 -6.736252784729004
vertex -50.0953483581543 70.16119384765625 -3.5
endloop
endfacet
facet normal 0.6606732898870747 0.7506735668916211 0
outer loop
vertex -43.20754623413086 65.94865417480469 -1
vertex -43.94698715209961 66.59944152832031 -6.736252784729004
vertex -43.94698715209961 66.59944152832031 -1
endloop
endfacet
facet normal 0.7903999575251411 0.6125911419080879 0
outer loop
vertex -42.604122161865234 65.17008209228516 -1
vertex -43.20754623413086 65.94865417480469 -6.6884050369262695
vertex -43.20754623413086 65.94865417480469 -1
endloop
endfacet
facet normal 0.9610984148353537 0.27620614946262556 0
outer loop
vertex -41.88629913330078 63.34495162963867 -1
vertex -42.15837097167969 64.29166412353516 -6.766603469848633
vertex -42.15837097167969 64.29166412353516 -1
endloop
endfacet
facet normal 0.8917547957199957 0.4525189325435885 0
outer loop
vertex -42.15837097167969 64.29166412353516 -1
vertex -42.604122161865234 65.17008209228516 -6.793880462646484
vertex -42.604122161865234 65.17008209228516 -1
endloop
endfacet
facet normal 0 0 1
outer loop
vertex -45.2656364440918 -75.92542266845703 0
vertex -50.556976318359375 -75.96348571777344 0
vertex -50.556976318359375 -76.15962982177734 0
endloop
endfacet
facet normal 0 0 1
outer loop
vertex -60.16671371459961 -69.65633392333984 0
vertex -45.45697784423828 -73.96348571777344 0
vertex -19.594684600830078 -74.6277847290039 0
endloop
endfacet
facet normal -0.9999999598194454 0.00028348034717772186 0
outer loop
vertex -65.14549255371094 28.572296142578125 -9.614745140075684
vertex -65.17398834228516 -71.94891357421875 -17.491811752319336
vertex -65.14549255371094 28.572296142578125 -1
endloop
endfacet
facet normal -0.9999999598239149 0.0002834645646881965 9.61977428929659e-8
outer loop
vertex -65.14549255371094 28.572296142578125 -1
vertex -65.17398834228516 -71.94891357421875 -17.491811752319336
vertex -65.1575927734375 -14.114588737487793 -1
endloop
endfacet
facet normal 0.9959435228747813 0.08998054925243722 0
outer loop
vertex -41.797664642333984 62.36390686035156 -1
vertex -41.88629913330078 63.34495162963867 -6.881313323974609
vertex -41.88629913330078 63.34495162963867 -1
endloop
endfacet
facet normal 0 0 1
outer loop
vertex -64.17398071289062 -71.91889953613281 0
vertex -62.63429260253906 -67.42325592041016 0
vertex -62.66684341430664 28.22924041748047 0
endloop
endfacet
facet normal 0.8253176387277861 0.5646687482097724 0
outer loop
vertex -41.2841682434082 59.92767333984375 -1
vertex -41.52345657348633 60.27741622924805 -7.317142963409424
vertex -41.52345657348633 60.27741622924805 -1
endloop
endfacet
facet normal 0.3427741738393934 0.9394178334206269 1.288964973117158e-7
outer loop
vertex -40.39771270751953 59.2402229309082 -1
vertex -36.644649505615234 57.87080764770508 -1
vertex -40.304935455322266 59.20637130737305 -7.417038917541504
endloop
endfacet
facet normal 0.590223534113541 0.8072398526946756 0
outer loop
vertex -40.647159576416016 59.37324905395508 -1
vertex -40.98924255371094 59.62336730957031 -7.364526748657227
vertex -40.98924255371094 59.62336730957031 -1
endloop
endfacet
facet normal 0.47055461726497577 0.8823708699694319 0
outer loop
vertex -40.39771270751953 59.2402229309082 -1
vertex -40.647159576416016 59.37324905395508 -7.399284839630127
vertex -40.647159576416016 59.37324905395508 -1
endloop
endfacet
facet normal 0.7180878151864399 0.6959525053340675 0
outer loop
vertex -40.98924255371094 59.62336730957031 -1
vertex -41.2841682434082 59.92767333984375 -7.3369317054748535
vertex -41.2841682434082 59.92767333984375 -1
endloop
endfacet
facet normal 0.9983366044320847 -0.05765435153581334 0
outer loop
vertex -41.847900390625 61.4940299987793 -1
vertex -41.797664642333984 62.36390686035156 -6.889945030212402
vertex -41.797664642333984 62.36390686035156 -1
endloop
endfacet
facet normal 0.9958718500401307 0.09077036023751224 0
outer loop
vertex -41.81596374511719 61.14364242553711 -1
vertex -41.847900390625 61.4940299987793 -7.09509801864624
vertex -41.847900390625 61.4940299987793 -1
endloop
endfacet
facet normal 0 0 1
outer loop
vertex -64.14551544189453 28.472776412963867 0
vertex -64.17398071289062 -71.91889953613281 0
vertex -63.98991012573242 29.247957229614258 0
endloop
endfacet
facet normal 0 0 1
outer loop
vertex -64.17398071289062 -71.91889953613281 0
vertex -62.66684341430664 28.22924041748047 0
vertex -63.68934631347656 29.98365020751953 0
endloop
endfacet
facet normal 0 0 1
outer loop
vertex -63.98991012573242 29.247957229614258 0
vertex -64.17398071289062 -71.91889953613281 0
vertex -63.68934631347656 29.98365020751953 0
endloop
endfacet
facet normal 0.9662337443329102 0.25766713277483483 0
outer loop
vertex -41.70024108886719 60.66254806518555 -1
vertex -41.80943298339844 61.0720100402832 -7.221787929534912
vertex -41.80943298339844 61.0720100402832 -1
endloop
endfacet
facet normal 0.9958696989913797 0.09079395700677612 0.0000013677732457550364
outer loop
vertex -41.80943298339844 61.0720100402832 -1
vertex -41.847900390625 61.4940299987793 -7.09509801864624
vertex -41.81596374511719 61.14364242553711 -1
endloop
endfacet
facet normal 0.9088271398824272 0.41717290158054005 0
outer loop
vertex -41.52345657348633 60.27741622924805 -1
vertex -41.70024108886719 60.66254806518555 -7.291057109832764
vertex -41.70024108886719 60.66254806518555 -1
endloop
endfacet
facet normal -0.7137913740852752 0.7003583898843897 0
outer loop
vertex -30.654796600341797 59.64364242553711 -1
vertex -31.344738006591797 58.940467834472656 -7.24733304977417
vertex -31.344738006591797 58.940467834472656 -1
endloop
endfacet
facet normal -0.5688903786195163 0.8224133614637734 0
outer loop
vertex -30.654796600341797 59.64364242553711 -7.275907039642334
vertex -30.654796600341797 59.64364242553711 -1
vertex -29.844615936279297 60.204071044921875 -1
endloop
endfacet
facet normal -0.40356222096574074 0.914952203018933 0
outer loop
vertex -28.94327163696289 60.60163116455078 -1
vertex -29.844615936279297 60.204071044921875 -7.172670841217041
vertex -29.844615936279297 60.204071044921875 -1
endloop
endfacet
facet normal 0.5012641623063305 0.8652943080579516 0.0000054629123659209515
outer loop
vertex -49.91862487792969 70.0588150024414 -2.5
vertex -43.94698715209961 66.59944152832031 -1
vertex -60.8439826965332 76.38788604736328 -5.944248199462891
endloop
endfacet
facet normal 0.5012661800520357 0.8652931391857914 -0.0000037468357378519667
outer loop
vertex -51.818607330322266 71.15947723388672 -3.5
vertex -60.8439826965332 76.38788604736328 -5.944248199462891
vertex -43.94698715209961 66.59944152832031 -1
endloop
endfacet
facet normal -0.2237530156605562 0.9746458782464568 0
outer loop
vertex -27.983123779296875 60.82205581665039 -1
vertex -28.94327163696289 60.60163116455078 -7.242125034332275
vertex -28.94327163696289 60.60163116455078 -1
endloop
endfacet
facet normal -0.03591162374294762 0.9993549696079691 0
outer loop
vertex -26.998632431030273 60.8574333190918 -1
vertex -27.983123779296875 60.82205581665039 -7.144954204559326
vertex -27.983123779296875 60.82205581665039 -1
endloop
endfacet
facet normal 0.11665651545873562 0.9931723200940639 0
outer loop
vertex -26.998632431030273 60.8574333190918 -7.243209362030029
vertex -26.998632431030273 60.8574333190918 -1
vertex -26.39413833618164 60.78643035888672 -1
endloop
endfacet
facet normal 0.5012652182566776 0.8652936963633131 0
outer loop
vertex -51.995330810546875 71.26185607910156 -1.100000023841858
vertex -60.8439826965332 76.38788604736328 -5.944248199462891
vertex -60.8439826965332 76.38788604736328 -1
endloop
endfacet
facet normal 0.5012652182566776 0.865293696363313 0
outer loop
vertex -60.8439826965332 76.38788604736328 -5.944248199462891
vertex -51.995330810546875 71.26185607910156 -1.100000023841858
vertex -51.995330810546875 71.26185607910156 -2.5
endloop
endfacet
facet normal 0 0 1
outer loop
vertex 29.184206008911133 53.855464935302734 0
vertex 28.78157615661621 53.723262786865234 0
vertex 29.710723876953125 52.11151885986328 0
endloop
endfacet
facet normal 0 0 1
outer loop
vertex 28.78157615661621 53.723262786865234 0
vertex 28.649084091186523 53.6904411315918 0
vertex 29.710723876953125 52.11151885986328 0
endloop
endfacet
facet normal 0 0 1
outer loop
vertex 28.616060256958008 53.68755340576172 0
vertex 29.710723876953125 52.11151885986328 0
vertex 28.649084091186523 53.6904411315918 0
endloop
endfacet
facet normal 0.5912980398629311 0.8064531158438507 0
outer loop
vertex 17.085590362548828 54.977359771728516 -7.837418079376221
vertex 16.81121826171875 55.178531646728516 -7.768894195556641
vertex 17.085590362548828 54.977359771728516 -1
endloop
endfacet
facet normal 0.5912894270445466 0.8064594307620463 5.367938843649946e-7
outer loop
vertex 17.085590362548828 54.977359771728516 -1
vertex 16.81121826171875 55.178531646728516 -7.768894195556641
vertex 16.74384117126465 55.22793197631836 -7.769769668579102
endloop
endfacet
facet normal 0.8260683877626993 0.5635698880699133 0
outer loop
vertex 16.235246658325195 55.84642028808594 -7.648913383483887
vertex 16.449323654174805 55.532630920410156 -1
vertex 16.449323654174805 55.532630920410156 -7.707562446594238
endloop
endfacet
facet normal 0 0 1
outer loop
vertex 28.616060256958008 53.68755340576172 0
vertex 28.196521759033203 53.6278190612793 0
vertex 29.710723876953125 52.11151885986328 0
endloop
endfacet
facet normal 0.7190191500749393 0.6949902602378769 0
outer loop
vertex 16.74384117126465 55.22793197631836 -7.769769668579102
vertex 16.49846076965332 55.48179626464844 -7.705584526062012
vertex 16.74384117126465 55.22793197631836 -1
endloop
endfacet
facet normal 0.7190099318961803 0.6949997970029649 6.983737912513336e-7
outer loop
vertex 16.74384117126465 55.22793197631836 -1
vertex 16.49846076965332 55.48179626464844 -7.705584526062012
vertex 16.449323654174805 55.532630920410156 -7.707562446594238
endloop
endfacet
facet normal 0 0 1
outer loop
vertex 28.056310653686523 53.61555099487305 0
vertex 29.710723876953125 52.11151885986328 0
vertex 28.196521759033203 53.6278190612793 0
endloop
endfacet
facet normal 0.5012664467983515 0.8652929846568645 -0.000004215481969492544
outer loop
vertex -51.995330810546875 71.26185607910156 -2.5
vertex -49.91862487792969 70.0588150024414 -2.5
vertex -60.8439826965332 76.38788604736328 -5.944248199462891
endloop
endfacet
facet normal 0 0 1
outer loop
vertex -58.129173278808594 43.759090423583984 0
vertex -59.606689453125 41.6199836730957 0
vertex -57.04018020629883 42.715816497802734 0
endloop
endfacet
facet normal 0 0 1
outer loop
vertex 33.62601089477539 -74.66348266601562 0
vertex 34.56871795654297 -75.94383239746094 0
vertex 33.75193405151367 -74.65206146240234 0
endloop
endfacet
facet normal 0 0 1
outer loop
vertex 33.62601089477539 -74.66348266601562 0
vertex 34.11006164550781 -76.10472106933594 0
vertex 34.56871795654297 -75.94383239746094 0
endloop
endfacet
facet normal 0 0 1
outer loop
vertex 33.62601089477539 -74.66348266601562 0
vertex 33.62601089477539 -74.96348571777344 0
vertex 33.7918815612793 -76.15577697753906 0
endloop
endfacet
facet normal 0 0 1
outer loop
vertex -57.04018020629883 42.715816497802734 0
vertex -59.514808654785156 40.610164642333984 0
vertex -58.18241882324219 39.461387634277344 0
endloop
endfacet
facet normal 0 0 1
outer loop
vertex -61.866390228271484 75.77381896972656 0
vertex -62.6403923034668 76.0042724609375 0
vertex -61.3143196105957 75.50467681884766 0
endloop
endfacet
facet normal 0 0 1
outer loop
vertex 33.7918815612793 -76.15577697753906 0
vertex 34.11006164550781 -76.10472106933594 0
vertex 33.62601089477539 -74.66348266601562 0
endloop
endfacet
facet normal 0 0 1
outer loop
vertex 33.62601089477539 -74.96348571777344 0
vertex 33.708770751953125 -76.16094970703125 0
vertex 33.7918815612793 -76.15577697753906 0
endloop
endfacet
facet normal 0.17337894653709673 0.9848551877802576 0
outer loop
vertex -12.02035903930664 58.25599670410156 -1
vertex -26.39413833618164 60.78643035888672 -7.220026969909668
vertex -26.39413833618164 60.78643035888672 -1
endloop
endfacet
facet normal 0 0 1
outer loop
vertex -30.570322036743164 58.30189895629883 0
vertex -31.183549880981445 57.418338775634766 0
vertex -30.00765037536621 58.875362396240234 0
endloop
endfacet
facet normal 0 0 1
outer loop
vertex -29.353986740112305 59.32752227783203 0
vertex -30.00765037536621 58.875362396240234 0
vertex -31.183549880981445 57.418338775634766 0
endloop
endfacet
facet normal 0 0 1
outer loop
vertex -31.183549880981445 57.418338775634766 0
vertex -29.1561336517334 57.631980895996094 0
vertex -28.75226402282715 57.94585037231445 0
endloop
endfacet
facet normal 0 0 1
outer loop
vertex -29.353986740112305 59.32752227783203 0
vertex -31.183549880981445 57.418338775634766 0
vertex -28.626773834228516 59.648277282714844 0
endloop
endfacet
facet normal 0 0 1
outer loop
vertex -28.626773834228516 59.648277282714844 0
vertex -31.183549880981445 57.418338775634766 0
vertex -28.75226402282715 57.94585037231445 0
endloop
endfacet
facet normal 0 0 1
outer loop
vertex 28.056310653686523 53.61555099487305 0
vertex 18.388065338134766 53.61151885986328 0
vertex 29.710723876953125 52.11151885986328 0
endloop
endfacet
facet normal -0.0000152587897428447 -0.9999999998835847 0
outer loop
vertex -4.373988628387451 -77.16035461425781 -9.949999809265137
vertex -0.3739888072013855 -77.16041564941406 -9.949999809265137
vertex -0.3739888072013855 -77.16041564941406 -4.949999809265137
endloop
endfacet
facet normal 0 0 1
outer loop
vertex -64.22267150878906 76.01182556152344 0
vertex -64.9864730834961 75.79232025146484 0
vertex -62.51918411254883 74.4224853515625 0
endloop
endfacet
facet normal 0 0 1
outer loop
vertex -64.9864730834961 75.79232025146484 0
vertex -63.013797760009766 74.55278778076172 0
vertex -62.51918411254883 74.4224853515625 0
endloop
endfacet
facet normal 0 0 1
outer loop
vertex -64.9864730834961 75.79232025146484 0
vertex -63.52411651611328 74.58747100830078 0
vertex -63.013797760009766 74.55278778076172 0
endloop
endfacet
facet normal 0 0 1
outer loop
vertex -65.69517517089844 75.43269348144531 0
vertex -64.03181457519531 74.52528381347656 0
vertex -63.52411651611328 74.58747100830078 0
endloop
endfacet
facet normal 0 0 1
outer loop
vertex -64.9864730834961 75.79232025146484 0
vertex -65.69517517089844 75.43269348144531 0
vertex -63.52411651611328 74.58747100830078 0
endloop
endfacet
facet normal 0 0 1
outer loop
vertex -65.69517517089844 75.43269348144531 0
vertex -64.51866912841797 74.36845397949219 0
vertex -64.03181457519531 74.52528381347656 0
endloop
endfacet
facet normal 0 0 1
outer loop
vertex -65.69517517089844 75.43269348144531 0
vertex -66.8460693359375 74.35189819335938 0
vertex -64.51866912841797 74.36845397949219 0
endloop
endfacet
facet normal 0 0 1
outer loop
vertex -28.626773834228516 59.648277282714844 0
vertex -28.75226402282715 57.94585037231445 0
vertex -28.296445846557617 58.177913665771484 0
endloop
endfacet
facet normal 0 0 1
outer loop
vertex -66.8460693359375 74.35189819335938 0
vertex -64.96720886230469 74.12261199951172 0
vertex -64.51866912841797 74.36845397949219 0
endloop
endfacet
facet normal 0 0 1
outer loop
vertex -66.8460693359375 74.35189819335938 0
vertex -65.361328125 73.79658508300781 0
vertex -64.96720886230469 74.12261199951172 0
endloop
endfacet
facet normal 0 0 1
outer loop
vertex -66.32331848144531 74.94585418701172 0
vertex -66.8460693359375 74.35189819335938 0
vertex -65.69517517089844 75.43269348144531 0
endloop
endfacet
facet normal 0 0 1
outer loop
vertex -28.626773834228516 59.648277282714844 0
vertex -28.296445846557617 58.177913665771484 0
vertex -27.852115631103516 59.82611846923828 0
endloop
endfacet
facet normal 0 0 1
outer loop
vertex -27.852115631103516 59.82611846923828 0
vertex -28.296445846557617 58.177913665771484 0
vertex -27.805038452148438 58.31984329223633 0
endloop
endfacet
facet normal 0 0 1
outer loop
vertex -66.8460693359375 74.35189819335938 0
vertex -65.6868896484375 73.4020767211914 0
vertex -65.361328125 73.79658508300781 0
endloop
endfacet
facet normal 0 0 1
outer loop
vertex -27.852115631103516 59.82611846923828 0
vertex -27.805038452148438 58.31984329223633 0
vertex -27.29568099975586 58.36654281616211 0
endloop
endfacet
facet normal 0 0 1
outer loop
vertex -27.852115631103516 59.82611846923828 0
vertex -27.29568099975586 58.36654281616211 0
vertex -27.03924560546875 59.85533142089844 0
endloop
endfacet
facet normal 0 0 1
outer loop
vertex -27.03924560546875 59.85533142089844 0
vertex -27.29568099975586 58.36654281616211 0
vertex -10.132102012634277 55.38046646118164 0
endloop
endfacet
facet normal 0 0 1
outer loop
vertex -26.539278030395508 59.796600341796875 0
vertex -27.03924560546875 59.85533142089844 0
vertex -12.193734169006348 57.27116394042969 0
endloop
endfacet
facet normal 0 0 1
outer loop
vertex -12.193734169006348 57.27116394042969 0
vertex -27.03924560546875 59.85533142089844 0
vertex -10.132102012634277 55.38046646118164 0
endloop
endfacet
facet normal 0 0 1
outer loop
vertex -66.8460693359375 74.35189819335938 0
vertex -76.56714630126953 57.57118606567383 0
vertex -65.6868896484375 73.4020767211914 0
endloop
endfacet
facet normal 0 0 1
outer loop
vertex 18.388065338134766 53.61151885986328 0
vertex 13.976011276245117 52.11151885986328 0
vertex 29.710723876953125 52.11151885986328 0
endloop
endfacet
facet normal 0 0 1
outer loop
vertex -12.05344009399414 57.25654220581055 0
vertex -12.193734169006348 57.27116394042969 0
vertex -10.132102012634277 55.38046646118164 0
endloop
endfacet
facet normal 0 0 1
outer loop
vertex -11.629825592041016 57.24486541748047 0
vertex -12.05344009399414 57.25654220581055 0
vertex -10.132102012634277 55.38046646118164 0
endloop
endfacet
facet normal 0 0 1
outer loop
vertex -76.56714630126953 57.57118606567383 0
vertex -75.48495483398438 56.3663215637207 0
vertex -65.6868896484375 73.4020767211914 0
endloop
endfacet
facet normal 0 0 1
outer loop
vertex -11.629825592041016 57.24486541748047 0
vertex -10.132102012634277 55.38046646118164 0
vertex -11.46097469329834 57.25386047363281 0
endloop
endfacet
facet normal 0.28536760315747306 0.9584181399932699 0
outer loop
vertex -61.50215148925781 76.70875549316406 -1
vertex -62.44622802734375 76.98985290527344 -5.870696067810059
vertex -62.44622802734375 76.98985290527344 -1
endloop
endfacet
facet normal 0.438215664585407 0.8988698633906745 0
outer loop
vertex -60.8439826965332 76.38788604736328 -1
vertex -61.50215148925781 76.70875549316406 -5.973364353179932
vertex -61.50215148925781 76.70875549316406 -1
endloop
endfacet
facet normal 0.0994757094094839 0.9950399907727883 -6.078109434545096e-7
outer loop
vertex -63.4263801574707 77.08783721923828 -5.964718341827393
vertex -63.10368728637695 77.05558013916016 -1
vertex -62.44622802734375 76.98985290527344 -1
endloop
endfacet
facet normal 0.09946645059387343 0.9950409163477935 0
outer loop
vertex -63.4263801574707 77.08783721923828 -5.964718341827393
vertex -63.4263801574707 77.08783721923828 -1
vertex -63.10368728637695 77.05558013916016 -1
endloop
endfacet
facet normal -0.7871876043653961 0.6167136090062133 0
outer loop
vertex 30.64754867553711 56.9660530090332 -7.364227771759033
vertex 30.64754867553711 56.9660530090332 -1
vertex 31.255088806152344 57.74153137207031 -1
endloop
endfacet
facet normal -0.08997670797555088 0.9959438699153094 0
outer loop
vertex -64.40742492675781 76.99920654296875 -5.870279312133789
vertex -64.40742492675781 76.99920654296875 -1
vertex -63.4263801574707 77.08783721923828 -1
endloop
endfacet
facet normal -0.8902597003333186 0.4554532533229037 -1.128317785972077e-7
outer loop
vertex 30.64754867553711 56.9660530090332 -1
vertex 30.162391662597656 56.017730712890625 -7.540911674499512
vertex 30.261302947998047 56.2110710144043 -1
endloop
endfacet
facet normal -0.8902608400191356 0.455451025609146 0
outer loop
vertex 30.261302947998047 56.2110710144043 -1
vertex 30.11332893371582 55.92182922363281 -7.57297420501709
vertex 30.11332893371582 55.92182922363281 -1
endloop
endfacet
facet normal -0.8360131981769996 0.5487093333212629 0
outer loop
vertex 30.11332893371582 55.92182922363281 -1
vertex 29.88080406188965 55.56755447387695 -7.67366886138916
vertex 29.88080406188965 55.56755447387695 -1
endloop
endfacet
facet normal -0.7313349474784235 0.6820184708618467 0
outer loop
vertex 29.88080406188965 55.56755447387695 -1
vertex 29.591785430908203 55.25763702392578 -7.772428035736084
vertex 29.591785430908203 55.25763702392578 -1
endloop
endfacet
facet normal -0.6056221517759178 0.7957523542395291 -7.442867697604323e-7
outer loop
vertex 29.591785430908203 55.25763702392578 -1
vertex 29.25457191467285 55.0009880065918 -7.831300258636475
vertex 29.475555419921875 55.1691780090332 -1
endloop
endfacet
facet normal -0.0000152587897428447 -0.9999999998835847 0
outer loop
vertex -4.373988628387451 -77.16035461425781 -4.949999809265137
vertex -4.373988628387451 -77.16035461425781 -9.949999809265137
vertex -0.3739888072013855 -77.16041564941406 -4.949999809265137
endloop
endfacet
facet normal -0.6056367208049072 0.7957412659983639 0
outer loop
vertex 29.25457191467285 55.0009880065918 -7.831300258636475
vertex 29.25457191467285 55.0009880065918 -1
vertex 29.475555419921875 55.1691780090332 -1
endloop
endfacet
facet normal -0.4625315506397625 0.886602822385975 0
outer loop
vertex 29.25457191467285 55.0009880065918 -1
vertex 28.878856658935547 54.80498123168945 -7.834296226501465
vertex 28.878856658935547 54.80498123168945 -1
endloop
endfacet
facet normal -0.3061365296971255 0.9519876181888003 -4.6468856198252114e-7
outer loop
vertex 28.878856658935547 54.80498123168945 -1
vertex 28.475435256958008 54.67524719238281 -7.824077129364014
vertex 28.533634185791016 54.693965911865234 -1
endloop
endfacet
facet normal -0.3061859087381498 0.9519717376530635 0
outer loop
vertex 28.475435256958008 54.67524719238281 -7.824077129364014
vertex 28.475435256958008 54.67524719238281 -1
vertex 28.533634185791016 54.693965911865234 -1
endloop
endfacet
facet normal -0.14095063462511995 0.9900166254153391 0
outer loop
vertex 28.475435256958008 54.67524719238281 -1
vertex 28.055896759033203 54.615516662597656 -7.816209316253662
vertex 28.055896759033203 54.615516662597656 -1
endloop
endfacet
facet normal -0.27621023257358024 0.9610972413967991 0.0000010544482686137857
outer loop
vertex -65.35414123535156 76.72713470458984 -5.967953681945801
vertex -64.91264343261719 76.85401153564453 -1
vertex -64.40742492675781 76.99920654296875 -1
endloop
endfacet
facet normal -0.27619927256081633 0.9611003911334528 0
outer loop
vertex -65.35414123535156 76.72713470458984 -5.967953681945801
vertex -65.35414123535156 76.72713470458984 -1
vertex -64.91264343261719 76.85401153564453 -1
endloop
endfacet
facet normal -0.0004129808158772305 0.9999999147230518 -8.571418321312536e-7
outer loop
vertex 28.055896759033203 54.615516662597656 -1
vertex 18.759008407592773 54.611671447753906 -7.740983963012695
vertex 25.580385208129883 54.61449432373047 -1
endloop
endfacet
facet normal -0.0004136763169545947 0.9999999144359369 -1.5334610284278513e-7
outer loop
vertex 18.387651443481445 54.61151885986328 -1
vertex 25.580385208129883 54.61449432373047 -1
vertex 18.759008407592773 54.611671447753906 -7.740983963012695
endloop
endfacet
facet normal 0 0 1
outer loop
vertex 11.711688995361328 58.33316421508789 0
vertex 13.888943672180176 57.44294738769531 0
vertex 13.223143577575684 57.87687683105469 0
endloop
endfacet
facet normal 0 0 1
outer loop
vertex 12.48745059967041 58.17743682861328 0
vertex 11.711688995361328 58.33316421508789 0
vertex 13.223143577575684 57.87687683105469 0
endloop
endfacet
facet normal -0.000015258789742774417 -0.9999999998789786 0.0000030351615059450357
outer loop
vertex -4.373988628387451 -77.16035461425781 -4.949999809265137
vertex -0.3739888072013855 -77.16041564941406 -4.949999809265137
vertex -0.25980812311172485 -77.16041564941406 -4.375974655151367
endloop
endfacet
facet normal -0.4525189784160421 0.8917547724421225 0
outer loop
vertex -65.35414123535156 76.72713470458984 -1
vertex -66.23255157470703 76.28138732910156 -5.902551651000977
vertex -66.23255157470703 76.28138732910156 -1
endloop
endfacet
facet normal -0.7506701861264614 0.6606771311774488 0
outer loop
vertex -67.01112365722656 75.6779556274414 -1
vertex -67.66191101074219 74.93852233886719 -5.854429721832275
vertex -67.66191101074219 74.93852233886719 -1
endloop
endfacet
facet normal -0.000015507512418683585 -0.9999999998797586 0
outer loop
vertex -44.95697784423828 -77.15972137451172 -4
vertex -44.95697784423828 -77.15972137451172 -5
vertex -19.37398910522461 -77.16011810302734 -4.949999809265137
endloop
endfacet
facet normal -0.000015425214381021 -0.9999999998785756 0.0000022162423084316855
outer loop
vertex -50.556976318359375 -77.15962982177734 -1.6665198802947998
vertex -44.95697784423828 -77.15972137451172 -4
vertex -19.37398910522461 -77.16011810302734 -4.949999809265137
endloop
endfacet
facet normal -0.000016708134896931397 -0.9999999998107431 -0.000009967567229508352
outer loop
vertex -19.259807586669922 -77.16012573242188 -4.375974655151367
vertex -50.556976318359375 -77.15962982177734 -1.6665198802947998
vertex -19.37398910522461 -77.16011810302734 -4.949999809265137
endloop
endfacet
facet normal -0.00001485016779099796 -0.9999999998405075 0.000009922569188899519
outer loop
vertex -18.934648513793945 -77.16012573242188 -3.8893399238586426
vertex -49.811527252197266 -77.1596450805664 -1.6595721244812012
vertex -19.259807586669922 -77.16012573242188 -4.375974655151367
endloop
endfacet
facet normal 0.43821566458540706 0.8988698633906747 0
outer loop
vertex -60.8439826965332 76.38788604736328 -5.944248199462891
vertex -61.50215148925781 76.70875549316406 -5.973364353179932
vertex -60.8439826965332 76.38788604736328 -1
endloop
endfacet
facet normal 0.2853327147786639 0.9584285272658768 0
outer loop
vertex -61.55976104736328 76.72590637207031 -5.986995220184326
vertex -61.50215148925781 76.70875549316406 -1
vertex -61.50215148925781 76.70875549316406 -5.973364353179932
endloop
endfacet
facet normal 0.28536981421294594 0.9584174816518378 -4.6655829834398954e-7
outer loop
vertex -62.44622802734375 76.98985290527344 -5.870696067810059
vertex -61.50215148925781 76.70875549316406 -1
vertex -61.55976104736328 76.72590637207031 -5.986995220184326
endloop
endfacet
facet normal -0.000015690583564696058 -0.9999999998769026 1.905486990262226e-8
outer loop
vertex -18.934648513793945 -77.16012573242188 -3.8893399238586426
vertex -18.448013305664062 -77.1601333618164 -3.564180612564087
vertex -48.592559814453125 -77.15966033935547 -1.6258381605148315
endloop
endfacet
facet normal -0.000015105322345474723 -0.9999999998443195 0.000009120869674889067
outer loop
vertex -18.448013305664062 -77.1601333618164 -3.564180612564087
vertex -17.87398910522461 -77.16014099121094 -3.450000047683716
vertex -48.592559814453125 -77.15966033935547 -1.6258381605148315
endloop
endfacet
facet normal 0.09947266115718503 0.9950402955068239 0
outer loop
vertex -62.44622802734375 76.98985290527344 -5.870696067810059
vertex -63.4263801574707 77.08783721923828 -5.964718341827393
vertex -62.44622802734375 76.98985290527344 -1
endloop
endfacet
facet normal -0.08997670797555087 0.9959438699153091 0
outer loop
vertex -64.40742492675781 76.99920654296875 -5.870279312133789
vertex -63.4263801574707 77.08783721923828 -1
vertex -63.4263801574707 77.08783721923828 -5.964718341827393
endloop
endfacet
facet normal -0.2762046457436577 0.961098846981735 0
outer loop
vertex -65.29374694824219 76.74449157714844 -5.985586643218994
vertex -64.40742492675781 76.99920654296875 -1
vertex -64.40742492675781 76.99920654296875 -5.870279312133789
endloop
endfacet
facet normal -0.276211734360293 0.96109680979588 0.0000013642724994877746
outer loop
vertex -65.29374694824219 76.74449157714844 -5.985586643218994
vertex -65.35414123535156 76.72713470458984 -5.967953681945801
vertex -64.40742492675781 76.99920654296875 -1
endloop
endfacet
facet normal -0.4525189784160421 0.8917547724421225 0
outer loop
vertex -65.35414123535156 76.72713470458984 -5.967953681945801
vertex -66.23255157470703 76.28138732910156 -5.902551651000977
vertex -65.35414123535156 76.72713470458984 -1
endloop
endfacet
facet normal -0.6125959806101365 0.7903962073164985 0
outer loop
vertex -66.23255157470703 76.28138732910156 -5.902551651000977
vertex -67.01112365722656 75.6779556274414 -5.990785121917725
vertex -66.23255157470703 76.28138732910156 -1
endloop
endfacet
facet normal -0.00001941744640973698 -0.9999999977957023 -0.00006349455436801774
outer loop
vertex -47.90789794921875 -77.15967559814453 -1.5949000120162964
vertex -48.592559814453125 -77.15966033935547 -1.6258381605148315
vertex -17.87398910522461 -77.16014099121094 -3.450000047683716
endloop
endfacet
facet normal -0.00001295502241518743 -0.9999999990701822 0.00004113153049260073
outer loop
vertex -47.20639419555664 -77.15968322753906 -1.5594381093978882
vertex -47.90789794921875 -77.15967559814453 -1.5949000120162964
vertex -17.87398910522461 -77.16014099121094 -3.450000047683716
endloop
endfacet
facet normal -0.000017909267893845854 -0.9999999992011529 -0.00003573447018906049
outer loop
vertex -46.45697784423828 -77.15969848632812 -1.5080230236053467
vertex -47.20639419555664 -77.15968322753906 -1.5594381093978882
vertex -17.87398910522461 -77.16014099121094 -3.450000047683716
endloop
endfacet
facet normal -0.000015481407028491915 -0.999999999880163 0
outer loop
vertex -46.45697784423828 -77.15969848632812 -1
vertex -46.45697784423828 -77.15969848632812 -1.5080230236053467
vertex -17.87398910522461 -77.16014099121094 -3.450000047683716
endloop
endfacet
facet normal -0.7506701861264614 0.6606771311774488 0
outer loop
vertex -67.66191101074219 74.93852233886719 -5.854429721832275
vertex -67.01112365722656 75.6779556274414 -1
vertex -67.01112365722656 75.6779556274414 -5.990785121917725
endloop
endfacet
facet normal 0 0 1
outer loop
vertex -45.2656364440918 -75.92542266845703 0
vertex -50.556976318359375 -76.15962982177734 0
vertex -19.37398910522461 -74.96348571777344 0
endloop
endfacet
facet normal 0 0 1
outer loop
vertex -19.37398910522461 -74.66348266601562 0
vertex -45.45697784423828 -73.96348571777344 0
vertex -45.2656364440918 -74.00154113769531 0
endloop
endfacet
facet normal 0 0 1
outer loop
vertex -44.99503707885742 -75.65482330322266 0
vertex -45.103424072265625 -75.8170394897461 0
vertex -19.37398910522461 -74.96348571777344 0
endloop
endfacet
facet normal 0 0 1
outer loop
vertex -45.103424072265625 -75.8170394897461 0
vertex -45.2656364440918 -75.92542266845703 0
vertex -19.37398910522461 -74.96348571777344 0
endloop
endfacet
facet normal 0 0 1
outer loop
vertex -44.95697784423828 -75.46348571777344 0
vertex -44.99503707885742 -75.65482330322266 0
vertex -19.37398910522461 -74.66348266601562 0
endloop
endfacet
facet normal 0 0 1
outer loop
vertex -44.95697784423828 -74.46348571777344 0
vertex -44.95697784423828 -75.46348571777344 0
vertex -19.37398910522461 -74.66348266601562 0
endloop
endfacet
facet normal 0 0 1
outer loop
vertex -44.99503707885742 -74.27214050292969 0
vertex -44.95697784423828 -74.46348571777344 0
vertex -19.37398910522461 -74.66348266601562 0
endloop
endfacet
facet normal 0 0 1
outer loop
vertex -45.103424072265625 -74.10993194580078 0
vertex -44.99503707885742 -74.27214050292969 0
vertex -19.37398910522461 -74.66348266601562 0
endloop
endfacet
facet normal 0 0 1
outer loop
vertex -19.37398910522461 -74.66348266601562 0
vertex -45.2656364440918 -74.00154113769531 0
vertex -45.103424072265625 -74.10993194580078 0
endloop
endfacet
facet normal 0 0 1
outer loop
vertex -60.16671371459961 -69.65633392333984 0
vertex -19.792869567871094 -74.52432250976562 0
vertex -19.948326110839844 -74.36365509033203 0
endloop
endfacet
facet normal 0 0 1
outer loop
vertex -20.04520034790039 -74.16216278076172 0
vertex -60.16671371459961 -69.65633392333984 0
vertex -19.948326110839844 -74.36365509033203 0
endloop
endfacet
facet normal 0 0 1
outer loop
vertex -19.792869567871094 -74.52432250976562 0
vertex -60.16671371459961 -69.65633392333984 0
vertex -19.594684600830078 -74.6277847290039 0
endloop
endfacet
facet normal 0 0 1
outer loop
vertex -20.07398796081543 -69.66348266601562 0
vertex -60.16671371459961 -69.65633392333984 0
vertex -20.04520034790039 -74.16216278076172 0
endloop
endfacet
facet normal -0.8652936902414595 0.5012652288228844 0.0000012076231105362507
outer loop
vertex -67.66191101074219 74.93852233886719 -1
vertex -77.45036315917969 58.04152297973633 -7.319106101989746
vertex -70.7641830444336 69.58332061767578 -1
endloop
endfacet
facet normal -0.865293403464775 0.5012657238634475 0
outer loop
vertex -77.45036315917969 58.04152297973633 -7.319106101989746
vertex -77.45036315917969 58.04152297973633 -1
vertex -70.7641830444336 69.58332061767578 -1
endloop
endfacet
facet normal 0 0 1
outer loop
vertex -58.129173278808594 43.759090423583984 0
vertex -60.168701171875 42.845367431640625 0
vertex -60.07732009887695 42.71297073364258 0
endloop
endfacet
facet normal 0 0 1
outer loop
vertex -19.594684600830078 -74.6277847290039 0
vertex -45.45697784423828 -73.96348571777344 0
vertex -19.37398910522461 -74.66348266601562 0
endloop
endfacet
facet normal 0 0 1
outer loop
vertex -19.37398910522461 -74.66348266601562 0
vertex -44.99503707885742 -75.65482330322266 0
vertex -19.37398910522461 -74.96348571777344 0
endloop
endfacet
facet normal 0 0 1
outer loop
vertex -60.555572509765625 43.294307708740234 0
vertex -60.43753433227539 43.172950744628906 0
vertex -58.129173278808594 43.759090423583984 0
endloop
endfacet
facet normal -0.00001470172428612447 -0.9999999998667817 -0.000007091968932677174
outer loop
vertex 13.12601089477539 -77.16062927246094 -3.450000047683716
vertex 13.70003604888916 -77.16063690185547 -3.564180612564087
vertex 33.7398681640625 -77.16094970703125 -1
endloop
endfacet
facet normal -0.000015620209701155698 -0.9999999998780008 8.626704015709786e-8
outer loop
vertex 13.70003604888916 -77.16063690185547 -3.564180612564087
vertex 14.186671257019043 -77.16064453125 -3.8893399238586426
vertex 33.7398681640625 -77.16094970703125 -1
endloop
endfacet
facet normal -0.00001631343536678125 -0.9999999998555232 0.0000047775731187268245
outer loop
vertex 14.186671257019043 -77.16064453125 -3.8893399238586426
vertex 14.51183032989502 -77.16065216064453 -4.375974655151367
vertex 33.7398681640625 -77.16094970703125 -1
endloop
endfacet
facet normal -0.00001495241023628723 -0.9999999998837897 -0.0000029742157375283657
outer loop
vertex 14.51183032989502 -77.16065216064453 -4.375974655151367
vertex 14.62601089477539 -77.16065216064453 -4.949999809265137
vertex 33.7398681640625 -77.16094970703125 -1
endloop
endfacet
facet normal 0 0 1
outer loop
vertex 33.62601089477539 -74.96348571777344 0
vertex -19.37398910522461 -74.96348571777344 0
vertex 33.708770751953125 -76.16094970703125 0
endloop
endfacet
facet normal 0 0 1
outer loop
vertex -60.43753433227539 43.172950744628906 0
vertex -60.168701171875 42.845367431640625 0
vertex -58.129173278808594 43.759090423583984 0
endloop
endfacet
facet normal -0.00001589457225382426 -0.9999999998693464 0.000002944438116599438
outer loop
vertex 33.7398681640625 -77.16094970703125 -1
vertex 1.1260111331939697 -77.16043853759766 -3.450000047683716
vertex 13.12601089477539 -77.16062927246094 -3.450000047683716
endloop
endfacet
facet normal 0 0 1
outer loop
vertex -60.98668670654297 43.65458679199219 0
vertex -60.88813400268555 43.58557891845703 0
vertex -58.129173278808594 43.759090423583984 0
endloop
endfacet
facet normal 0 0 1
outer loop
vertex -58.129173278808594 43.759090423583984 0
vertex -61.21274948120117 43.801918029785156 0
vertex -60.98668670654297 43.65458679199219 0
endloop
endfacet
facet normal 0 0 1
outer loop
vertex -58.129173278808594 43.759090423583984 0
vertex -61.2554817199707 43.83202362060547 0
vertex -61.21274948120117 43.801918029785156 0
endloop
endfacet
facet normal 0 0 1
outer loop
vertex -60.88813400268555 43.58557891845703 0
vertex -60.555572509765625 43.294307708740234 0
vertex -58.129173278808594 43.759090423583984 0
endloop
endfacet
facet normal 0 0 1
outer loop
vertex -10.132102012634277 55.38046646118164 0
vertex -9.888341903686523 55.77526092529297 0
vertex -10.329312324523926 57.535186767578125 0
endloop
endfacet
facet normal 0 0 1
outer loop
vertex -11.041154861450195 57.311580657958984 0
vertex -11.46097469329834 57.25386047363281 0
vertex -10.132102012634277 55.38046646118164 0
endloop
endfacet
facet normal 0 0 1
outer loop
vertex -11.041154861450195 57.311580657958984 0
vertex -10.132102012634277 55.38046646118164 0
vertex -10.875434875488281 57.346248626708984 0
endloop
endfacet
facet normal 0 0 1
outer loop
vertex -10.875434875488281 57.346248626708984 0
vertex -10.132102012634277 55.38046646118164 0
vertex -10.472243309020996 57.47673034667969 0
endloop
endfacet
facet normal 0.00011275225165314958 -0.9999999936277407 -0.000005607884164131833
outer loop
vertex 67.77088928222656 -72.16410064697266 -1.5588304996490479
vertex 70.01775360107422 -72.16383361816406 -4
vertex 68.51775360107422 -72.16401672363281 -1.5076000690460205
endloop
endfacet
facet normal 0 0 1
outer loop
vertex 11.711688995361328 58.33316421508789 0
vertex -7.671918869018555 58.361454010009766 0
vertex 11.468733787536621 56.8543701171875 0
endloop
endfacet
facet normal 0.6942243979091438 0.719758629922342 0
outer loop
vertex 15.223666191101074 57.5449333190918 -1
vertex 14.514676094055176 58.2287712097168 -7.312541961669922
vertex 14.514676094055176 58.2287712097168 -1
endloop
endfacet
facet normal 0 0 1
outer loop
vertex -10.329312324523926 57.535186767578125 0
vertex -10.472243309020996 57.47673034667969 0
vertex -10.132102012634277 55.38046646118164 0
endloop
endfacet
facet normal 0.5460085155251788 0.8377796255424159 0
outer loop
vertex 13.689433097839355 58.76660919189453 -7.37013578414917
vertex 13.689433097839355 58.76660919189453 -1
vertex 14.514676094055176 58.2287712097168 -1
endloop
endfacet
facet normal -0.00001443470610662213 -0.9999999998916975 -0.0000028712500982384397
outer loop
vertex -4.4881696701049805 -77.16035461425781 -4.375974655151367
vertex -4.373988628387451 -77.16035461425781 -4.949999809265137
vertex -0.25980812311172485 -77.16041564941406 -4.375974655151367
endloop
endfacet
facet normal 0.37820183831253973 0.9257231602898436 0
outer loop
vertex 13.689433097839355 58.76660919189453 -1
vertex 12.777560234069824 59.13915252685547 -7.271366596221924
vertex 12.777560234069824 59.13915252685547 -1
endloop
endfacet
facet normal 0 0 1
outer loop
vertex -10.329312324523926 57.535186767578125 0
vertex -9.888341903686523 55.77526092529297 0
vertex -9.54513168334961 56.15451431274414 0
endloop
endfacet
facet normal 0.19681161395558502 0.9804410207738813 -0.0007703220545016392
outer loop
vertex 12.777560234069824 59.13915252685547 -1
vertex 11.7866849899292 59.33305740356445 -7.365468502044678
vertex 11.811789512634277 59.3330192565918 -1
endloop
endfacet
facet normal -0.00001443470610641895 -0.9999999998776218 -0.000006032898653455208
outer loop
vertex -4.4881696701049805 -77.16035461425781 -4.375974655151367
vertex -0.25980812311172485 -77.16041564941406 -4.375974655151367
vertex 0.06535100936889648 -77.1604232788086 -3.8893399238586426
endloop
endfacet
facet normal -0.000015638235993125088 -0.999999999864053 0.000005228727112249515
outer loop
vertex -4.813328742980957 -77.16034698486328 -3.8893399238586426
vertex -4.4881696701049805 -77.16035461425781 -4.375974655151367
vertex 0.06535100936889648 -77.1604232788086 -3.8893399238586426
endloop
endfacet
facet normal -0.00001564482642255572 -0.9999999998776185 4.9448462633803105e-8
outer loop
vertex -5.299963474273682 -77.16033935546875 -3.564180612564087
vertex -4.813328742980957 -77.16034698486328 -3.8893399238586426
vertex 0.551986038684845 -77.16043090820312 -3.564180612564087
endloop
endfacet
facet normal 0 0 1
outer loop
vertex -59.79495620727539 42.18617248535156 0
vertex -59.650550842285156 41.7836799621582 0
vertex -58.129173278808594 43.759090423583984 0
endloop
endfacet
facet normal 0 0 1
outer loop
vertex -59.606689453125 41.6199836730957 0
vertex -59.53261184692383 41.202735900878906 0
vertex -57.04018020629883 42.715816497802734 0
endloop
endfacet
facet normal 0 0 1
outer loop
vertex -59.650550842285156 41.7836799621582 0
vertex -59.606689453125 41.6199836730957 0
vertex -58.129173278808594 43.759090423583984 0
endloop
endfacet
facet normal -0.000015638235993338832 -0.999999999877721 -5.929739232180913e-8
outer loop
vertex 0.551986038684845 -77.16043090820312 -3.564180612564087
vertex -4.813328742980957 -77.16034698486328 -3.8893399238586426
vertex 0.06535100936889648 -77.1604232788086 -3.8893399238586426
endloop
endfacet
facet normal 0 0 1
outer loop
vertex -60.07732009887695 42.71297073364258 0
vertex -59.86494827270508 42.33627700805664 0
vertex -58.129173278808594 43.759090423583984 0
endloop
endfacet
facet normal 0 0 1
outer loop
vertex -59.79495620727539 42.18617248535156 0
vertex -58.129173278808594 43.759090423583984 0
vertex -59.86494827270508 42.33627700805664 0
endloop
endfacet
facet normal -0.00001525878957968829 -0.9999999998346536 -0.000009892528656388034
outer loop
vertex -5.873988628387451 -77.16033172607422 -3.450000047683716
vertex -5.299963474273682 -77.16033935546875 -3.564180612564087
vertex 1.1260111331939697 -77.16043853759766 -3.450000047683716
endloop
endfacet
facet normal -0.000015644826421460397 -0.9999999998076067 0.0000118332610877438
outer loop
vertex 1.1260111331939697 -77.16043853759766 -3.450000047683716
vertex -5.299963474273682 -77.16033935546875 -3.564180612564087
vertex 0.551986038684845 -77.16043090820312 -3.564180612564087
endloop
endfacet
facet normal -0.000015601869216178047 -0.9999999998773031 -0.0000014053752197394256
outer loop
vertex 33.7398681640625 -77.16094970703125 -1
vertex -46.45697784423828 -77.15969848632812 -1
vertex -17.87398910522461 -77.16014099121094 -3.450000047683716
endloop
endfacet
facet normal 0 0 1
outer loop
vertex -19.37398910522461 -74.96348571777344 0
vertex -50.556976318359375 -76.15962982177734 0
vertex 33.708770751953125 -76.16094970703125 0
endloop
endfacet
facet normal 0 0 1
outer loop
vertex -59.53261184692383 41.202735900878906 0
vertex -59.517757415771484 41.0339241027832 0
vertex -57.04018020629883 42.715816497802734 0
endloop
endfacet
facet normal 0 0 1
outer loop
vertex -59.517757415771484 41.0339241027832 0
vertex -59.514808654785156 40.610164642333984 0
vertex -57.04018020629883 42.715816497802734 0
endloop
endfacet
facet normal 0 0 1
outer loop
vertex -10.329312324523926 57.535186767578125 0
vertex -9.54513168334961 56.15451431274414 0
vertex -9.136551856994629 56.46222686767578 0
endloop
endfacet
facet normal 0 0 1
outer loop
vertex -10.329312324523926 57.535186767578125 0
vertex -9.136551856994629 56.46222686767578 0
vertex -8.677267074584961 56.687355041503906 0
endloop
endfacet
facet normal 0 0 1
outer loop
vertex -10.329312324523926 57.535186767578125 0
vertex -8.677267074584961 56.687355041503906 0
vertex -8.183764457702637 56.82181930541992 0
endloop
endfacet
facet normal 0 0 1
outer loop
vertex -10.329312324523926 57.535186767578125 0
vertex -8.183764457702637 56.82181930541992 0
vertex -7.723989009857178 56.86151885986328 0
endloop
endfacet
facet normal 0 0 1
outer loop
vertex -10.329312324523926 57.535186767578125 0
vertex -7.723989009857178 56.86151885986328 0
vertex -7.671918869018555 58.361454010009766 0
endloop
endfacet
facet normal 0 0 1
outer loop
vertex -7.671918869018555 58.361454010009766 0
vertex -7.723989009857178 56.86151885986328 0
vertex 11.468733787536621 56.8543701171875 0
endloop
endfacet
facet normal -0.000015258789580202536 -0.9999999998683553 -0.000005518959767535004
outer loop
vertex 33.7398681640625 -77.16094970703125 -1
vertex -5.873988628387451 -77.16033172607422 -3.450000047683716
vertex 1.1260111331939697 -77.16043853759766 -3.450000047683716
endloop
endfacet
facet normal 0.03308749789331529 0.9994524588409195 0
outer loop
vertex -12.02035903930664 58.25599670410156 -7.641824722290039
vertex -12.02035903930664 58.25599670410156 -1
vertex -11.754412651062012 58.2471923828125 -1
endloop
endfacet
facet normal 0.03307195851785658 0.9994529731605211 6.228964459049074e-7
outer loop
vertex -11.596821784973145 58.24197769165039 -1
vertex -12.02035903930664 58.25599670410156 -7.641824722290039
vertex -11.754412651062012 58.2471923828125 -1
endloop
endfacet
facet normal -0.00001589457130632273 -0.9999999998623479 0.0000047609446256528684
outer loop
vertex 33.7398681640625 -77.16094970703125 -1
vertex -17.87398910522461 -77.16014099121094 -3.450000047683716
vertex -5.873988628387451 -77.16033172607422 -3.450000047683716
endloop
endfacet
facet normal -0.9804414252081914 0.19681110563412083 0.00002085198258845582
outer loop
vertex -65.11463928222656 28.725997924804688 -9.63355541229248
vertex -65.14549255371094 28.572296142578125 -9.614745140075684
vertex -64.95162200927734 29.538066864013672 -9.40807819366455
endloop
endfacet
facet normal -0.1361975234830785 0.9906817019593509 0
outer loop
vertex -11.177000999450684 58.2996940612793 -1
vertex -11.596821784973145 58.24197769165039 -7.602983474731445
vertex -11.596821784973145 58.24197769165039 -1
endloop
endfacet
facet normal -0.7197537183237133 0.6942294857528153 -0.00007791386454166472
outer loop
vertex -63.94648361206055 31.373422622680664 -9.508072853088379
vertex -64.04124450683594 31.275182723999023 -9.463510513305664
vertex -63.35740661621094 31.984172821044922 -9.374104499816895
endloop
endfacet
facet normal -0.3015773037629544 0.9534417286101269 0
outer loop
vertex -11.177000999450684 58.2996940612793 -7.536888122558594
vertex -11.177000999450684 58.2996940612793 -1
vertex -11.131919860839844 58.3139533996582 -1
endloop
endfacet
facet normal -0.30156922228467997 0.9534442847752613 -6.130921294032943e-8
outer loop
vertex -10.772960662841797 58.427490234375 -1
vertex -11.177000999450684 58.2996940612793 -7.536888122558594
vertex -11.131919860839844 58.3139533996582 -1
endloop
endfacet
facet normal 0 0 1
outer loop
vertex -59.514808654785156 40.610164642333984 0
vertex -59.52750778198242 40.45901870727539 0
vertex -58.18241882324219 39.461387634277344 0
endloop
endfacet
facet normal 0 0 1
outer loop
vertex -59.52750778198242 40.45901870727539 0
vertex -59.675743103027344 38.372982025146484 0
vertex -58.18241882324219 39.461387634277344 0
endloop
endfacet
facet normal 0 0 1
outer loop
vertex -59.675743103027344 38.372982025146484 0
vertex -58.2248420715332 38.95166015625 0
vertex -58.18241882324219 39.461387634277344 0
endloop
endfacet
facet normal 0 0 1
outer loop
vertex -59.675743103027344 38.372982025146484 0
vertex -58.17036056518555 38.44307327270508 0
vertex -58.2248420715332 38.95166015625 0
endloop
endfacet
facet normal 0 0 1
outer loop
vertex 15.3156156539917 55.444580078125 0
vertex 14.927720069885254 56.22864532470703 0
vertex 14.460952758789062 56.8912353515625 0
endloop
endfacet
facet normal 0 0 1
outer loop
vertex -59.716224670410156 39.16290283203125 0
vertex -59.675743103027344 38.372982025146484 0
vertex -59.52750778198242 40.45901870727539 0
endloop
endfacet
facet normal 0.14095000655467255 -0.9900167148347737 0
outer loop
vertex 38.721221923828125 -72.22721099853516 -1
vertex 39.14076232910156 -72.16748046875 -17.568517684936523
vertex 39.14076232910156 -72.16748046875 -1
endloop
endfacet
facet normal 0.30615049976668146 -0.9519831256343839 0
outer loop
vertex 38.31779861450195 -72.35694885253906 -1
vertex 38.721221923828125 -72.22721099853516 -17.55215072631836
vertex 38.721221923828125 -72.22721099853516 -1
endloop
endfacet
facet normal 0.46253339638744345 -0.8866018594759973 0
outer loop
vertex 37.94208526611328 -72.5529556274414 -1
vertex 38.31779861450195 -72.35694885253906 -17.555261611938477
vertex 38.31779861450195 -72.35694885253906 -1
endloop
endfacet
facet normal -0.44520314899081814 0.8954295930605931 0
outer loop
vertex -9.597597122192383 59.01187515258789 -1
vertex -10.772960662841797 58.427490234375 -7.473018169403076
vertex -10.772960662841797 58.427490234375 -1
endloop
endfacet
facet normal 0 0 1
outer loop
vertex 18.28402328491211 53.620582580566406 0
vertex 13.976011276245117 52.11151885986328 0
vertex 18.388065338134766 53.61151885986328 0
endloop
endfacet
facet normal 0 0 1
outer loop
vertex 17.766420364379883 53.67102813720703 0
vertex 13.976011276245117 52.11151885986328 0
vertex 18.28402328491211 53.620582580566406 0
endloop
endfacet
facet normal 0 0 1
outer loop
vertex 17.582321166992188 53.71146774291992 0
vertex 13.976011276245117 52.11151885986328 0
vertex 17.696781158447266 53.6807975769043 0
endloop
endfacet
facet normal 0 0 1
outer loop
vertex 13.976011276245117 52.11151885986328 0
vertex 17.766420364379883 53.67102813720703 0
vertex 17.696781158447266 53.6807975769043 0
endloop
endfacet
facet normal 0 0 1
outer loop
vertex 17.17568588256836 53.83079528808594 0
vertex 13.976011276245117 52.11151885986328 0
vertex 17.582321166992188 53.71146774291992 0
endloop
endfacet
facet normal 0 0 1
outer loop
vertex 17.122730255126953 53.848411560058594 0
vertex 13.976011276245117 52.11151885986328 0
vertex 17.17568588256836 53.83079528808594 0
endloop
endfacet
facet normal 0 0 1
outer loop
vertex 17.01969337463379 53.89645767211914 0
vertex 13.976011276245117 52.11151885986328 0
vertex 17.122730255126953 53.848411560058594 0
endloop
endfacet
facet normal 0 0 1
outer loop
vertex 15.626338005065918 54.97116470336914 0
vertex 13.976011276245117 52.11151885986328 0
vertex 15.683279037475586 54.88984298706055 0
endloop
endfacet
facet normal 0 0 1
outer loop
vertex 15.3156156539917 55.444580078125 0
vertex 13.976011276245117 52.11151885986328 0
vertex 15.344474792480469 55.382694244384766 0
endloop
endfacet
facet normal 0 0 1
outer loop
vertex 13.976011276245117 52.11151885986328 0
vertex 15.384431838989258 55.319122314453125 0
vertex 15.344474792480469 55.382694244384766 0
endloop
endfacet
facet normal 0 0 1
outer loop
vertex 15.626338005065918 54.97116470336914 0
vertex 15.384431838989258 55.319122314453125 0
vertex 13.976011276245117 52.11151885986328 0
endloop
endfacet
facet normal 0 0 1
outer loop
vertex 16.496397018432617 54.17378616333008 0
vertex 13.976011276245117 52.11151885986328 0
vertex 16.585590362548828 54.111331939697266 0
endloop
endfacet
facet normal 0 0 1
outer loop
vertex 13.976011276245117 52.11151885986328 0
vertex 16.640531539916992 54.08571243286133 0
vertex 16.585590362548828 54.111331939697266 0
endloop
endfacet
facet normal 0 0 1
outer loop
vertex 16.02745819091797 54.535484313964844 0
vertex 13.976011276245117 52.11151885986328 0
vertex 16.10105323791504 54.461891174316406 0
endloop
endfacet
facet normal 0 0 1
outer loop
vertex 13.976011276245117 52.11151885986328 0
vertex 16.496397018432617 54.17378616333008 0
vertex 16.15464973449707 54.42436218261719 0
endloop
endfacet
facet normal 0 0 1
outer loop
vertex 13.976011276245117 52.11151885986328 0
vertex 16.15464973449707 54.42436218261719 0
vertex 16.10105323791504 54.461891174316406 0
endloop
endfacet
facet normal 0 0 1
outer loop
vertex 13.976011276245117 52.11151885986328 0
vertex 17.01969337463379 53.89645767211914 0
vertex 16.640531539916992 54.08571243286133 0
endloop
endfacet
facet normal -0.2703442365046965 0.962763726876274 0
outer loop
vertex -8.649153709411621 59.2781982421875 -1
vertex -9.597597122192383 59.01187515258789 -7.276247978210449
vertex -9.597597122192383 59.01187515258789 -1
endloop
endfacet
facet normal 0 0 1
outer loop
vertex 16.02745819091797 54.535484313964844 0
vertex 15.730308532714844 54.8376350402832 0
vertex 13.976011276245117 52.11151885986328 0
endloop
endfacet
facet normal 0 0 1
outer loop
vertex 58.01775360107422 -69.66348266601562 0
vertex 34.326011657714844 -69.66348266601562 0
vertex 58.01775360107422 -70.46348571777344 0
endloop
endfacet
facet normal 0.00011799940779447772 -0.999999993036452 -0.000001798755212455652
outer loop
vertex 63.61775588989258 -72.16458892822266 -4
vertex 59.51775360107422 -72.16507720947266 -1.5074959993362427
vertex 47.822715759277344 -72.16645812988281 -1
endloop
endfacet
facet normal 0 0 1
outer loop
vertex 13.976011276245117 52.11151885986328 0
vertex 15.730308532714844 54.8376350402832 0
vertex 15.683279037475586 54.88984298706055 0
endloop
endfacet
facet normal 0.605628168297238 -0.7957477752183366 0
outer loop
vertex 37.60487365722656 -72.80960083007812 -1
vertex 37.94208526611328 -72.5529556274414 -17.583066940307617
vertex 37.94208526611328 -72.5529556274414 -1
endloop
endfacet
facet normal -0.0889101774024823 0.9960396479830806 0
outer loop
vertex -7.715732574462891 59.36151885986328 -1
vertex -8.649153709411621 59.2781982421875 -7.357327938079834
vertex -8.649153709411621 59.2781982421875 -1
endloop
endfacet
facet normal 0.7313285152515914 -0.6820253681351618 0
outer loop
vertex 37.315853118896484 -73.11951446533203 -1
vertex 37.60487365722656 -72.80960083007812 -17.618846893310547
vertex 37.60487365722656 -72.80960083007812 -1
endloop
endfacet
facet normal 0.0014594566987085585 0.9999989349925053 0
outer loop
vertex 11.811789512634277 59.3330192565918 -1
vertex -7.715732574462891 59.36151885986328 -7.275077819824219
vertex -7.715732574462891 59.36151885986328 -1
endloop
endfacet
facet normal 0 0 1
outer loop
vertex -9.236654281616211 58.07455062866211 0
vertex -10.329312324523926 57.535186767578125 0
vertex -8.467986106872559 58.2903938293457 0
endloop
endfacet
facet normal 0 0 1
outer loop
vertex -7.671918869018555 58.361454010009766 0
vertex -8.467986106872559 58.2903938293457 0
vertex -10.329312324523926 57.535186767578125 0
endloop
endfacet
facet normal 0.8298594327380004 -0.5579725045192588 0.00007807861231836461
outer loop
vertex 36.07514953613281 -76.0215072631836 -17.7292423248291
vertex 36.13588333129883 -75.93118286132812 -17.754602432250977
vertex 36.45610046386719 -75.45491027832031 -17.603498458862305
endloop
endfacet
facet normal 0 0 1
outer loop
vertex -58.129173278808594 43.759090423583984 0
vertex -74.46454620361328 53.1986198425293 0
vertex -61.2554817199707 43.83202362060547 0
endloop
endfacet
facet normal 0 0 1
outer loop
vertex -74.46454620361328 53.1986198425293 0
vertex -75.41426086425781 52.03934860229492 0
vertex -61.2554817199707 43.83202362060547 0
endloop
endfacet
facet normal 0 0 1
outer loop
vertex -74.46454620361328 53.1986198425293 0
vertex -74.85905456542969 53.52417755126953 0
vertex -75.41426086425781 52.03934860229492 0
endloop
endfacet
facet normal 0 0 1
outer loop
vertex -75.43092346191406 54.36683654785156 0
vertex -76.49516296386719 53.19033432006836 0
vertex -75.1850814819336 53.918296813964844 0
endloop
endfacet
facet normal 0 0 1
outer loop
vertex -74.85905456542969 53.52417755126953 0
vertex -75.1850814819336 53.918296813964844 0
vertex -76.49516296386719 53.19033432006836 0
endloop
endfacet
facet normal 0 0 1
outer loop
vertex -76.49516296386719 53.19033432006836 0
vertex -75.41426086425781 52.03934860229492 0
vertex -74.85905456542969 53.52417755126953 0
endloop
endfacet
facet normal 0 0 1
outer loop
vertex -76.56714630126953 57.57118606567383 0
vertex -76.83628845214844 57.01911544799805 0
vertex -75.48495483398438 56.3663215637207 0
endloop
endfacet
facet normal 0 0 1
outer loop
vertex -76.83628845214844 57.01911544799805 0
vertex -77.0667495727539 56.245113372802734 0
vertex -75.48495483398438 56.3663215637207 0
endloop
endfacet
facet normal 0.8360159084485363 -0.5487052039310075 0
outer loop
vertex 37.08332824707031 -73.47379302978516 -1
vertex 37.315853118896484 -73.11951446533203 -17.620311737060547
vertex 37.315853118896484 -73.11951446533203 -1
endloop
endfacet
facet normal 0.9166833667877903 -0.3996143203822925 0
outer loop
vertex 36.91398239135742 -73.86225891113281 -1
vertex 37.08332824707031 -73.47379302978516 -17.622520446777344
vertex 37.08332824707031 -73.47379302978516 -1
endloop
endfacet
facet normal 0.9758569960010196 -0.21841044699342121 0
outer loop
vertex 36.86481475830078 -74.08193969726562 -1
vertex 36.91398239135742 -73.86225891113281 -17.634471893310547
vertex 36.91398239135742 -73.86225891113281 -1
endloop
endfacet
facet normal 0.9758581536208991 -0.21840527468814555 7.172896898607586e-8
outer loop
vertex 36.67272186279297 -74.94023132324219 -1
vertex 36.91398239135742 -73.86225891113281 -17.634471893310547
vertex 36.86481475830078 -74.08193969726562 -1
endloop
endfacet
facet normal 0.9216901456070747 -0.3879268945185543 0
outer loop
vertex 36.45610046386719 -75.45491027832031 -1
vertex 36.67272186279297 -74.94023132324219 -17.551244735717773
vertex 36.67272186279297 -74.94023132324219 -1
endloop
endfacet
facet normal -0.9711135012037572 -0.2386180353142802 -0.00003166280590227323
outer loop
vertex -60.47040557861328 37.41627883911133 -8.881922721862793
vertex -60.434486389160156 37.27009582519531 -8.872645378112793
vertex -60.669559478759766 38.22676467895508 -8.739721298217773
endloop
endfacet
facet normal 0.8298674587244906 -0.5579605729351816 0
outer loop
vertex 36.07514953613281 -76.0215072631836 -1
vertex 36.45610046386719 -75.45491027832031 -17.603498458862305
vertex 36.45610046386719 -75.45491027832031 -1
endloop
endfacet
facet normal -0.9804405643880452 0.19681539498334816 0
outer loop
vertex -64.95162200927734 29.538066864013672 -9.40807819366455
vertex -65.14549255371094 28.572296142578125 -9.614745140075684
vertex -64.95162200927734 29.538066864013672 -1
endloop
endfacet
facet normal -0.9257231602898437 0.3782018383125398 0
outer loop
vertex -64.5790786743164 30.449939727783203 -9.336311340332031
vertex -64.95162200927734 29.538066864013672 -9.40807819366455
vertex -64.5790786743164 30.449939727783203 -1
endloop
endfacet
facet normal -0.8377813970257576 0.546005797402894 0
outer loop
vertex -64.04124450683594 31.275182723999023 -9.463510513305664
vertex -64.5790786743164 30.449939727783203 -9.336311340332031
vertex -64.04124450683594 31.275182723999023 -1
endloop
endfacet
facet normal -0.719758629922342 0.6942243979091438 0
outer loop
vertex -63.35740661621094 31.984172821044922 -9.374104499816895
vertex -64.04124450683594 31.275182723999023 -9.463510513305664
vertex -63.35740661621094 31.984172821044922 -1
endloop
endfacet
facet normal -0.4113850763225026 0.9114616387863664 0
outer loop
vertex -62.4638786315918 32.59128952026367 -9.455093383789062
vertex -62.5521240234375 32.55146026611328 -9.429177284240723
vertex -62.5521240234375 32.55146026611328 -1
endloop
endfacet
facet normal -0.5759055357218369 0.8175162468874512 0
outer loop
vertex -62.5521240234375 32.55146026611328 -9.429177284240723
vertex -63.35740661621094 31.984172821044922 -9.374104499816895
vertex -62.5521240234375 32.55146026611328 -1
endloop
endfacet
facet normal -0.41137819994602104 0.911464742384018 8.63884623832634e-8
outer loop
vertex -61.654296875 32.95668411254883 -9.48044204711914
vertex -62.4638786315918 32.59128952026367 -9.455093383789062
vertex -62.5521240234375 32.55146026611328 -1
endloop
endfacet
facet normal -0.3528210962383226 0.9356908004512967 0
outer loop
vertex -61.27009582519531 33.10155487060547 -9.522069931030273
vertex -61.654296875 32.95668411254883 -9.48044204711914
vertex -61.27009582519531 33.10155487060547 -1
endloop
endfacet
facet normal -0.4965682764832822 0.8679976651987087 -1.1446403086564494e-7
outer loop
vertex -60.95453643798828 33.282081604003906 -9.504053115844727
vertex -61.27009582519531 33.10155487060547 -9.522069931030273
vertex -60.90226745605469 33.31198501586914 -1
endloop
endfacet
facet normal -0.49658230727081554 0.8679896382478268 0
outer loop
vertex -60.90226745605469 33.31198501586914 -9.499734878540039
vertex -60.95453643798828 33.282081604003906 -9.504053115844727
vertex -60.90226745605469 33.31198501586914 -1
endloop
endfacet
facet normal -0.636032688464044 0.7716621146623058 -3.1410860032090034e-7
outer loop
vertex -60.763450622558594 33.4264030456543 -9.451958656311035
vertex -60.90226745605469 33.31198501586914 -9.499734878540039
vertex -60.575260162353516 33.581520080566406 -1
endloop
endfacet
facet normal -0.6360410886345472 0.7716551908518338 0
outer loop
vertex -60.575260162353516 33.581520080566406 -9.43879508972168
vertex -60.763450622558594 33.4264030456543 -9.451958656311035
vertex -60.575260162353516 33.581520080566406 -1
endloop
endfacet
facet normal -0.7572299589003838 0.6531483670221633 6.62886523414884e-8
outer loop
vertex -60.4525032043457 33.723838806152344 -9.392725944519043
vertex -60.575260162353516 33.581520080566406 -9.43879508972168
vertex -60.29847717285156 33.902408599853516 -1
endloop
endfacet
facet normal -0.7572284180034963 0.6531501534623736 0
outer loop
vertex -60.29847717285156 33.902408599853516 -9.384432792663574
vertex -60.4525032043457 33.723838806152344 -9.392725944519043
vertex -60.29847717285156 33.902408599853516 -1
endloop
endfacet
facet normal -0.8566699087688687 0.5158649701326004 1.7139508207995638e-7
outer loop
vertex -60.20066833496094 34.06483459472656 -9.342199325561523
vertex -60.29847717285156 33.902408599853516 -9.384432792663574
vertex -60.07986831665039 34.265438079833984 -1
endloop
endfacet
facet normal -0.8566667589136033 0.5158702008959833 0
outer loop
vertex -60.07986831665039 34.265438079833984 -9.338639259338379
vertex -60.20066833496094 34.06483459472656 -9.342199325561523
vertex -60.07986831665039 34.265438079833984 -1
endloop
endfacet
facet normal -0.9314930676947006 0.3637590752636244 2.622576759143969e-7
outer loop
vertex -60.011539459228516 34.44041061401367 -9.301339149475098
vertex -60.07986831665039 34.265438079833984 -9.338639259338379
vertex -59.925716400146484 34.66017532348633 -1
endloop
endfacet
facet normal -0.9314897109722096 0.36376767084625533 0
outer loop
vertex -59.925716400146484 34.66017532348633 -9.302753448486328
vertex -60.011539459228516 34.44041061401367 -9.301339149475098
vertex -59.925716400146484 34.66017532348633 -1
endloop
endfacet
facet normal -0.9795453949951426 0.2012233066612686 -3.3923311090457704e-7
outer loop
vertex -59.888362884521484 34.842010498046875 -9.270695686340332
vertex -59.925716400146484 34.66017532348633 -9.302753448486328
vertex -59.84044647216797 35.075279235839844 -1
endloop
endfacet
facet normal -0.9795475757046691 0.20121269078044027 -2.718621712874967e-8
outer loop
vertex -59.853973388671875 35.00942611694336 -9.275564193725586
vertex -59.888362884521484 34.842010498046875 -9.270695686340332
vertex -59.84044647216797 35.075279235839844 -1
endloop
endfacet
facet normal -0.9795482490652803 0.20120941268525075 0
outer loop
vertex -59.84044647216797 35.075279235839844 -9.265987396240234
vertex -59.853973388671875 35.00942611694336 -9.275564193725586
vertex -59.84044647216797 35.075279235839844 -1
endloop
endfacet
facet normal -0.9994591810606573 0.03288381659054095 0
outer loop
vertex -59.82651138305664 35.498817443847656 -9.196267127990723
vertex -59.84044647216797 35.075279235839844 -9.265987396240234
vertex -59.82651138305664 35.498817443847656 -1
endloop
endfacet
facet normal -0.9906507649910962 -0.13642236554422724 0.0000013687675311323593
outer loop
vertex -59.83534622192383 35.56297302246094 -9.184639930725098
vertex -59.82651138305664 35.498817443847656 -9.196267127990723
vertex -59.88431167602539 35.91862487792969 -1
endloop
endfacet
facet normal -0.9906543359690968 -0.13639643186527706 2.2049275341499256e-7
outer loop
vertex -59.868656158447266 35.80490493774414 -9.10776138305664
vertex -59.83534622192383 35.56297302246094 -9.184639930725098
vertex -59.88431167602539 35.91862487792969 -1
endloop
endfacet
facet normal -0.9906564599968386 -0.13638100405310205 0
outer loop
vertex -59.88431167602539 35.91862487792969 -9.094409942626953
vertex -59.868656158447266 35.80490493774414 -9.10776138305664
vertex -59.88431167602539 35.91862487792969 -1
endloop
endfacet
facet normal -0.953385350450111 -0.30175548635793403 -7.465104803133978e-8
outer loop
vertex -59.96983337402344 36.18882751464844 -9.014589309692383
vertex -59.88431167602539 35.91862487792969 -9.094409942626953
vertex -60.01218795776367 36.3226432800293 -1
endloop
endfacet
facet normal -0.9533840641690168 -0.30175955028560086 0
outer loop
vertex -60.01218795776367 36.3226432800293 -9.00251579284668
vertex -59.96983337402344 36.18882751464844 -9.014589309692383
vertex -60.01218795776367 36.3226432800293 -1
endloop
endfacet
facet normal -0.9133755227383292 -0.4071181087368566 0.000001004406336359665
outer loop
vertex -60.1070556640625 36.53548049926758 -8.957381248474121
vertex -60.01218795776367 36.3226432800293 -9.00251579284668
vertex -60.434486389160156 37.27009582519531 -1
endloop
endfacet
facet normal -0.9711124822356748 -0.2386221843124947 0
outer loop
vertex -60.669559478759766 38.22676467895508 -8.739721298217773
vertex -60.434486389160156 37.27009582519531 -8.872645378112793
vertex -60.669559478759766 38.22676467895508 -1
endloop
endfacet
facet normal -0.9133795683719196 -0.40710903217777666 0
outer loop
vertex -60.434486389160156 37.27009582519531 -8.872645378112793
vertex -60.1070556640625 36.53548049926758 -8.957381248474121
vertex -60.434486389160156 37.27009582519531 -1
endloop
endfacet
facet normal -0.9804405643880454 0.19681539498334819 0
outer loop
vertex -64.95162200927734 29.538066864013672 -1
vertex -65.14549255371094 28.572296142578125 -9.614745140075684
vertex -65.14549255371094 28.572296142578125 -1
endloop
endfacet
facet normal -0.9257231602898437 0.3782018383125398 0
outer loop
vertex -64.5790786743164 30.449939727783203 -1
vertex -64.95162200927734 29.538066864013672 -9.40807819366455
vertex -64.95162200927734 29.538066864013672 -1
endloop
endfacet
facet normal -0.8377813970257575 0.5460057974028939 0
outer loop
vertex -64.04124450683594 31.275182723999023 -1
vertex -64.5790786743164 30.449939727783203 -9.336311340332031
vertex -64.5790786743164 30.449939727783203 -1
endloop
endfacet
facet normal -0.7197586299223419 0.6942243979091438 0
outer loop
vertex -63.35740661621094 31.984172821044922 -1
vertex -64.04124450683594 31.275182723999023 -9.463510513305664
vertex -64.04124450683594 31.275182723999023 -1
endloop
endfacet
facet normal -0.41137887783883664 0.9114644364252835 0
outer loop
vertex -61.654296875 32.95668411254883 -9.48044204711914
vertex -62.5521240234375 32.55146026611328 -1
vertex -61.654296875 32.95668411254883 -1
endloop
endfacet
facet normal -0.35282109623832253 0.9356908004512966 0
outer loop
vertex -61.27009582519531 33.10155487060547 -1
vertex -61.654296875 32.95668411254883 -9.48044204711914
vertex -61.654296875 32.95668411254883 -1
endloop
endfacet
facet normal -0.4965702745278186 0.8679965221447415 0
outer loop
vertex -61.27009582519531 33.10155487060547 -9.522069931030273
vertex -61.27009582519531 33.10155487060547 -1
vertex -60.90226745605469 33.31198501586914 -1
endloop
endfacet
facet normal -0.5759055357218369 0.8175162468874513 0
outer loop
vertex -62.5521240234375 32.55146026611328 -1
vertex -63.35740661621094 31.984172821044922 -9.374104499816895
vertex -63.35740661621094 31.984172821044922 -1
endloop
endfacet
facet normal -0.6360375500586909 0.7716581075290652 0
outer loop
vertex -60.575260162353516 33.581520080566406 -1
vertex -60.90226745605469 33.31198501586914 -9.499734878540039
vertex -60.90226745605469 33.31198501586914 -1
endloop
endfacet
facet normal -0.7572290967065304 0.6531493666084444 0
outer loop
vertex -60.29847717285156 33.902408599853516 -1
vertex -60.575260162353516 33.581520080566406 -9.43879508972168
vertex -60.575260162353516 33.581520080566406 -1
endloop
endfacet
facet normal -0.8566681594054776 0.5158678751975464 0
outer loop
vertex -60.07986831665039 34.265438079833984 -1
vertex -60.29847717285156 33.902408599853516 -9.384432792663574
vertex -60.29847717285156 33.902408599853516 -1
endloop
endfacet
facet normal -0.9314911904938543 0.3637638822537801 0
outer loop
vertex -60.07986831665039 34.265438079833984 -9.338639259338379
vertex -60.07986831665039 34.265438079833984 -1
vertex -59.925716400146484 34.66017532348633 -1
endloop
endfacet
facet normal -0.9795467323910327 0.20121679617281082 0
outer loop
vertex -59.84044647216797 35.075279235839844 -1
vertex -59.925716400146484 34.66017532348633 -9.302753448486328
vertex -59.925716400146484 34.66017532348633 -1
endloop
endfacet
facet normal -0.9994593886207267 0.03287750747674112 0
outer loop
vertex -59.84044647216797 35.075279235839844 -9.265987396240234
vertex -59.84044647216797 35.075279235839844 -1
vertex -59.828529357910156 35.43755340576172 -1
endloop
endfacet
facet normal -0.999457952876371 0.03292112435066004 -0.0000019136705592235528
outer loop
vertex -59.82651138305664 35.498817443847656 -1
vertex -59.84044647216797 35.075279235839844 -9.265987396240234
vertex -59.828529357910156 35.43755340576172 -1
endloop
endfacet
facet normal -0.9906543762762006 -0.13639613911255785 0
outer loop
vertex -59.88431167602539 35.91862487792969 -1
vertex -59.82651138305664 35.498817443847656 -9.196267127990723
vertex -59.82651138305664 35.498817443847656 -1
endloop
endfacet
facet normal -0.9533849201768214 -0.3017568457871931 0
outer loop
vertex -60.01218795776367 36.3226432800293 -1
vertex -59.88431167602539 35.91862487792969 -9.094409942626953
vertex -59.88431167602539 35.91862487792969 -1
endloop
endfacet
facet normal -0.9133786773513722 -0.4071110312431461 0
outer loop
vertex -60.434486389160156 37.27009582519531 -1
vertex -60.01218795776367 36.3226432800293 -9.00251579284668
vertex -60.01218795776367 36.3226432800293 -1
endloop
endfacet
facet normal -0.9711124822356748 -0.23862218431249474 0
outer loop
vertex -60.669559478759766 38.22676467895508 -1
vertex -60.434486389160156 37.27009582519531 -8.872645378112793
vertex -60.434486389160156 37.27009582519531 -1
endloop
endfacet
facet normal 0 0 1
outer loop
vertex -77.0667495727539 56.245113372802734 0
vertex -75.61526489257812 55.871707916259766 0
vertex -75.48495483398438 56.3663215637207 0
endloop
endfacet
facet normal 0 0 1
outer loop
vertex -75.61526489257812 55.871707916259766 0
vertex -77.07429504394531 54.66283416748047 0
vertex -75.64994812011719 55.361392974853516 0
endloop
endfacet
facet normal 0 0 1
outer loop
vertex -77.0667495727539 56.245113372802734 0
vertex -77.07429504394531 54.66283416748047 0
vertex -75.61526489257812 55.871707916259766 0
endloop
endfacet
facet normal 0 0 1
outer loop
vertex -77.14580535888672 55.4543342590332 0
vertex -77.07429504394531 54.66283416748047 0
vertex -77.0667495727539 56.245113372802734 0
endloop
endfacet
facet normal -0.000014570586716905806 -0.9999999998731594 0.000006432695057929973
outer loop
vertex -5.299963474273682 -77.16033935546875 -11.335819244384766
vertex -5.873988628387451 -77.16033172607422 -11.449999809265137
vertex 33.7398681640625 -77.16094970703125 -17.790082931518555
endloop
endfacet
facet normal -0.000015642759176434096 -0.9999999998776506 -5.254235000927406e-8
outer loop
vertex -4.813328742980957 -77.16034698486328 -11.010660171508789
vertex -5.299963474273682 -77.16033935546875 -11.335819244384766
vertex 33.7398681640625 -77.16094970703125 -17.790082931518555
endloop
endfacet
facet normal -0.000015255696725369354 -0.9999999998813236 0.0000021486030014002805
outer loop
vertex 1.1260111331939697 -77.16043853759766 -11.449999809265137
vertex -4.813328742980957 -77.16034698486328 -11.010660171508789
vertex 33.7398681640625 -77.16094970703125 -17.790082931518555
endloop
endfacet
facet normal 0 0 1
outer loop
vertex -77.07429504394531 54.66283416748047 0
vertex -75.58775329589844 54.853694915771484 0
vertex -75.64994812011719 55.361392974853516 0
endloop
endfacet
facet normal 0 0 1
outer loop
vertex -75.58775329589844 54.853694915771484 0
vertex -76.85478973388672 53.89902877807617 0
vertex -75.43092346191406 54.36683654785156 0
endloop
endfacet
facet normal 0 0 1
outer loop
vertex -76.85478973388672 53.89902877807617 0
vertex -75.58775329589844 54.853694915771484 0
vertex -77.07429504394531 54.66283416748047 0
endloop
endfacet
facet normal 0 0 1
outer loop
vertex -76.85478973388672 53.89902877807617 0
vertex -76.49516296386719 53.19033432006836 0
vertex -75.43092346191406 54.36683654785156 0
endloop
endfacet
facet normal -0.000015894572253882875 -0.999999999873034 -0.0000011378200233332258
outer loop
vertex 1.1260111331939697 -77.16043853759766 -11.449999809265137
vertex 33.7398681640625 -77.16094970703125 -17.790082931518555
vertex 13.12601089477539 -77.16062927246094 -11.449999809265137
endloop
endfacet
facet normal 0 0 1
outer loop
vertex 77.22600555419922 54.11836242675781 0
vertex 77.04193115234375 -68.17491912841797 0
vertex 77.1975326538086 -67.39976501464844 0
endloop
endfacet
facet normal 0.6925676487202437 -0.7213529316126144 0
outer loop
vertex 35.5826416015625 -76.4943618774414 -1
vertex 36.07514953613281 -76.0215072631836 -17.7292423248291
vertex 36.07514953613281 -76.0215072631836 -1
endloop
endfacet
facet normal 0.5237183099207647 -0.8518915023955445 0
outer loop
vertex 35.00100326538086 -76.85193634033203 -1
vertex 35.5826416015625 -76.4943618774414 -17.69751739501953
vertex 35.5826416015625 -76.4943618774414 -1
endloop
endfacet
facet normal 0.3310063709156467 -0.9436285192877828 0
outer loop
vertex 34.35673141479492 -77.07793426513672 -1
vertex 35.00100326538086 -76.85193634033203 -17.769683837890625
vertex 35.00100326538086 -76.85193634033203 -1
endloop
endfacet
facet normal 0.15842119538508692 -0.9873716244923997 0
outer loop
vertex 33.90243148803711 -77.15082550048828 -1
vertex 34.35673141479492 -77.07793426513672 -17.725622177124023
vertex 34.35673141479492 -77.07793426513672 -1
endloop
endfacet
facet normal 0.062211342193335864 -0.9980629984637762 0
outer loop
vertex 33.8243408203125 -77.15569305419922 -1
vertex 33.90243148803711 -77.15082550048828 -17.766239166259766
vertex 33.90243148803711 -77.15082550048828 -1
endloop
endfacet
facet normal 0.06210890549441576 -0.9980693782789133 -4.789627674631863e-7
outer loop
vertex 33.7398681640625 -77.16094970703125 -1
vertex 33.90243148803711 -77.15082550048828 -17.766239166259766
vertex 33.8243408203125 -77.15569305419922 -1
endloop
endfacet
facet normal -0.00001556705077843217 -0.9999999998788335 0
outer loop
vertex 14.62601089477539 -77.16065216064453 -4.949999809265137
vertex 14.62601089477539 -77.16065216064453 -9.949999809265137
vertex 33.7398681640625 -77.16094970703125 -1
endloop
endfacet
facet normal 0 0 1
outer loop
vertex 75.71886444091797 -67.15620422363281 0
vertex 76.74137115478516 -68.91061401367188 0
vertex 77.22600555419922 54.11836242675781 0
endloop
endfacet
facet normal 0 0 1
outer loop
vertex 76.74137115478516 -68.91061401367188 0
vertex 77.04193115234375 -68.17491912841797 0
vertex 77.22600555419922 54.11836242675781 0
endloop
endfacet
facet normal 0 0 1
outer loop
vertex -76.0083236694336 52.56218719482422 0
vertex -75.41426086425781 52.03934860229492 0
vertex -76.49516296386719 53.19033432006836 0
endloop
endfacet
facet normal -0.000014176108251769893 -0.9999999998896199 0.0000044495155027488
outer loop
vertex 13.12601089477539 -77.16062927246094 -11.449999809265137
vertex 33.7398681640625 -77.16094970703125 -17.790082931518555
vertex 13.70003604888916 -77.16063690185547 -11.335819244384766
endloop
endfacet
facet normal 0 0 1
outer loop
vertex -63.68934631347656 29.98365020751953 0
vertex -62.66684341430664 28.22924041748047 0
vertex -63.25542068481445 30.649450302124023 0
endloop
endfacet
facet normal 0 0 1
outer loop
vertex -63.25542068481445 30.649450302124023 0
vertex -62.66684341430664 28.22924041748047 0
vertex -62.58216094970703 28.733675003051758 0
endloop
endfacet
facet normal 0 0 1
outer loop
vertex -63.25542068481445 30.649450302124023 0
vertex -62.58216094970703 28.733675003051758 0
vertex -62.40386199951172 29.213085174560547 0
endloop
endfacet
facet normal 0 0 1
outer loop
vertex -63.25542068481445 30.649450302124023 0
vertex -62.40386199951172 29.213085174560547 0
vertex -62.138343811035156 29.6502628326416 0
endloop
endfacet
facet normal 0 0 1
outer loop
vertex -63.25542068481445 30.649450302124023 0
vertex -62.138343811035156 29.6502628326416 0
vertex -61.79513168334961 30.02951431274414 0
endloop
endfacet
facet normal 0 0 1
outer loop
vertex -63.25542068481445 30.649450302124023 0
vertex -61.79513168334961 30.02951431274414 0
vertex -62.05400848388672 31.67914390563965 0
endloop
endfacet
facet normal 0 0 1
outer loop
vertex -62.05400848388672 31.67914390563965 0
vertex -61.79513168334961 30.02951431274414 0
vertex -61.38655090332031 30.33722686767578 0
endloop
endfacet
facet normal -0.5015003973610956 -0.8651574142586144 -1.0767618788638163e-7
outer loop
vertex -63.3849983215332 43.91056823730469 -1
vertex -61.828006744384766 43.00803756713867 -8.371526718139648
vertex -61.756980895996094 42.96686553955078 -1
endloop
endfacet
facet normal -0.7746414739401974 -0.632400653740774 0
outer loop
vertex -61.02404022216797 42.31181716918945 -1
vertex -60.94334411621094 42.21297073364258 -8.542550086975098
vertex -60.94334411621094 42.21297073364258 -1
endloop
endfacet
facet normal -0.6567042905155173 -0.7541481782902555 0
outer loop
vertex -61.530921936035156 42.81953430175781 -1
vertex -61.211334228515625 42.54124069213867 -8.46458625793457
vertex -61.211334228515625 42.54124069213867 -1
endloop
endfacet
facet normal 0 0 1
outer loop
vertex -62.703704833984375 31.221458435058594 0
vertex -63.25542068481445 30.649450302124023 0
vertex -62.05400848388672 31.67914390563965 0
endloop
endfacet
facet normal 0 0 1
outer loop
vertex -62.05400848388672 31.67914390563965 0
vertex -61.38655090332031 30.33722686767578 0
vertex -60.92726516723633 30.562355041503906 0
endloop
endfacet
facet normal 0 0 1
outer loop
vertex -61.271812438964844 32.03218078613281 0
vertex -62.05400848388672 31.67914390563965 0
vertex -60.92726516723633 30.562355041503906 0
endloop
endfacet
facet normal -0.00001716587977956006 -0.9999999998468369 0.0000034145016744514326
outer loop
vertex 14.62601089477539 -77.16065216064453 -9.949999809265137
vertex 14.51183032989502 -77.16065216064453 -10.524024963378906
vertex 33.7398681640625 -77.16094970703125 -1
endloop
endfacet
facet normal -0.5460115957524316 -0.8377776180490162 0
outer loop
vertex -61.756980895996094 42.96686553955078 -1
vertex -61.530921936035156 42.81953430175781 -8.40495777130127
vertex -61.530921936035156 42.81953430175781 -1
endloop
endfacet
facet normal -0.7746454898956556 -0.6323957344766868 -1.0743365020594645e-7
outer loop
vertex -60.94334411621094 42.21297073364258 -8.542550086975098
vertex -61.02404022216797 42.31181716918945 -1
vertex -61.211334228515625 42.54124069213867 -1
endloop
endfacet
facet normal -0.5014999987760131 -0.8651576453038248 4.799698918023253e-9
outer loop
vertex -76.00099182128906 51.223594665527344 -1
vertex -61.828006744384766 43.00803756713867 -8.371526718139648
vertex -63.3849983215332 43.91056823730469 -1
endloop
endfacet
facet normal 0 0 1
outer loop
vertex -60.92726516723633 30.562355041503906 0
vertex -60.43376541137695 30.696819305419922 0
vertex -60.91761016845703 32.166744232177734 0
endloop
endfacet
facet normal 0 0 1
outer loop
vertex -60.91761016845703 32.166744232177734 0
vertex -61.271812438964844 32.03218078613281 0
vertex -60.92726516723633 30.562355041503906 0
endloop
endfacet
facet normal 0 0 1
outer loop
vertex -60.91761016845703 32.166744232177734 0
vertex -60.43376541137695 30.696819305419922 0
vertex -60.77369689941406 32.23385238647461 0
endloop
endfacet
facet normal 0 0 1
outer loop
vertex -60.40226745605469 32.445960998535156 0
vertex -60.77369689941406 32.23385238647461 0
vertex -60.43376541137695 30.696819305419922 0
endloop
endfacet
facet normal 0 0 1
outer loop
vertex -60.40226745605469 32.445960998535156 0
vertex -60.43376541137695 30.696819305419922 0
vertex -60.266693115234375 32.540889739990234 0
endloop
endfacet
facet normal 0 0 1
outer loop
vertex -59.93247604370117 32.81547546386719 0
vertex -60.266693115234375 32.540889739990234 0
vertex -60.43376541137695 30.696819305419922 0
endloop
endfacet
facet normal 0 0 1
outer loop
vertex -59.93247604370117 32.81547546386719 0
vertex -60.43376541137695 30.696819305419922 0
vertex -59.818031311035156 32.92837142944336 0
endloop
endfacet
facet normal 0 0 1
outer loop
vertex 64.41775512695312 -70.96348571777344 0
vertex 64.41775512695312 -71.16449737548828 0
vertex 72.98268127441406 -71.16349029541016 0
endloop
endfacet
facet normal 0.0001220703115905053 -0.9999999925494194 0
outer loop
vertex 68.51775360107422 -72.16401672363281 -1.5076000690460205
vertex 70.01775360107422 -72.16383361816406 -4
vertex 68.51775360107422 -72.16401672363281 -1
endloop
endfacet
facet normal 0.00011867946965015125 -0.9999999929561545 -0.000001695420995002161
outer loop
vertex 68.51775360107422 -72.16401672363281 -1
vertex 70.01775360107422 -72.16383361816406 -4
vertex 73.01775360107422 -72.16348266601562 -1
endloop
endfacet
facet normal -0.8703271816028685 -0.4924739556191857 0
outer loop
vertex -60.94334411621094 42.21297073364258 -1
vertex -60.734649658203125 41.844154357910156 -8.6354398727417
vertex -60.734649658203125 41.844154357910156 -1
endloop
endfacet
facet normal -0.9410009649682347 -0.338403876941224 0
outer loop
vertex -60.734649658203125 41.844154357910156 -1
vertex -60.591243743896484 41.44538497924805 -8.702095985412598
vertex -60.591243743896484 41.44538497924805 -1
endloop
endfacet
facet normal -0.9846412814490423 -0.1745896528007795 -0.0000011363721978456433
outer loop
vertex -60.591243743896484 41.44538497924805 -1
vertex -60.517250061035156 41.02812957763672 -8.70787525177002
vertex -60.58283615112305 41.39796829223633 -1
endloop
endfacet
facet normal -0.9846372098393372 -0.17461261409132164 0
outer loop
vertex -60.517250061035156 41.02812957763672 -8.70787525177002
vertex -60.517250061035156 41.02812957763672 -1
vertex -60.58283615112305 41.39796829223633 -1
endloop
endfacet
facet normal 0 0 1
outer loop
vertex 69.51775360107422 -70.96348571777344 0
vertex 64.41775512695312 -70.96348571777344 0
vertex 72.98268127441406 -71.16349029541016 0
endloop
endfacet
facet normal 0 0 1
outer loop
vertex 69.70909881591797 -70.92542266845703 0
vertex 69.51775360107422 -70.96348571777344 0
vertex 72.98268127441406 -71.16349029541016 0
endloop
endfacet
facet normal 0 0 1
outer loop
vertex 69.87130737304688 -70.8170394897461 0
vertex 69.70909881591797 -70.92542266845703 0
vertex 72.98268127441406 -71.16349029541016 0
endloop
endfacet
facet normal 0 0 1
outer loop
vertex 69.97969818115234 -70.65482330322266 0
vertex 69.87130737304688 -70.8170394897461 0
vertex 72.98268127441406 -71.16349029541016 0
endloop
endfacet
facet normal 0 0 1
outer loop
vertex 70.01775360107422 -70.46348571777344 0
vertex 69.97969818115234 -70.65482330322266 0
vertex 72.98268127441406 -71.16349029541016 0
endloop
endfacet
facet normal 0 0 1
outer loop
vertex 70.01775360107422 -69.66348266601562 0
vertex 70.01775360107422 -70.46348571777344 0
vertex 73.48578643798828 -69.62378692626953 0
endloop
endfacet
facet normal 0 0 1
outer loop
vertex 72.98268127441406 -71.16349029541016 0
vertex 73.48578643798828 -69.62378692626953 0
vertex 70.01775360107422 -70.46348571777344 0
endloop
endfacet
facet normal -0.9999831963233665 -0.005797160589738206 0
outer loop
vertex -60.517250061035156 41.02812957763672 -1
vertex -60.514793395996094 40.604366302490234 -8.710774421691895
vertex -60.514793395996094 40.604366302490234 -1
endloop
endfacet
facet normal -0.9893363558844552 0.14564880681030895 0
outer loop
vertex -60.514793395996094 40.604366302490234 -1
vertex -60.7199821472168 39.21059799194336 -8.754850387573242
vertex -60.7199821472168 39.21059799194336 -1
endloop
endfacet
facet normal -0.9986892373166213 -0.05118405286752189 0
outer loop
vertex -60.7199821472168 39.21059799194336 -1
vertex -60.669559478759766 38.22676467895508 -8.739721298217773
vertex -60.669559478759766 38.22676467895508 -1
endloop
endfacet
facet normal -0.9584181399932699 0.28536760315747306 0
outer loop
vertex -77.77122497558594 57.38335418701172 -1
vertex -78.05232238769531 56.43927764892578 -7.249480724334717
vertex -78.05232238769531 56.43927764892578 -1
endloop
endfacet
facet normal 0 0 1
outer loop
vertex 73.48578643798828 -69.62378692626953 0
vertex 72.98268127441406 -71.16349029541016 0
vertex 73.59613800048828 -71.12046813964844 0
endloop
endfacet
facet normal 0 0 1
outer loop
vertex 73.48578643798828 -69.62378692626953 0
vertex 73.59613800048828 -71.12046813964844 0
vertex 74.38166809082031 -70.93304443359375 0
endloop
endfacet
facet normal 0 0 1
outer loop
vertex 73.97928619384766 -69.48931884765625 0
vertex 73.48578643798828 -69.62378692626953 0
vertex 74.38166809082031 -70.93304443359375 0
endloop
endfacet
facet normal 0 0 1
outer loop
vertex 74.4385757446289 -69.26419067382812 0
vertex 73.97928619384766 -69.48931884765625 0
vertex 74.38166809082031 -70.93304443359375 0
endloop
endfacet
facet normal 0 0 1
outer loop
vertex 74.4385757446289 -69.26419067382812 0
vertex 74.38166809082031 -70.93304443359375 0
vertex 75.10603332519531 -70.60610961914062 0
endloop
endfacet
facet normal 0 0 1
outer loop
vertex 74.84715270996094 -68.95648193359375 0
vertex 74.4385757446289 -69.26419067382812 0
vertex 75.10603332519531 -70.60610961914062 0
endloop
endfacet
facet normal -0.8988739676248904 0.4382072458623745 0
outer loop
vertex -77.45036315917969 58.04152297973633 -1
vertex -77.77122497558594 57.38335418701172 -7.363038063049316
vertex -77.77122497558594 57.38335418701172 -1
endloop
endfacet
facet normal 0 0 1
outer loop
vertex 74.84715270996094 -68.95648193359375 0
vertex 75.10603332519531 -70.60610961914062 0
vertex 75.75572967529297 -70.14842224121094 0
endloop
endfacet
facet normal 0 0 1
outer loop
vertex 74.84715270996094 -68.95648193359375 0
vertex 75.75572967529297 -70.14842224121094 0
vertex 75.19036102294922 -68.57722473144531 0
endloop
endfacet
facet normal 0 0 1
outer loop
vertex 75.19036102294922 -68.57722473144531 0
vertex 75.75572967529297 -70.14842224121094 0
vertex 75.45588684082031 -68.14005279541016 0
endloop
endfacet
facet normal -0.5688891114412828 0.8224142378797861 -0.000014702322845293821
outer loop
vertex -29.844615936279297 60.204071044921875 -7.172670841217041
vertex -30.56584358215332 59.70517349243164 -7.301616668701172
vertex -30.654796600341797 59.64364242553711 -7.275907039642334
endloop
endfacet
facet normal -0.9950395288551919 0.09948032979256782 0
outer loop
vertex -78.05232238769531 56.43927764892578 -1
vertex -78.15031433105469 55.45912551879883 -7.32659387588501
vertex -78.15031433105469 55.45912551879883 -1
endloop
endfacet
facet normal -0.995943144462089 -0.0899847375890296 0
outer loop
vertex -78.06167602539062 54.478084564208984 -7.519985198974609
vertex -78.06167602539062 54.478084564208984 -1
vertex -78.15031433105469 55.45912551879883 -1
endloop
endfacet
facet normal -0.8917547724421225 -0.4525189784160421 0
outer loop
vertex -77.78960418701172 53.531368255615234 -1
vertex -77.34385681152344 52.652957916259766 -7.617346286773682
vertex -77.34385681152344 52.652957916259766 -1
endloop
endfacet
facet normal -0.9610987102786179 -0.27620512142387493 0
outer loop
vertex -77.78960418701172 53.531368255615234 -7.503468990325928
vertex -77.78960418701172 53.531368255615234 -1
vertex -78.06167602539062 54.478084564208984 -1
endloop
endfacet
facet normal -0.6606732898870747 -0.7506735668916211 0
outer loop
vertex -76.74043273925781 51.87438201904297 -1
vertex -76.00099182128906 51.223594665527344 -7.704584121704102
vertex -76.00099182128906 51.223594665527344 -1
endloop
endfacet
facet normal -0.7904014107994309 -0.612589266806291 0
outer loop
vertex -77.34385681152344 52.652957916259766 -1
vertex -76.74043273925781 51.87438201904297 -7.589670181274414
vertex -76.74043273925781 51.87438201904297 -1
endloop
endfacet
facet normal 0 0 1
outer loop
vertex 75.45588684082031 -68.14005279541016 0
vertex 75.75572967529297 -70.14842224121094 0
vertex 75.63418579101562 -67.66063690185547 0
endloop
endfacet
facet normal 0.5012654871484148 0.8652935405940936 0
outer loop
vertex -43.94698715209961 66.59944152832031 -6.736252784729004
vertex -50.0953483581543 70.16119384765625 -6.4688849449157715
vertex -50.0953483581543 70.16119384765625 -3.5
endloop
endfacet
facet normal 0 0 1
outer loop
vertex -59.07249450683594 36.6646614074707 0
vertex -59.06148147583008 36.62355041503906 0
vertex -57.78193283081055 37.50167465209961 0
endloop
endfacet
facet normal 0 0 1
outer loop
vertex -59.10215377807617 36.7282600402832 0
vertex -59.07249450683594 36.6646614074707 0
vertex -57.78193283081055 37.50167465209961 0
endloop
endfacet
facet normal 0 0 1
outer loop
vertex -59.48470687866211 37.595542907714844 0
vertex -59.10215377807617 36.7282600402832 0
vertex -58.17036056518555 38.44307327270508 0
endloop
endfacet
facet normal 0 0 1
outer loop
vertex -59.675743103027344 38.372982025146484 0
vertex -59.48470687866211 37.595542907714844 0
vertex -58.17036056518555 38.44307327270508 0
endloop
endfacet
facet normal 0.5012651278904208 0.8652937486422015 -0.00001103297893603611
outer loop
vertex -43.94698715209961 66.59944152832031 -6.736252784729004
vertex -44.03896713256836 66.65272521972656 -6.764494895935059
vertex -50.0953483581543 70.16119384765625 -6.4688849449157715
endloop
endfacet
facet normal 0.8260820813738297 0.5635498157493747 -0.0000013881919300708878
outer loop
vertex 16.235246658325195 55.84642028808594 -7.648913383483887
vertex 16.210500717163086 55.882694244384766 -7.646890640258789
vertex 16.449323654174805 55.532630920410156 -1
endloop
endfacet
facet normal 0.8981407822736834 0.4397080113175287 0
outer loop
vertex 16.210500717163086 55.882694244384766 -7.646890640258789
vertex 15.790955543518066 56.73965072631836 -7.454258918762207
vertex 16.210500717163086 55.882694244384766 -1
endloop
endfacet
facet normal 0.6606732898870749 0.7506735668916212 0
outer loop
vertex -43.20754623413086 65.94865417480469 -6.6884050369262695
vertex -43.94698715209961 66.59944152832031 -6.736252784729004
vertex -43.20754623413086 65.94865417480469 -1
endloop
endfacet
facet normal 0.7903999575251411 0.6125911419080878 0
outer loop
vertex -42.604122161865234 65.17008209228516 -6.793880462646484
vertex -43.20754623413086 65.94865417480469 -6.6884050369262695
vertex -42.604122161865234 65.17008209228516 -1
endloop
endfacet
facet normal 0.8917547957199956 0.4525189325435885 0
outer loop
vertex -42.604122161865234 65.17008209228516 -6.793880462646484
vertex -42.15837097167969 64.29166412353516 -1
vertex -42.15837097167969 64.29166412353516 -6.766603469848633
endloop
endfacet
facet normal 0.9610984148353539 0.2762061494626256 0
outer loop
vertex -42.15837097167969 64.29166412353516 -6.766603469848633
vertex -41.88629913330078 63.34495162963867 -1
vertex -41.88629913330078 63.34495162963867 -6.881313323974609
endloop
endfacet
facet normal 0.9959435228747813 0.08998054925243722 0
outer loop
vertex -41.797664642333984 62.36390686035156 -6.889945030212402
vertex -41.88629913330078 63.34495162963867 -6.881313323974609
vertex -41.797664642333984 62.36390686035156 -1
endloop
endfacet
facet normal 0.8253219107741894 0.5646625041525102 -5.075182716203186e-7
outer loop
vertex -41.39350128173828 60.08747100830078 -7.306130886077881
vertex -41.52345657348633 60.27741622924805 -7.317142963409424
vertex -41.2841682434082 59.92767333984375 -1
endloop
endfacet
facet normal 0.5902202444414473 0.8072422579693191 2.713389369687886e-7
outer loop
vertex -40.7989501953125 59.48423385620117 -7.361698150634766
vertex -40.98924255371094 59.62336730957031 -7.364526748657227
vertex -40.647159576416016 59.37324905395508 -1
endloop
endfacet
facet normal 0.34276630602919606 0.9394207041848183 0
outer loop
vertex -40.39771270751953 59.2402229309082 -7.418419361114502
vertex -40.39771270751953 59.2402229309082 -1
vertex -40.304935455322266 59.20637130737305 -7.417038917541504
endloop
endfacet
facet normal 0.4706029939962232 0.8823450697101394 0
outer loop
vertex -40.39771270751953 59.2402229309082 -7.418419361114502
vertex -40.433223724365234 59.25916290283203 -7.408348083496094
vertex -40.39771270751953 59.2402229309082 -1
endloop
endfacet
facet normal 0.47054660008430504 0.8823751453599201 4.013884834354031e-7
outer loop
vertex -40.433223724365234 59.25916290283203 -7.408348083496094
vertex -40.647159576416016 59.37324905395508 -7.399284839630127
vertex -40.39771270751953 59.2402229309082 -1
endloop
endfacet
facet normal 0 0 1
outer loop
vertex -59.818031311035156 32.92837142944336 0
vertex -60.43376541137695 30.696819305419922 0
vertex -43.70828628540039 31.809282302856445 0
endloop
endfacet
facet normal 0 0 1
outer loop
vertex -59.542076110839844 33.249977111816406 0
vertex -59.818031311035156 32.92837142944336 0
vertex -43.70828628540039 31.809282302856445 0
endloop
endfacet
facet normal 0 0 1
outer loop
vertex -59.44304275512695 33.38728332519531 0
vertex -59.542076110839844 33.249977111816406 0
vertex -43.70828628540039 31.809282302856445 0
endloop
endfacet
facet normal 0 0 1
outer loop
vertex -59.22443389892578 33.75031280517578 0
vertex -59.44304275512695 33.38728332519531 0
vertex -43.70828628540039 31.809282302856445 0
endloop
endfacet
facet normal 0 0 1
outer loop
vertex -59.148380279541016 33.90167236328125 0
vertex -59.22443389892578 33.75031280517578 0
vertex -43.70828628540039 31.809282302856445 0
endloop
endfacet
facet normal 0 0 1
outer loop
vertex -58.896217346191406 36.05467224121094 0
vertex -58.83585739135742 35.635215759277344 0
vertex -57.4619255065918 37.1026496887207 0
endloop
endfacet
facet normal 0 0 1
outer loop
vertex -58.829383850097656 35.46601104736328 0
vertex -58.84098815917969 35.042396545410156 0
vertex -57.07240295410156 36.77114486694336 0
endloop
endfacet
facet normal 0 0 1
outer loop
vertex -58.83585739135742 35.635215759277344 0
vertex -58.829383850097656 35.46601104736328 0
vertex -57.07240295410156 36.77114486694336 0
endloop
endfacet
facet normal 0 0 1
outer loop
vertex -58.9336051940918 36.21953582763672 0
vertex -58.896217346191406 36.05467224121094 0
vertex -57.78193283081055 37.50167465209961 0
endloop
endfacet
facet normal 0 0 1
outer loop
vertex -59.06148147583008 36.62355041503906 0
vertex -58.9336051940918 36.21953582763672 0
vertex -57.78193283081055 37.50167465209961 0
endloop
endfacet
facet normal 0 0 1
outer loop
vertex -57.4619255065918 37.1026496887207 0
vertex -57.78193283081055 37.50167465209961 0
vertex -58.896217346191406 36.05467224121094 0
endloop
endfacet
facet normal 0 0 1
outer loop
vertex -56.62734603881836 36.5190544128418 0
vertex -57.07240295410156 36.77114486694336 0
vertex -58.84098815917969 35.042396545410156 0
endloop
endfacet
facet normal 0 0 1
outer loop
vertex -57.07240295410156 36.77114486694336 0
vertex -57.4619255065918 37.1026496887207 0
vertex -58.83585739135742 35.635215759277344 0
endloop
endfacet
facet normal 0 0 1
outer loop
vertex -57.78193283081055 37.50167465209961 0
vertex -58.020938873291016 37.953895568847656 0
vertex -59.10215377807617 36.7282600402832 0
endloop
endfacet
facet normal 0 0 1
outer loop
vertex -58.17036056518555 38.44307327270508 0
vertex -59.10215377807617 36.7282600402832 0
vertex -58.020938873291016 37.953895568847656 0
endloop
endfacet
facet normal 0 0 1
outer loop
vertex -58.99586486816406 34.29704666137695 0
vertex -59.148380279541016 33.90167236328125 0
vertex -43.70828628540039 31.809282302856445 0
endloop
endfacet
facet normal 0 0 1
outer loop
vertex -58.948184967041016 34.459373474121094 0
vertex -58.99586486816406 34.29704666137695 0
vertex -43.70828628540039 31.809282302856445 0
endloop
endfacet
facet normal 0 0 1
outer loop
vertex -58.85564041137695 34.90163040161133 0
vertex -58.948184967041016 34.459373474121094 0
vertex -43.70828628540039 31.809282302856445 0
endloop
endfacet
facet normal 0 0 1
outer loop
vertex -58.84098815917969 35.042396545410156 0
vertex -58.85564041137695 34.90163040161133 0
vertex -43.70828628540039 31.809282302856445 0
endloop
endfacet
facet normal 0 0 1
outer loop
vertex -60.43376541137695 30.696819305419922 0
vertex -43.673988342285156 30.73651695251465 0
vertex -43.673988342285156 31.770179748535156 0
endloop
endfacet
facet normal 0 0 1
outer loop
vertex -43.70828628540039 31.809282302856445 0
vertex -60.43376541137695 30.696819305419922 0
vertex -43.673988342285156 31.770179748535156 0
endloop
endfacet
facet normal 0 0 1
outer loop
vertex -56.62734603881836 36.5190544128418 0
vertex -58.84098815917969 35.042396545410156 0
vertex -43.70828628540039 31.809282302856445 0
endloop
endfacet
facet normal 0.590227654875593 0.807236839731722 0
outer loop
vertex -40.647159576416016 59.37324905395508 -7.399284839630127
vertex -40.7989501953125 59.48423385620117 -7.361698150634766
vertex -40.647159576416016 59.37324905395508 -1
endloop
endfacet
facet normal 0.7180860742000005 0.6959543016894167 1.6728969806891682e-7
outer loop
vertex -41.12222671508789 59.760581970214844 -7.330075740814209
vertex -41.2841682434082 59.92767333984375 -7.3369317054748535
vertex -40.98924255371094 59.62336730957031 -1
endloop
endfacet
facet normal 0.8253125770088333 0.5646761463272898 0
outer loop
vertex -41.2841682434082 59.92767333984375 -7.3369317054748535
vertex -41.39350128173828 60.08747100830078 -7.306130886077881
vertex -41.2841682434082 59.92767333984375 -1
endloop
endfacet
facet normal 0 0 1
outer loop
vertex 76.30744171142578 -69.576416015625 0
vertex 76.74137115478516 -68.91061401367188 0
vertex 75.71886444091797 -67.15620422363281 0
endloop
endfacet
facet normal 0.7180899310780587 0.6959503221382319 0
outer loop
vertex -40.98924255371094 59.62336730957031 -7.364526748657227
vertex -41.12222671508789 59.760581970214844 -7.330075740814209
vertex -40.98924255371094 59.62336730957031 -1
endloop
endfacet
facet normal 0.9983363091434584 -0.057659464489736204 -7.576427851191164e-7
outer loop
vertex -41.847900390625 61.4940299987793 -1
vertex -41.82012939453125 61.974945068359375 -6.954832077026367
vertex -41.797664642333984 62.36390686035156 -6.889945030212402
endloop
endfacet
facet normal 0 0 1
outer loop
vertex 75.63418579101562 -67.66063690185547 0
vertex 76.30744171142578 -69.576416015625 0
vertex 75.71886444091797 -67.15620422363281 0
endloop
endfacet
facet normal 0.9983370036707624 -0.05764743794512709 2.168656775011478e-7
outer loop
vertex -41.847900390625 61.4940299987793 -1
vertex -41.84027099609375 61.62613296508789 -7.0374860763549805
vertex -41.82012939453125 61.974945068359375 -6.954832077026367
endloop
endfacet
facet normal 0.9999999725524553 -0.00023429699127885614 9.128699331989716e-8
outer loop
vertex 78.197509765625 -67.49925994873047 -1
vertex 78.19754791259766 -67.34274291992188 -17.163339614868164
vertex 78.22601318359375 54.15325927734375 -7.5502238273620605
endloop
endfacet
facet normal 0.9983364332064013 -0.0576573163850073 0
outer loop
vertex -41.847900390625 61.4940299987793 -7.09509801864624
vertex -41.84027099609375 61.62613296508789 -7.0374860763549805
vertex -41.847900390625 61.4940299987793 -1
endloop
endfacet
facet normal 0.9958725045155187 0.09076317948032829 -7.809455498415443e-7
outer loop
vertex -41.80943298339844 61.0720100402832 -1
vertex -41.83196258544922 61.319156646728516 -7.145654201507568
vertex -41.847900390625 61.4940299987793 -7.09509801864624
endloop
endfacet
facet normal 0.9958707490475885 0.0907824387830317 0
outer loop
vertex -41.80943298339844 61.0720100402832 -7.221787929534912
vertex -41.83196258544922 61.319156646728516 -7.145654201507568
vertex -41.80943298339844 61.0720100402832 -1
endloop
endfacet
facet normal 0.9662337443329102 0.25766713277483483 0
outer loop
vertex -41.80943298339844 61.0720100402832 -7.221787929534912
vertex -41.70024108886719 60.66254806518555 -1
vertex -41.70024108886719 60.66254806518555 -7.291057109832764
endloop
endfacet
facet normal 0.9088299343648939 0.41716681363945896 -4.512248267168492e-7
outer loop
vertex -41.650596618652344 60.55439376831055 -7.297266483306885
vertex -41.70024108886719 60.66254806518555 -7.291057109832764
vertex -41.52345657348633 60.27741622924805 -1
endloop
endfacet
facet normal 0.9088212829086239 0.41718566098563115 5.524230446742274e-7
outer loop
vertex -41.52345657348633 60.27741622924805 -1
vertex -41.60622024536133 60.45772171020508 -7.2901082038879395
vertex -41.650596618652344 60.55439376831055 -7.297266483306885
endloop
endfacet
facet normal 0.9088285896553079 0.41716974318033173 0
outer loop
vertex -41.52345657348633 60.27741622924805 -7.317142963409424
vertex -41.60622024536133 60.45772171020508 -7.2901082038879395
vertex -41.52345657348633 60.27741622924805 -1
endloop
endfacet
facet normal 0.7904003681661608 0.6125906120433154 0.000006260497088617684
outer loop
vertex -42.604122161865234 65.17008209228516 -6.793880462646484
vertex -42.69015121459961 65.28108215332031 -6.825886249542236
vertex -43.20754623413086 65.94865417480469 -6.6884050369262695
endloop
endfacet
facet normal 0.9999999702992818 -0.0002437240970751357 0
outer loop
vertex 78.197509765625 -67.49925994873047 -17.131343841552734
vertex 78.19754791259766 -67.34274291992188 -17.163339614868164
vertex 78.197509765625 -67.49925994873047 -1
endloop
endfacet
facet normal 0.9804422089366605 -0.19680720244798433 0
outer loop
vertex 78.197509765625 -67.49925994873047 -17.131343841552734
vertex 78.00364685058594 -68.46503448486328 -1
vertex 78.00364685058594 -68.46503448486328 -17.115802764892578
endloop
endfacet
facet normal 0.9257231602898437 -0.3782018383125398 0
outer loop
vertex 78.00364685058594 -68.46503448486328 -17.115802764892578
vertex 77.631103515625 -69.37690734863281 -1
vertex 77.631103515625 -69.37690734863281 -17.23011589050293
endloop
endfacet
facet normal 0.8377772767846428 -0.5460121193740193 0
outer loop
vertex 77.09326171875 -70.2021484375 -1
vertex 77.09326171875 -70.2021484375 -17.20572280883789
vertex 77.631103515625 -69.37690734863281 -17.23011589050293
endloop
endfacet
facet normal 0.7197599430271113 -0.6942230365045584 0
outer loop
vertex 76.46461486816406 -70.85391998291016 -17.333471298217773
vertex 77.09326171875 -70.2021484375 -17.20572280883789
vertex 77.09326171875 -70.2021484375 -1
endloop
endfacet
facet normal 0.7198031897331999 -0.694178196178698 0
outer loop
vertex 76.40943145751953 -70.91114044189453 -17.310338973999023
vertex 76.46461486816406 -70.85391998291016 -17.333471298217773
vertex 76.40943145751953 -70.91114044189453 -1
endloop
endfacet
facet normal 0.5758993009316647 -0.817520638997218 0
outer loop
vertex 76.40943145751953 -70.91114044189453 -17.310338973999023
vertex 75.60414123535156 -71.47842407226562 -1
vertex 75.60414123535156 -71.47842407226562 -17.180646896362305
endloop
endfacet
facet normal 0.4113849992740268 -0.9114616735619271 0
outer loop
vertex 75.60414123535156 -71.47842407226562 -17.180646896362305
vertex 74.7063217163086 -71.88365173339844 -1
vertex 74.7063217163086 -71.88365173339844 -17.21253776550293
endloop
endfacet
facet normal 0.2320882701943094 -0.9726947284930666 1.1292245967202642e-7
outer loop
vertex 74.7063217163086 -71.88365173339844 -17.21253776550293
vertex 73.74817657470703 -72.11226654052734 -1
vertex 73.76407623291016 -72.10847473144531 -17.395883560180664
endloop
endfacet
facet normal -0.8917525425635667 -0.4525233706847668 0.00004260881603481653
outer loop
vertex -77.40493774414062 52.77332305908203 -7.641679763793945
vertex -77.34385681152344 52.652957916259766 -7.617346286773682
vertex -77.78960418701172 53.531368255615234 -7.503468990325928
endloop
endfacet
facet normal 0 0 1
outer loop
vertex 14.460952758789062 56.8912353515625 0
vertex 13.888943672180176 57.44294738769531 0
vertex 13.26900863647461 55.982662200927734 0
endloop
endfacet
facet normal -0.9810960514999472 -0.05189171250139632 -0.18643440644067105
outer loop
vertex -78.15031433105469 55.45912551879883 -7.32659387588501
vertex -78.06167602539062 54.63460922241211 -7.563551902770996
vertex -78.06167602539062 54.478084564208984 -7.519985198974609
endloop
endfacet
facet normal 0 0 1
outer loop
vertex 14.460952758789062 56.8912353515625 0
vertex 13.936312675476074 54.62129211425781 0
vertex 15.3156156539917 55.444580078125 0
endloop
endfacet
facet normal 0 0 1
outer loop
vertex 13.57672119140625 55.57408142089844 0
vertex 13.801849365234375 55.11479568481445 0
vertex 14.460952758789062 56.8912353515625 0
endloop
endfacet
facet normal 0 0 1
outer loop
vertex 13.57672119140625 55.57408142089844 0
vertex 14.460952758789062 56.8912353515625 0
vertex 13.26900863647461 55.982662200927734 0
endloop
endfacet
facet normal 0 0 1
outer loop
vertex 13.801849365234375 55.11479568481445 0
vertex 13.936312675476074 54.62129211425781 0
vertex 14.460952758789062 56.8912353515625 0
endloop
endfacet
facet normal 0 0 1
outer loop
vertex 13.888943672180176 57.44294738769531 0
vertex 12.88975715637207 56.325870513916016 0
vertex 13.26900863647461 55.982662200927734 0
endloop
endfacet
facet normal 0 0 1
outer loop
vertex 11.711688995361328 58.33316421508789 0
vertex 12.88975715637207 56.325870513916016 0
vertex 13.888943672180176 57.44294738769531 0
endloop
endfacet
facet normal 0 0 1
outer loop
vertex 12.452579498291016 56.591392517089844 0
vertex 12.88975715637207 56.325870513916016 0
vertex 11.711688995361328 58.33316421508789 0
endloop
endfacet
facet normal 0.07350591250679045 -0.9972947813091894 0
outer loop
vertex 73.76407623291016 -72.10847473144531 -17.395883560180664
vertex 73.01775360107422 -72.16348266601562 -1
vertex 73.01775360107422 -72.16348266601562 -17.353708267211914
endloop
endfacet
facet normal 0 0 1
outer loop
vertex 13.936312675476074 54.62129211425781 0
vertex 13.976011276245117 52.11151885986328 0
vertex 15.3156156539917 55.444580078125 0
endloop
endfacet
facet normal 0 0 1
outer loop
vertex 11.711688995361328 58.33316421508789 0
vertex 11.973169326782227 56.769691467285156 0
vertex 12.452579498291016 56.591392517089844 0
endloop
endfacet
facet normal 0 0 1
outer loop
vertex 11.973169326782227 56.769691467285156 0
vertex 11.711688995361328 58.33316421508789 0
vertex 11.468733787536621 56.8543701171875 0
endloop
endfacet
facet normal 0.4466012326558835 0.8947331104805755 0
outer loop
vertex 17.464750289916992 54.78810119628906 -7.883722305297852
vertex 17.24845314025879 54.89606475830078 -7.8546624183654785
vertex 17.464750289916992 54.78810119628906 -1
endloop
endfacet
facet normal 0.9610974843326087 0.276209385744538 -0.000028916365886771072
outer loop
vertex -41.88629913330078 63.34495162963867 -6.881313323974609
vertex -41.929996490478516 63.49699783325195 -6.910070419311523
vertex -42.15837097167969 64.29166412353516 -6.766603469848633
endloop
endfacet
facet normal 0.4466077358722012 0.8947298644054754 -2.563342840634162e-7
outer loop
vertex 17.464750289916992 54.78810119628906 -1
vertex 17.24845314025879 54.89606475830078 -7.8546624183654785
vertex 17.18083381652832 54.92981719970703 -7.838081359863281
endloop
endfacet
facet normal 0.44661862166142935 0.8947244306402788 -8.209234095353394e-7
outer loop
vertex 17.18083381652832 54.92981719970703 -7.838081359863281
vertex 17.085590362548828 54.977359771728516 -7.837418079376221
vertex 17.464750289916992 54.78810119628906 -1
endloop
endfacet
facet normal 0.2890586055499935 0.9573114031272653 0
outer loop
vertex 17.87042808532715 54.66560745239258 -7.8632402420043945
vertex 17.464750289916992 54.78810119628906 -7.883722305297852
vertex 17.87042808532715 54.66560745239258 -1
endloop
endfacet
facet normal 0.1040167499617889 0.9945755455102028 -6.849969783942525e-7
outer loop
vertex 17.94195556640625 54.65812683105469 -7.8441643714904785
vertex 17.87042808532715 54.66560745239258 -7.8632402420043945
vertex 18.387651443481445 54.61151885986328 -1
endloop
endfacet
facet normal 0.10401402346303311 0.9945758306548457 -5.055040263071739e-7
outer loop
vertex 18.313791275024414 54.619239807128906 -7.776908874511719
vertex 17.94195556640625 54.65812683105469 -7.8441643714904785
vertex 18.387651443481445 54.61151885986328 -1
endloop
endfacet
facet normal 0.10396814330388396 0.9945806277914038 0
outer loop
vertex 18.387651443481445 54.61151885986328 -7.778031826019287
vertex 18.313791275024414 54.619239807128906 -7.776908874511719
vertex 18.387651443481445 54.61151885986328 -1
endloop
endfacet
facet normal -0.0004108927325739669 0.9999999155835776 0
outer loop
vertex 18.759008407592773 54.611671447753906 -7.740983963012695
vertex 18.387651443481445 54.61151885986328 -7.778031826019287
vertex 18.387651443481445 54.61151885986328 -1
endloop
endfacet
facet normal 0.10400775879828456 0.9945764858017496 0
outer loop
vertex 18.387651443481445 54.61151885986328 -1
vertex 17.87042808532715 54.66560745239258 -7.8632402420043945
vertex 17.87042808532715 54.66560745239258 -1
endloop
endfacet
facet normal 0.2890586055499936 0.9573114031272653 0
outer loop
vertex 17.87042808532715 54.66560745239258 -1
vertex 17.464750289916992 54.78810119628906 -7.883722305297852
vertex 17.464750289916992 54.78810119628906 -1
endloop
endfacet
facet normal 0.44660677065487275 0.8947303461966772 0
outer loop
vertex 17.464750289916992 54.78810119628906 -1
vertex 17.085590362548828 54.977359771728516 -7.837418079376221
vertex 17.085590362548828 54.977359771728516 -1
endloop
endfacet
facet normal 0.7190168266761717 0.6949926639587847 0
outer loop
vertex 16.699222564697266 55.27409362792969 -1
vertex 16.449323654174805 55.532630920410156 -7.707562446594238
vertex 16.449323654174805 55.532630920410156 -1
endloop
endfacet
facet normal 0.7190220262917745 0.6949872845650558 -4.0106255968989006e-7
outer loop
vertex 16.74384117126465 55.22793197631836 -1
vertex 16.449323654174805 55.532630920410156 -7.707562446594238
vertex 16.699222564697266 55.27409362792969 -1
endloop
endfacet
facet normal 0.8981405565645126 0.4397084723472832 7.588440995701453e-8
outer loop
vertex 16.210500717163086 55.882694244384766 -1
vertex 15.790955543518066 56.73965072631836 -7.454258918762207
vertex 15.975653648376465 56.362388610839844 -1
endloop
endfacet
facet normal 0.8260716248463684 0.5635651431943612 0
outer loop
vertex 16.34255027770996 55.68913650512695 -1
vertex 16.210500717163086 55.882694244384766 -7.646890640258789
vertex 16.210500717163086 55.882694244384766 -1
endloop
endfacet
facet normal -0.9893366065465855 0.1456470916069998 0.000060442609809122566
outer loop
vertex -60.69667434692383 39.368934631347656 -8.788121223449707
vertex -60.7199821472168 39.21059799194336 -8.754850387573242
vertex -60.55146026611328 40.35530090332031 -8.718184471130371
endloop
endfacet
facet normal 0.8260675664917768 0.5635710918688871 2.538504128473104e-7
outer loop
vertex 16.449323654174805 55.532630920410156 -1
vertex 16.210500717163086 55.882694244384766 -7.646890640258789
vertex 16.34255027770996 55.68913650512695 -1
endloop
endfacet
facet normal 0.8175153352423293 0.575906829828942 0
outer loop
vertex 15.790955543518066 56.73965072631836 -1
vertex 15.223666191101074 57.5449333190918 -7.425047397613525
vertex 15.223666191101074 57.5449333190918 -1
endloop
endfacet
facet normal 0.8981410692660553 0.43970742511086514 0
outer loop
vertex 15.790955543518066 56.73965072631836 -7.454258918762207
vertex 15.790955543518066 56.73965072631836 -1
vertex 15.975653648376465 56.362388610839844 -1
endloop
endfacet
facet normal 0.5912963427249649 0.8064543601965837 0
outer loop
vertex 17.085590362548828 54.977359771728516 -1
vertex 16.74384117126465 55.22793197631836 -7.769769668579102
vertex 16.74384117126465 55.22793197631836 -1
endloop
endfacet
facet normal 0.8175153352423293 0.575906829828942 0
outer loop
vertex 15.790955543518066 56.73965072631836 -7.454258918762207
vertex 15.223666191101074 57.5449333190918 -7.425047397613525
vertex 15.790955543518066 56.73965072631836 -1
endloop
endfacet
facet normal -0.000015631509161799074 -0.9999999998778255 -6.935625625375791e-8
outer loop
vertex 14.186671257019043 -77.16064453125 -11.010660171508789
vertex 13.70003604888916 -77.16063690185547 -11.335819244384766
vertex 33.7398681640625 -77.16094970703125 -17.790082931518555
endloop
endfacet
facet normal -0.00001708514475608353 -0.9999999998449669 -0.0000042619289902954715
outer loop
vertex 14.51183032989502 -77.16065216064453 -10.524024963378906
vertex 14.186671257019043 -77.16064453125 -11.010660171508789
vertex 33.7398681640625 -77.16094970703125 -17.790082931518555
endloop
endfacet
facet normal 0.062158113334648574 -0.9980663149043139 0
outer loop
vertex 33.7398681640625 -77.16094970703125 -17.790082931518555
vertex 33.90243148803711 -77.15082550048828 -17.766239166259766
vertex 33.7398681640625 -77.16094970703125 -1
endloop
endfacet
facet normal -0.7904014107994309 -0.612589266806291 0
outer loop
vertex -76.74043273925781 51.87438201904297 -7.589670181274414
vertex -77.34385681152344 52.652957916259766 -1
vertex -77.34385681152344 52.652957916259766 -7.617346286773682
endloop
endfacet
facet normal -0.6606631478727724 -0.7506824928282925 0.000001984956386280855
outer loop
vertex -76.00099182128906 51.223594665527344 -7.704584121704102
vertex -76.74043273925781 51.87438201904297 -1
vertex -76.076416015625 51.289974212646484 -7.715542316436768
endloop
endfacet
facet normal -0.6606744603319897 -0.7506725367728821 0
outer loop
vertex -76.74043273925781 51.87438201904297 -7.589670181274414
vertex -76.076416015625 51.289974212646484 -7.715542316436768
vertex -76.74043273925781 51.87438201904297 -1
endloop
endfacet
facet normal -0.8917547724421224 -0.45251897841604205 0
outer loop
vertex -77.78960418701172 53.531368255615234 -7.503468990325928
vertex -77.34385681152344 52.652957916259766 -7.617346286773682
vertex -77.78960418701172 53.531368255615234 -1
endloop
endfacet
facet normal -0.9610987102786179 -0.27620512142387493 0
outer loop
vertex -78.06167602539062 54.478084564208984 -7.519985198974609
vertex -77.78960418701172 53.531368255615234 -7.503468990325928
vertex -78.06167602539062 54.478084564208984 -1
endloop
endfacet
facet normal -0.995943144462089 -0.0899847375890296 0
outer loop
vertex -78.15031433105469 55.45912551879883 -7.32659387588501
vertex -78.06167602539062 54.478084564208984 -7.519985198974609
vertex -78.15031433105469 55.45912551879883 -1
endloop
endfacet
facet normal -0.9950395288551918 0.09948032979256781 0
outer loop
vertex -78.05232238769531 56.43927764892578 -7.249480724334717
vertex -78.15031433105469 55.45912551879883 -7.32659387588501
vertex -78.05232238769531 56.43927764892578 -1
endloop
endfacet
facet normal -0.9584181399932699 0.28536760315747306 0
outer loop
vertex -77.77122497558594 57.38335418701172 -7.363038063049316
vertex -78.05232238769531 56.43927764892578 -7.249480724334717
vertex -77.77122497558594 57.38335418701172 -1
endloop
endfacet
facet normal -0.5015000006445455 -0.8651576442207055 0
outer loop
vertex -76.00099182128906 51.223594665527344 -7.704584121704102
vertex -61.828006744384766 43.00803756713867 -8.371526718139648
vertex -76.00099182128906 51.223594665527344 -1
endloop
endfacet
facet normal -0.5460080267579536 -0.8377799440878624 1.5523401992442652e-7
outer loop
vertex -61.72836685180664 42.94821548461914 -8.37062931060791
vertex -61.530921936035156 42.81953430175781 -8.40495777130127
vertex -61.756980895996094 42.96686553955078 -1
endloop
endfacet
facet normal -0.5015087620020263 -0.8651525655254079 0
outer loop
vertex -61.756980895996094 42.96686553955078 -8.371996879577637
vertex -61.756980895996094 42.96686553955078 -1
vertex -61.828006744384766 43.00803756713867 -8.371526718139648
endloop
endfacet
facet normal -0.5460360912978424 -0.8377616528584814 0
outer loop
vertex -61.756980895996094 42.96686553955078 -1
vertex -61.756980895996094 42.96686553955078 -8.371996879577637
vertex -61.72836685180664 42.94821548461914 -8.37062931060791
endloop
endfacet
facet normal -0.7746409541245727 -0.6324012904737657 2.9553466917385806e-7
outer loop
vertex -60.94334411621094 42.21297073364258 -8.542550086975098
vertex -61.211334228515625 42.54124069213867 -1
vertex -61.12244415283203 42.43235397338867 -8.472602844238281
endloop
endfacet
facet normal -0.6567005444493863 -0.7541514403087751 2.8199762488746783e-7
outer loop
vertex -61.36605453491211 42.675968170166016 -8.421481132507324
vertex -61.211334228515625 42.54124069213867 -8.46458625793457
vertex -61.530921936035156 42.81953430175781 -1
endloop
endfacet
facet normal -0.7746508898600237 -0.6323891197981457 0
outer loop
vertex -61.211334228515625 42.54124069213867 -8.46458625793457
vertex -61.12244415283203 42.43235397338867 -8.472602844238281
vertex -61.211334228515625 42.54124069213867 -1
endloop
endfacet
facet normal -0.6567139969335787 -0.7541397259337718 -2.4345862044532816e-7
outer loop
vertex -61.4063606262207 42.71106719970703 -8.41406536102295
vertex -61.36605453491211 42.675968170166016 -8.421481132507324
vertex -61.530921936035156 42.81953430175781 -1
endloop
endfacet
facet normal -0.6567057553961229 -0.7541469026851516 0
outer loop
vertex -61.530921936035156 42.81953430175781 -8.40495777130127
vertex -61.4063606262207 42.71106719970703 -8.41406536102295
vertex -61.530921936035156 42.81953430175781 -1
endloop
endfacet
facet normal -0.9986892373166212 -0.05118405286752189 0
outer loop
vertex -60.7199821472168 39.21059799194336 -8.754850387573242
vertex -60.669559478759766 38.22676467895508 -8.739721298217773
vertex -60.7199821472168 39.21059799194336 -1
endloop
endfacet
facet normal -0.9893363292276912 0.1456489878793409 -3.324860364639036e-8
outer loop
vertex -60.55146026611328 40.35530090332031 -8.718184471130371
vertex -60.7199821472168 39.21059799194336 -8.754850387573242
vertex -60.514793395996094 40.604366302490234 -1
endloop
endfacet
facet normal -0.9893364776930588 0.1456479794088876 0
outer loop
vertex -60.514793395996094 40.604366302490234 -8.710774421691895
vertex -60.55146026611328 40.35530090332031 -8.718184471130371
vertex -60.514793395996094 40.604366302490234 -1
endloop
endfacet
facet normal -0.9999833213906952 -0.005775546642735471 -0.0000011878838257137658
outer loop
vertex -60.51504898071289 40.648616790771484 -8.70261287689209
vertex -60.514793395996094 40.604366302490234 -8.710774421691895
vertex -60.517250061035156 41.02812957763672 -1
endloop
endfacet
facet normal -0.999983181858411 -0.00579965519045004 0
outer loop
vertex -60.517250061035156 41.02812957763672 -8.70787525177002
vertex -60.51504898071289 40.648616790771484 -8.70261287689209
vertex -60.517250061035156 41.02812957763672 -1
endloop
endfacet
facet normal -0.9846385307584132 -0.1746051652896907 -2.702186467554534e-7
outer loop
vertex -60.54496383666992 41.18441390991211 -8.70915699005127
vertex -60.517250061035156 41.02812957763672 -8.70787525177002
vertex -60.591243743896484 41.44538497924805 -1
endloop
endfacet
facet normal -0.9846371583835312 -0.17461290424938608 0
outer loop
vertex -60.591243743896484 41.44538497924805 -8.702095985412598
vertex -60.54496383666992 41.18441390991211 -8.70915699005127
vertex -60.591243743896484 41.44538497924805 -1
endloop
endfacet
facet normal -0.9410009649682347 -0.338403876941224 0
outer loop
vertex -60.734649658203125 41.844154357910156 -8.6354398727417
vertex -60.591243743896484 41.44538497924805 -8.702095985412598
vertex -60.734649658203125 41.844154357910156 -1
endloop
endfacet
facet normal -0.870310261032975 -0.49250385738294356 0.0000019068304567839875
outer loop
vertex -60.759056091308594 41.88728332519531 -8.628314971923828
vertex -60.734649658203125 41.844154357910156 -8.6354398727417
vertex -60.94334411621094 42.21297073364258 -1
endloop
endfacet
facet normal -0.8703282035658941 -0.49247214954528085 1.196156551643807e-7
outer loop
vertex -60.89168930053711 42.121681213378906 -8.552057266235352
vertex -60.759056091308594 41.88728332519531 -8.628314971923828
vertex -60.94334411621094 42.21297073364258 -1
endloop
endfacet
facet normal -0.8703324448358641 -0.4924646540270961 0
outer loop
vertex -60.94334411621094 42.21297073364258 -8.542550086975098
vertex -60.89168930053711 42.121681213378906 -8.552057266235352
vertex -60.94334411621094 42.21297073364258 -1
endloop
endfacet
facet normal -0.8988749488351816 0.43820523155479163 0.000037343821371203547
outer loop
vertex -77.70269012451172 57.52394104003906 -7.4067864418029785
vertex -77.77122497558594 57.38335418701172 -7.363038063049316
vertex -77.45036315917969 58.04152297973633 -7.319106101989746
endloop
endfacet
facet normal 0.15842119538508692 -0.9873716244923996 0
outer loop
vertex 34.35673141479492 -77.07793426513672 -17.725622177124023
vertex 33.90243148803711 -77.15082550048828 -1
vertex 33.90243148803711 -77.15082550048828 -17.766239166259766
endloop
endfacet
facet normal 0.33100637091564666 -0.9436285192877827 0
outer loop
vertex 34.35673141479492 -77.07793426513672 -17.725622177124023
vertex 35.00100326538086 -76.85193634033203 -17.769683837890625
vertex 34.35673141479492 -77.07793426513672 -1
endloop
endfacet
facet normal -0.8988739676248904 0.4382072458623745 0
outer loop
vertex -77.45036315917969 58.04152297973633 -7.319106101989746
vertex -77.77122497558594 57.38335418701172 -7.363038063049316
vertex -77.45036315917969 58.04152297973633 -1
endloop
endfacet
facet normal 0.5237876529509499 -0.8518488684127808 0
outer loop
vertex 35.00100326538086 -76.85193634033203 -17.769683837890625
vertex 35.04431915283203 -76.82530212402344 -17.78212547302246
vertex 35.00100326538086 -76.85193634033203 -1
endloop
endfacet
facet normal -0.8652934943537259 0.5012655669693646 0
outer loop
vertex -67.66191101074219 74.93852233886719 -5.854429721832275
vertex -77.45036315917969 58.04152297973633 -7.319106101989746
vertex -67.66191101074219 74.93852233886719 -1
endloop
endfacet
facet normal 0.5012654203041064 0.8652935793170707 0
outer loop
vertex -51.818607330322266 71.15947723388672 -6.384773254394531
vertex -60.8439826965332 76.38788604736328 -5.944248199462891
vertex -51.818607330322266 71.15947723388672 -3.5
endloop
endfacet
facet normal 0.523712760194637 -0.8518949141820508 -2.663809890693014e-7
outer loop
vertex 35.00100326538086 -76.85193634033203 -1
vertex 35.04431915283203 -76.82530212402344 -17.78212547302246
vertex 35.5826416015625 -76.4943618774414 -17.69751739501953
endloop
endfacet
facet normal -0.1475884520893226 0.9890488606787218 0
outer loop
vertex 34.745243072509766 59.353633880615234 -7.358466625213623
vertex 33.77928924560547 59.20949172973633 -7.269069194793701
vertex 34.745243072509766 59.353633880615234 -1
endloop
endfacet
facet normal -0.33065984626282297 0.9437500018910974 0
outer loop
vertex 33.77928924560547 59.20949172973633 -7.269069194793701
vertex 32.849578857421875 58.883750915527344 -7.366454124450684
vertex 33.77928924560547 59.20949172973633 -1
endloop
endfacet
facet normal -0.5027205678299235 0.8644489751747984 0
outer loop
vertex 32.849578857421875 58.883750915527344 -7.366454124450684
vertex 31.997987747192383 58.38850784301758 -7.305225849151611
vertex 32.849578857421875 58.883750915527344 -1
endloop
endfacet
facet normal -0.6126008939387134 0.7903923961719184 0.00006941975486064354
outer loop
vertex -66.23255157470703 76.28138732910156 -5.902551651000977
vertex -66.91468048095703 75.7527084350586 -6.032196044921875
vertex -67.01112365722656 75.6779556274414 -5.990785121917725
endloop
endfacet
facet normal -0.6567434887211933 0.7541140431143794 0
outer loop
vertex 31.997987747192383 58.38850784301758 -7.305225849151611
vertex 31.255088806152344 57.74153137207031 -7.407119274139404
vertex 31.997987747192383 58.38850784301758 -1
endloop
endfacet
facet normal 0.00011800937912232373 -0.9999999930368934 0
outer loop
vertex 73.01775360107422 -72.16348266601562 -17.353708267211914
vertex 39.14076232910156 -72.16748046875 -1
vertex 39.14076232910156 -72.16748046875 -17.568517684936523
endloop
endfacet
facet normal -0.33066873673718583 0.9437468820931444 0.00009531055707589023
outer loop
vertex 32.9173469543457 58.90749740600586 -7.386235237121582
vertex 32.849578857421875 58.883750915527344 -7.366454124450684
vertex 33.77928924560547 59.20949172973633 -7.269069194793701
endloop
endfacet
facet normal 0.9257247961549835 -0.37819783234904447 -0.00003728670733666426
outer loop
vertex 77.631103515625 -69.37690734863281 -17.23011589050293
vertex 77.68019104003906 -69.25675201416016 -17.25555419921875
vertex 78.00364685058594 -68.46503448486328 -17.115802764892578
endloop
endfacet
facet normal -0.6567417604336698 0.7541155479179641 -0.00002215565414406675
outer loop
vertex 31.997987747192383 58.38850784301758 -7.305225849151611
vertex 31.347448348999023 57.821964263916016 -7.43756103515625
vertex 31.255088806152344 57.74153137207031 -7.407119274139404
endloop
endfacet
facet normal 0.3782048318438351 0.9257219367227687 0.000032252484611403736
outer loop
vertex 13.689433097839355 58.76660919189453 -7.37013578414917
vertex 13.615914344787598 58.79664611816406 -7.391651153564453
vertex 12.777560234069824 59.13915252685547 -7.271366596221924
endloop
endfacet
facet normal 0.6925676487202438 -0.7213529316126144 0
outer loop
vertex 36.07514953613281 -76.0215072631836 -17.7292423248291
vertex 35.5826416015625 -76.4943618774414 -1
vertex 35.5826416015625 -76.4943618774414 -17.69751739501953
endloop
endfacet
facet normal 0.694227094153499 0.719756028572984 0.00003280296435233133
outer loop
vertex 15.134613037109375 57.630828857421875 -7.446972846984863
vertex 14.514676094055176 58.2287712097168 -7.312541961669922
vertex 15.223666191101074 57.5449333190918 -7.425047397613525
endloop
endfacet
facet normal 0.0014593804761343766 0.9999989351037177 2.3719883850378955e-7
outer loop
vertex 11.7866849899292 59.33305740356445 -7.365468502044678
vertex -7.715732574462891 59.36151885986328 -7.275077819824219
vertex 11.811789512634277 59.3330192565918 -1
endloop
endfacet
facet normal 0.19204783672903705 0.9813855656202088 0
outer loop
vertex 12.777560234069824 59.13915252685547 -7.271366596221924
vertex 11.7866849899292 59.33305740356445 -7.365468502044678
vertex 12.777560234069824 59.13915252685547 -1
endloop
endfacet
facet normal 0.37820183831253973 0.9257231602898436 0
outer loop
vertex 13.689433097839355 58.76660919189453 -7.37013578414917
vertex 12.777560234069824 59.13915252685547 -7.271366596221924
vertex 13.689433097839355 58.76660919189453 -1
endloop
endfacet
facet normal 0.5460085155251788 0.8377796255424158 0
outer loop
vertex 14.514676094055176 58.2287712097168 -7.312541961669922
vertex 13.689433097839355 58.76660919189453 -7.37013578414917
vertex 14.514676094055176 58.2287712097168 -1
endloop
endfacet
facet normal 0.6942243979091438 0.7197586299223419 0
outer loop
vertex 14.514676094055176 58.2287712097168 -7.312541961669922
vertex 15.223666191101074 57.5449333190918 -1
vertex 15.223666191101074 57.5449333190918 -7.425047397613525
endloop
endfacet
facet normal 0.8298674587244905 -0.5579605729351815 0
outer loop
vertex 36.45610046386719 -75.45491027832031 -17.603498458862305
vertex 36.07514953613281 -76.0215072631836 -1
vertex 36.07514953613281 -76.0215072631836 -17.7292423248291
endloop
endfacet
facet normal 0.9216901456070746 -0.3879268945185543 0
outer loop
vertex 36.67272186279297 -74.94023132324219 -17.551244735717773
vertex 36.45610046386719 -75.45491027832031 -1
vertex 36.45610046386719 -75.45491027832031 -17.603498458862305
endloop
endfacet
facet normal 0.9166806935617421 -0.39962045249356754 0
outer loop
vertex 36.91398239135742 -73.86225891113281 -17.634471893310547
vertex 36.95429992675781 -73.769775390625 -17.62381935119629
vertex 36.91398239135742 -73.86225891113281 -1
endloop
endfacet
facet normal 0.9166926987601254 -0.39959291289992205 1.8232744957511796e-7
outer loop
vertex 36.91398239135742 -73.86225891113281 -1
vertex 36.95429992675781 -73.769775390625 -17.62381935119629
vertex 36.96747970581055 -73.73954010009766 -17.620609283447266
endloop
endfacet
facet normal 0.9758579177107009 -0.21840632875751378 0
outer loop
vertex 36.91398239135742 -73.86225891113281 -17.634471893310547
vertex 36.67272186279297 -74.94023132324219 -1
vertex 36.67272186279297 -74.94023132324219 -17.551244735717773
endloop
endfacet
facet normal 0.9166832345127093 -0.3996146238106373 -8.438659866318141e-9
outer loop
vertex 36.91398239135742 -73.86225891113281 -1
vertex 36.96747970581055 -73.73954010009766 -17.620609283447266
vertex 37.08332824707031 -73.47379302978516 -17.622520446777344
endloop
endfacet
facet normal 0.8360114286797997 -0.548712029316617 0
outer loop
vertex 37.08332824707031 -73.47379302978516 -17.622520446777344
vertex 37.13596725463867 -73.39359283447266 -17.607948303222656
vertex 37.08332824707031 -73.47379302978516 -1
endloop
endfacet
facet normal 0.8360172205685811 -0.5487032047589853 6.097143997101355e-8
outer loop
vertex 37.08332824707031 -73.47379302978516 -1
vertex 37.13596725463867 -73.39359283447266 -17.607948303222656
vertex 37.315853118896484 -73.11951446533203 -17.620311737060547
endloop
endfacet
facet normal 0.7313107698240382 -0.6820443958712459 0
outer loop
vertex 37.315853118896484 -73.11951446533203 -17.620311737060547
vertex 37.359527587890625 -73.07268524169922 -17.61282730102539
vertex 37.315853118896484 -73.11951446533203 -1
endloop
endfacet
facet normal 0.7313501533191222 -0.6820021651285625 2.2258018224261196e-7
outer loop
vertex 37.315853118896484 -73.11951446533203 -1
vertex 37.359527587890625 -73.07268524169922 -17.61282730102539
vertex 37.42611312866211 -73.00128173828125 -17.619670867919922
endloop
endfacet
facet normal -0.7871876043653961 0.6167136090062133 0
outer loop
vertex 31.255088806152344 57.74153137207031 -7.407119274139404
vertex 30.64754867553711 56.9660530090332 -7.364227771759033
vertex 31.255088806152344 57.74153137207031 -1
endloop
endfacet
facet normal -0.8902593127283762 0.4554540109609303 0
outer loop
vertex 30.64754867553711 56.9660530090332 -7.364227771759033
vertex 30.18762969970703 56.06706619262695 -7.530981540679932
vertex 30.64754867553711 56.9660530090332 -1
endloop
endfacet
facet normal -0.8902732137412902 0.4554268381117695 0.0000047192558408180955
outer loop
vertex 30.18762969970703 56.06706619262695 -7.530981540679932
vertex 30.162391662597656 56.017730712890625 -7.540911674499512
vertex 30.64754867553711 56.9660530090332 -1
endloop
endfacet
facet normal -0.890260005018191 0.4554526577647803 -9.062047736475056e-8
outer loop
vertex 30.162391662597656 56.017730712890625 -7.540911674499512
vertex 30.11332893371582 55.92182922363281 -7.57297420501709
vertex 30.261302947998047 56.2110710144043 -1
endloop
endfacet
facet normal -0.8360167149858173 0.5487039750761085 0
outer loop
vertex 30.11332893371582 55.92182922363281 -7.57297420501709
vertex 29.94500732421875 55.66537094116211 -7.628266334533691
vertex 30.11332893371582 55.92182922363281 -1
endloop
endfacet
facet normal -0.836003744739598 0.5487237363010391 -0.000001093966681250405
outer loop
vertex 29.94500732421875 55.66537094116211 -7.628266334533691
vertex 29.88080406188965 55.56755447387695 -7.67366886138916
vertex 30.11332893371582 55.92182922363281 -1
endloop
endfacet
facet normal -0.7313322653403707 0.6820213469328665 0
outer loop
vertex 29.88080406188965 55.56755447387695 -7.67366886138916
vertex 29.66596031188965 55.33717727661133 -7.737253665924072
vertex 29.88080406188965 55.56755447387695 -1
endloop
endfacet
facet normal -0.7313595363878209 0.6819921029829422 0.000001869627291147992
outer loop
vertex 29.66596031188965 55.33717727661133 -7.737253665924072
vertex 29.6320743560791 55.300838470458984 -7.757634162902832
vertex 29.88080406188965 55.56755447387695 -1
endloop
endfacet
facet normal -0.7313289131013803 0.6820249415246098 -5.536299057121985e-7
outer loop
vertex 29.6320743560791 55.300838470458984 -7.757634162902832
vertex 29.591785430908203 55.25763702392578 -7.772428035736084
vertex 29.88080406188965 55.56755447387695 -1
endloop
endfacet
facet normal -0.6056316992529702 0.7957450878641729 0
outer loop
vertex 29.591785430908203 55.25763702392578 -7.772428035736084
vertex 29.25457191467285 55.0009880065918 -7.831300258636475
vertex 29.591785430908203 55.25763702392578 -1
endloop
endfacet
facet normal -0.4625221117651837 0.8866077464856005 0
outer loop
vertex 29.25457191467285 55.0009880065918 -7.831300258636475
vertex 29.112375259399414 54.92680740356445 -7.82720947265625
vertex 29.25457191467285 55.0009880065918 -1
endloop
endfacet
facet normal -0.4625373077885848 0.886599818916926 4.026382282438221e-7
outer loop
vertex 29.112375259399414 54.92680740356445 -7.82720947265625
vertex 28.878856658935547 54.80498123168945 -7.834296226501465
vertex 29.25457191467285 55.0009880065918 -1
endloop
endfacet
facet normal -0.3061357651734463 0.9519878640411696 0
outer loop
vertex 28.878856658935547 54.80498123168945 -7.834296226501465
vertex 28.75070571899414 54.763771057128906 -7.811586380004883
vertex 28.878856658935547 54.80498123168945 -1
endloop
endfacet
facet normal -0.30614733563805197 0.9519841431881438 2.401941084215029e-7
outer loop
vertex 28.75070571899414 54.763771057128906 -7.811586380004883
vertex 28.475435256958008 54.67524719238281 -7.824077129364014
vertex 28.878856658935547 54.80498123168945 -1
endloop
endfacet
facet normal -0.14095026437714211 0.9900166781282089 0
outer loop
vertex 28.475435256958008 54.67524719238281 -7.824077129364014
vertex 28.323352813720703 54.653594970703125 -7.800304889678955
vertex 28.475435256958008 54.67524719238281 -1
endloop
endfacet
facet normal -0.14095084593109158 0.9900165953312648 1.326953493426477e-8
outer loop
vertex 28.323352813720703 54.653594970703125 -7.800304889678955
vertex 28.055896759033203 54.615516662597656 -7.816209316253662
vertex 28.475435256958008 54.67524719238281 -1
endloop
endfacet
facet normal -0.00041862122189212505 0.9999999123781325 0
outer loop
vertex 28.055896759033203 54.615516662597656 -7.816209316253662
vertex 27.900983810424805 54.61545181274414 -7.7996721267700195
vertex 28.055896759033203 54.615516662597656 -1
endloop
endfacet
facet normal -0.0004135180115598624 0.9999999145014167 -1.162634731345259e-7
outer loop
vertex 27.900983810424805 54.61545181274414 -7.7996721267700195
vertex 18.759008407592773 54.611671447753906 -7.740983963012695
vertex 28.055896759033203 54.615516662597656 -1
endloop
endfacet
facet normal 0.7313247945744588 -0.682029357755666 -1.3910651661790516e-7
outer loop
vertex 37.315853118896484 -73.11951446533203 -1
vertex 37.42611312866211 -73.00128173828125 -17.619670867919922
vertex 37.60487365722656 -72.80960083007812 -17.618846893310547
endloop
endfacet
facet normal 0.6056231656692797 -0.7957515825964282 0
outer loop
vertex 37.60487365722656 -72.80960083007812 -17.618846893310547
vertex 37.744686126708984 -72.70319366455078 -17.603187561035156
vertex 37.60487365722656 -72.80960083007812 -1
endloop
endfacet
facet normal 0.6056317041511401 -0.7957450841362284 1.1354861575588594e-7
outer loop
vertex 37.60487365722656 -72.80960083007812 -1
vertex 37.744686126708984 -72.70319366455078 -17.603187561035156
vertex 37.94208526611328 -72.5529556274414 -17.583066940307617
endloop
endfacet
facet normal 0.4625279170001912 -0.8866047180088003 0
outer loop
vertex 37.98456954956055 -72.53079223632812 -17.572046279907227
vertex 37.94208526611328 -72.5529556274414 -1
vertex 37.94208526611328 -72.5529556274414 -17.583066940307617
endloop
endfacet
facet normal 0.4625340941680337 -0.8866014954488607 2.0145695963554948e-8
outer loop
vertex 37.94208526611328 -72.5529556274414 -1
vertex 37.98456954956055 -72.53079223632812 -17.572046279907227
vertex 38.31779861450195 -72.35694885253906 -17.555261611938477
endloop
endfacet
facet normal 0.30615049976668146 -0.951983125634384 0
outer loop
vertex 38.31779861450195 -72.35694885253906 -1
vertex 38.31779861450195 -72.35694885253906 -17.555261611938477
vertex 38.721221923828125 -72.22721099853516 -17.55215072631836
endloop
endfacet
facet normal 0.14094642317864003 -0.9900172249982057 0
outer loop
vertex 39.081932067871094 -72.17585754394531 -17.562976837158203
vertex 38.721221923828125 -72.22721099853516 -1
vertex 38.721221923828125 -72.22721099853516 -17.55215072631836
endloop
endfacet
facet normal -0.000015474610006976156 -0.9999999998802682 0
outer loop
vertex 14.51183032989502 -77.16065216064453 -10.524024963378906
vertex 33.7398681640625 -77.16094970703125 -17.790082931518555
vertex 33.7398681640625 -77.16094970703125 -1
endloop
endfacet
facet normal 0.14097202996341657 -0.9900135790824639 5.689712354459386e-7
outer loop
vertex 38.721221923828125 -72.22721099853516 -1
vertex 39.081932067871094 -72.17585754394531 -17.562976837158203
vertex 39.14076232910156 -72.16748046875 -17.568517684936523
endloop
endfacet
facet normal 1.8874246327326878e-9 0.07845900049536515 -0.9969173412280821
outer loop
vertex -11.871184349060059 57.655006408691406 -8.319657325744629
vertex -31.21472930908203 57.66282272338867 -8.319042205810547
vertex -30.010116577148438 59.10680389404297 -8.205398559570312
endloop
endfacet
facet normal -2.5248785282463236e-7 0.07845904625035455 -0.9969173376270578
outer loop
vertex -42.84517288208008 62.03396224975586 -7.9750261306762695
vertex -44.56971740722656 66.05245208740234 -7.658763885498047
vertex -42.87318420410156 63.38344955444336 -7.868819236755371
endloop
endfacet
facet normal 0.000001054202719622904 0.07845987172624277 -0.9969172726598683
outer loop
vertex -42.87318420410156 63.38344955444336 -7.868819236755371
vertex -44.56971740722656 66.05245208740234 -7.658763885498047
vertex -43.4571418762207 64.86820983886719 -7.751965522766113
endloop
endfacet
facet normal 9.0713822286688e-7 0.07845945380968826 -0.9969173055509982
outer loop
vertex 29.031347274780273 54.1458740234375 -8.595831871032715
vertex 29.490358352661133 54.39046096801758 -8.576581954956055
vertex 77.20673370361328 -67.11978912353516 -18.139646530151367
endloop
endfacet
facet normal -7.346855029475298e-7 0.0784675353771851 -0.9969166694821039
outer loop
vertex 73.36640167236328 58.580467224121094 -8.246821403503418
vertex 30.031511306762695 54.73405456542969 -8.549541473388672
vertex 30.089561462402344 54.76498794555664 -8.547106742858887
endloop
endfacet
facet normal 0.0000010462699690580964 0.07845998005913465 -0.9969172641338023
outer loop
vertex 36.769996643066406 -72.20365142822266 -18.53975486755371
vertex -59.56251907348633 40.723350524902344 -9.652207374572754
vertex 37.086021423339844 -71.90331268310547 -18.516117095947266
endloop
endfacet
facet normal -5.822670145766965e-7 0.07845859116230235 -0.9969173734429989
outer loop
vertex 37.43433380126953 -71.63214111328125 -18.494775772094727
vertex 37.086021423339844 -71.90331268310547 -18.516117095947266
vertex -59.56251907348633 40.723350524902344 -9.652207374572754
endloop
endfacet
facet normal -0.0000015571699414402276 0.07845775470633809 -0.9969174392716859
outer loop
vertex 37.95139694213867 -71.35662078857422 -18.473093032836914
vertex 37.43433380126953 -71.63214111328125 -18.494775772094727
vertex -59.56251907348633 40.723350524902344 -9.652207374572754
endloop
endfacet
facet normal 2.8414161560130157e-8 0.07845912450631025 -0.9969173314682127
outer loop
vertex 37.95139694213867 -71.35662078857422 -18.473093032836914
vertex -59.674991607666016 41.48579025268555 -9.592202186584473
vertex 38.51244354248047 -71.18695068359375 -18.459739685058594
endloop
endfacet
facet normal 5.255029951671633e-7 0.07845955502235219 -0.9969172975856212
outer loop
vertex 39.07520294189453 -71.13169860839844 -18.45539093017578
vertex 38.51244354248047 -71.18695068359375 -18.459739685058594
vertex -59.674991607666016 41.48579025268555 -9.592202186584473
endloop
endfacet
facet normal 3.205142109015281e-8 0.07845912499613421 -0.9969173314296628
outer loop
vertex 39.07520294189453 -71.13169860839844 -18.45539093017578
vertex -59.674991607666016 41.48579025268555 -9.592202186584473
vertex 73.53108215332031 -70.89178466796875 -18.436508178710938
endloop
endfacet
facet normal -5.172317590478247e-7 0.07845847668379807 -0.9969173824526235
outer loop
vertex 75.78246307373047 -69.87564849853516 -18.356536865234375
vertex -76.80685424804688 57.30532455444336 -8.347177505493164
vertex 76.73703002929688 -68.67686462402344 -18.262191772460938
endloop
endfacet
facet normal -3.6063589033491037e-7 0.07845999438032274 -0.9969172630071713
outer loop
vertex 31.990215301513672 57.28693771362305 -8.348625183105469
vertex 33.27324295043945 58.20603942871094 -8.276289939880371
vertex 34.86630630493164 58.60091781616211 -8.24521255493164
endloop
endfacet
facet normal 3.0783713354725916e-7 0.0784594760666353 -0.9969173037996955
outer loop
vertex 76.73703002929688 -68.67686462402344 -18.262191772460938
vertex -76.80685424804688 57.30532455444336 -8.347177505493164
vertex 77.20673370361328 -67.11978912353516 -18.139646530151367
endloop
endfacet
facet normal 0.000005560630250240922 0.07846462671756466 -0.9969168984038502
outer loop
vertex -42.78834533691406 61.513973236083984 -8.015950202941895
vertex -50.95697784423828 69.66033935546875 -7.374817371368408
vertex -50.85275650024414 69.67060089111328 -7.374009132385254
endloop
endfacet
facet normal -0.000003422920447947162 0.07845567406606344 -0.9969176030119656
outer loop
vertex -42.78834533691406 61.513973236083984 -8.015950202941895
vertex -51.152069091796875 69.67955017089844 -7.373304843902588
vertex -50.95697784423828 69.66033935546875 -7.374817371368408
endloop
endfacet
facet normal 0.000002147214534607407 0.07846134424623089 -0.9969171567660293
outer loop
vertex -42.78834533691406 61.513973236083984 -8.015950202941895
vertex -51.33966064453125 69.73645782470703 -7.368826389312744
vertex -51.152069091796875 69.67955017089844 -7.373304843902588
endloop
endfacet
facet normal -0.000001443276434711179 0.07845763315219362 -0.9969174488382039
outer loop
vertex -51.33966064453125 69.73645782470703 -7.368826389312744
vertex -42.78834533691406 61.513973236083984 -8.015950202941895
vertex -51.51254653930664 69.82886505126953 -7.36155366897583
endloop
endfacet
facet normal -8.024667026702294e-9 0.07845915491484631 -0.9969173290750082
outer loop
vertex -50.85275650024414 69.67060089111328 -7.374009132385254
vertex -44.56971740722656 66.05245208740234 -7.658763885498047
vertex -42.78834533691406 61.513973236083984 -8.015950202941895
endloop
endfacet
facet normal 2.4910885330579023e-7 0.0784594078302764 -0.9969173091700536
outer loop
vertex -42.07493209838867 59.69785690307617 -8.158881187438965
vertex -61.85542678833008 76.006591796875 -6.8753557205200195
vertex -42.35131072998047 60.21332550048828 -8.11831283569336
endloop
endfacet
facet normal 0.000003178228638549125 0.07846293862267058 -0.9969170312782271
outer loop
vertex -41.70299530029297 59.24604797363281 -8.194439888000488
vertex -61.85542678833008 76.006591796875 -6.8753557205200195
vertex -42.07493209838867 59.69785690307617 -8.158881187438965
endloop
endfacet
facet normal -9.614053088454496e-8 0.07845897842400655 -0.9969173429651287
outer loop
vertex 73.53108215332031 -70.89178466796875 -18.436508178710938
vertex -60.59489059448242 43.50263595581055 -9.433472633361816
vertex 75.78246307373047 -69.87564849853516 -18.356536865234375
endloop
endfacet
facet normal -1.1553460794364553e-8 0.07845912610611985 -0.9969173313423053
outer loop
vertex -42.78834533691406 61.513973236083984 -8.015950202941895
vertex -61.85542678833008 76.006591796875 -6.8753557205200195
vertex -51.51254653930664 69.82886505126953 -7.36155366897583
endloop
endfacet
facet normal -0.000005681609902193133 0.07844969161031552 -0.9969180737924083
outer loop
vertex -61.85542678833008 76.006591796875 -6.8753557205200195
vertex -51.664085388183594 69.95323181152344 -7.351766109466553
vertex -51.51254653930664 69.82886505126953 -7.36155366897583
endloop
endfacet
facet normal 0.0000016250213943655218 0.07846193744567659 -0.9969171100796846
outer loop
vertex -51.788448333740234 70.10476684570312 -7.339839935302734
vertex -61.85542678833008 76.006591796875 -6.8753557205200195
vertex -51.869266510009766 70.25596618652344 -7.327939987182617
endloop
endfacet
facet normal 7.06427813983766e-7 0.07846038020973642 -0.9969172326411279
outer loop
vertex -61.85542678833008 76.006591796875 -6.8753557205200195
vertex -51.788448333740234 70.10476684570312 -7.339839935302734
vertex -51.664085388183594 69.95323181152344 -7.351766109466553
endloop
endfacet
facet normal -7.184856857259545e-7 0.07845820176248218 -0.9969174040890657
outer loop
vertex -42.66000747680664 61.09220504760742 -8.04914379119873
vertex -61.85542678833008 76.006591796875 -6.8753557205200195
vertex -42.78834533691406 61.513973236083984 -8.015950202941895
endloop
endfacet
facet normal -4.4163247300982404e-7 0.07845855589034958 -0.9969173762190153
outer loop
vertex -42.39316177368164 60.35087203979492 -8.107487678527832
vertex -61.85542678833008 76.006591796875 -6.8753557205200195
vertex -42.66000747680664 61.09220504760742 -8.04914379119873
endloop
endfacet
facet normal 6.909073751194873e-8 0.0784591868829203 -0.9969173265590614
outer loop
vertex -61.85542678833008 76.006591796875 -6.8753557205200195
vertex -42.39316177368164 60.35087203979492 -8.107487678527832
vertex -42.35131072998047 60.21332550048828 -8.11831283569336
endloop
endfacet
facet normal -1.0125494229015e-7 0.07846039496013708 -0.9969172314804721
outer loop
vertex 73.36640167236328 58.580467224121094 -8.246821403503418
vertex 30.089561462402344 54.76498794555664 -8.547106742858887
vertex 30.542770385742188 55.135780334472656 -8.517924308776855
endloop
endfacet
facet normal 7.774055499775693e-8 0.07845818342353557 -0.9969174055326112
outer loop
vertex 73.36640167236328 58.580467224121094 -8.246821403503418
vertex 30.542770385742188 55.135780334472656 -8.517924308776855
vertex 30.914709091186523 55.587589263916016 -8.482366561889648
endloop
endfacet
facet normal 1.7807377571954987e-7 0.07845676903378668 -0.9969175168451737
outer loop
vertex 73.36640167236328 58.580467224121094 -8.246821403503418
vertex 30.914709091186523 55.587589263916016 -8.482366561889648
vertex 30.958208084106445 55.6544075012207 -8.477108001708984
endloop
endfacet
facet normal 2.150754677715183e-8 0.07845902422310908 -0.99691733936067
outer loop
vertex 73.36640167236328 58.580467224121094 -8.246821403503418
vertex 30.958208084106445 55.6544075012207 -8.477108001708984
vertex 31.990215301513672 57.28693771362305 -8.348625183105469
endloop
endfacet
facet normal 7.90879540685444e-9 0.07845919266116995 -0.9969173261043052
outer loop
vertex 31.990215301513672 57.28693771362305 -8.348625183105469
vertex 34.86630630493164 58.60091781616211 -8.24521255493164
vertex 63.63507080078125 58.414207458496094 -8.259906768798828
endloop
endfacet
facet normal 0.000004739361078851287 0.07846465322240183 -0.9969168963219686
outer loop
vertex -61.27783966064453 44.035587310791016 -9.391529083251953
vertex -76.80685424804688 57.30532455444336 -8.347177505493164
vertex -61.115535736083984 43.949100494384766 -9.398335456848145
endloop
endfacet
facet normal 0.000029606282025075166 0.07849368775640138 -0.9969146102379424
outer loop
vertex -76.80685424804688 57.30532455444336 -8.347177505493164
vertex -60.66232681274414 43.57830810546875 -9.42751693725586
vertex -61.115535736083984 43.949100494384766 -9.398335456848145
endloop
endfacet
facet normal -3.958073609810292e-9 0.07845952373868688 -0.9969173000478518
outer loop
vertex 31.990215301513672 57.28693771362305 -8.348625183105469
vertex 63.63507080078125 58.414207458496094 -8.259906768798828
vertex 63.82266616821289 58.357303619384766 -8.264385223388672
endloop
endfacet
facet normal -1.166343105762382e-7 0.07845878575282551 -0.9969173581286358
outer loop
vertex 14.481371879577637 57.106956481933594 -8.362789154052734
vertex 11.66647720336914 58.57997131347656 -8.24686050415039
vertex 13.22004508972168 58.111324310302734 -8.283743858337402
endloop
endfacet
facet normal -3.865886908206551e-7 0.07847083303553787 -0.9969164099173807
outer loop
vertex 31.990215301513672 57.28693771362305 -8.348625183105469
vertex 63.82266616821289 58.357303619384766 -8.264385223388672
vertex 64.01775360107422 58.33808898925781 -8.265897750854492
endloop
endfacet
facet normal 2.7299169711099402e-8 0.07845905911294838 -0.9969173366147818
outer loop
vertex 14.481371879577637 57.106956481933594 -8.362789154052734
vertex -8.462271690368652 58.52604293823242 -8.251105308532715
vertex 11.66647720336914 58.57997131347656 -8.24686050415039
endloop
endfacet
facet normal -5.841441908304585e-9 0.0784570870345646 -0.9969174918186815
outer loop
vertex 63.63507080078125 58.414207458496094 -8.259906768798828
vertex 34.86630630493164 58.60091781616211 -8.24521255493164
vertex 63.46218490600586 58.50661849975586 -8.252634048461914
endloop
endfacet
facet normal 5.945334750163246e-9 0.07846063932335726 -0.996917212248324
outer loop
vertex 63.46218490600586 58.50661849975586 -8.252634048461914
vertex 34.86630630493164 58.60091781616211 -8.24521255493164
vertex 63.365726470947266 58.58578109741211 -8.246403694152832
endloop
endfacet
facet normal 3.8535120905590437e-7 0.07844745757809077 -0.99691824960695
outer loop
vertex 73.36640167236328 58.580467224121094 -8.246821403503418
vertex 31.990215301513672 57.28693771362305 -8.348625183105469
vertex 64.01775360107422 58.33808898925781 -8.265897750854492
endloop
endfacet
facet normal 9.741874532636195e-8 0.07845935655730571 -0.9969173132053653
outer loop
vertex 77.18407440185547 54.95511245727539 -8.532143592834473
vertex 73.36640167236328 58.580467224121094 -8.246821403503418
vertex 75.66716003417969 57.640506744384766 -8.32079792022705
endloop
endfacet
facet normal -1.9899178313232266e-7 0.07845919015286403 -0.9969173263016934
outer loop
vertex 77.18407440185547 54.95511245727539 -8.532143592834473
vertex 75.66716003417969 57.640506744384766 -8.32079792022705
vertex 76.66429901123047 56.47707748413086 -8.412362098693848
endloop
endfacet
facet normal -4.4276368927364756e-7 0.078479201737594 -0.996915751151738
outer loop
vertex 73.36640167236328 58.580467224121094 -8.246821403503418
vertex 64.01775360107422 58.33808898925781 -8.265897750854492
vertex 64.21284484863281 58.357303619384766 -8.264385223388672
endloop
endfacet
facet normal 4.3103931798394034e-8 0.07845939548351023 -0.9969173101417992
outer loop
vertex 73.36640167236328 58.580467224121094 -8.246821403503418
vertex 64.21284484863281 58.357303619384766 -8.264385223388672
vertex 64.40043640136719 58.414207458496094 -8.259906768798828
endloop
endfacet
facet normal 8.906280684404687e-8 0.07845693229576506 -0.9969175039965593
outer loop
vertex 73.36640167236328 58.580467224121094 -8.246821403503418
vertex 64.40043640136719 58.414207458496094 -8.259906768798828
vertex 64.57332611083984 58.50661849975586 -8.252634048461914
endloop
endfacet
facet normal 2.7966106463490696e-8 0.07846416221625317 -0.9969169349788882
outer loop
vertex 73.36640167236328 58.580467224121094 -8.246821403503418
vertex 64.57332611083984 58.50661849975586 -8.252634048461914
vertex 64.66893768310547 58.585086822509766 -8.246458053588867
endloop
endfacet
facet normal 1.127341925977178e-7 0.07845920202143021 -0.9969173253676292
outer loop
vertex -42.78834533691406 61.513973236083984 -8.015950202941895
vertex -44.56971740722656 66.05245208740234 -7.658763885498047
vertex -42.84517288208008 62.03396224975586 -7.9750261306762695
endloop
endfacet
facet normal -2.207404865701128e-9 0.07845909519749504 -0.9969173337748674
outer loop
vertex -36.565101623535156 -75.81820678710938 -18.82422637939453
vertex -59.594181060791016 40.2906379699707 -9.686262130737305
vertex 36.769996643066406 -72.20365142822266 -18.53975486755371
endloop
endfacet
facet normal -0.0000013601388547997395 0.0784585689438151 -0.9969173751908623
outer loop
vertex 29.490358352661133 54.39046096801758 -8.576581954956055
vertex 30.031511306762695 54.73405456542969 -8.549541473388672
vertex 77.20673370361328 -67.11978912353516 -18.139646530151367
endloop
endfacet
facet normal 1.872445193276405e-8 0.07845909947913389 -0.996917333437895
outer loop
vertex 30.031511306762695 54.73405456542969 -8.549541473388672
vertex 73.36640167236328 58.580467224121094 -8.246821403503418
vertex 77.20673370361328 -67.11978912353516 -18.139646530151367
endloop
endfacet
facet normal -1.532092735122036e-7 0.07845909425863443 -0.9969173338487456
outer loop
vertex 77.20673370361328 -67.11978912353516 -18.139646530151367
vertex 73.36640167236328 58.580467224121094 -8.246821403503418
vertex 77.18407440185547 54.95511245727539 -8.532143592834473
endloop
endfacet
facet normal 1.8170904596037865e-8 0.07845922890188856 -0.9969173232520944
outer loop
vertex -8.462271690368652 58.52604293823242 -8.251105308532715
vertex 17.006847381591797 54.30908966064453 -8.582986831665039
vertex -10.313403129577637 57.815711975097656 -8.30700969696045
endloop
endfacet
facet normal 1.2037658242528173e-7 0.07845928109625096 -0.9969173191442934
outer loop
vertex -76.80685424804688 57.30532455444336 -8.347177505493164
vertex -61.27783966064453 44.035587310791016 -9.391529083251953
vertex -75.37698364257812 52.238525390625 -8.745944023132324
endloop
endfacet
facet normal 3.369804097189156e-8 0.07845939549442067 -0.9969173101409409
outer loop
vertex -11.871184349060059 57.655006408691406 -8.319657325744629
vertex -30.010116577148438 59.10680389404297 -8.205398559570312
vertex -27.013437271118164 60.09427261352539 -8.12768268585205
endloop
endfacet
facet normal -3.350511613374007e-8 0.07845923793755659 -0.9969173225409702
outer loop
vertex -77.05213165283203 54.85127639770508 -8.540315628051758
vertex -76.80685424804688 57.30532455444336 -8.347177505493164
vertex -75.37698364257812 52.238525390625 -8.745944023132324
endloop
endfacet
facet normal -0.0000012430349212331347 0.07845846722919972 -0.9969173831960697
outer loop
vertex -75.37698364257812 52.238525390625 -8.745944023132324
vertex -76.49083709716797 53.42412567138672 -8.652634620666504
vertex -77.05213165283203 54.85127639770508 -8.540315628051758
endloop
endfacet
facet normal -0.00002519816179053882 0.07846030308282648 -0.9969172383930391
outer loop
vertex -59.0258903503418 34.976661682128906 -10.10448169708252
vertex -64.1832046508789 -71.60472869873047 -18.492618560791016
vertex -59.0627555847168 34.74433517456055 -10.12276554107666
endloop
endfacet
facet normal -4.717110151080365e-8 0.07845919007576474 -0.9969173263077801
outer loop
vertex -63.213924407958984 30.91676139831543 -10.424002647399902
vertex -61.99243927001953 31.963659286499023 -10.341609954833984
vertex -64.15479278564453 28.613780975341797 -10.60525131225586
endloop
endfacet
facet normal -6.092031361089809e-7 0.07845955063531335 -0.9969172979308432
outer loop
vertex -64.15479278564453 28.613780975341797 -10.60525131225586
vertex -61.99243927001953 31.963659286499023 -10.341609954833984
vertex -60.610687255859375 32.683631896972656 -10.284947395324707
endloop
endfacet
facet normal 0.000001332510974507495 0.07845787016147841 -0.9969174301856443
outer loop
vertex -60.610687255859375 32.683631896972656 -10.284947395324707
vertex -60.334468841552734 32.84695053100586 -10.272093772888184
vertex -64.15479278564453 28.613780975341797 -10.60525131225586
endloop
endfacet
facet normal 0.0000037966483906903935 0.0784556600309549 -0.9969176041151508
outer loop
vertex -59.881263732910156 33.217742919921875 -10.242911338806152
vertex -64.15479278564453 28.613780975341797 -10.60525131225586
vertex -60.334468841552734 32.84695053100586 -10.272093772888184
endloop
endfacet
facet normal 2.0707136635554293e-8 0.0784591159283913 -0.9969173321433101
outer loop
vertex 77.20673370361328 -67.11978912353516 -18.139646530151367
vertex -40.556983947753906 58.53352737426758 -8.250515937805176
vertex -34.868194580078125 56.591793060302734 -8.40333366394043
endloop
endfacet
facet normal 0.0000013559529608034843 0.07845915736110873 -0.9969173288815608
outer loop
vertex -59.47154998779297 37.765472412109375 -9.884997367858887
vertex -59.7186279296875 39.44485092163086 -9.752827644348145
vertex -59.15951156616211 36.99897003173828 -9.945322036743164
endloop
endfacet
facet normal -0.000003065358346961943 0.07845869974529272 -0.9969173648928389
outer loop
vertex -58.997459411621094 36.45943832397461 -9.987784385681152
vertex -59.15951156616211 36.99897003173828 -9.945322036743164
vertex -59.594181060791016 40.2906379699707 -9.686262130737305
endloop
endfacet
facet normal 0.0000018573724272738346 0.07845946175678388 -0.9969173049242278
outer loop
vertex -59.594181060791016 40.2906379699707 -9.686262130737305
vertex -36.565101623535156 -75.81820678710938 -18.82422637939453
vertex -58.997459411621094 36.45943832397461 -9.987784385681152
endloop
endfacet
facet normal 0.0000026340334859586083 0.07845944772533772 -0.9969173060267822
outer loop
vertex -59.594181060791016 40.2906379699707 -9.686262130737305
vertex -59.15951156616211 36.99897003173828 -9.945322036743164
vertex -59.7186279296875 39.44485092163086 -9.752827644348145
endloop
endfacet
facet normal -0.0000011424485446496997 0.07845812446362382 -0.9969174101721493
outer loop
vertex 36.769996643066406 -72.20365142822266 -18.53975486755371
vertex -59.594181060791016 40.2906379699707 -9.686262130737305
vertex -59.56251907348633 40.723350524902344 -9.652207374572754
endloop
endfacet
facet normal -1.3389730989156997e-7 0.07845898538603858 -0.9969173424172014
outer loop
vertex -59.6199836730957 41.30501937866211 -9.606429100036621
vertex 37.95139694213867 -71.35662078857422 -18.473093032836914
vertex -59.56251907348633 40.723350524902344 -9.652207374572754
endloop
endfacet
facet normal -6.260604900672279e-7 0.07845856176860849 -0.9969173757562907
outer loop
vertex 37.95139694213867 -71.35662078857422 -18.473093032836914
vertex -59.6199836730957 41.30501937866211 -9.606429100036621
vertex -59.674991607666016 41.48579025268555 -9.592202186584473
endloop
endfacet
facet normal 3.320612507990449e-8 0.07845910875868146 -0.9969173327075782
outer loop
vertex 28.47030258178711 53.97620391845703 -8.609185218811035
vertex 29.031347274780273 54.1458740234375 -8.595831871032715
vertex 77.20673370361328 -67.11978912353516 -18.139646530151367
endloop
endfacet
facet normal -1.3380751781675671e-8 0.07845884799433303 -0.996917353230147
outer loop
vertex 33.6207389831543 -75.93878936767578 -18.833717346191406
vertex -36.565101623535156 -75.81820678710938 -18.82422637939453
vertex 34.560157775878906 -75.70860290527344 -18.815601348876953
endloop
endfacet
facet normal -1.4735345629750472e-8 0.0784597216204704 -0.9969172844741122
outer loop
vertex 34.560157775878906 -75.70860290527344 -18.815601348876953
vertex -36.565101623535156 -75.81820678710938 -18.82422637939453
vertex 35.25325393676758 -75.17276763916016 -18.77342987060547
endloop
endfacet
facet normal 0.0000010491006413499467 0.07845906998993227 -0.9969173357581932
outer loop
vertex -61.034278869628906 -75.77616119384766 -18.8209171295166
vertex -62.630062103271484 -74.9649887084961 -18.757078170776367
vertex -59.0258903503418 34.976661682128906 -10.10448169708252
endloop
endfacet
facet normal -0.000001849840306756583 0.07845916443960776 -0.9969173283236763
outer loop
vertex -62.630062103271484 -74.9649887084961 -18.757078170776367
vertex -63.7441520690918 -73.54432678222656 -18.645267486572266
vertex -59.0258903503418 34.976661682128906 -10.10448169708252
endloop
endfacet
facet normal -1.189308800342739e-8 0.0784594073077866 -0.9969173092112056
outer loop
vertex 35.25325393676758 -75.17276763916016 -18.77342987060547
vertex -36.565101623535156 -75.81820678710938 -18.82422637939453
vertex 35.9905891418457 -73.30947875976562 -18.626785278320312
endloop
endfacet
facet normal 8.518885206798692e-7 0.0784345793748618 -0.9969192629082672
outer loop
vertex 35.9905891418457 -73.30947875976562 -18.626785278320312
vertex -36.565101623535156 -75.81820678710938 -18.82422637939453
vertex 36.009586334228516 -73.26264190673828 -18.62310028076172
endloop
endfacet
facet normal -1.1058567463593867e-7 0.0784617441457595 -0.9969171252945718
outer loop
vertex 36.009586334228516 -73.26264190673828 -18.62310028076172
vertex -36.565101623535156 -75.81820678710938 -18.82422637939453
vertex 36.28596115112305 -72.74717712402344 -18.582530975341797
endloop
endfacet
facet normal 0.0000013942434235682939 0.07845902426206054 -0.9969173393566296
outer loop
vertex -59.0258903503418 34.976661682128906 -10.10448169708252
vertex -63.7441520690918 -73.54432678222656 -18.645267486572266
vertex -64.1832046508789 -71.60472869873047 -18.492618560791016
endloop
endfacet
facet normal -7.753575388962168e-9 0.07845908662031816 -0.9969173344499057
outer loop
vertex -36.565101623535156 -75.81820678710938 -18.82422637939453
vertex -61.034278869628906 -75.77616119384766 -18.8209171295166
vertex -58.96059036254883 35.52842712402344 -10.061057090759277
endloop
endfacet
facet normal 7.795310894255034e-8 0.07845909058251616 -0.996917334138071
outer loop
vertex -64.1832046508789 -71.60472869873047 -18.492618560791016
vertex -64.15479278564453 28.613780975341797 -10.60525131225586
vertex -59.881263732910156 33.217742919921875 -10.242911338806152
endloop
endfacet
facet normal -2.3197703358768276e-7 0.07845900268974991 -0.9969173410553535
outer loop
vertex 77.20673370361328 -67.11978912353516 -18.139646530151367
vertex 27.905776977539062 53.9207763671875 -8.613547325134277
vertex 28.47030258178711 53.97620391845703 -8.609185218811035
endloop
endfacet
facet normal 4.929330688120351e-7 0.07845801042919721 -0.9969174191472677
outer loop
vertex -30.010116577148438 59.10680389404297 -8.205398559570312
vertex -28.624555587768555 59.88234329223633 -8.144362449645996
vertex -27.013437271118164 60.09427261352539 -8.12768268585205
endloop
endfacet
facet normal -0.000001936143828384533 0.07845917273258507 -0.9969173276708404
outer loop
vertex -64.1832046508789 -71.60472869873047 -18.492618560791016
vertex -59.881263732910156 33.217742919921875 -10.242911338806152
vertex -59.50932312011719 33.6695556640625 -10.207353591918945
endloop
endfacet
facet normal 0.000001564934463178518 0.07845901825147683 -0.9969173398294191
outer loop
vertex -64.1832046508789 -71.60472869873047 -18.492618560791016
vertex -59.50932312011719 33.6695556640625 -10.207353591918945
vertex -59.232948303222656 34.185020446777344 -10.16678524017334
endloop
endfacet
facet normal -0.000004902468250695012 0.07845917725024083 -0.9969173273051187
outer loop
vertex -61.034278869628906 -75.77616119384766 -18.8209171295166
vertex -59.0258903503418 34.976661682128906 -10.10448169708252
vertex -58.96059036254883 35.52842712402344 -10.061057090759277
endloop
endfacet
facet normal 0.000004693291985092771 0.07845887276551994 -0.9969173512695709
outer loop
vertex -64.1832046508789 -71.60472869873047 -18.492618560791016
vertex -59.232948303222656 34.185020446777344 -10.16678524017334
vertex -59.0627555847168 34.74433517456055 -10.12276554107666
endloop
endfacet
facet normal 1.5992791412690174e-7 0.07845536651637251 -0.996917627221405
outer loop
vertex 36.28596115112305 -72.74717712402344 -18.582530975341797
vertex -36.565101623535156 -75.81820678710938 -18.82422637939453
vertex 36.65789794921875 -72.29536437988281 -18.546974182128906
endloop
endfacet
facet normal -7.713028859212161e-7 0.07847460317944664 -0.9969161131485604
outer loop
vertex 36.65789794921875 -72.29536437988281 -18.546974182128906
vertex -36.565101623535156 -75.81820678710938 -18.82422637939453
vertex 36.769996643066406 -72.20365142822266 -18.53975486755371
endloop
endfacet
facet normal -1.8196822534787136e-8 0.07845908922841895 -0.9969173342446437
outer loop
vertex 77.20673370361328 -67.11978912353516 -18.139646530151367
vertex 18.76417350769043 53.86302185058594 -8.61809253692627
vertex 27.905776977539062 53.9207763671875 -8.613547325134277
endloop
endfacet
facet normal 6.781499888742204e-10 0.07845909345401805 -0.996917333912082
outer loop
vertex 77.20673370361328 -67.11978912353516 -18.139646530151367
vertex -10.313403129577637 57.815711975097656 -8.30700969696045
vertex 17.006847381591797 54.30908966064453 -8.582986831665039
endloop
endfacet
facet normal -4.925741815979984e-7 0.07845850608538166 -0.9969173801386991
outer loop
vertex -76.80685424804688 57.30532455444336 -8.347177505493164
vertex 75.78246307373047 -69.87564849853516 -18.356536865234375
vertex -60.66232681274414 43.57830810546875 -9.42751693725586
endloop
endfacet
facet normal -1.8903724138353285e-9 0.07845909504551339 -0.9969173337868288
outer loop
vertex -76.80685424804688 57.30532455444336 -8.347177505493164
vertex -66.27766418457031 75.20733642578125 -6.938258647918701
vertex 77.20673370361328 -67.11978912353516 -18.139646530151367
endloop
endfacet
facet normal -3.292405868993262e-7 0.07845869937710967 -0.9969173649264738
outer loop
vertex -59.86458969116211 42.1971435546875 -9.53621768951416
vertex 73.53108215332031 -70.89178466796875 -18.436508178710938
vertex -59.674991607666016 41.48579025268555 -9.592202186584473
endloop
endfacet
facet normal -6.36251692243296e-7 0.07845833946698456 -0.9969173932516568
outer loop
vertex 73.53108215332031 -70.89178466796875 -18.436508178710938
vertex -59.86458969116211 42.1971435546875 -9.53621768951416
vertex -59.979774475097656 42.575687408447266 -9.506425857543945
endloop
endfacet
facet normal 0.000006520354903756354 0.07846039155427455 -0.9969172317272056
outer loop
vertex -58.96059036254883 35.52842712402344 -10.061057090759277
vertex -58.93999099731445 35.877769470214844 -10.033562660217285
vertex -36.565101623535156 -75.81820678710938 -18.82422637939453
endloop
endfacet
facet normal -9.406683752695482e-7 0.07845890616746969 -0.996917348651391
outer loop
vertex -36.565101623535156 -75.81820678710938 -18.82422637939453
vertex -58.93999099731445 35.877769470214844 -10.033562660217285
vertex -58.997459411621094 36.45943832397461 -9.987784385681152
endloop
endfacet
facet normal 1.3903648319352153e-9 0.07845777796078167 -0.9969174374427687
outer loop
vertex -11.871184349060059 57.655006408691406 -8.319657325744629
vertex -31.39940071105957 57.46102523803711 -8.33492374420166
vertex -31.21472930908203 57.66282272338867 -8.319042205810547
endloop
endfacet
facet normal -2.38262105317818e-8 0.07846030090381409 -0.9969172388829889
outer loop
vertex -11.871184349060059 57.655006408691406 -8.319657325744629
vertex -31.852609634399414 57.090232849121094 -8.364106178283691
vertex -31.39940071105957 57.46102523803711 -8.33492374420166
endloop
endfacet
facet normal 9.726145255143596e-8 0.07845604325027711 -0.9969175739636157
outer loop
vertex -11.871184349060059 57.655006408691406 -8.319657325744629
vertex -32.38425827026367 56.80873107910156 -8.386260032653809
vertex -31.852609634399414 57.090232849121094 -8.364106178283691
endloop
endfacet
facet normal -1.499613512861753e-7 0.07846199885565568 -0.9969171052477495
outer loop
vertex -32.769500732421875 56.65201950073242 -8.39859390258789
vertex -32.38425827026367 56.80873107910156 -8.386260032653809
vertex -11.871184349060059 57.655006408691406 -8.319657325744629
endloop
endfacet
facet normal 0.0000012075680376152992 0.07846049563170875 -0.9969172235565841
outer loop
vertex 73.53108215332031 -70.89178466796875 -18.436508178710938
vertex -59.979774475097656 42.575687408447266 -9.506425857543945
vertex -60.25615310668945 43.09115219116211 -9.46585750579834
endloop
endfacet
facet normal 0.0000027747013118354333 0.07846232372740233 -0.9969170796749334
outer loop
vertex 73.53108215332031 -70.89178466796875 -18.436508178710938
vertex -60.25615310668945 43.09115219116211 -9.46585750579834
vertex -60.59489059448242 43.50263595581055 -9.433472633361816
endloop
endfacet
facet normal 6.638410966998577e-8 0.0784596871442393 -0.9969172871874696
outer loop
vertex -8.462271690368652 58.52604293823242 -8.251105308532715
vertex 14.481371879577637 57.106956481933594 -8.362789154052734
vertex 15.556889533996582 55.467689514160156 -8.491803169250488
endloop
endfacet
facet normal 0.000007140995504058255 0.07846763003858186 -0.9969166620059745
outer loop
vertex -60.59489059448242 43.50263595581055 -9.433472633361816
vertex -60.66232681274414 43.57830810546875 -9.42751693725586
vertex 75.78246307373047 -69.87564849853516 -18.356536865234375
endloop
endfacet
facet normal -2.4612565742898456e-7 0.07845742470290418 -0.9969174652442033
outer loop
vertex -8.462271690368652 58.52604293823242 -8.251105308532715
vertex 15.945016860961914 54.9914665222168 -8.529282569885254
vertex 16.398225784301758 54.62067413330078 -8.558464050292969
endloop
endfacet
facet normal -5.855425012253667e-8 0.07845871196543151 -0.9969173639358088
outer loop
vertex 15.945016860961914 54.9914665222168 -8.529282569885254
vertex -8.462271690368652 58.52604293823242 -8.251105308532715
vertex 15.556889533996582 55.467689514160156 -8.491803169250488
endloop
endfacet
facet normal 9.801717319644813e-7 0.07846500332718831 -0.9969168687768822
outer loop
vertex 17.006847381591797 54.30908966064453 -8.582986831665039
vertex -8.462271690368652 58.52604293823242 -8.251105308532715
vertex 16.915287017822266 54.345149993896484 -8.580148696899414
endloop
endfacet
facet normal 0.000004896320412902227 0.07846367147431 -0.996916973591481
outer loop
vertex -41.249786376953125 58.8752555847168 -8.223621368408203
vertex 77.20673370361328 -67.11978912353516 -18.139646530151367
vertex -41.70299530029297 59.24604797363281 -8.194439888000488
endloop
endfacet
facet normal 3.69346527787854e-7 0.07846131851044193 -0.996917158793782
outer loop
vertex 16.915287017822266 54.345149993896484 -8.580148696899414
vertex -8.462271690368652 58.52604293823242 -8.251105308532715
vertex 16.398225784301758 54.62067413330078 -8.558464050292969
endloop
endfacet
facet normal -0.0000016473469800529555 0.07845755720019724 -0.9969174548153242
outer loop
vertex 77.20673370361328 -67.11978912353516 -18.139646530151367
vertex -41.249786376953125 58.8752555847168 -8.223621368408203
vertex -40.73272705078125 58.5997314453125 -8.245306015014648
endloop
endfacet
facet normal 0.0000039515155044568994 0.07846277724749638 -0.9969170439765764
outer loop
vertex 77.20673370361328 -67.11978912353516 -18.139646530151367
vertex -40.73272705078125 58.5997314453125 -8.245306015014648
vertex -40.556983947753906 58.53352737426758 -8.250515937805176
endloop
endfacet
facet normal -2.777199255805235e-7 0.07845881868492978 -0.9969173555368008
outer loop
vertex 77.20673370361328 -67.11978912353516 -18.139646530151367
vertex -66.27766418457031 75.20733642578125 -6.938258647918701
vertex -64.98394012451172 76.02650451660156 -6.873789310455322
endloop
endfacet
facet normal 9.4645284411949e-8 0.07845918628738534 -0.996917326605929
outer loop
vertex 77.20673370361328 -67.11978912353516 -18.139646530151367
vertex -64.98394012451172 76.02650451660156 -6.873789310455322
vertex -63.431209564208984 76.3170394897461 -6.850923538208008
endloop
endfacet
facet normal 4.551580843418013e-7 0.07845953758952656 -0.9969172989576571
outer loop
vertex 77.20673370361328 -67.11978912353516 -18.139646530151367
vertex -63.431209564208984 76.3170394897461 -6.850923538208008
vertex -61.85542678833008 76.006591796875 -6.8753557205200195
endloop
endfacet
facet normal -1.859688773884005e-7 0.07845891850263473 -0.9969173476810215
outer loop
vertex 77.20673370361328 -67.11978912353516 -18.139646530151367
vertex -61.85542678833008 76.006591796875 -6.8753557205200195
vertex -41.70299530029297 59.24604797363281 -8.194439888000488
endloop
endfacet
facet normal 7.566802383281801e-7 0.07845946124014426 -0.9969173049663315
outer loop
vertex 77.20673370361328 -67.11978912353516 -18.139646530151367
vertex 18.161766052246094 53.918453216552734 -8.613730430603027
vertex 18.76417350769043 53.86302185058594 -8.61809253692627
endloop
endfacet
facet normal -4.841073731920083e-7 0.07845885968421464 -0.9969173523100188
outer loop
vertex 77.20673370361328 -67.11978912353516 -18.139646530151367
vertex 17.692283630371094 54.052059173583984 -8.603215217590332
vertex 18.161766052246094 53.918453216552734 -8.613730430603027
endloop
endfacet
facet normal 6.278602522826439e-7 0.07845940247332234 -0.9969173095914902
outer loop
vertex 77.20673370361328 -67.11978912353516 -18.139646530151367
vertex 17.006847381591797 54.30908966064453 -8.582986831665039
vertex 17.692283630371094 54.052059173583984 -8.603215217590332
endloop
endfacet
facet normal -2.0417330849716574e-7 0.07845895083432827 -0.9969173451364636
outer loop
vertex 77.20673370361328 -67.11978912353516 -18.139646530151367
vertex -10.810359001159668 57.665428161621094 -8.31883716583252
vertex -10.313403129577637 57.815711975097656 -8.30700969696045
endloop
endfacet
facet normal 3.5229119980482603e-7 0.07845934091967705 -0.9969173144360196
outer loop
vertex 77.20673370361328 -67.11978912353516 -18.139646530151367
vertex -11.39382553100586 57.60813903808594 -8.323346138000488
vertex -10.810359001159668 57.665428161621094 -8.31883716583252
endloop
endfacet
facet normal -6.069536453043035e-7 0.07845866371408951 -0.9969173677330689
outer loop
vertex -11.871184349060059 57.655006408691406 -8.319657325744629
vertex -11.39382553100586 57.60813903808594 -8.323346138000488
vertex 77.20673370361328 -67.11978912353516 -18.139646530151367
endloop
endfacet
facet normal -9.378996848893532e-9 0.07845908770219472 -0.9969173343647604
outer loop
vertex 77.20673370361328 -67.11978912353516 -18.139646530151367
vertex -32.769500732421875 56.65201950073242 -8.39859390258789
vertex -11.871184349060059 57.655006408691406 -8.319657325744629
endloop
endfacet
facet normal -4.960530814990515e-7 0.07845865793462452 -0.9969173681879815
outer loop
vertex 77.20673370361328 -67.11978912353516 -18.139646530151367
vertex -33.315956115722656 56.48833084106445 -8.411476135253906
vertex -32.769500732421875 56.65201950073242 -8.39859390258789
endloop
endfacet
facet normal 3.4585196713383494e-7 0.07845940607976316 -0.9969173093077937
outer loop
vertex 77.20673370361328 -67.11978912353516 -18.139646530151367
vertex -33.8994255065918 56.4310417175293 -8.415985107421875
vertex -33.315956115722656 56.48833084106445 -8.411476135253906
endloop
endfacet
facet normal -4.1284549107234905e-7 0.07845872800217465 -0.9969173626736121
outer loop
vertex 77.20673370361328 -67.11978912353516 -18.139646530151367
vertex -34.48289108276367 56.48833084106445 -8.411476135253906
vertex -33.8994255065918 56.4310417175293 -8.415985107421875
endloop
endfacet
facet normal 6.22600547905015e-7 0.07845965784937797 -0.9969172894928501
outer loop
vertex 77.20673370361328 -67.11978912353516 -18.139646530151367
vertex -34.868194580078125 56.591793060302734 -8.40333366394043
vertex -34.48289108276367 56.48833084106445 -8.411476135253906
endloop
endfacet
facet normal 0 0 1
outer loop
vertex 35.0260124206543 56.86151885986328 -4.099999904632568
vertex 34.56623458862305 56.82181930541992 -4.099999904632568
vertex 75.71886444091797 -67.15620422363281 -4.099999904632568
endloop
endfacet
facet normal 0 0 1
outer loop
vertex 34.56623458862305 56.82181930541992 -4.099999904632568
vertex 34.07273483276367 56.687355041503906 -4.099999904632568
vertex 75.71886444091797 -67.15620422363281 -4.099999904632568
endloop
endfacet
facet normal 0 0 1
outer loop
vertex 13.976011276245117 52.11151885986328 -4.099999904632568
vertex 75.45588684082031 -68.14005279541016 -4.099999904632568
vertex 75.63418579101562 -67.66063690185547 -4.099999904632568
endloop
endfacet
facet normal 0 0 1
outer loop
vertex 13.976011276245117 52.11151885986328 -4.099999904632568
vertex 75.63418579101562 -67.66063690185547 -4.099999904632568
vertex 75.71886444091797 -67.15620422363281 -4.099999904632568
endloop
endfacet
facet normal -0.9999999642676703 -0.0002673287452984189 0
outer loop
vertex 75.71886444091797 -67.15620422363281 -4.099999904632568
vertex 75.71886444091797 -67.15620422363281 0
vertex 75.68630981445312 54.62129211425781 0
endloop
endfacet
facet normal -0.5191089094606629 -0.854708102289057 0
outer loop
vertex 74.20257568359375 56.591392517089844 0
vertex 74.20257568359375 56.591392517089844 -4.099999904632568
vertex 74.63975524902344 56.325870513916016 0
endloop
endfacet
facet normal -0.34858684363133263 -0.9372764866607638 0
outer loop
vertex 73.7231674194336 56.769691467285156 0
vertex 73.7231674194336 56.769691467285156 -4.099999904632568
vertex 74.20257568359375 56.591392517089844 0
endloop
endfacet
facet normal -0.16555264734385197 -0.9862009536384775 0
outer loop
vertex 73.21873474121094 56.8543701171875 0
vertex 73.21873474121094 56.8543701171875 -4.099999904632568
vertex 73.7231674194336 56.769691467285156 0
endloop
endfacet
facet normal 0.2628870608150256 -0.9648266130533698 0
outer loop
vertex -60.92726516723633 30.562355041503906 0
vertex -60.92726516723633 30.562355041503906 -4.099999904632568
vertex -60.43376541137695 30.696819305419922 0
endloop
endfacet
facet normal 0 0 1
outer loop
vertex 13.976011276245117 52.11151885986328 -4.099999904632568
vertex 74.84715270996094 -68.95648193359375 -4.099999904632568
vertex 75.19036102294922 -68.57722473144531 -4.099999904632568
endloop
endfacet
facet normal 0.9670030106006073 -0.2547649455662251 0
outer loop
vertex -75.61526489257812 55.871707916259766 0
vertex -75.61526489257812 55.871707916259766 -4.099999904632568
vertex -75.48495483398438 56.3663215637207 0
endloop
endfacet
facet normal 0.9976983935421772 -0.06780793112430836 0
outer loop
vertex -75.64994812011719 55.361392974853516 0
vertex -75.64994812011719 55.361392974853516 -4.099999904632568
vertex -75.61526489257812 55.871707916259766 0
endloop
endfacet
facet normal -0.9648290200702897 -0.26287822661872295 0
outer loop
vertex 75.55184936523438 55.11479568481445 0
vertex 75.55184936523438 55.11479568481445 -4.099999904632568
vertex 75.68630981445312 54.62129211425781 0
endloop
endfacet
facet normal 0.9925798504515438 0.12159457421115012 0
outer loop
vertex -75.58775329589844 54.853694915771484 0
vertex -75.58775329589844 54.853694915771484 -4.099999904632568
vertex -75.64994812011719 55.361392974853516 0
endloop
endfacet
facet normal 0.8769207116568429 0.4806350647500204 0
outer loop
vertex -75.1850814819336 53.918296813964844 0
vertex -75.1850814819336 53.918296813964844 -4.099999904632568
vertex -75.43092346191406 54.36683654785156 0
endloop
endfacet
facet normal 0.951834921488455 0.3066109623530551 0
outer loop
vertex -75.43092346191406 54.36683654785156 0
vertex -75.43092346191406 54.36683654785156 -4.099999904632568
vertex -75.58775329589844 54.853694915771484 0
endloop
endfacet
facet normal 0.7705294633941847 0.6374043818812903 0
outer loop
vertex -74.85905456542969 53.52417755126953 0
vertex -74.85905456542969 53.52417755126953 -4.099999904632568
vertex -75.1850814819336 53.918296813964844 0
endloop
endfacet
facet normal 0.6364856800080895 0.7712885187429149 0
outer loop
vertex -74.46454620361328 53.1986198425293 0
vertex -74.46454620361328 53.1986198425293 -4.099999904632568
vertex -74.85905456542969 53.52417755126953 0
endloop
endfacet
facet normal 0 0 1
outer loop
vertex -46.050479888916016 58.62779235839844 -4.099999904632568
vertex -74.46454620361328 53.1986198425293 -4.099999904632568
vertex -58.129173278808594 43.759090423583984 -4.099999904632568
endloop
endfacet
facet normal 0 0 1
outer loop
vertex -75.48495483398438 56.3663215637207 -4.099999904632568
vertex -75.61526489257812 55.871707916259766 -4.099999904632568
vertex -46.050479888916016 58.62779235839844 -4.099999904632568
endloop
endfacet
facet normal 0 0 1
outer loop
vertex -75.61526489257812 55.871707916259766 -4.099999904632568
vertex -75.64994812011719 55.361392974853516 -4.099999904632568
vertex -46.050479888916016 58.62779235839844 -4.099999904632568
endloop
endfacet
facet normal 0 0 1
outer loop
vertex -75.64994812011719 55.361392974853516 -4.099999904632568
vertex -75.58775329589844 54.853694915771484 -4.099999904632568
vertex -46.050479888916016 58.62779235839844 -4.099999904632568
endloop
endfacet
facet normal 0 0 1
outer loop
vertex -75.58775329589844 54.853694915771484 -4.099999904632568
vertex -75.43092346191406 54.36683654785156 -4.099999904632568
vertex -46.050479888916016 58.62779235839844 -4.099999904632568
endloop
endfacet
facet normal 0 0 1
outer loop
vertex -75.43092346191406 54.36683654785156 -4.099999904632568
vertex -75.1850814819336 53.918296813964844 -4.099999904632568
vertex -46.050479888916016 58.62779235839844 -4.099999904632568
endloop
endfacet
facet normal 0.4401384703277997 -0.8979299120407476 0
outer loop
vertex -61.38655090332031 30.33722686767578 0
vertex -61.38655090332031 30.33722686767578 -4.099999904632568
vertex -60.92726516723633 30.562355041503906 0
endloop
endfacet
facet normal 0.6015965973303076 -0.7988000588887033 0
outer loop
vertex -61.79513168334961 30.02951431274414 0
vertex -61.79513168334961 30.02951431274414 -4.099999904632568
vertex -61.38655090332031 30.33722686767578 0
endloop
endfacet
facet normal 0.7414581212832062 -0.6709991463356553 0
outer loop
vertex -62.138343811035156 29.6502628326416 0
vertex -62.138343811035156 29.6502628326416 -4.099999904632568
vertex -61.79513168334961 30.02951431274414 0
endloop
endfacet
facet normal 0.8547104064197326 -0.5191051157114667 0
outer loop
vertex -62.40386199951172 29.213085174560547 0
vertex -62.40386199951172 29.213085174560547 -4.099999904632568
vertex -62.138343811035156 29.6502628326416 0
endloop
endfacet
facet normal 0.9372769397794737 -0.3485856252882852 0
outer loop
vertex -62.58216094970703 28.733675003051758 0
vertex -62.58216094970703 28.733675003051758 -4.099999904632568
vertex -62.40386199951172 29.213085174560547 0
endloop
endfacet
facet normal 0.9861998381709771 -0.1655592920724737 0
outer loop
vertex -62.66684341430664 28.22924041748047 0
vertex -62.66684341430664 28.22924041748047 -4.099999904632568
vertex -62.58216094970703 28.733675003051758 0
endloop
endfacet
facet normal 0.2628870608150256 -0.9648266130533698 0
outer loop
vertex -60.92726516723633 30.562355041503906 -4.099999904632568
vertex -60.43376541137695 30.696819305419922 -4.099999904632568
vertex -60.43376541137695 30.696819305419922 0
endloop
endfacet
facet normal 0.4401384703277997 -0.8979299120407476 0
outer loop
vertex -61.38655090332031 30.33722686767578 -4.099999904632568
vertex -60.92726516723633 30.562355041503906 -4.099999904632568
vertex -60.92726516723633 30.562355041503906 0
endloop
endfacet
facet normal 0.6015965973303076 -0.7988000588887033 0
outer loop
vertex -61.79513168334961 30.02951431274414 -4.099999904632568
vertex -61.38655090332031 30.33722686767578 -4.099999904632568
vertex -61.38655090332031 30.33722686767578 0
endloop
endfacet
facet normal 0.7414581212832062 -0.6709991463356553 0
outer loop
vertex -62.138343811035156 29.6502628326416 -4.099999904632568
vertex -61.79513168334961 30.02951431274414 -4.099999904632568
vertex -61.79513168334961 30.02951431274414 0
endloop
endfacet
facet normal 0.8547104064197326 -0.5191051157114667 0
outer loop
vertex -62.40386199951172 29.213085174560547 -4.099999904632568
vertex -62.138343811035156 29.6502628326416 -4.099999904632568
vertex -62.138343811035156 29.6502628326416 0
endloop
endfacet
facet normal 0.9372769397794737 -0.3485856252882852 0
outer loop
vertex -62.58216094970703 28.733675003051758 -4.099999904632568
vertex -62.40386199951172 29.213085174560547 -4.099999904632568
vertex -62.40386199951172 29.213085174560547 0
endloop
endfacet
facet normal 0.9861998381709771 -0.1655592920724737 0
outer loop
vertex -62.66684341430664 28.22924041748047 -4.099999904632568
vertex -62.58216094970703 28.733675003051758 -4.099999904632568
vertex -62.58216094970703 28.733675003051758 0
endloop
endfacet
facet normal 0 0 1
outer loop
vertex -74.85905456542969 53.52417755126953 -4.099999904632568
vertex -46.050479888916016 58.62779235839844 -4.099999904632568
vertex -75.1850814819336 53.918296813964844 -4.099999904632568
endloop
endfacet
facet normal 0 0 1
outer loop
vertex -74.85905456542969 53.52417755126953 -4.099999904632568
vertex -74.46454620361328 53.1986198425293 -4.099999904632568
vertex -46.050479888916016 58.62779235839844 -4.099999904632568
endloop
endfacet
facet normal -0.6709969014630188 -0.741460152824835 0
outer loop
vertex 74.63975524902344 56.325870513916016 0
vertex 74.63975524902344 56.325870513916016 -4.099999904632568
vertex 75.01900482177734 55.982662200927734 0
endloop
endfacet
facet normal -0.7987964749261642 -0.6016013560868474 0
outer loop
vertex 75.01900482177734 55.982662200927734 0
vertex 75.01900482177734 55.982662200927734 -4.099999904632568
vertex 75.32672119140625 55.57408142089844 0
endloop
endfacet
facet normal -0.8979299120407476 -0.4401384703277997 0
outer loop
vertex 75.32672119140625 55.57408142089844 0
vertex 75.32672119140625 55.57408142089844 -4.099999904632568
vertex 75.55184936523438 55.11479568481445 0
endloop
endfacet
facet normal 0 1 0
outer loop
vertex 34.326011657714844 -69.66348266601562 -4.099999904632568
vertex 34.326011657714844 -69.66348266601562 0
vertex 58.01775360107422 -69.66348266601562 -4.099999904632568
endloop
endfacet
facet normal 0 0 1
outer loop
vertex 33.62601089477539 -46.96348190307617 -4.099999904632568
vertex 34.326011657714844 -69.66348266601562 -4.099999904632568
vertex 58.01775360107422 -69.46348571777344 -4.099999904632568
endloop
endfacet
facet normal -0.011445030063619872 0.9998992419333417 -0.008397456041649402
outer loop
vertex 73.48578643798828 -69.62378692626953 0
vertex 73.02600860595703 -69.66348266601562 -4.099999904632568
vertex 70.01775360107422 -69.66348266601562 0
endloop
endfacet
facet normal 0 0 1
outer loop
vertex 58.01775360107422 -69.46348571777344 -4.099999904632568
vertex 34.326011657714844 -69.66348266601562 -4.099999904632568
vertex 58.01775360107422 -69.66348266601562 -4.099999904632568
endloop
endfacet
facet normal 0.5003298108179391 0.8658349036663312 0
outer loop
vertex -58.129173278808594 43.759090423583984 -4.099999904632568
vertex -74.46454620361328 53.1986198425293 0
vertex -58.129173278808594 43.759090423583984 0
endloop
endfacet
facet normal -0.2628940033756577 0.9648247213816195 0
outer loop
vertex 73.97928619384766 -69.48931884765625 0
vertex 73.97928619384766 -69.48931884765625 -4.099999904632568
vertex 73.48578643798828 -69.62378692626953 0
endloop
endfacet
facet normal -0.4401355228620362 0.8979313567945838 0
outer loop
vertex 74.4385757446289 -69.26419067382812 0
vertex 74.4385757446289 -69.26419067382812 -4.099999904632568
vertex 73.97928619384766 -69.48931884765625 0
endloop
endfacet
facet normal -0.6015954224932643 0.798800943686943 0
outer loop
vertex 74.84715270996094 -68.95648193359375 0
vertex 74.84715270996094 -68.95648193359375 -4.099999904632568
vertex 74.4385757446289 -69.26419067382812 0
endloop
endfacet
facet normal 0.5003298108179391 0.8658349036663312 0
outer loop
vertex -74.46454620361328 53.1986198425293 0
vertex -58.129173278808594 43.759090423583984 -4.099999904632568
vertex -74.46454620361328 53.1986198425293 -4.099999904632568
endloop
endfacet
facet normal 0.9670030106006073 -0.2547649455662251 0
outer loop
vertex -75.61526489257812 55.871707916259766 -4.099999904632568
vertex -75.48495483398438 56.3663215637207 -4.099999904632568
vertex -75.48495483398438 56.3663215637207 0
endloop
endfacet
facet normal 0.9976983935421772 -0.06780793112430836 0
outer loop
vertex -75.64994812011719 55.361392974853516 -4.099999904632568
vertex -75.61526489257812 55.871707916259766 -4.099999904632568
vertex -75.61526489257812 55.871707916259766 0
endloop
endfacet
facet normal 0.9925798504515438 0.12159457421115012 0
outer loop
vertex -75.58775329589844 54.853694915771484 -4.099999904632568
vertex -75.64994812011719 55.361392974853516 -4.099999904632568
vertex -75.64994812011719 55.361392974853516 0
endloop
endfacet
facet normal 0.951834921488455 0.3066109623530551 0
outer loop
vertex -75.43092346191406 54.36683654785156 -4.099999904632568
vertex -75.58775329589844 54.853694915771484 -4.099999904632568
vertex -75.58775329589844 54.853694915771484 0
endloop
endfacet
facet normal 0.8769207116568429 0.4806350647500204 0
outer loop
vertex -75.1850814819336 53.918296813964844 -4.099999904632568
vertex -75.43092346191406 54.36683654785156 -4.099999904632568
vertex -75.43092346191406 54.36683654785156 0
endloop
endfacet
facet normal 0.6364856800080895 0.7712885187429149 0
outer loop
vertex -74.85905456542969 53.52417755126953 -4.099999904632568
vertex -74.85905456542969 53.52417755126953 0
vertex -74.46454620361328 53.1986198425293 -4.099999904632568
endloop
endfacet
facet normal 0.7705294633941847 0.6374043818812903 0
outer loop
vertex -75.1850814819336 53.918296813964844 -4.099999904632568
vertex -75.1850814819336 53.918296813964844 0
vertex -74.85905456542969 53.52417755126953 -4.099999904632568
endloop
endfacet
facet normal -0.7414668684525779 0.6709894805338809 0
outer loop
vertex 75.19036102294922 -68.57722473144531 0
vertex 75.19036102294922 -68.57722473144531 -4.099999904632568
vertex 74.84715270996094 -68.95648193359375 0
endloop
endfacet
facet normal -0.854700773722292 0.5191209756872817 0
outer loop
vertex 75.45588684082031 -68.14005279541016 0
vertex 75.45588684082031 -68.14005279541016 -4.099999904632568
vertex 75.19036102294922 -68.57722473144531 0
endloop
endfacet
facet normal -0.9372782991070975 0.34858197030670723 0
outer loop
vertex 75.63418579101562 -67.66063690185547 0
vertex 75.63418579101562 -67.66063690185547 -4.099999904632568
vertex 75.45588684082031 -68.14005279541016 0
endloop
endfacet
facet normal -0.9862009536384775 0.16555264734385197 0
outer loop
vertex 75.71886444091797 -67.15620422363281 -4.099999904632568
vertex 75.63418579101562 -67.66063690185547 0
vertex 75.71886444091797 -67.15620422363281 0
endloop
endfacet
facet normal 0 0 1
outer loop
vertex 33.62601089477539 -46.96348190307617 -4.099999904632568
vertex 58.01775360107422 -69.46348571777344 -4.099999904632568
vertex 58.055816650390625 -69.27214050292969 -4.099999904632568
endloop
endfacet
facet normal 0 0 1
outer loop
vertex 33.62601089477539 -46.96348190307617 -4.099999904632568
vertex 58.055816650390625 -69.27214050292969 -4.099999904632568
vertex 58.16419982910156 -69.10993194580078 -4.099999904632568
endloop
endfacet
facet normal 0 0 1
outer loop
vertex 33.62601089477539 -46.96348190307617 -4.099999904632568
vertex 58.16419982910156 -69.10993194580078 -4.099999904632568
vertex 58.326412200927734 -69.00154113769531 -4.099999904632568
endloop
endfacet
facet normal 0.002368619556924904 -0.9999971948167627 0
outer loop
vertex -60.43376541137695 30.696819305419922 -4.099999904632568
vertex -43.673988342285156 30.73651695251465 -4.099999904632568
vertex -60.43376541137695 30.696819305419922 0
endloop
endfacet
facet normal 0.7801173562612875 0.6256332076064214 0
outer loop
vertex -57.78193283081055 37.50167465209961 -4.099999904632568
vertex -57.78193283081055 37.50167465209961 0
vertex -57.4619255065918 37.1026496887207 -4.099999904632568
endloop
endfacet
facet normal 0.884115143330995 0.467269101624336 0
outer loop
vertex -58.020938873291016 37.953895568847656 -4.099999904632568
vertex -58.020938873291016 37.953895568847656 0
vertex -57.78193283081055 37.50167465209961 -4.099999904632568
endloop
endfacet
facet normal 0.4928520511576685 0.8701131280871924 0
outer loop
vertex -57.07240295410156 36.77114486694336 -4.099999904632568
vertex -57.07240295410156 36.77114486694336 0
vertex -56.62734603881836 36.5190544128418 -4.099999904632568
endloop
endfacet
facet normal 0.6481143963395325 0.7615429923894272 0
outer loop
vertex -57.4619255065918 37.1026496887207 -4.099999904632568
vertex -57.4619255065918 37.1026496887207 0
vertex -57.07240295410156 36.77114486694336 -4.099999904632568
endloop
endfacet
facet normal 0.3425093536161286 0.9395144185617704 0
outer loop
vertex -56.62734603881836 36.5190544128418 -4.099999904632568
vertex -56.62734603881836 36.5190544128418 0
vertex -43.70828628540039 31.809282302856445 -4.099999904632568
endloop
endfacet
facet normal 1 0 0
outer loop
vertex -43.673988342285156 30.73651695251465 -4.099999904632568
vertex -43.673988342285156 31.770179748535156 -4.099999904632568
vertex -43.673988342285156 31.770179748535156 0
endloop
endfacet
facet normal 0.7517833510423728 0.6594101857686917 0
outer loop
vertex -43.70828628540039 31.809282302856445 -4.099999904632568
vertex -43.70828628540039 31.809282302856445 0
vertex -43.673988342285156 31.770179748535156 -4.099999904632568
endloop
endfacet
facet normal 0.9563784884777156 0.29213042768099284 0
outer loop
vertex -58.020938873291016 37.953895568847656 0
vertex -58.020938873291016 37.953895568847656 -4.099999904632568
vertex -58.17036056518555 38.44307327270508 0
endloop
endfacet
facet normal 0.7801173562612875 0.6256332076064214 0
outer loop
vertex -57.4619255065918 37.1026496887207 0
vertex -57.4619255065918 37.1026496887207 -4.099999904632568
vertex -57.78193283081055 37.50167465209961 0
endloop
endfacet
facet normal 0.884115143330995 0.467269101624336 0
outer loop
vertex -57.78193283081055 37.50167465209961 0
vertex -57.78193283081055 37.50167465209961 -4.099999904632568
vertex -58.020938873291016 37.953895568847656 0
endloop
endfacet
facet normal -0.7987964749261642 -0.6016013560868474 0
outer loop
vertex 75.01900482177734 55.982662200927734 -4.099999904632568
vertex 75.32672119140625 55.57408142089844 -4.099999904632568
vertex 75.32672119140625 55.57408142089844 0
endloop
endfacet
facet normal -0.8979299120407476 -0.4401384703277997 0
outer loop
vertex 75.32672119140625 55.57408142089844 -4.099999904632568
vertex 75.55184936523438 55.11479568481445 -4.099999904632568
vertex 75.55184936523438 55.11479568481445 0
endloop
endfacet
facet normal -0.9862009536384775 0.16555264734385197 0
outer loop
vertex 75.63418579101562 -67.66063690185547 -4.099999904632568
vertex 75.63418579101562 -67.66063690185547 0
vertex 75.71886444091797 -67.15620422363281 -4.099999904632568
endloop
endfacet
facet normal -0.9372782991070975 0.34858197030670723 0
outer loop
vertex 75.45588684082031 -68.14005279541016 -4.099999904632568
vertex 75.45588684082031 -68.14005279541016 0
vertex 75.63418579101562 -67.66063690185547 -4.099999904632568
endloop
endfacet
facet normal 0.6481143963395325 0.7615429923894272 0
outer loop
vertex -57.07240295410156 36.77114486694336 0
vertex -57.07240295410156 36.77114486694336 -4.099999904632568
vertex -57.4619255065918 37.1026496887207 0
endloop
endfacet
facet normal -0.854700773722292 0.5191209756872817 0
outer loop
vertex 75.19036102294922 -68.57722473144531 -4.099999904632568
vertex 75.19036102294922 -68.57722473144531 0
vertex 75.45588684082031 -68.14005279541016 -4.099999904632568
endloop
endfacet
facet normal -0.6709969014630188 -0.741460152824835 0
outer loop
vertex 74.63975524902344 56.325870513916016 -4.099999904632568
vertex 75.01900482177734 55.982662200927734 -4.099999904632568
vertex 75.01900482177734 55.982662200927734 0
endloop
endfacet
facet normal 0.4928520511576685 0.8701131280871924 0
outer loop
vertex -56.62734603881836 36.5190544128418 0
vertex -56.62734603881836 36.5190544128418 -4.099999904632568
vertex -57.07240295410156 36.77114486694336 0
endloop
endfacet
facet normal 0.002368619556924904 -0.9999971948167627 0
outer loop
vertex -60.43376541137695 30.696819305419922 0
vertex -43.673988342285156 30.73651695251465 -4.099999904632568
vertex -43.673988342285156 30.73651695251465 0
endloop
endfacet
facet normal 0.3425093536161286 0.9395144185617704 0
outer loop
vertex -43.70828628540039 31.809282302856445 0
vertex -43.70828628540039 31.809282302856445 -4.099999904632568
vertex -56.62734603881836 36.5190544128418 0
endloop
endfacet
facet normal 1 0 0
outer loop
vertex -43.673988342285156 30.73651695251465 0
vertex -43.673988342285156 30.73651695251465 -4.099999904632568
vertex -43.673988342285156 31.770179748535156 0
endloop
endfacet
facet normal -0.7414668684525779 0.6709894805338809 0
outer loop
vertex 74.84715270996094 -68.95648193359375 -4.099999904632568
vertex 74.84715270996094 -68.95648193359375 0
vertex 75.19036102294922 -68.57722473144531 -4.099999904632568
endloop
endfacet
facet normal -0.6015954224932643 0.798800943686943 0
outer loop
vertex 74.4385757446289 -69.26419067382812 -4.099999904632568
vertex 74.4385757446289 -69.26419067382812 0
vertex 74.84715270996094 -68.95648193359375 -4.099999904632568
endloop
endfacet
facet normal -0.4401355228620362 0.8979313567945838 0
outer loop
vertex 73.97928619384766 -69.48931884765625 -4.099999904632568
vertex 73.97928619384766 -69.48931884765625 0
vertex 74.4385757446289 -69.26419067382812 -4.099999904632568
endloop
endfacet
facet normal -0.2628940033756577 0.9648247213816195 0
outer loop
vertex 73.48578643798828 -69.62378692626953 -4.099999904632568
vertex 73.48578643798828 -69.62378692626953 0
vertex 73.97928619384766 -69.48931884765625 -4.099999904632568
endloop
endfacet
facet normal 0.7517833510423728 0.6594101857686917 0
outer loop
vertex -43.673988342285156 31.770179748535156 0
vertex -43.673988342285156 31.770179748535156 -4.099999904632568
vertex -43.70828628540039 31.809282302856445 0
endloop
endfacet
facet normal 0 0 1
outer loop
vertex 13.976011276245117 52.11151885986328 -4.099999904632568
vertex -60.16671371459961 -69.65633392333984 -4.099999904632568
vertex -19.37398910522461 -46.96348190307617 -4.099999904632568
endloop
endfacet
facet normal 0 0 1
outer loop
vertex -61.96698760986328 -68.78462219238281 -4.099999904632568
vertex -61.58773422241211 -69.12783813476562 -4.099999904632568
vertex 13.976011276245117 52.11151885986328 -4.099999904632568
endloop
endfacet
facet normal 0 0 1
outer loop
vertex 13.976011276245117 52.11151885986328 -4.099999904632568
vertex -60.671146392822266 -69.5716552734375 -4.099999904632568
vertex -60.16671371459961 -69.65633392333984 -4.099999904632568
endloop
endfacet
facet normal 0 0 1
outer loop
vertex 13.976011276245117 52.11151885986328 -4.099999904632568
vertex -61.15055847167969 -69.39335632324219 -4.099999904632568
vertex -60.671146392822266 -69.5716552734375 -4.099999904632568
endloop
endfacet
facet normal 0 0 1
outer loop
vertex -61.58773422241211 -69.12783813476562 -4.099999904632568
vertex -61.15055847167969 -69.39335632324219 -4.099999904632568
vertex 13.976011276245117 52.11151885986328 -4.099999904632568
endloop
endfacet
facet normal -0.0003724714963768197 -0.9999999306324898 0
outer loop
vertex -7.723989009857178 56.86151885986328 0
vertex -7.723989009857178 56.86151885986328 -4.099999904632568
vertex 11.468733787536621 56.8543701171875 0
endloop
endfacet
facet normal 0.08602544137830588 -0.9962929405730363 0
outer loop
vertex -8.183764457702637 56.82181930541992 0
vertex -8.183764457702637 56.82181930541992 -4.099999904632568
vertex -7.723989009857178 56.86151885986328 0
endloop
endfacet
facet normal 0.26288564208453724 -0.9648269996148536 0
outer loop
vertex -8.677267074584961 56.687355041503906 0
vertex -8.677267074584961 56.687355041503906 -4.099999904632568
vertex -8.183764457702637 56.82181930541992 0
endloop
endfacet
facet normal 0 0 1
outer loop
vertex -62.673988342285156 -66.96348571777344 -4.099999904632568
vertex -62.63429260253906 -67.42325592041016 -4.099999904632568
vertex 13.976011276245117 52.11151885986328 -4.099999904632568
endloop
endfacet
facet normal 0 0 1
outer loop
vertex -62.63429260253906 -67.42325592041016 -4.099999904632568
vertex -62.49982833862305 -67.91676330566406 -4.099999904632568
vertex 13.976011276245117 52.11151885986328 -4.099999904632568
endloop
endfacet
facet normal 0 0 1
outer loop
vertex -62.49982833862305 -67.91676330566406 -4.099999904632568
vertex -62.27470016479492 -68.37604522705078 -4.099999904632568
vertex 13.976011276245117 52.11151885986328 -4.099999904632568
endloop
endfacet
facet normal 0 0 1
outer loop
vertex -62.27470016479492 -68.37604522705078 -4.099999904632568
vertex -61.96698760986328 -68.78462219238281 -4.099999904632568
vertex 13.976011276245117 52.11151885986328 -4.099999904632568
endloop
endfacet
facet normal 0.15967661743402942 0.9871693764723593 0
outer loop
vertex -19.37398910522461 -74.66348266601562 -4.099999904632568
vertex -19.594684600830078 -74.6277847290039 0
vertex -19.37398910522461 -74.66348266601562 0
endloop
endfacet
facet normal 0 0 1
outer loop
vertex 13.976011276245117 52.11151885986328 -4.099999904632568
vertex 33.62601089477539 -46.96348190307617 -4.099999904632568
vertex 73.02600860595703 -69.66348266601562 -4.099999904632568
endloop
endfacet
facet normal -0.08601679368497075 0.9962936872248852 0
outer loop
vertex 73.02600860595703 -69.66348266601562 -4.099999904632568
vertex 73.48578643798828 -69.62378692626953 0
vertex 73.48578643798828 -69.62378692626953 -4.099999904632568
endloop
endfacet
facet normal -0.5191089094606629 -0.854708102289057 0
outer loop
vertex 74.20257568359375 56.591392517089844 -4.099999904632568
vertex 74.63975524902344 56.325870513916016 -4.099999904632568
vertex 74.63975524902344 56.325870513916016 0
endloop
endfacet
facet normal 0 0 1
outer loop
vertex 13.976011276245117 52.11151885986328 -4.099999904632568
vertex 73.02600860595703 -69.66348266601562 -4.099999904632568
vertex 73.48578643798828 -69.62378692626953 -4.099999904632568
endloop
endfacet
facet normal 0 0 1
outer loop
vertex 13.976011276245117 52.11151885986328 -4.099999904632568
vertex 73.48578643798828 -69.62378692626953 -4.099999904632568
vertex 73.97928619384766 -69.48931884765625 -4.099999904632568
endloop
endfacet
facet normal 0 0 1
outer loop
vertex 13.976011276245117 52.11151885986328 -4.099999904632568
vertex 73.97928619384766 -69.48931884765625 -4.099999904632568
vertex 74.4385757446289 -69.26419067382812 -4.099999904632568
endloop
endfacet
facet normal 0.4401392071996678 -0.8979295508477533 0
outer loop
vertex -9.136551856994629 56.46222686767578 0
vertex -9.136551856994629 56.46222686767578 -4.099999904632568
vertex -8.677267074584961 56.687355041503906 0
endloop
endfacet
facet normal 0.6015974933223746 -0.7987993840935504 0
outer loop
vertex -9.54513168334961 56.15451431274414 0
vertex -9.54513168334961 56.15451431274414 -4.099999904632568
vertex -9.136551856994629 56.46222686767578 0
endloop
endfacet
facet normal 0 0 1
outer loop
vertex 13.976011276245117 52.11151885986328 -4.099999904632568
vertex 74.4385757446289 -69.26419067382812 -4.099999904632568
vertex 74.84715270996094 -68.95648193359375 -4.099999904632568
endloop
endfacet
facet normal 0 0 1
outer loop
vertex 12.88975715637207 56.325870513916016 -4.099999904632568
vertex -62.673988342285156 -66.96348571777344 -4.099999904632568
vertex 13.26900863647461 55.982662200927734 -4.099999904632568
endloop
endfacet
facet normal 0 1 0
outer loop
vertex 73.02600860595703 -69.66348266601562 -4.099999904632568
vertex 70.01775360107422 -69.66348266601562 -4.099999904632568
vertex 70.01775360107422 -69.66348266601562 0
endloop
endfacet
facet normal 0 0 1
outer loop
vertex 13.57672119140625 55.57408142089844 -4.099999904632568
vertex -62.673988342285156 -66.96348571777344 -4.099999904632568
vertex 13.801849365234375 55.11479568481445 -4.099999904632568
endloop
endfacet
facet normal 0 0 1
outer loop
vertex -62.673988342285156 -66.96348571777344 -4.099999904632568
vertex 13.57672119140625 55.57408142089844 -4.099999904632568
vertex 13.26900863647461 55.982662200927734 -4.099999904632568
endloop
endfacet
facet normal 0 0 1
outer loop
vertex 73.02600860595703 -69.66348266601562 -4.099999904632568
vertex 69.87130737304688 -69.10993194580078 -4.099999904632568
vertex 69.97969818115234 -69.27214050292969 -4.099999904632568
endloop
endfacet
facet normal 0 0 1
outer loop
vertex -62.673988342285156 -66.96348571777344 -4.099999904632568
vertex 13.936312675476074 54.62129211425781 -4.099999904632568
vertex 13.801849365234375 55.11479568481445 -4.099999904632568
endloop
endfacet
facet normal 0 0 1
outer loop
vertex 12.452579498291016 56.591392517089844 -4.099999904632568
vertex -62.673988342285156 -66.96348571777344 -4.099999904632568
vertex 12.88975715637207 56.325870513916016 -4.099999904632568
endloop
endfacet
facet normal 0 0 1
outer loop
vertex 11.973169326782227 56.769691467285156 -4.099999904632568
vertex -62.673988342285156 -66.96348571777344 -4.099999904632568
vertex 12.452579498291016 56.591392517089844 -4.099999904632568
endloop
endfacet
facet normal 0 0 1
outer loop
vertex 11.468733787536621 56.8543701171875 -4.099999904632568
vertex -62.673988342285156 -66.96348571777344 -4.099999904632568
vertex 11.973169326782227 56.769691467285156 -4.099999904632568
endloop
endfacet
facet normal 0 0 1
outer loop
vertex 69.97969818115234 -69.27214050292969 -4.099999904632568
vertex 70.01775360107422 -69.46348571777344 -4.099999904632568
vertex 73.02600860595703 -69.66348266601562 -4.099999904632568
endloop
endfacet
facet normal 0 0 1
outer loop
vertex 70.01775360107422 -69.46348571777344 -4.099999904632568
vertex 70.01775360107422 -69.66348266601562 -4.099999904632568
vertex 73.02600860595703 -69.66348266601562 -4.099999904632568
endloop
endfacet
facet normal 0 0 1
outer loop
vertex 73.02600860595703 -69.66348266601562 -4.099999904632568
vertex 69.70909881591797 -69.00154113769531 -4.099999904632568
vertex 69.87130737304688 -69.10993194580078 -4.099999904632568
endloop
endfacet
facet normal 0 0 1
outer loop
vertex -62.673988342285156 -66.96348571777344 -4.099999904632568
vertex 13.976011276245117 52.11151885986328 -4.099999904632568
vertex 13.936312675476074 54.62129211425781 -4.099999904632568
endloop
endfacet
facet normal 0 0 1
outer loop
vertex -7.723989009857178 56.86151885986328 -4.099999904632568
vertex -62.673988342285156 -66.96348571777344 -4.099999904632568
vertex 11.468733787536621 56.8543701171875 -4.099999904632568
endloop
endfacet
facet normal 0 0 1
outer loop
vertex -8.183764457702637 56.82181930541992 -4.099999904632568
vertex -62.673988342285156 -66.96348571777344 -4.099999904632568
vertex -7.723989009857178 56.86151885986328 -4.099999904632568
endloop
endfacet
facet normal 0 0 1
outer loop
vertex 33.75193405151367 -74.65206146240234 -4.099999904632568
vertex 33.96260452270508 -74.5772476196289 -4.099999904632568
vertex 34.32201385498047 -74.0381851196289 -4.099999904632568
endloop
endfacet
facet normal 0 0 1
outer loop
vertex 34.32201385498047 -74.0381851196289 -4.099999904632568
vertex 33.96260452270508 -74.5772476196289 -4.099999904632568
vertex 34.138946533203125 -74.4398193359375 -4.099999904632568
endloop
endfacet
facet normal 0.999979526233339 0.0063989932135448705 0
outer loop
vertex -20.04520034790039 -74.16216278076172 0
vertex -20.07398796081543 -69.66348266601562 -4.099999904632568
vertex -20.07398796081543 -69.66348266601562 0
endloop
endfacet
facet normal 0.9012472990146939 0.4333050957682346 0
outer loop
vertex -19.948326110839844 -74.36365509033203 0
vertex -19.948326110839844 -74.36365509033203 -4.099999904632568
vertex -20.04520034790039 -74.16216278076172 0
endloop
endfacet
facet normal 0.46278175204203403 0.8864722499756579 0
outer loop
vertex -19.594684600830078 -74.6277847290039 0
vertex -19.594684600830078 -74.6277847290039 -4.099999904632568
vertex -19.792869567871094 -74.52432250976562 0
endloop
endfacet
facet normal 0.8668511952744005 -0.4985669516236944 0
outer loop
vertex -75.48495483398438 56.3663215637207 -4.099999904632568
vertex -65.6868896484375 73.4020767211914 -4.099999904632568
vertex -75.48495483398438 56.3663215637207 0
endloop
endfacet
facet normal 0.7186648534065891 0.6953566196406601 0
outer loop
vertex -19.792869567871094 -74.52432250976562 0
vertex -19.792869567871094 -74.52432250976562 -4.099999904632568
vertex -19.948326110839844 -74.36365509033203 0
endloop
endfacet
facet normal 0 0 1
outer loop
vertex -65.6868896484375 73.4020767211914 -4.099999904632568
vertex -75.48495483398438 56.3663215637207 -4.099999904632568
vertex -46.050479888916016 58.62779235839844 -4.099999904632568
endloop
endfacet
facet normal 0.00017830522688937908 0.9999999841036229 0
outer loop
vertex -20.07398796081543 -69.66348266601562 -4.099999904632568
vertex -60.16671371459961 -69.65633392333984 0
vertex -20.07398796081543 -69.66348266601562 0
endloop
endfacet
facet normal 0 0 1
outer loop
vertex -20.07398796081543 -69.66348266601562 -4.099999904632568
vertex -19.37398910522461 -74.66348266601562 -4.099999904632568
vertex -19.37398910522461 -46.96348190307617 -4.099999904632568
endloop
endfacet
facet normal 0.999979526233339 0.0063989932135448705 0
outer loop
vertex -20.04520034790039 -74.16216278076172 -4.099999904632568
vertex -20.07398796081543 -69.66348266601562 -4.099999904632568
vertex -20.04520034790039 -74.16216278076172 0
endloop
endfacet
facet normal 0.9012472990146939 0.4333050957682346 0
outer loop
vertex -19.948326110839844 -74.36365509033203 -4.099999904632568
vertex -20.04520034790039 -74.16216278076172 -4.099999904632568
vertex -20.04520034790039 -74.16216278076172 0
endloop
endfacet
facet normal 0.15967661743402942 0.9871693764723593 0
outer loop
vertex -19.37398910522461 -74.66348266601562 -4.099999904632568
vertex -19.594684600830078 -74.6277847290039 -4.099999904632568
vertex -19.594684600830078 -74.6277847290039 0
endloop
endfacet
facet normal 0.46278175204203403 0.8864722499756579 0
outer loop
vertex -19.594684600830078 -74.6277847290039 -4.099999904632568
vertex -19.792869567871094 -74.52432250976562 -4.099999904632568
vertex -19.792869567871094 -74.52432250976562 0
endloop
endfacet
facet normal 0 0 1
outer loop
vertex -65.6868896484375 73.4020767211914 -4.099999904632568
vertex -46.050479888916016 58.62779235839844 -4.099999904632568
vertex -65.361328125 73.79658508300781 -4.099999904632568
endloop
endfacet
facet normal 0 0 1
outer loop
vertex -65.361328125 73.79658508300781 -4.099999904632568
vertex -46.050479888916016 58.62779235839844 -4.099999904632568
vertex -64.96720886230469 74.12261199951172 -4.099999904632568
endloop
endfacet
facet normal 0.7186648534065891 0.6953566196406601 0
outer loop
vertex -19.792869567871094 -74.52432250976562 -4.099999904632568
vertex -19.948326110839844 -74.36365509033203 -4.099999904632568
vertex -19.948326110839844 -74.36365509033203 0
endloop
endfacet
facet normal 0 0 1
outer loop
vertex -20.04520034790039 -74.16216278076172 -4.099999904632568
vertex -19.37398910522461 -74.66348266601562 -4.099999904632568
vertex -20.07398796081543 -69.66348266601562 -4.099999904632568
endloop
endfacet
facet normal 0 0 1
outer loop
vertex -20.04520034790039 -74.16216278076172 -4.099999904632568
vertex -19.948326110839844 -74.36365509033203 -4.099999904632568
vertex -19.792869567871094 -74.52432250976562 -4.099999904632568
endloop
endfacet
facet normal 0 0 1
outer loop
vertex -19.594684600830078 -74.6277847290039 -4.099999904632568
vertex -20.04520034790039 -74.16216278076172 -4.099999904632568
vertex -19.792869567871094 -74.52432250976562 -4.099999904632568
endloop
endfacet
facet normal 0 0 1
outer loop
vertex -19.594684600830078 -74.6277847290039 -4.099999904632568
vertex -19.37398910522461 -74.66348266601562 -4.099999904632568
vertex -20.04520034790039 -74.16216278076172 -4.099999904632568
endloop
endfacet
facet normal 0 0 1
outer loop
vertex -60.16671371459961 -69.65633392333984 -4.099999904632568
vertex -20.07398796081543 -69.66348266601562 -4.099999904632568
vertex -19.37398910522461 -46.96348190307617 -4.099999904632568
endloop
endfacet
facet normal 0 0 1
outer loop
vertex -8.677267074584961 56.687355041503906 -4.099999904632568
vertex -62.673988342285156 -66.96348571777344 -4.099999904632568
vertex -8.183764457702637 56.82181930541992 -4.099999904632568
endloop
endfacet
facet normal 0 0 1
outer loop
vertex -9.136551856994629 56.46222686767578 -4.099999904632568
vertex -62.673988342285156 -66.96348571777344 -4.099999904632568
vertex -8.677267074584961 56.687355041503906 -4.099999904632568
endloop
endfacet
facet normal 0 0 1
outer loop
vertex 34.32201385498047 -74.0381851196289 -4.099999904632568
vertex 34.138946533203125 -74.4398193359375 -4.099999904632568
vertex 34.26296615600586 -74.2538070678711 -4.099999904632568
endloop
endfacet
facet normal 0.7712848575240823 -0.6364901166193049 0
outer loop
vertex -65.6868896484375 73.4020767211914 -4.099999904632568
vertex -65.361328125 73.79658508300781 -4.099999904632568
vertex -65.361328125 73.79658508300781 0
endloop
endfacet
facet normal 0.6374043818812903 -0.7705294633941847 0
outer loop
vertex -65.361328125 73.79658508300781 -4.099999904632568
vertex -64.96720886230469 74.12261199951172 -4.099999904632568
vertex -64.96720886230469 74.12261199951172 0
endloop
endfacet
facet normal 0.4806350647500204 -0.8769207116568429 0
outer loop
vertex -64.96720886230469 74.12261199951172 -4.099999904632568
vertex -64.51866912841797 74.36845397949219 -4.099999904632568
vertex -64.51866912841797 74.36845397949219 0
endloop
endfacet
facet normal 0.3066131389163911 -0.9518342203576408 0
outer loop
vertex -64.51866912841797 74.36845397949219 -4.099999904632568
vertex -64.03181457519531 74.52528381347656 -4.099999904632568
vertex -64.03181457519531 74.52528381347656 0
endloop
endfacet
facet normal 0.12157987878731666 -0.9925816505829944 0
outer loop
vertex -64.03181457519531 74.52528381347656 -4.099999904632568
vertex -63.52411651611328 74.58747100830078 -4.099999904632568
vertex -63.52411651611328 74.58747100830078 0
endloop
endfacet
facet normal 0 0 1
outer loop
vertex -9.54513168334961 56.15451431274414 -4.099999904632568
vertex -62.673988342285156 -66.96348571777344 -4.099999904632568
vertex -9.136551856994629 56.46222686767578 -4.099999904632568
endloop
endfacet
facet normal 0 0 1
outer loop
vertex -9.888341903686523 55.77526092529297 -4.099999904632568
vertex -62.673988342285156 -66.96348571777344 -4.099999904632568
vertex -9.54513168334961 56.15451431274414 -4.099999904632568
endloop
endfacet
facet normal 0 -1 0
outer loop
vertex 13.976011276245117 52.11151885986328 -4.099999904632568
vertex 32.326011657714844 52.11151885986328 -4.099999904632568
vertex 32.326011657714844 52.11151885986328 0
endloop
endfacet
facet normal 0 0 1
outer loop
vertex -10.132102012634277 55.38046646118164 -4.099999904632568
vertex -62.673988342285156 -66.96348571777344 -4.099999904632568
vertex -9.888341903686523 55.77526092529297 -4.099999904632568
endloop
endfacet
facet normal 0 0 1
outer loop
vertex -43.673988342285156 30.73651695251465 -4.099999904632568
vertex -62.673988342285156 -66.96348571777344 -4.099999904632568
vertex -10.132102012634277 55.38046646118164 -4.099999904632568
endloop
endfacet
facet normal 0 -1 0
outer loop
vertex 13.976011276245117 52.11151885986328 0
vertex 13.976011276245117 52.11151885986328 -4.099999904632568
vertex 29.710723876953125 52.11151885986328 0
endloop
endfacet
facet normal 0.9999949252845666 -0.003185813100949784 0
outer loop
vertex 32.326011657714844 52.11151885986328 -4.099999904632568
vertex 32.33315658569336 54.35424041748047 -4.099999904632568
vertex 32.33315658569336 54.35424041748047 0
endloop
endfacet
facet normal -0.06780742658197698 -0.9976984278329448 0
outer loop
vertex -63.52411651611328 74.58747100830078 -4.099999904632568
vertex -63.013797760009766 74.55278778076172 -4.099999904632568
vertex -63.013797760009766 74.55278778076172 0
endloop
endfacet
facet normal -0.25475099763065895 -0.967006685192085 0
outer loop
vertex -63.013797760009766 74.55278778076172 -4.099999904632568
vertex -62.51918411254883 74.4224853515625 -4.099999904632568
vertex -62.51918411254883 74.4224853515625 0
endloop
endfacet
facet normal 0.9861999403813281 -0.16555868322702086 0
outer loop
vertex 32.33315658569336 54.35424041748047 -4.099999904632568
vertex 32.41783905029297 54.85867691040039 -4.099999904632568
vertex 32.41783905029297 54.85867691040039 0
endloop
endfacet
facet normal 0.9372764866607638 -0.34858684363133263 0
outer loop
vertex 32.41783905029297 54.85867691040039 -4.099999904632568
vertex 32.59613800048828 55.33808517456055 -4.099999904632568
vertex 32.59613800048828 55.33808517456055 0
endloop
endfacet
facet normal 0.8547094015637822 -0.5191067702106008 0
outer loop
vertex 32.59613800048828 55.33808517456055 -4.099999904632568
vertex 32.861656188964844 55.77526092529297 -4.099999904632568
vertex 32.861656188964844 55.77526092529297 0
endloop
endfacet
facet normal -0.34858684363133263 -0.9372764866607638 0
outer loop
vertex 73.7231674194336 56.769691467285156 -4.099999904632568
vertex 74.20257568359375 56.591392517089844 -4.099999904632568
vertex 74.20257568359375 56.591392517089844 0
endloop
endfacet
facet normal 0.7414598002092212 -0.6709972911075734 0
outer loop
vertex 32.861656188964844 55.77526092529297 -4.099999904632568
vertex 33.20486831665039 56.15451431274414 -4.099999904632568
vertex 33.20486831665039 56.15451431274414 0
endloop
endfacet
facet normal 0.6015965973303076 -0.7988000588887033 0
outer loop
vertex 33.20486831665039 56.15451431274414 -4.099999904632568
vertex 33.61344909667969 56.46222686767578 -4.099999904632568
vertex 33.61344909667969 56.46222686767578 0
endloop
endfacet
facet normal 0.4401384703277997 -0.8979299120407476 0
outer loop
vertex 33.61344909667969 56.46222686767578 -4.099999904632568
vertex 34.07273483276367 56.687355041503906 -4.099999904632568
vertex 34.07273483276367 56.687355041503906 0
endloop
endfacet
facet normal 0.2628870608150256 -0.9648266130533698 0
outer loop
vertex 34.07273483276367 56.687355041503906 -4.099999904632568
vertex 34.56623458862305 56.82181930541992 -4.099999904632568
vertex 34.56623458862305 56.82181930541992 0
endloop
endfacet
facet normal 0.08602499859309397 -0.9962929788054607 0
outer loop
vertex 34.56623458862305 56.82181930541992 -4.099999904632568
vertex 35.0260124206543 56.86151885986328 -4.099999904632568
vertex 35.0260124206543 56.86151885986328 0
endloop
endfacet
facet normal -0.16555264734385197 -0.9862009536384775 0
outer loop
vertex 73.21873474121094 56.8543701171875 -4.099999904632568
vertex 73.7231674194336 56.769691467285156 -4.099999904632568
vertex 73.7231674194336 56.769691467285156 0
endloop
endfacet
facet normal 0.8668511952744005 -0.4985669516236944 0
outer loop
vertex -75.48495483398438 56.3663215637207 0
vertex -65.6868896484375 73.4020767211914 -4.099999904632568
vertex -65.6868896484375 73.4020767211914 0
endloop
endfacet
facet normal -0.9648290200702897 -0.26287822661872295 0
outer loop
vertex 75.55184936523438 55.11479568481445 -4.099999904632568
vertex 75.68630981445312 54.62129211425781 -4.099999904632568
vertex 75.68630981445312 54.62129211425781 0
endloop
endfacet
facet normal 0 -1 0
outer loop
vertex 29.710723876953125 52.11151885986328 0
vertex 13.976011276245117 52.11151885986328 -4.099999904632568
vertex 32.326011657714844 52.11151885986328 0
endloop
endfacet
facet normal 0 0 1
outer loop
vertex 33.62601089477539 -74.66348266601562 -4.099999904632568
vertex 33.75193405151367 -74.65206146240234 -4.099999904632568
vertex 34.326011657714844 -69.66348266601562 -4.099999904632568
endloop
endfacet
facet normal 0 0 1
outer loop
vertex 34.326011657714844 -69.66348266601562 -4.099999904632568
vertex 33.75193405151367 -74.65206146240234 -4.099999904632568
vertex 34.32201385498047 -74.0381851196289 -4.099999904632568
endloop
endfacet
facet normal 0.7712848575240823 -0.6364901166193049 0
outer loop
vertex -65.6868896484375 73.4020767211914 0
vertex -65.6868896484375 73.4020767211914 -4.099999904632568
vertex -65.361328125 73.79658508300781 0
endloop
endfacet
facet normal 0.6374043818812903 -0.7705294633941847 0
outer loop
vertex -65.361328125 73.79658508300781 0
vertex -65.361328125 73.79658508300781 -4.099999904632568
vertex -64.96720886230469 74.12261199951172 0
endloop
endfacet
facet normal 0.4806350647500204 -0.8769207116568429 0
outer loop
vertex -64.96720886230469 74.12261199951172 0
vertex -64.96720886230469 74.12261199951172 -4.099999904632568
vertex -64.51866912841797 74.36845397949219 0
endloop
endfacet
facet normal 0.3066131389163911 -0.9518342203576408 0
outer loop
vertex -64.51866912841797 74.36845397949219 0
vertex -64.51866912841797 74.36845397949219 -4.099999904632568
vertex -64.03181457519531 74.52528381347656 0
endloop
endfacet
facet normal 0.12157987878731666 -0.9925816505829944 0
outer loop
vertex -64.03181457519531 74.52528381347656 0
vertex -64.03181457519531 74.52528381347656 -4.099999904632568
vertex -63.52411651611328 74.58747100830078 0
endloop
endfacet
facet normal 0 0 1
outer loop
vertex 13.976011276245117 52.11151885986328 -4.099999904632568
vertex 75.19036102294922 -68.57722473144531 -4.099999904632568
vertex 75.45588684082031 -68.14005279541016 -4.099999904632568
endloop
endfacet
facet normal -0.25475099763065895 -0.967006685192085 0
outer loop
vertex -63.013797760009766 74.55278778076172 0
vertex -63.013797760009766 74.55278778076172 -4.099999904632568
vertex -62.51918411254883 74.4224853515625 0
endloop
endfacet
facet normal -0.09032900534520552 0.9959119794406259 0
outer loop
vertex 33.75193405151367 -74.65206146240234 -4.099999904632568
vertex 33.62601089477539 -74.66348266601562 -4.099999904632568
vertex 33.62601089477539 -74.66348266601562 0
endloop
endfacet
facet normal -0.3346474290037207 0.9423434078196756 0
outer loop
vertex 33.96260452270508 -74.5772476196289 -4.099999904632568
vertex 33.75193405151367 -74.65206146240234 -4.099999904632568
vertex 33.75193405151367 -74.65206146240234 0
endloop
endfacet
facet normal 0.741461655436082 -0.6709952410546476 0
outer loop
vertex -9.888341903686523 55.77526092529297 0
vertex -9.888341903686523 55.77526092529297 -4.099999904632568
vertex -9.54513168334961 56.15451431274414 0
endloop
endfacet
facet normal 0.8508784762143825 -0.5253625593008039 0
outer loop
vertex -10.132102012634277 55.38046646118164 0
vertex -10.132102012634277 55.38046646118164 -4.099999904632568
vertex -9.888341903686523 55.77526092529297 0
endloop
endfacet
facet normal -0.17140280114769474 -0.9852010351997829 0
outer loop
vertex -10.132102012634277 55.38046646118164 -4.099999904632568
vertex -10.132102012634277 55.38046646118164 0
vertex -27.29568099975586 58.36654281616211 0
endloop
endfacet
facet normal 0.08602544137830588 -0.9962929405730363 0
outer loop
vertex -8.183764457702637 56.82181930541992 -4.099999904632568
vertex -7.723989009857178 56.86151885986328 -4.099999904632568
vertex -7.723989009857178 56.86151885986328 0
endloop
endfacet
facet normal 0.26288564208453724 -0.9648269996148536 0
outer loop
vertex -8.677267074584961 56.687355041503906 -4.099999904632568
vertex -8.183764457702637 56.82181930541992 -4.099999904632568
vertex -8.183764457702637 56.82181930541992 0
endloop
endfacet
facet normal 0.4401392071996678 -0.8979295508477533 0
outer loop
vertex -9.136551856994629 56.46222686767578 -4.099999904632568
vertex -8.677267074584961 56.687355041503906 -4.099999904632568
vertex -8.677267074584961 56.687355041503906 0
endloop
endfacet
facet normal 0.6015974933223746 -0.7987993840935504 0
outer loop
vertex -9.54513168334961 56.15451431274414 -4.099999904632568
vertex -9.136551856994629 56.46222686767578 -4.099999904632568
vertex -9.136551856994629 56.46222686767578 0
endloop
endfacet
facet normal 0.741461655436082 -0.6709952410546476 0
outer loop
vertex -9.888341903686523 55.77526092529297 -4.099999904632568
vertex -9.54513168334961 56.15451431274414 -4.099999904632568
vertex -9.54513168334961 56.15451431274414 0
endloop
endfacet
facet normal 0.8508784762143825 -0.5253625593008039 0
outer loop
vertex -10.132102012634277 55.38046646118164 -4.099999904632568
vertex -9.888341903686523 55.77526092529297 -4.099999904632568
vertex -9.888341903686523 55.77526092529297 0
endloop
endfacet
facet normal -0.6147022444459843 0.7887592475990818 0
outer loop
vertex 34.138946533203125 -74.4398193359375 -4.099999904632568
vertex 33.96260452270508 -74.5772476196289 -4.099999904632568
vertex 33.96260452270508 -74.5772476196289 0
endloop
endfacet
facet normal -0.8320266678720447 0.5547356342887504 0
outer loop
vertex 34.26296615600586 -74.2538070678711 -4.099999904632568
vertex 34.138946533203125 -74.4398193359375 -4.099999904632568
vertex 34.138946533203125 -74.4398193359375 0
endloop
endfacet
facet normal -0.9644888389452347 0.2641236065747875 0
outer loop
vertex 34.32201385498047 -74.0381851196289 -4.099999904632568
vertex 34.26296615600586 -74.2538070678711 -4.099999904632568
vertex 34.26296615600586 -74.2538070678711 0
endloop
endfacet
facet normal -0.9999995824433408 0.0009138452517528057 0
outer loop
vertex 34.326011657714844 -69.66348266601562 -4.099999904632568
vertex 34.32201385498047 -74.0381851196289 -4.099999904632568
vertex 34.32201385498047 -74.0381851196289 0
endloop
endfacet
facet normal 0 0 1
outer loop
vertex 33.62601089477539 -46.96348190307617 -4.099999904632568
vertex 33.62601089477539 -74.66348266601562 -4.099999904632568
vertex 34.326011657714844 -69.66348266601562 -4.099999904632568
endloop
endfacet
facet normal 0 1 0
outer loop
vertex 58.01775360107422 -69.66348266601562 -4.099999904632568
vertex 34.326011657714844 -69.66348266601562 0
vertex 58.01775360107422 -69.66348266601562 0
endloop
endfacet
facet normal -0.8979299120407476 -0.4401384703277997 0
outer loop
vertex 13.57672119140625 55.57408142089844 0
vertex 13.57672119140625 55.57408142089844 -4.099999904632568
vertex 13.801849365234375 55.11479568481445 0
endloop
endfacet
facet normal 0.6710013911672599 0.7414560897663475 0
outer loop
vertex -61.96698760986328 -68.78462219238281 -4.099999904632568
vertex -61.96698760986328 -68.78462219238281 0
vertex -61.58773422241211 -69.12783813476562 -4.099999904632568
endloop
endfacet
facet normal 0.5191067702106008 0.8547094015637822 0
outer loop
vertex -61.58773422241211 -69.12783813476562 -4.099999904632568
vertex -61.58773422241211 -69.12783813476562 0
vertex -61.15055847167969 -69.39335632324219 -4.099999904632568
endloop
endfacet
facet normal 0.16555264734385197 0.9862009536384775 0
outer loop
vertex -60.671146392822266 -69.5716552734375 -4.099999904632568
vertex -60.671146392822266 -69.5716552734375 0
vertex -60.16671371459961 -69.65633392333984 -4.099999904632568
endloop
endfacet
facet normal 0.3485844069531653 0.9372773928934327 0
outer loop
vertex -61.15055847167969 -69.39335632324219 -4.099999904632568
vertex -61.15055847167969 -69.39335632324219 0
vertex -60.671146392822266 -69.5716552734375 -4.099999904632568
endloop
endfacet
facet normal 0.09130028198510569 -0.9958234072913934 0
outer loop
vertex -27.805038452148438 58.31984329223633 0
vertex -27.805038452148438 58.31984329223633 -4.099999904632568
vertex -27.29568099975586 58.36654281616211 0
endloop
endfacet
facet normal 0.27748098967576823 -0.9607311280314365 0
outer loop
vertex -28.296445846557617 58.177913665771484 0
vertex -28.296445846557617 58.177913665771484 -4.099999904632568
vertex -27.805038452148438 58.31984329223633 0
endloop
endfacet
facet normal 0.8979284672578856 0.44014141782829763 0
outer loop
vertex -62.27470016479492 -68.37604522705078 -4.099999904632568
vertex -62.49982833862305 -67.91676330566406 -4.099999904632568
vertex -62.49982833862305 -67.91676330566406 0
endloop
endfacet
facet normal -0.09032900534520552 0.9959119794406259 0
outer loop
vertex 33.75193405151367 -74.65206146240234 0
vertex 33.75193405151367 -74.65206146240234 -4.099999904632568
vertex 33.62601089477539 -74.66348266601562 0
endloop
endfacet
facet normal 0.9648276438700856 0.2628832775664887 0
outer loop
vertex -62.49982833862305 -67.91676330566406 -4.099999904632568
vertex -62.63429260253906 -67.42325592041016 -4.099999904632568
vertex -62.63429260253906 -67.42325592041016 0
endloop
endfacet
facet normal -0.3346474290037207 0.9423434078196756 0
outer loop
vertex 33.96260452270508 -74.5772476196289 0
vertex 33.96260452270508 -74.5772476196289 -4.099999904632568
vertex 33.75193405151367 -74.65206146240234 0
endloop
endfacet
facet normal -0.6147022444459843 0.7887592475990818 0
outer loop
vertex 34.138946533203125 -74.4398193359375 0
vertex 34.138946533203125 -74.4398193359375 -4.099999904632568
vertex 33.96260452270508 -74.5772476196289 0
endloop
endfacet
facet normal -0.8320266678720447 0.5547356342887504 0
outer loop
vertex 34.26296615600586 -74.2538070678711 0
vertex 34.26296615600586 -74.2538070678711 -4.099999904632568
vertex 34.138946533203125 -74.4398193359375 0
endloop
endfacet
facet normal -0.9644888389452347 0.2641236065747875 0
outer loop
vertex 34.32201385498047 -74.0381851196289 0
vertex 34.32201385498047 -74.0381851196289 -4.099999904632568
vertex 34.26296615600586 -74.2538070678711 0
endloop
endfacet
facet normal 0.45369919401997016 -0.8911548918934515 0
outer loop
vertex -28.75226402282715 57.94585037231445 0
vertex -28.75226402282715 57.94585037231445 -4.099999904632568
vertex -28.296445846557617 58.177913665771484 0
endloop
endfacet
facet normal 0.6136343889390421 -0.7895902967434493 0
outer loop
vertex -29.1561336517334 57.631980895996094 0
vertex -29.1561336517334 57.631980895996094 -4.099999904632568
vertex -28.75226402282715 57.94585037231445 0
endloop
endfacet
facet normal -0.9999995824433408 0.0009138452517528057 0
outer loop
vertex 34.326011657714844 -69.66348266601562 -4.099999904632568
vertex 34.32201385498047 -74.0381851196289 0
vertex 34.326011657714844 -69.66348266601562 0
endloop
endfacet
facet normal 0.996293564902299 0.08601821048050481 0
outer loop
vertex -62.63429260253906 -67.42325592041016 -4.099999904632568
vertex -62.673988342285156 -66.96348571777344 -4.099999904632568
vertex -62.63429260253906 -67.42325592041016 0
endloop
endfacet
facet normal 0.7987973596900015 0.6016001813100478 0
outer loop
vertex -62.27470016479492 -68.37604522705078 -4.099999904632568
vertex -62.27470016479492 -68.37604522705078 0
vertex -61.96698760986328 -68.78462219238281 -4.099999904632568
endloop
endfacet
facet normal 0.6710013911672599 0.7414560897663475 0
outer loop
vertex -61.58773422241211 -69.12783813476562 0
vertex -61.58773422241211 -69.12783813476562 -4.099999904632568
vertex -61.96698760986328 -68.78462219238281 0
endloop
endfacet
facet normal 0.5191067702106008 0.8547094015637822 0
outer loop
vertex -61.15055847167969 -69.39335632324219 0
vertex -61.15055847167969 -69.39335632324219 -4.099999904632568
vertex -61.58773422241211 -69.12783813476562 0
endloop
endfacet
facet normal 0.3485844069531653 0.9372773928934327 0
outer loop
vertex -60.671146392822266 -69.5716552734375 0
vertex -60.671146392822266 -69.5716552734375 -4.099999904632568
vertex -61.15055847167969 -69.39335632324219 0
endloop
endfacet
facet normal 0.09130028198510569 -0.9958234072913934 0
outer loop
vertex -27.805038452148438 58.31984329223633 -4.099999904632568
vertex -27.29568099975586 58.36654281616211 -4.099999904632568
vertex -27.29568099975586 58.36654281616211 0
endloop
endfacet
facet normal 0.27748098967576823 -0.9607311280314365 0
outer loop
vertex -28.296445846557617 58.177913665771484 -4.099999904632568
vertex -27.805038452148438 58.31984329223633 -4.099999904632568
vertex -27.805038452148438 58.31984329223633 0
endloop
endfacet
facet normal 0.45369919401997016 -0.8911548918934515 0
outer loop
vertex -28.75226402282715 57.94585037231445 -4.099999904632568
vertex -28.296445846557617 58.177913665771484 -4.099999904632568
vertex -28.296445846557617 58.177913665771484 0
endloop
endfacet
facet normal 0.6136343889390421 -0.7895902967434493 0
outer loop
vertex -29.1561336517334 57.631980895996094 -4.099999904632568
vertex -28.75226402282715 57.94585037231445 -4.099999904632568
vertex -28.75226402282715 57.94585037231445 0
endloop
endfacet
facet normal 0 0 1
outer loop
vertex -30.97800064086914 53.14181900024414 -4.099999904632568
vertex -43.673988342285156 31.770179748535156 -4.099999904632568
vertex -30.47286605834961 53.249656677246094 -4.099999904632568
endloop
endfacet
facet normal 0 0 1
outer loop
vertex -58.020938873291016 37.953895568847656 -4.099999904632568
vertex -57.78193283081055 37.50167465209961 -4.099999904632568
vertex -30.97800064086914 53.14181900024414 -4.099999904632568
endloop
endfacet
facet normal 0 0 1
outer loop
vertex -58.020938873291016 37.953895568847656 -4.099999904632568
vertex -30.97800064086914 53.14181900024414 -4.099999904632568
vertex -58.17036056518555 38.44307327270508 -4.099999904632568
endloop
endfacet
facet normal 0 0 1
outer loop
vertex -58.17036056518555 38.44307327270508 -4.099999904632568
vertex -30.97800064086914 53.14181900024414 -4.099999904632568
vertex -58.2248420715332 38.95166015625 -4.099999904632568
endloop
endfacet
facet normal 0 0 1
outer loop
vertex -58.2248420715332 38.95166015625 -4.099999904632568
vertex -30.97800064086914 53.14181900024414 -4.099999904632568
vertex -58.18241882324219 39.461387634277344 -4.099999904632568
endloop
endfacet
facet normal 0.9563784884777156 0.29213042768099284 0
outer loop
vertex -58.17036056518555 38.44307327270508 0
vertex -58.020938873291016 37.953895568847656 -4.099999904632568
vertex -58.17036056518555 38.44307327270508 -4.099999904632568
endloop
endfacet
facet normal 0.9943112133591405 0.10651390044624892 0
outer loop
vertex -58.17036056518555 38.44307327270508 -4.099999904632568
vertex -58.2248420715332 38.95166015625 -4.099999904632568
vertex -58.2248420715332 38.95166015625 0
endloop
endfacet
facet normal 0.9965544965973002 -0.08294055287795854 0
outer loop
vertex -58.2248420715332 38.95166015625 -4.099999904632568
vertex -58.18241882324219 39.461387634277344 -4.099999904632568
vertex -58.18241882324219 39.461387634277344 0
endloop
endfacet
facet normal 0.9435697470399368 -0.3311738704532554 0
outer loop
vertex -58.18241882324219 39.461387634277344 -4.099999904632568
vertex -57.04018020629883 42.715816497802734 -4.099999904632568
vertex -58.18241882324219 39.461387634277344 0
endloop
endfacet
facet normal 0.6917863004962038 0.722102288076818 0
outer loop
vertex -57.04018020629883 42.715816497802734 -4.099999904632568
vertex -58.129173278808594 43.759090423583984 -4.099999904632568
vertex -58.129173278808594 43.759090423583984 0
endloop
endfacet
facet normal 0 0 1
outer loop
vertex -46.050479888916016 58.62779235839844 -4.099999904632568
vertex -58.129173278808594 43.759090423583984 -4.099999904632568
vertex -57.04018020629883 42.715816497802734 -4.099999904632568
endloop
endfacet
facet normal 0 0 1
outer loop
vertex -57.4619255065918 37.1026496887207 -4.099999904632568
vertex -57.07240295410156 36.77114486694336 -4.099999904632568
vertex -30.97800064086914 53.14181900024414 -4.099999904632568
endloop
endfacet
facet normal 0 0 1
outer loop
vertex -30.97800064086914 53.14181900024414 -4.099999904632568
vertex -57.07240295410156 36.77114486694336 -4.099999904632568
vertex -56.62734603881836 36.5190544128418 -4.099999904632568
endloop
endfacet
facet normal 0 0 1
outer loop
vertex -30.97800064086914 53.14181900024414 -4.099999904632568
vertex -57.78193283081055 37.50167465209961 -4.099999904632568
vertex -57.4619255065918 37.1026496887207 -4.099999904632568
endloop
endfacet
facet normal 0 0 1
outer loop
vertex -58.18241882324219 39.461387634277344 -4.099999904632568
vertex -30.97800064086914 53.14181900024414 -4.099999904632568
vertex -57.04018020629883 42.715816497802734 -4.099999904632568
endloop
endfacet
facet normal 0 0 1
outer loop
vertex -30.97800064086914 53.14181900024414 -4.099999904632568
vertex -56.62734603881836 36.5190544128418 -4.099999904632568
vertex -43.70828628540039 31.809282302856445 -4.099999904632568
endloop
endfacet
facet normal 0 0 1
outer loop
vertex -43.70828628540039 31.809282302856445 -4.099999904632568
vertex -43.673988342285156 31.770179748535156 -4.099999904632568
vertex -30.97800064086914 53.14181900024414 -4.099999904632568
endloop
endfacet
facet normal 0 0 1
outer loop
vertex -46.050479888916016 58.62779235839844 -4.099999904632568
vertex -57.04018020629883 42.715816497802734 -4.099999904632568
vertex -30.97800064086914 53.14181900024414 -4.099999904632568
endloop
endfacet
facet normal 0.9943112133591405 0.10651390044624892 0
outer loop
vertex -58.2248420715332 38.95166015625 0
vertex -58.17036056518555 38.44307327270508 0
vertex -58.17036056518555 38.44307327270508 -4.099999904632568
endloop
endfacet
facet normal 0.9965544965973002 -0.08294055287795854 0
outer loop
vertex -58.18241882324219 39.461387634277344 0
vertex -58.2248420715332 38.95166015625 0
vertex -58.2248420715332 38.95166015625 -4.099999904632568
endloop
endfacet
facet normal 0.9435697470399368 -0.3311738704532554 0
outer loop
vertex -58.18241882324219 39.461387634277344 0
vertex -57.04018020629883 42.715816497802734 -4.099999904632568
vertex -57.04018020629883 42.715816497802734 0
endloop
endfacet
facet normal 0.6917863004962038 0.722102288076818 0
outer loop
vertex -57.04018020629883 42.715816497802734 0
vertex -57.04018020629883 42.715816497802734 -4.099999904632568
vertex -58.129173278808594 43.759090423583984 0
endloop
endfacet
facet normal 0 0 1
outer loop
vertex -43.673988342285156 31.770179748535156 -4.099999904632568
vertex -43.673988342285156 30.73651695251465 -4.099999904632568
vertex -10.132102012634277 55.38046646118164 -4.099999904632568
endloop
endfacet
facet normal 0.16555264734385197 0.9862009536384775 0
outer loop
vertex -60.16671371459961 -69.65633392333984 -4.099999904632568
vertex -60.671146392822266 -69.5716552734375 0
vertex -60.16671371459961 -69.65633392333984 0
endloop
endfacet
facet normal -0.3420223209179116 -0.9396918282042922 0
outer loop
vertex -46.050479888916016 58.62779235839844 -4.099999904632568
vertex -30.97800064086914 53.14181900024414 0
vertex -46.050479888916016 58.62779235839844 0
endloop
endfacet
facet normal 0 0 1
outer loop
vertex -45.483428955078125 64.6244125366211 -4.099999904632568
vertex -62.51918411254883 74.4224853515625 -4.099999904632568
vertex -46.050479888916016 58.62779235839844 -4.099999904632568
endloop
endfacet
facet normal 0 0 1
outer loop
vertex -64.51866912841797 74.36845397949219 -4.099999904632568
vertex -64.96720886230469 74.12261199951172 -4.099999904632568
vertex -46.050479888916016 58.62779235839844 -4.099999904632568
endloop
endfacet
facet normal 0 0 1
outer loop
vertex -64.03181457519531 74.52528381347656 -4.099999904632568
vertex -64.51866912841797 74.36845397949219 -4.099999904632568
vertex -46.050479888916016 58.62779235839844 -4.099999904632568
endloop
endfacet
facet normal 0 0 1
outer loop
vertex -63.52411651611328 74.58747100830078 -4.099999904632568
vertex -64.03181457519531 74.52528381347656 -4.099999904632568
vertex -46.050479888916016 58.62779235839844 -4.099999904632568
endloop
endfacet
facet normal 0 0 1
outer loop
vertex -63.013797760009766 74.55278778076172 -4.099999904632568
vertex -63.52411651611328 74.58747100830078 -4.099999904632568
vertex -46.050479888916016 58.62779235839844 -4.099999904632568
endloop
endfacet
facet normal 0 0 1
outer loop
vertex -62.51918411254883 74.4224853515625 -4.099999904632568
vertex -63.013797760009766 74.55278778076172 -4.099999904632568
vertex -46.050479888916016 58.62779235839844 -4.099999904632568
endloop
endfacet
facet normal 0 0 1
outer loop
vertex 69.70909881591797 -69.00154113769531 -4.099999904632568
vertex 73.02600860595703 -69.66348266601562 -4.099999904632568
vertex 33.62601089477539 -46.96348190307617 -4.099999904632568
endloop
endfacet
facet normal 0 0 1
outer loop
vertex 13.976011276245117 52.11151885986328 -4.099999904632568
vertex -19.37398910522461 -46.96348190307617 -4.099999904632568
vertex 33.62601089477539 -46.96348190307617 -4.099999904632568
endloop
endfacet
facet normal -0.3420223209179116 -0.9396918282042922 0
outer loop
vertex -30.97800064086914 53.14181900024414 0
vertex -46.050479888916016 58.62779235839844 -4.099999904632568
vertex -30.97800064086914 53.14181900024414 -4.099999904632568
endloop
endfacet
facet normal 0.8979284672578856 0.44014141782829763 0
outer loop
vertex -62.27470016479492 -68.37604522705078 0
vertex -62.27470016479492 -68.37604522705078 -4.099999904632568
vertex -62.49982833862305 -67.91676330566406 0
endloop
endfacet
facet normal 0.9648276438700856 0.2628832775664887 0
outer loop
vertex -62.49982833862305 -67.91676330566406 0
vertex -62.49982833862305 -67.91676330566406 -4.099999904632568
vertex -62.63429260253906 -67.42325592041016 0
endloop
endfacet
facet normal 0.7987973596900015 0.6016001813100478 0
outer loop
vertex -61.96698760986328 -68.78462219238281 0
vertex -61.96698760986328 -68.78462219238281 -4.099999904632568
vertex -62.27470016479492 -68.37604522705078 0
endloop
endfacet
facet normal 0 0 1
outer loop
vertex 74.20257568359375 56.591392517089844 -4.099999904632568
vertex 75.01900482177734 55.982662200927734 -4.099999904632568
vertex 74.63975524902344 56.325870513916016 -4.099999904632568
endloop
endfacet
facet normal 0 0 1
outer loop
vertex 74.20257568359375 56.591392517089844 -4.099999904632568
vertex 75.32672119140625 55.57408142089844 -4.099999904632568
vertex 75.01900482177734 55.982662200927734 -4.099999904632568
endloop
endfacet
facet normal -0.49856724334101443 -0.8668510274939644 0
outer loop
vertex -62.51918411254883 74.4224853515625 -4.099999904632568
vertex -45.483428955078125 64.6244125366211 -4.099999904632568
vertex -62.51918411254883 74.4224853515625 0
endloop
endfacet
facet normal 0 0 1
outer loop
vertex 74.20257568359375 56.591392517089844 -4.099999904632568
vertex 75.55184936523438 55.11479568481445 -4.099999904632568
vertex 75.32672119140625 55.57408142089844 -4.099999904632568
endloop
endfacet
facet normal 0.9999949252845666 -0.003185813100949784 0
outer loop
vertex 32.326011657714844 52.11151885986328 0
vertex 32.326011657714844 52.11151885986328 -4.099999904632568
vertex 32.33315658569336 54.35424041748047 0
endloop
endfacet
facet normal 0 0 1
outer loop
vertex 75.55184936523438 55.11479568481445 -4.099999904632568
vertex 73.21873474121094 56.8543701171875 -4.099999904632568
vertex 75.68630981445312 54.62129211425781 -4.099999904632568
endloop
endfacet
facet normal 0.2087785239254128 -0.9779629481465674 0
outer loop
vertex -30.97800064086914 53.14181900024414 -4.099999904632568
vertex -30.47286605834961 53.249656677246094 -4.099999904632568
vertex -30.47286605834961 53.249656677246094 0
endloop
endfacet
facet normal 0.9844064858486826 -0.1759086996684573 0
outer loop
vertex -30.47286605834961 53.249656677246094 -4.099999904632568
vertex -29.923431396484375 56.32435989379883 -4.099999904632568
vertex -29.923431396484375 56.32435989379883 0
endloop
endfacet
facet normal 0.942451853997392 -0.33434189521637664 0
outer loop
vertex -29.923431396484375 56.32435989379883 -4.099999904632568
vertex -29.752418518066406 56.80641555786133 -4.099999904632568
vertex -29.752418518066406 56.80641555786133 0
endloop
endfacet
facet normal 0.9861999403813281 -0.16555868322702086 0
outer loop
vertex 32.33315658569336 54.35424041748047 0
vertex 32.33315658569336 54.35424041748047 -4.099999904632568
vertex 32.41783905029297 54.85867691040039 0
endloop
endfacet
facet normal 0.9372764866607638 -0.34858684363133263 0
outer loop
vertex 32.41783905029297 54.85867691040039 0
vertex 32.41783905029297 54.85867691040039 -4.099999904632568
vertex 32.59613800048828 55.33808517456055 0
endloop
endfacet
facet normal 0.8624798312329455 -0.5060914351343935 0
outer loop
vertex -29.752418518066406 56.80641555786133 -4.099999904632568
vertex -29.493555068969727 57.2475700378418 -4.099999904632568
vertex -29.493555068969727 57.2475700378418 0
endloop
endfacet
facet normal 0.8547094015637822 -0.5191067702106008 0
outer loop
vertex 32.59613800048828 55.33808517456055 0
vertex 32.59613800048828 55.33808517456055 -4.099999904632568
vertex 32.861656188964844 55.77526092529297 0
endloop
endfacet
facet normal 0.7414598002092212 -0.6709972911075734 0
outer loop
vertex 32.861656188964844 55.77526092529297 0
vertex 32.861656188964844 55.77526092529297 -4.099999904632568
vertex 33.20486831665039 56.15451431274414 0
endloop
endfacet
facet normal 0.6015965973303076 -0.7988000588887033 0
outer loop
vertex 33.20486831665039 56.15451431274414 0
vertex 33.20486831665039 56.15451431274414 -4.099999904632568
vertex 33.61344909667969 56.46222686767578 0
endloop
endfacet
facet normal 0.4401384703277997 -0.8979299120407476 0
outer loop
vertex 33.61344909667969 56.46222686767578 0
vertex 33.61344909667969 56.46222686767578 -4.099999904632568
vertex 34.07273483276367 56.687355041503906 0
endloop
endfacet
facet normal 0.2628870608150256 -0.9648266130533698 0
outer loop
vertex 34.07273483276367 56.687355041503906 0
vertex 34.07273483276367 56.687355041503906 -4.099999904632568
vertex 34.56623458862305 56.82181930541992 0
endloop
endfacet
facet normal 0 0 1
outer loop
vertex -27.805038452148438 58.31984329223633 -4.099999904632568
vertex -29.1561336517334 57.631980895996094 -4.099999904632568
vertex -27.29568099975586 58.36654281616211 -4.099999904632568
endloop
endfacet
facet normal 0 0 1
outer loop
vertex -28.296445846557617 58.177913665771484 -4.099999904632568
vertex -29.1561336517334 57.631980895996094 -4.099999904632568
vertex -27.805038452148438 58.31984329223633 -4.099999904632568
endloop
endfacet
facet normal 0 0 1
outer loop
vertex -29.1561336517334 57.631980895996094 -4.099999904632568
vertex -29.493555068969727 57.2475700378418 -4.099999904632568
vertex -27.29568099975586 58.36654281616211 -4.099999904632568
endloop
endfacet
facet normal 0 0 1
outer loop
vertex -29.1561336517334 57.631980895996094 -4.099999904632568
vertex -28.296445846557617 58.177913665771484 -4.099999904632568
vertex -28.75226402282715 57.94585037231445 -4.099999904632568
endloop
endfacet
facet normal 0.08602499859309397 -0.9962929788054607 0
outer loop
vertex 34.56623458862305 56.82181930541992 0
vertex 34.56623458862305 56.82181930541992 -4.099999904632568
vertex 35.0260124206543 56.86151885986328 0
endloop
endfacet
facet normal 0 0 1
outer loop
vertex -30.47286605834961 53.249656677246094 -4.099999904632568
vertex -43.673988342285156 31.770179748535156 -4.099999904632568
vertex -10.132102012634277 55.38046646118164 -4.099999904632568
endloop
endfacet
facet normal 0 0 1
outer loop
vertex -29.752418518066406 56.80641555786133 -4.099999904632568
vertex -29.923431396484375 56.32435989379883 -4.099999904632568
vertex -27.29568099975586 58.36654281616211 -4.099999904632568
endloop
endfacet
facet normal 0 0 1
outer loop
vertex -29.493555068969727 57.2475700378418 -4.099999904632568
vertex -29.752418518066406 56.80641555786133 -4.099999904632568
vertex -27.29568099975586 58.36654281616211 -4.099999904632568
endloop
endfacet
facet normal 0 0 1
outer loop
vertex -45.483428955078125 64.6244125366211 -4.099999904632568
vertex -46.050479888916016 58.62779235839844 -4.099999904632568
vertex -44.658538818359375 61.03868865966797 -4.099999904632568
endloop
endfacet
facet normal 0 0 1
outer loop
vertex -45.483428955078125 64.6244125366211 -4.099999904632568
vertex -44.658538818359375 61.03868865966797 -4.099999904632568
vertex -44.4630241394043 61.45671081542969 -4.099999904632568
endloop
endfacet
facet normal 0 0 1
outer loop
vertex -44.4630241394043 61.45671081542969 -4.099999904632568
vertex -44.33271408081055 61.95132827758789 -4.099999904632568
vertex -44.29803466796875 62.46164321899414 -4.099999904632568
endloop
endfacet
facet normal 0 0 1
outer loop
vertex -44.4630241394043 61.45671081542969 -4.099999904632568
vertex -44.29803466796875 62.46164321899414 -4.099999904632568
vertex -44.36022186279297 62.96934127807617 -4.099999904632568
endloop
endfacet
facet normal 0 0 1
outer loop
vertex -44.4630241394043 61.45671081542969 -4.099999904632568
vertex -44.51705551147461 63.456199645996094 -4.099999904632568
vertex -44.76289367675781 63.90473556518555 -4.099999904632568
endloop
endfacet
facet normal 0 0 1
outer loop
vertex -45.483428955078125 64.6244125366211 -4.099999904632568
vertex -44.4630241394043 61.45671081542969 -4.099999904632568
vertex -45.08892059326172 64.29885864257812 -4.099999904632568
endloop
endfacet
facet normal 0 0 1
outer loop
vertex -45.08892059326172 64.29885864257812 -4.099999904632568
vertex -44.4630241394043 61.45671081542969 -4.099999904632568
vertex -44.76289367675781 63.90473556518555 -4.099999904632568
endloop
endfacet
facet normal 0 0 1
outer loop
vertex -44.51705551147461 63.456199645996094 -4.099999904632568
vertex -44.4630241394043 61.45671081542969 -4.099999904632568
vertex -44.36022186279297 62.96934127807617 -4.099999904632568
endloop
endfacet
facet normal -0.8660239351337954 0.500002543768905 0
outer loop
vertex -44.658538818359375 61.03868865966797 -4.099999904632568
vertex -46.050479888916016 58.62779235839844 -4.099999904632568
vertex -46.050479888916016 58.62779235839844 0
endloop
endfacet
facet normal -0.9058193670077592 0.4236641055761775 0
outer loop
vertex -44.4630241394043 61.45671081542969 -4.099999904632568
vertex -44.658538818359375 61.03868865966797 -4.099999904632568
vertex -44.658538818359375 61.03868865966797 0
endloop
endfacet
facet normal -0.9670034946575492 0.2547631082399633 0
outer loop
vertex -44.33271408081055 61.95132827758789 -4.099999904632568
vertex -44.4630241394043 61.45671081542969 -4.099999904632568
vertex -44.4630241394043 61.45671081542969 0
endloop
endfacet
facet normal -0.9976988980608901 0.0678005074323612 0
outer loop
vertex -44.29803466796875 62.46164321899414 -4.099999904632568
vertex -44.33271408081055 61.95132827758789 -4.099999904632568
vertex -44.33271408081055 61.95132827758789 0
endloop
endfacet
facet normal -0.6364812433336933 -0.7712921799709861 0
outer loop
vertex -45.483428955078125 64.6244125366211 -4.099999904632568
vertex -45.08892059326172 64.29885864257812 -4.099999904632568
vertex -45.08892059326172 64.29885864257812 0
endloop
endfacet
facet normal -0.876922132174071 -0.48063247300123324 0
outer loop
vertex -44.76289367675781 63.90473556518555 -4.099999904632568
vertex -44.51705551147461 63.456199645996094 -4.099999904632568
vertex -44.51705551147461 63.456199645996094 0
endloop
endfacet
facet normal -0.9925816505829944 -0.12157987878731666 0
outer loop
vertex -44.36022186279297 62.96934127807617 -4.099999904632568
vertex -44.29803466796875 62.46164321899414 -4.099999904632568
vertex -44.29803466796875 62.46164321899414 0
endloop
endfacet
facet normal -0.9518327449207632 -0.3066177191497672 0
outer loop
vertex -44.51705551147461 63.456199645996094 -4.099999904632568
vertex -44.36022186279297 62.96934127807617 -4.099999904632568
vertex -44.36022186279297 62.96934127807617 0
endloop
endfacet
facet normal -0.7705324934317457 -0.6374007189875585 0
outer loop
vertex -45.08892059326172 64.29885864257812 -4.099999904632568
vertex -44.76289367675781 63.90473556518555 -4.099999904632568
vertex -44.76289367675781 63.90473556518555 0
endloop
endfacet
facet normal 0 0 1
outer loop
vertex -29.923431396484375 56.32435989379883 -4.099999904632568
vertex -30.47286605834961 53.249656677246094 -4.099999904632568
vertex -10.132102012634277 55.38046646118164 -4.099999904632568
endloop
endfacet
facet normal 0 0 1
outer loop
vertex -27.29568099975586 58.36654281616211 -4.099999904632568
vertex -29.923431396484375 56.32435989379883 -4.099999904632568
vertex -10.132102012634277 55.38046646118164 -4.099999904632568
endloop
endfacet
facet normal 0.7515469065084295 -0.6596796550732861 0
outer loop
vertex -29.493555068969727 57.2475700378418 -4.099999904632568
vertex -29.1561336517334 57.631980895996094 -4.099999904632568
vertex -29.1561336517334 57.631980895996094 0
endloop
endfacet
facet normal -0.17140280114769474 -0.9852010351997829 0
outer loop
vertex -27.29568099975586 58.36654281616211 -4.099999904632568
vertex -10.132102012634277 55.38046646118164 -4.099999904632568
vertex -27.29568099975586 58.36654281616211 0
endloop
endfacet
facet normal 0.2087785239254128 -0.9779629481465674 0
outer loop
vertex -30.97800064086914 53.14181900024414 0
vertex -30.97800064086914 53.14181900024414 -4.099999904632568
vertex -30.47286605834961 53.249656677246094 0
endloop
endfacet
facet normal 0 0 1
outer loop
vertex 73.7231674194336 56.769691467285156 -4.099999904632568
vertex 75.55184936523438 55.11479568481445 -4.099999904632568
vertex 74.20257568359375 56.591392517089844 -4.099999904632568
endloop
endfacet
facet normal 0 0 1
outer loop
vertex -60.43376541137695 30.696819305419922 -4.099999904632568
vertex -62.673988342285156 -66.96348571777344 -4.099999904632568
vertex -43.673988342285156 30.73651695251465 -4.099999904632568
endloop
endfacet
facet normal 0 0 1
outer loop
vertex 73.21873474121094 56.8543701171875 -4.099999904632568
vertex 75.55184936523438 55.11479568481445 -4.099999904632568
vertex 73.7231674194336 56.769691467285156 -4.099999904632568
endloop
endfacet
facet normal -0.0001871755171195695 -0.9999999824826629 0
outer loop
vertex 73.21873474121094 56.8543701171875 0
vertex 35.0260124206543 56.86151885986328 -4.099999904632568
vertex 73.21873474121094 56.8543701171875 -4.099999904632568
endloop
endfacet
facet normal 0.9999999971831859 -0.00007505749912275725 0
outer loop
vertex -62.66684341430664 28.22924041748047 0
vertex -62.673988342285156 -66.96348571777344 -4.099999904632568
vertex -62.66684341430664 28.22924041748047 -4.099999904632568
endloop
endfacet
facet normal 0 0 1
outer loop
vertex -60.92726516723633 30.562355041503906 -4.099999904632568
vertex -62.673988342285156 -66.96348571777344 -4.099999904632568
vertex -60.43376541137695 30.696819305419922 -4.099999904632568
endloop
endfacet
facet normal 0 0 1
outer loop
vertex -61.38655090332031 30.33722686767578 -4.099999904632568
vertex -62.673988342285156 -66.96348571777344 -4.099999904632568
vertex -60.92726516723633 30.562355041503906 -4.099999904632568
endloop
endfacet
facet normal 0 0 1
outer loop
vertex -61.79513168334961 30.02951431274414 -4.099999904632568
vertex -62.673988342285156 -66.96348571777344 -4.099999904632568
vertex -61.38655090332031 30.33722686767578 -4.099999904632568
endloop
endfacet
facet normal 0 0 1
outer loop
vertex -62.138343811035156 29.6502628326416 -4.099999904632568
vertex -62.673988342285156 -66.96348571777344 -4.099999904632568
vertex -61.79513168334961 30.02951431274414 -4.099999904632568
endloop
endfacet
facet normal 0 0 1
outer loop
vertex -62.40386199951172 29.213085174560547 -4.099999904632568
vertex -62.673988342285156 -66.96348571777344 -4.099999904632568
vertex -62.138343811035156 29.6502628326416 -4.099999904632568
endloop
endfacet
facet normal 0 0 1
outer loop
vertex -62.58216094970703 28.733675003051758 -4.099999904632568
vertex -62.673988342285156 -66.96348571777344 -4.099999904632568
vertex -62.40386199951172 29.213085174560547 -4.099999904632568
endloop
endfacet
facet normal 0 0 1
outer loop
vertex -62.673988342285156 -66.96348571777344 -4.099999904632568
vertex -62.58216094970703 28.733675003051758 -4.099999904632568
vertex -62.66684341430664 28.22924041748047 -4.099999904632568
endloop
endfacet
facet normal 0.999953444615718 0.00034028695118471164 -0.009643277759714469
outer loop
vertex -62.63429260253906 -67.42325592041016 0
vertex -62.673988342285156 -66.96348571777344 -4.099999904632568
vertex -62.66684341430664 28.22924041748047 0
endloop
endfacet
facet normal -0.0001871755171195695 -0.9999999824826629 0
outer loop
vertex 35.0260124206543 56.86151885986328 0
vertex 35.0260124206543 56.86151885986328 -4.099999904632568
vertex 73.21873474121094 56.8543701171875 0
endloop
endfacet
facet normal 0.00017830522688937908 0.9999999841036229 0
outer loop
vertex -60.16671371459961 -69.65633392333984 0
vertex -20.07398796081543 -69.66348266601562 -4.099999904632568
vertex -60.16671371459961 -69.65633392333984 -4.099999904632568
endloop
endfacet
facet normal -0.5191105639557496 -0.8547070974255119 0
outer loop
vertex 12.452579498291016 56.591392517089844 0
vertex 12.452579498291016 56.591392517089844 -4.099999904632568
vertex 12.88975715637207 56.325870513916016 0
endloop
endfacet
facet normal -0.7988000588887033 -0.6015965973303076 0
outer loop
vertex 13.26900863647461 55.982662200927734 0
vertex 13.26900863647461 55.982662200927734 -4.099999904632568
vertex 13.57672119140625 55.57408142089844 0
endloop
endfacet
facet normal -0.6709950462216471 -0.74146183175266 0
outer loop
vertex 12.88975715637207 56.325870513916016 0
vertex 12.88975715637207 56.325870513916016 -4.099999904632568
vertex 13.26900863647461 55.982662200927734 0
endloop
endfacet
facet normal -0.9648276013720286 -0.2628834335417472 0
outer loop
vertex 13.801849365234375 55.11479568481445 0
vertex 13.801849365234375 55.11479568481445 -4.099999904632568
vertex 13.936312675476074 54.62129211425781 0
endloop
endfacet
facet normal 0.9844064858486826 -0.1759086996684573 0
outer loop
vertex -30.47286605834961 53.249656677246094 0
vertex -30.47286605834961 53.249656677246094 -4.099999904632568
vertex -29.923431396484375 56.32435989379883 0
endloop
endfacet
facet normal 0.942451853997392 -0.33434189521637664 0
outer loop
vertex -29.923431396484375 56.32435989379883 0
vertex -29.923431396484375 56.32435989379883 -4.099999904632568
vertex -29.752418518066406 56.80641555786133 0
endloop
endfacet
facet normal 0.8624798312329455 -0.5060914351343935 0
outer loop
vertex -29.752418518066406 56.80641555786133 0
vertex -29.752418518066406 56.80641555786133 -4.099999904632568
vertex -29.493555068969727 57.2475700378418 0
endloop
endfacet
facet normal 0.7515469065084295 -0.6596796550732861 0
outer loop
vertex -29.493555068969727 57.2475700378418 0
vertex -29.493555068969727 57.2475700378418 -4.099999904632568
vertex -29.1561336517334 57.631980895996094 0
endloop
endfacet
facet normal -0.9998749251631348 -0.01581562613416401 0
outer loop
vertex 13.936312675476074 54.62129211425781 0
vertex 13.976011276245117 52.11151885986328 -4.099999904632568
vertex 13.976011276245117 52.11151885986328 0
endloop
endfacet
facet normal -0.3485856252882852 -0.9372769397794737 0
outer loop
vertex 11.973169326782227 56.769691467285156 0
vertex 11.973169326782227 56.769691467285156 -4.099999904632568
vertex 12.452579498291016 56.591392517089844 0
endloop
endfacet
facet normal -0.1655517341084634 -0.9862011069420278 0
outer loop
vertex 11.468733787536621 56.8543701171875 0
vertex 11.468733787536621 56.8543701171875 -4.099999904632568
vertex 11.973169326782227 56.769691467285156 0
endloop
endfacet
facet normal -0.49856724334101443 -0.8668510274939644 0
outer loop
vertex -62.51918411254883 74.4224853515625 0
vertex -45.483428955078125 64.6244125366211 -4.099999904632568
vertex -45.483428955078125 64.6244125366211 0
endloop
endfacet
facet normal -0.8979299120407476 -0.4401384703277997 0
outer loop
vertex 13.57672119140625 55.57408142089844 -4.099999904632568
vertex 13.801849365234375 55.11479568481445 -4.099999904632568
vertex 13.801849365234375 55.11479568481445 0
endloop
endfacet
facet normal -0.5191105639557496 -0.8547070974255119 0
outer loop
vertex 12.452579498291016 56.591392517089844 -4.099999904632568
vertex 12.88975715637207 56.325870513916016 -4.099999904632568
vertex 12.88975715637207 56.325870513916016 0
endloop
endfacet
facet normal -0.3485856252882852 -0.9372769397794737 0
outer loop
vertex 11.973169326782227 56.769691467285156 -4.099999904632568
vertex 12.452579498291016 56.591392517089844 -4.099999904632568
vertex 12.452579498291016 56.591392517089844 0
endloop
endfacet
facet normal -0.6709950462216471 -0.74146183175266 0
outer loop
vertex 12.88975715637207 56.325870513916016 -4.099999904632568
vertex 13.26900863647461 55.982662200927734 -4.099999904632568
vertex 13.26900863647461 55.982662200927734 0
endloop
endfacet
facet normal -0.7988000588887033 -0.6015965973303076 0
outer loop
vertex 13.26900863647461 55.982662200927734 -4.099999904632568
vertex 13.57672119140625 55.57408142089844 -4.099999904632568
vertex 13.57672119140625 55.57408142089844 0
endloop
endfacet
facet normal -0.9648276013720286 -0.2628834335417472 0
outer loop
vertex 13.801849365234375 55.11479568481445 -4.099999904632568
vertex 13.936312675476074 54.62129211425781 -4.099999904632568
vertex 13.936312675476074 54.62129211425781 0
endloop
endfacet
facet normal -0.9998749251631348 -0.01581562613416401 0
outer loop
vertex 13.936312675476074 54.62129211425781 -4.099999904632568
vertex 13.976011276245117 52.11151885986328 -4.099999904632568
vertex 13.936312675476074 54.62129211425781 0
endloop
endfacet
facet normal -0.1655517341084634 -0.9862011069420278 0
outer loop
vertex 11.468733787536621 56.8543701171875 -4.099999904632568
vertex 11.973169326782227 56.769691467285156 -4.099999904632568
vertex 11.973169326782227 56.769691467285156 0
endloop
endfacet
facet normal -0.0003724714963768197 -0.9999999306324898 0
outer loop
vertex 11.468733787536621 56.8543701171875 0
vertex -7.723989009857178 56.86151885986328 -4.099999904632568
vertex 11.468733787536621 56.8543701171875 -4.099999904632568
endloop
endfacet
facet normal 0 0 1
outer loop
vertex 33.62601089477539 -46.96348190307617 -4.099999904632568
vertex 58.326412200927734 -69.00154113769531 -4.099999904632568
vertex 69.70909881591797 -69.00154113769531 -4.099999904632568
endloop
endfacet
facet normal -0.9999999642676703 -0.0002673287452984189 0
outer loop
vertex 75.68630981445312 54.62129211425781 -4.099999904632568
vertex 75.71886444091797 -67.15620422363281 -4.099999904632568
vertex 75.68630981445312 54.62129211425781 0
endloop
endfacet
facet normal 0 0 1
outer loop
vertex 75.68630981445312 54.62129211425781 -4.099999904632568
vertex 73.21873474121094 56.8543701171875 -4.099999904632568
vertex 75.71886444091797 -67.15620422363281 -4.099999904632568
endloop
endfacet
facet normal 0 0 1
outer loop
vertex 35.0260124206543 56.86151885986328 -4.099999904632568
vertex 75.71886444091797 -67.15620422363281 -4.099999904632568
vertex 73.21873474121094 56.8543701171875 -4.099999904632568
endloop
endfacet
facet normal 0 0 1
outer loop
vertex 13.976011276245117 52.11151885986328 -4.099999904632568
vertex 75.71886444091797 -67.15620422363281 -4.099999904632568
vertex 32.326011657714844 52.11151885986328 -4.099999904632568
endloop
endfacet
facet normal 0 0 1
outer loop
vertex 32.33315658569336 54.35424041748047 -4.099999904632568
vertex 32.326011657714844 52.11151885986328 -4.099999904632568
vertex 75.71886444091797 -67.15620422363281 -4.099999904632568
endloop
endfacet
facet normal 0 0 1
outer loop
vertex 32.41783905029297 54.85867691040039 -4.099999904632568
vertex 32.33315658569336 54.35424041748047 -4.099999904632568
vertex 75.71886444091797 -67.15620422363281 -4.099999904632568
endloop
endfacet
facet normal 0 0 1
outer loop
vertex 32.59613800048828 55.33808517456055 -4.099999904632568
vertex 32.41783905029297 54.85867691040039 -4.099999904632568
vertex 75.71886444091797 -67.15620422363281 -4.099999904632568
endloop
endfacet
facet normal 0 0 1
outer loop
vertex 32.861656188964844 55.77526092529297 -4.099999904632568
vertex 32.59613800048828 55.33808517456055 -4.099999904632568
vertex 75.71886444091797 -67.15620422363281 -4.099999904632568
endloop
endfacet
facet normal 0 0 1
outer loop
vertex 33.20486831665039 56.15451431274414 -4.099999904632568
vertex 32.861656188964844 55.77526092529297 -4.099999904632568
vertex 75.71886444091797 -67.15620422363281 -4.099999904632568
endloop
endfacet
facet normal -0.8660239351337954 0.500002543768905 0
outer loop
vertex -44.658538818359375 61.03868865966797 0
vertex -44.658538818359375 61.03868865966797 -4.099999904632568
vertex -46.050479888916016 58.62779235839844 0
endloop
endfacet
facet normal -0.9058193670077592 0.4236641055761775 0
outer loop
vertex -44.4630241394043 61.45671081542969 0
vertex -44.4630241394043 61.45671081542969 -4.099999904632568
vertex -44.658538818359375 61.03868865966797 0
endloop
endfacet
facet normal -0.9670034946575492 0.2547631082399633 0
outer loop
vertex -44.33271408081055 61.95132827758789 0
vertex -44.33271408081055 61.95132827758789 -4.099999904632568
vertex -44.4630241394043 61.45671081542969 0
endloop
endfacet
facet normal -0.9976988980608901 0.0678005074323612 0
outer loop
vertex -44.29803466796875 62.46164321899414 0
vertex -44.29803466796875 62.46164321899414 -4.099999904632568
vertex -44.33271408081055 61.95132827758789 0
endloop
endfacet
facet normal -0.6364812433336933 -0.7712921799709861 0
outer loop
vertex -45.483428955078125 64.6244125366211 0
vertex -45.483428955078125 64.6244125366211 -4.099999904632568
vertex -45.08892059326172 64.29885864257812 0
endloop
endfacet
facet normal -0.9925816505829944 -0.12157987878731666 0
outer loop
vertex -44.36022186279297 62.96934127807617 0
vertex -44.36022186279297 62.96934127807617 -4.099999904632568
vertex -44.29803466796875 62.46164321899414 0
endloop
endfacet
facet normal -0.9518327449207632 -0.3066177191497672 0
outer loop
vertex -44.51705551147461 63.456199645996094 0
vertex -44.51705551147461 63.456199645996094 -4.099999904632568
vertex -44.36022186279297 62.96934127807617 0
endloop
endfacet
facet normal -0.7705324934317457 -0.6374007189875585 0
outer loop
vertex -45.08892059326172 64.29885864257812 0
vertex -45.08892059326172 64.29885864257812 -4.099999904632568
vertex -44.76289367675781 63.90473556518555 0
endloop
endfacet
facet normal -0.876922132174071 -0.48063247300123324 0
outer loop
vertex -44.76289367675781 63.90473556518555 0
vertex -44.76289367675781 63.90473556518555 -4.099999904632568
vertex -44.51705551147461 63.456199645996094 0
endloop
endfacet
facet normal 0 0 1
outer loop
vertex 33.61344909667969 56.46222686767578 -4.099999904632568
vertex 33.20486831665039 56.15451431274414 -4.099999904632568
vertex 75.71886444091797 -67.15620422363281 -4.099999904632568
endloop
endfacet
facet normal 0 0 1
outer loop
vertex 34.07273483276367 56.687355041503906 -4.099999904632568
vertex 33.61344909667969 56.46222686767578 -4.099999904632568
vertex 75.71886444091797 -67.15620422363281 -4.099999904632568
endloop
endfacet
facet normal -0.06780742658197698 -0.9976984278329448 0
outer loop
vertex -63.52411651611328 74.58747100830078 0
vertex -63.52411651611328 74.58747100830078 -4.099999904632568
vertex -63.013797760009766 74.55278778076172 0
endloop
endfacet
facet normal 0 0 1
outer loop
vertex -19.37398910522461 -46.96348190307617 -8.199999809265137
vertex 2.1260111331939697 -65.96348571777344 -8.199999809265137
vertex 12.12601089477539 -65.96348571777344 -8.199999809265137
endloop
endfacet
facet normal 0 1 0
outer loop
vertex 33.62601089477539 -74.96348571777344 -8.199999809265137
vertex -19.37398910522461 -74.96348571777344 0
vertex 33.62601089477539 -74.96348571777344 0
endloop
endfacet
facet normal -1 0 0
outer loop
vertex 33.62601089477539 -74.66348266601562 0
vertex 33.62601089477539 -74.66348266601562 -4.099999904632568
vertex 33.62601089477539 -74.96348571777344 0
endloop
endfacet
facet normal 0 0 1
outer loop
vertex 2.1260111331939697 -65.96348571777344 -8.199999809265137
vertex -6.873988628387451 -74.96348571777344 -8.199999809265137
vertex 2.1260111331939697 -74.96348571777344 -8.199999809265137
endloop
endfacet
facet normal 0 1 0
outer loop
vertex -6.873988628387451 -74.96348571777344 -8.199999809265137
vertex -7.123988628387451 -74.96348571777344 -6.699999809265137
vertex 2.1260111331939697 -74.96348571777344 -8.199999809265137
endloop
endfacet
facet normal 0 0 1
outer loop
vertex -19.37398910522461 -46.96348190307617 -8.199999809265137
vertex -16.87398910522461 -65.96348571777344 -8.199999809265137
vertex -6.873988628387451 -65.96348571777344 -8.199999809265137
endloop
endfacet
facet normal 0 0 1
outer loop
vertex -16.87398910522461 -65.96348571777344 -8.199999809265137
vertex -19.37398910522461 -46.96348190307617 -8.199999809265137
vertex -19.37398910522461 -74.96348571777344 -8.199999809265137
endloop
endfacet
facet normal 0 1 0
outer loop
vertex 2.1260111331939697 -74.96348571777344 -8.199999809265137
vertex -7.123988628387451 -74.96348571777344 -6.699999809265137
vertex -7.200109481811523 -74.96348571777344 -6.31731653213501
endloop
endfacet
facet normal 0 0 1
outer loop
vertex -6.873988628387451 -65.96348571777344 -8.199999809265137
vertex -6.873988628387451 -74.96348571777344 -8.199999809265137
vertex 2.1260111331939697 -65.96348571777344 -8.199999809265137
endloop
endfacet
facet normal 0 0 1
outer loop
vertex -16.87398910522461 -74.96348571777344 -8.199999809265137
vertex -16.87398910522461 -65.96348571777344 -8.199999809265137
vertex -19.37398910522461 -74.96348571777344 -8.199999809265137
endloop
endfacet
facet normal 0 0 1
outer loop
vertex -19.37398910522461 -46.96348190307617 -8.199999809265137
vertex -6.873988628387451 -65.96348571777344 -8.199999809265137
vertex 2.1260111331939697 -65.96348571777344 -8.199999809265137
endloop
endfacet
facet normal 0 1 0
outer loop
vertex -16.87398910522461 -74.96348571777344 -8.199999809265137
vertex -19.37398910522461 -74.96348571777344 -8.199999809265137
vertex -19.37398910522461 -74.96348571777344 0
endloop
endfacet
facet normal 0 1 0
outer loop
vertex -16.62398910522461 -74.96348571777344 -8.199999809265137
vertex -16.87398910522461 -74.96348571777344 -8.199999809265137
vertex -19.37398910522461 -74.96348571777344 0
endloop
endfacet
facet normal 0 1 0
outer loop
vertex -16.62398910522461 -74.96348571777344 -6.699999809265137
vertex -16.62398910522461 -74.96348571777344 -8.199999809265137
vertex -19.37398910522461 -74.96348571777344 0
endloop
endfacet
facet normal 1 0 0
outer loop
vertex -19.37398910522461 -74.96348571777344 -8.199999809265137
vertex -19.37398910522461 -46.96348190307617 -4.099999904632568
vertex -19.37398910522461 -74.66348266601562 -4.099999904632568
endloop
endfacet
facet normal 0 0 1
outer loop
vertex -19.37398910522461 -46.96348190307617 -8.199999809265137
vertex 12.12601089477539 -65.96348571777344 -8.199999809265137
vertex 21.12601089477539 -65.96348571777344 -8.199999809265137
endloop
endfacet
facet normal 0 1 0
outer loop
vertex 2.1260111331939697 -74.96348571777344 -8.199999809265137
vertex -7.200109481811523 -74.96348571777344 -6.31731653213501
vertex -7.416882038116455 -74.96348571777344 -5.992893218994141
endloop
endfacet
facet normal 0 1 0
outer loop
vertex 2.1260111331939697 -74.96348571777344 -8.199999809265137
vertex -7.416882038116455 -74.96348571777344 -5.992893218994141
vertex -7.741305351257324 -74.96348571777344 -5.776120662689209
endloop
endfacet
facet normal 0 1 0
outer loop
vertex -19.37398910522461 -74.96348571777344 0
vertex 2.3760111331939697 -74.96348571777344 -8.199999809265137
vertex 2.1260111331939697 -74.96348571777344 -8.199999809265137
endloop
endfacet
facet normal 0 1 0
outer loop
vertex 2.3760111331939697 -74.96348571777344 -8.199999809265137
vertex -19.37398910522461 -74.96348571777344 0
vertex 2.3760111331939697 -74.96348571777344 -6.699999809265137
endloop
endfacet
facet normal 1 0 0
outer loop
vertex -19.37398910522461 -46.96348190307617 -4.099999904632568
vertex -19.37398910522461 -74.96348571777344 -8.199999809265137
vertex -19.37398910522461 -46.96348190307617 -8.199999809265137
endloop
endfacet
facet normal 0 1 0
outer loop
vertex 12.12601089477539 -74.96348571777344 -8.199999809265137
vertex 11.87601089477539 -74.96348571777344 -8.199999809265137
vertex 11.87601089477539 -74.96348571777344 -6.699999809265137
endloop
endfacet
facet normal 0 1 0
outer loop
vertex 11.87601089477539 -74.96348571777344 -6.699999809265137
vertex 21.12601089477539 -74.96348571777344 -8.199999809265137
vertex 12.12601089477539 -74.96348571777344 -8.199999809265137
endloop
endfacet
facet normal 0 1 0
outer loop
vertex 21.12601089477539 -74.96348571777344 -8.199999809265137
vertex 11.87601089477539 -74.96348571777344 -6.699999809265137
vertex 11.799890518188477 -74.96348571777344 -6.31731653213501
endloop
endfacet
facet normal 0 0 1
outer loop
vertex 21.12601089477539 -65.96348571777344 -8.199999809265137
vertex 12.12601089477539 -65.96348571777344 -8.199999809265137
vertex 12.12601089477539 -74.96348571777344 -8.199999809265137
endloop
endfacet
facet normal 0 0 1
outer loop
vertex 21.12601089477539 -65.96348571777344 -8.199999809265137
vertex 12.12601089477539 -74.96348571777344 -8.199999809265137
vertex 21.12601089477539 -74.96348571777344 -8.199999809265137
endloop
endfacet
facet normal 0 1 0
outer loop
vertex 11.583118438720703 -74.96348571777344 -5.992893218994141
vertex 11.258694648742676 -74.96348571777344 -5.776120662689209
vertex 21.12601089477539 -74.96348571777344 -8.199999809265137
endloop
endfacet
facet normal 0 1 0
outer loop
vertex 21.12601089477539 -74.96348571777344 -8.199999809265137
vertex 11.799890518188477 -74.96348571777344 -6.31731653213501
vertex 11.583118438720703 -74.96348571777344 -5.992893218994141
endloop
endfacet
facet normal 0 1 0
outer loop
vertex 10.87601089477539 -74.96348571777344 -5.699999809265137
vertex 31.12601089477539 -74.96348571777344 -8.199999809265137
vertex 11.258694648742676 -74.96348571777344 -5.776120662689209
endloop
endfacet
facet normal 0 1 0
outer loop
vertex -19.37398910522461 -74.96348571777344 0
vertex 33.62601089477539 -74.96348571777344 -8.199999809265137
vertex 31.12601089477539 -74.96348571777344 -8.199999809265137
endloop
endfacet
facet normal 0 0 1
outer loop
vertex -19.37398910522461 -46.96348190307617 -8.199999809265137
vertex 21.12601089477539 -65.96348571777344 -8.199999809265137
vertex 33.62601089477539 -46.96348190307617 -8.199999809265137
endloop
endfacet
facet normal 0 -1 0
outer loop
vertex 33.62601089477539 -46.96348190307617 -4.099999904632568
vertex -19.37398910522461 -46.96348190307617 -8.199999809265137
vertex 33.62601089477539 -46.96348190307617 -8.199999809265137
endloop
endfacet
facet normal 0 1 0
outer loop
vertex 21.12601089477539 -74.96348571777344 -8.199999809265137
vertex 11.258694648742676 -74.96348571777344 -5.776120662689209
vertex 31.12601089477539 -74.96348571777344 -8.199999809265137
endloop
endfacet
facet normal 0 0 1
outer loop
vertex 33.62601089477539 -46.96348190307617 -8.199999809265137
vertex 21.12601089477539 -65.96348571777344 -8.199999809265137
vertex 31.12601089477539 -65.96348571777344 -8.199999809265137
endloop
endfacet
facet normal 0 0 1
outer loop
vertex 31.12601089477539 -65.96348571777344 -8.199999809265137
vertex 31.12601089477539 -74.96348571777344 -8.199999809265137
vertex 33.62601089477539 -74.96348571777344 -8.199999809265137
endloop
endfacet
facet normal 0 0 1
outer loop
vertex 33.62601089477539 -46.96348190307617 -8.199999809265137
vertex 31.12601089477539 -65.96348571777344 -8.199999809265137
vertex 33.62601089477539 -74.96348571777344 -8.199999809265137
endloop
endfacet
facet normal 0 -1 0
outer loop
vertex -19.37398910522461 -46.96348190307617 -4.099999904632568
vertex -19.37398910522461 -46.96348190307617 -8.199999809265137
vertex 33.62601089477539 -46.96348190307617 -4.099999904632568
endloop
endfacet
facet normal -1 0 0
outer loop
vertex 33.62601089477539 -74.66348266601562 -4.099999904632568
vertex 33.62601089477539 -74.96348571777344 -8.199999809265137
vertex 33.62601089477539 -74.96348571777344 0
endloop
endfacet
facet normal -1 0 0
outer loop
vertex 33.62601089477539 -74.96348571777344 -8.199999809265137
vertex 33.62601089477539 -74.66348266601562 -4.099999904632568
vertex 33.62601089477539 -46.96348190307617 -4.099999904632568
endloop
endfacet
facet normal -1 0 0
outer loop
vertex 33.62601089477539 -46.96348190307617 -4.099999904632568
vertex 33.62601089477539 -46.96348190307617 -8.199999809265137
vertex 33.62601089477539 -74.96348571777344 -8.199999809265137
endloop
endfacet
facet normal 0 1 0
outer loop
vertex 10.87601089477539 -74.96348571777344 -5.699999809265137
vertex -19.37398910522461 -74.96348571777344 0
vertex 31.12601089477539 -74.96348571777344 -8.199999809265137
endloop
endfacet
facet normal 1 0 0
outer loop
vertex -19.37398910522461 -74.66348266601562 0
vertex -19.37398910522461 -74.96348571777344 0
vertex -19.37398910522461 -74.66348266601562 -4.099999904632568
endloop
endfacet
facet normal 0 1 0
outer loop
vertex 3.3760111331939697 -74.96348571777344 -5.699999809265137
vertex -19.37398910522461 -74.96348571777344 0
vertex 10.87601089477539 -74.96348571777344 -5.699999809265137
endloop
endfacet
facet normal 0 1 0
outer loop
vertex 2.9933278560638428 -74.96348571777344 -5.776120662689209
vertex -19.37398910522461 -74.96348571777344 0
vertex 3.3760111331939697 -74.96348571777344 -5.699999809265137
endloop
endfacet
facet normal 0 1 0
outer loop
vertex 2.6689043045043945 -74.96348571777344 -5.992893218994141
vertex -19.37398910522461 -74.96348571777344 0
vertex 2.9933278560638428 -74.96348571777344 -5.776120662689209
endloop
endfacet
facet normal 0 1 0
outer loop
vertex 2.452131748199463 -74.96348571777344 -6.31731653213501
vertex -19.37398910522461 -74.96348571777344 0
vertex 2.6689043045043945 -74.96348571777344 -5.992893218994141
endloop
endfacet
facet normal 0 1 0
outer loop
vertex 2.3760111331939697 -74.96348571777344 -6.699999809265137
vertex -19.37398910522461 -74.96348571777344 0
vertex 2.452131748199463 -74.96348571777344 -6.31731653213501
endloop
endfacet
facet normal 0 1 0
outer loop
vertex 2.1260111331939697 -74.96348571777344 -8.199999809265137
vertex -7.741305351257324 -74.96348571777344 -5.776120662689209
vertex -19.37398910522461 -74.96348571777344 0
endloop
endfacet
facet normal 0 1 0
outer loop
vertex -7.741305351257324 -74.96348571777344 -5.776120662689209
vertex -8.12398910522461 -74.96348571777344 -5.699999809265137
vertex -19.37398910522461 -74.96348571777344 0
endloop
endfacet
facet normal 0 1 0
outer loop
vertex -8.12398910522461 -74.96348571777344 -5.699999809265137
vertex -15.62398910522461 -74.96348571777344 -5.699999809265137
vertex -19.37398910522461 -74.96348571777344 0
endloop
endfacet
facet normal 0 1 0
outer loop
vertex -15.62398910522461 -74.96348571777344 -5.699999809265137
vertex -16.006671905517578 -74.96348571777344 -5.776120662689209
vertex -19.37398910522461 -74.96348571777344 0
endloop
endfacet
facet normal 0 1 0
outer loop
vertex -16.006671905517578 -74.96348571777344 -5.776120662689209
vertex -16.33109474182129 -74.96348571777344 -5.992893218994141
vertex -19.37398910522461 -74.96348571777344 0
endloop
endfacet
facet normal 0 1 0
outer loop
vertex -16.33109474182129 -74.96348571777344 -5.992893218994141
vertex -16.547868728637695 -74.96348571777344 -6.31731653213501
vertex -19.37398910522461 -74.96348571777344 0
endloop
endfacet
facet normal 1 0 0
outer loop
vertex -19.37398910522461 -74.96348571777344 0
vertex -19.37398910522461 -74.96348571777344 -8.199999809265137
vertex -19.37398910522461 -74.66348266601562 -4.099999904632568
endloop
endfacet
facet normal 0 1 0
outer loop
vertex -16.547868728637695 -74.96348571777344 -6.31731653213501
vertex -16.62398910522461 -74.96348571777344 -6.699999809265137
vertex -19.37398910522461 -74.96348571777344 0
endloop
endfacet
facet normal 0 1 0
outer loop
vertex -6.873988628387451 -74.96348571777344 -8.199999809265137
vertex -7.123988628387451 -74.96348571777344 -8.199999809265137
vertex -7.123988628387451 -74.96348571777344 -6.699999809265137
endloop
endfacet
facet normal 0 0 1
outer loop
vertex 2.1260111331939697 -74.96348571777344 -9.5
vertex 12.12601089477539 -74.96348571777344 -9.5
vertex 2.1260111331939697 -65.96348571777344 -9.5
endloop
endfacet
facet normal 0 0 1
outer loop
vertex 2.1260111331939697 -65.96348571777344 -9.5
vertex 12.12601089477539 -74.96348571777344 -9.5
vertex 12.12601089477539 -65.96348571777344 -9.5
endloop
endfacet
facet normal -1 0 0
outer loop
vertex 12.12601089477539 -65.96348571777344 -8.199999809265137
vertex 12.12601089477539 -65.96348571777344 -9.5
vertex 12.12601089477539 -74.96348571777344 -8.199999809265137
endloop
endfacet
facet normal -1 0 0
outer loop
vertex 12.12601089477539 -65.96348571777344 -9.5
vertex 12.12601089477539 -74.96348571777344 -9.5
vertex 12.12601089477539 -74.96348571777344 -8.199999809265137
endloop
endfacet
facet normal 0 1 0
outer loop
vertex 11.87601089477539 -74.96348571777344 -8.199999809265137
vertex 12.12601089477539 -74.96348571777344 -8.199999809265137
vertex 12.12601089477539 -74.96348571777344 -9.5
endloop
endfacet
facet normal 0 1 0
outer loop
vertex 11.799890518188477 -74.96348571777344 -8.582683563232422
vertex 11.87601089477539 -74.96348571777344 -8.199999809265137
vertex 12.12601089477539 -74.96348571777344 -9.5
endloop
endfacet
facet normal 0 1 0
outer loop
vertex 11.583118438720703 -74.96348571777344 -8.907106399536133
vertex 11.799890518188477 -74.96348571777344 -8.582683563232422
vertex 12.12601089477539 -74.96348571777344 -9.5
endloop
endfacet
facet normal 0 -1 0
outer loop
vertex 12.12601089477539 -65.96348571777344 -8.199999809265137
vertex 2.1260111331939697 -65.96348571777344 -8.199999809265137
vertex 2.1260111331939697 -65.96348571777344 -9.5
endloop
endfacet
facet normal 0 -1 0
outer loop
vertex 2.1260111331939697 -65.96348571777344 -9.5
vertex 12.12601089477539 -65.96348571777344 -9.5
vertex 12.12601089477539 -65.96348571777344 -8.199999809265137
endloop
endfacet
facet normal 0 1 0
outer loop
vertex 12.12601089477539 -74.96348571777344 -9.5
vertex 2.1260111331939697 -74.96348571777344 -9.5
vertex 10.87601089477539 -74.96348571777344 -9.199999809265137
endloop
endfacet
facet normal 0 1 0
outer loop
vertex 3.3760111331939697 -74.96348571777344 -9.199999809265137
vertex 10.87601089477539 -74.96348571777344 -9.199999809265137
vertex 2.1260111331939697 -74.96348571777344 -9.5
endloop
endfacet
facet normal 1 0 0
outer loop
vertex 2.1260111331939697 -65.96348571777344 -8.199999809265137
vertex 2.1260111331939697 -74.96348571777344 -8.199999809265137
vertex 2.1260111331939697 -74.96348571777344 -9.5
endloop
endfacet
facet normal 1 0 0
outer loop
vertex 2.1260111331939697 -74.96348571777344 -9.5
vertex 2.1260111331939697 -65.96348571777344 -9.5
vertex 2.1260111331939697 -65.96348571777344 -8.199999809265137
endloop
endfacet
facet normal 0 1 0
outer loop
vertex 2.3760111331939697 -74.96348571777344 -8.199999809265137
vertex 2.452131748199463 -74.96348571777344 -8.582683563232422
vertex 2.1260111331939697 -74.96348571777344 -8.199999809265137
endloop
endfacet
facet normal 0 1 0
outer loop
vertex 2.452131748199463 -74.96348571777344 -8.582683563232422
vertex 2.1260111331939697 -74.96348571777344 -9.5
vertex 2.1260111331939697 -74.96348571777344 -8.199999809265137
endloop
endfacet
facet normal 0 1 0
outer loop
vertex 2.9933278560638428 -74.96348571777344 -9.123879432678223
vertex 2.1260111331939697 -74.96348571777344 -9.5
vertex 2.6689043045043945 -74.96348571777344 -8.907106399536133
endloop
endfacet
facet normal 0 1 0
outer loop
vertex 2.1260111331939697 -74.96348571777344 -9.5
vertex 2.9933278560638428 -74.96348571777344 -9.123879432678223
vertex 3.3760111331939697 -74.96348571777344 -9.199999809265137
endloop
endfacet
facet normal 0 1 0
outer loop
vertex 2.1260111331939697 -74.96348571777344 -9.5
vertex 2.452131748199463 -74.96348571777344 -8.582683563232422
vertex 2.6689043045043945 -74.96348571777344 -8.907106399536133
endloop
endfacet
facet normal 0 1 0
outer loop
vertex 11.258694648742676 -74.96348571777344 -9.123879432678223
vertex 11.583118438720703 -74.96348571777344 -8.907106399536133
vertex 12.12601089477539 -74.96348571777344 -9.5
endloop
endfacet
facet normal 0 1 0
outer loop
vertex 12.12601089477539 -74.96348571777344 -9.5
vertex 10.87601089477539 -74.96348571777344 -9.199999809265137
vertex 11.258694648742676 -74.96348571777344 -9.123879432678223
endloop
endfacet
facet normal 0 1 0
outer loop
vertex -7.416882038116455 -74.96348571777344 -8.907106399536133
vertex -7.200109481811523 -74.96348571777344 -8.582683563232422
vertex -6.873988628387451 -74.96348571777344 -9.5
endloop
endfacet
facet normal 0 1 0
outer loop
vertex -7.200109481811523 -74.96348571777344 -8.582683563232422
vertex -7.123988628387451 -74.96348571777344 -8.199999809265137
vertex -6.873988628387451 -74.96348571777344 -9.5
endloop
endfacet
facet normal 0 1 0
outer loop
vertex -16.87398910522461 -74.96348571777344 -9.5
vertex -16.006671905517578 -74.96348571777344 -9.123879432678223
vertex -15.62398910522461 -74.96348571777344 -9.199999809265137
endloop
endfacet
facet normal 0 1 0
outer loop
vertex -16.006671905517578 -74.96348571777344 -9.123879432678223
vertex -16.87398910522461 -74.96348571777344 -9.5
vertex -16.33109474182129 -74.96348571777344 -8.907106399536133
endloop
endfacet
facet normal 0 1 0
outer loop
vertex -16.33109474182129 -74.96348571777344 -8.907106399536133
vertex -16.87398910522461 -74.96348571777344 -9.5
vertex -16.547868728637695 -74.96348571777344 -8.582683563232422
endloop
endfacet
facet normal 0 1 0
outer loop
vertex -16.547868728637695 -74.96348571777344 -8.582683563232422
vertex -16.87398910522461 -74.96348571777344 -9.5
vertex -16.87398910522461 -74.96348571777344 -8.199999809265137
endloop
endfacet
facet normal 0 1 0
outer loop
vertex -16.62398910522461 -74.96348571777344 -8.199999809265137
vertex -16.547868728637695 -74.96348571777344 -8.582683563232422
vertex -16.87398910522461 -74.96348571777344 -8.199999809265137
endloop
endfacet
facet normal 1 0 0
outer loop
vertex -16.87398910522461 -74.96348571777344 -9.5
vertex -16.87398910522461 -65.96348571777344 -9.5
vertex -16.87398910522461 -65.96348571777344 -8.199999809265137
endloop
endfacet
facet normal 1 0 0
outer loop
vertex -16.87398910522461 -74.96348571777344 -8.199999809265137
vertex -16.87398910522461 -74.96348571777344 -9.5
vertex -16.87398910522461 -65.96348571777344 -8.199999809265137
endloop
endfacet
facet normal 0 1 0
outer loop
vertex -15.62398910522461 -74.96348571777344 -9.199999809265137
vertex -8.12398910522461 -74.96348571777344 -9.199999809265137
vertex -16.87398910522461 -74.96348571777344 -9.5
endloop
endfacet
facet normal 0 1 0
outer loop
vertex -6.873988628387451 -74.96348571777344 -9.5
vertex -16.87398910522461 -74.96348571777344 -9.5
vertex -8.12398910522461 -74.96348571777344 -9.199999809265137
endloop
endfacet
facet normal 0 -1 0
outer loop
vertex -16.87398910522461 -65.96348571777344 -9.5
vertex -6.873988628387451 -65.96348571777344 -9.5
vertex -6.873988628387451 -65.96348571777344 -8.199999809265137
endloop
endfacet
facet normal 0 1 0
outer loop
vertex -6.873988628387451 -74.96348571777344 -9.5
vertex -8.12398910522461 -74.96348571777344 -9.199999809265137
vertex -7.741305351257324 -74.96348571777344 -9.123879432678223
endloop
endfacet
facet normal 0 -1 0
outer loop
vertex -16.87398910522461 -65.96348571777344 -8.199999809265137
vertex -16.87398910522461 -65.96348571777344 -9.5
vertex -6.873988628387451 -65.96348571777344 -8.199999809265137
endloop
endfacet
facet normal -1 0 0
outer loop
vertex -6.873988628387451 -65.96348571777344 -8.199999809265137
vertex -6.873988628387451 -65.96348571777344 -9.5
vertex -6.873988628387451 -74.96348571777344 -8.199999809265137
endloop
endfacet
facet normal 0 0 1
outer loop
vertex -16.87398910522461 -74.96348571777344 -9.5
vertex -6.873988628387451 -74.96348571777344 -9.5
vertex -16.87398910522461 -65.96348571777344 -9.5
endloop
endfacet
facet normal 0 0 1
outer loop
vertex -16.87398910522461 -65.96348571777344 -9.5
vertex -6.873988628387451 -74.96348571777344 -9.5
vertex -6.873988628387451 -65.96348571777344 -9.5
endloop
endfacet
facet normal 0 1 0
outer loop
vertex -7.741305351257324 -74.96348571777344 -9.123879432678223
vertex -7.416882038116455 -74.96348571777344 -8.907106399536133
vertex -6.873988628387451 -74.96348571777344 -9.5
endloop
endfacet
facet normal -1 0 0
outer loop
vertex -6.873988628387451 -65.96348571777344 -9.5
vertex -6.873988628387451 -74.96348571777344 -9.5
vertex -6.873988628387451 -74.96348571777344 -8.199999809265137
endloop
endfacet
facet normal 0 1 0
outer loop
vertex -7.123988628387451 -74.96348571777344 -8.199999809265137
vertex -6.873988628387451 -74.96348571777344 -8.199999809265137
vertex -6.873988628387451 -74.96348571777344 -9.5
endloop
endfacet
facet normal 0 1 0
outer loop
vertex 31.12601089477539 -74.96348571777344 -9.5
vertex 21.12601089477539 -74.96348571777344 -8.199999809265137
vertex 31.12601089477539 -74.96348571777344 -8.199999809265137
endloop
endfacet
facet normal 0 0 1
outer loop
vertex 21.12601089477539 -65.96348571777344 -9.5
vertex 31.12601089477539 -74.96348571777344 -9.5
vertex 31.12601089477539 -65.96348571777344 -9.5
endloop
endfacet
facet normal 1 0 0
outer loop
vertex 21.12601089477539 -74.96348571777344 -9.5
vertex 21.12601089477539 -65.96348571777344 -9.5
vertex 21.12601089477539 -65.96348571777344 -8.199999809265137
endloop
endfacet
facet normal 0 1 0
outer loop
vertex 31.12601089477539 -74.96348571777344 -9.5
vertex 21.12601089477539 -74.96348571777344 -9.5
vertex 21.12601089477539 -74.96348571777344 -8.199999809265137
endloop
endfacet
facet normal 1 0 0
outer loop
vertex 21.12601089477539 -65.96348571777344 -8.199999809265137
vertex 21.12601089477539 -74.96348571777344 -8.199999809265137
vertex 21.12601089477539 -74.96348571777344 -9.5
endloop
endfacet
facet normal 0 -1 0
outer loop
vertex 21.12601089477539 -65.96348571777344 -8.199999809265137
vertex 21.12601089477539 -65.96348571777344 -9.5
vertex 31.12601089477539 -65.96348571777344 -8.199999809265137
endloop
endfacet
facet normal 0 -1 0
outer loop
vertex 31.12601089477539 -65.96348571777344 -8.199999809265137
vertex 21.12601089477539 -65.96348571777344 -9.5
vertex 31.12601089477539 -65.96348571777344 -9.5
endloop
endfacet
facet normal -1 0 0
outer loop
vertex 31.12601089477539 -65.96348571777344 -9.5
vertex 31.12601089477539 -74.96348571777344 -9.5
vertex 31.12601089477539 -74.96348571777344 -8.199999809265137
endloop
endfacet
facet normal -1 0 0
outer loop
vertex 31.12601089477539 -65.96348571777344 -8.199999809265137
vertex 31.12601089477539 -65.96348571777344 -9.5
vertex 31.12601089477539 -74.96348571777344 -8.199999809265137
endloop
endfacet
facet normal 0 0 1
outer loop
vertex 21.12601089477539 -74.96348571777344 -9.5
vertex 31.12601089477539 -74.96348571777344 -9.5
vertex 21.12601089477539 -65.96348571777344 -9.5
endloop
endfacet
facet normal 0.11203110986472475 -0.6981771400707432 0.7071051629744446
outer loop
vertex 33.7918815612793 -76.15577697753906 0
vertex 33.90243148803711 -77.15082550048828 -1
vertex 34.11006164550781 -76.10472106933594 0
endloop
endfacet
facet normal 0.11202065595751871 -0.6981768871306687 0.7071070689191112
outer loop
vertex 33.90243148803711 -77.15082550048828 -1
vertex 34.35673141479492 -77.07793426513672 -1
vertex 34.11006164550781 -76.10472106933594 0
endloop
endfacet
facet normal 0.2340580972876552 -0.6672453829022178 0.707107068335309
outer loop
vertex 34.56871795654297 -75.94383239746094 0
vertex 34.11006164550781 -76.10472106933594 0
vertex 34.35673141479492 -77.07793426513672 -1
endloop
endfacet
facet normal 0.23405661891533014 -0.6672454675890881 0.7071074777738835
outer loop
vertex 34.35673141479492 -77.07793426513672 -1
vertex 35.00100326538086 -76.85193634033203 -1
vertex 34.56871795654297 -75.94383239746094 0
endloop
endfacet
facet normal 0.3703230135169265 -0.6023785028478347 0.707107491804848
outer loop
vertex 34.56871795654297 -75.94383239746094 0
vertex 35.00100326538086 -76.85193634033203 -1
vertex 34.96749496459961 -75.69867706298828 0
endloop
endfacet
facet normal 0.3703246407845903 -0.6023780506352825 0.7071070248135011
outer loop
vertex 35.5826416015625 -76.4943618774414 -1
vertex 34.96749496459961 -75.69867706298828 0
vertex 35.00100326538086 -76.85193634033203 -1
endloop
endfacet
facet normal 0.4897190395399236 -0.5100732982422832 0.7071071296008361
outer loop
vertex 36.07514953613281 -76.0215072631836 -1
vertex 35.3051643371582 -75.37448120117188 0
vertex 35.5826416015625 -76.4943618774414 -1
endloop
endfacet
facet normal 0.48972008522841576 -0.5100727473260173 0.7071068027951379
outer loop
vertex 34.96749496459961 -75.69867706298828 0
vertex 35.5826416015625 -76.4943618774414 -1
vertex 35.3051643371582 -75.37448120117188 0
endloop
endfacet
facet normal 0.5868043992620985 -0.394537363010235 0.7071073936790491
outer loop
vertex 36.07514953613281 -76.0215072631836 -1
vertex 36.45610046386719 -75.45491027832031 -1
vertex 35.57206726074219 -74.97750854492188 0
endloop
endfacet
facet normal 0.5868056303936285 -0.39453633861614973 0.7071069435733885
outer loop
vertex 35.3051643371582 -75.37448120117188 0
vertex 36.07514953613281 -76.0215072631836 -1
vertex 35.57206726074219 -74.97750854492188 0
endloop
endfacet
facet normal 0.6517307113671805 -0.27430988886315577 0.7071076047764667
outer loop
vertex 35.57206726074219 -74.97750854492188 0
vertex 36.45610046386719 -75.45491027832031 -1
vertex 35.71637725830078 -74.6346435546875 0
endloop
endfacet
facet normal 0.6517336415388584 -0.27430585953472886 0.707106467168426
outer loop
vertex 36.45610046386719 -75.45491027832031 -1
vertex 36.67272186279297 -74.94023132324219 -1
vertex 35.71637725830078 -74.6346435546875 0
endloop
endfacet
facet normal 0.691051565674395 -0.1546631613055336 0.7060644730574863
outer loop
vertex 36.67272186279297 -74.94023132324219 -1
vertex 36.86481475830078 -74.08193969726562 -1
vertex 35.94099426269531 -73.64449310302734 0
endloop
endfacet
facet normal 0.6910503336386034 -0.15466673178905255 0.7060648967734258
outer loop
vertex 35.94099426269531 -73.64449310302734 0
vertex 36.86481475830078 -74.08193969726562 -1
vertex 36.91398239135742 -73.86225891113281 -1
endloop
endfacet
facet normal 0.6894984983356902 -0.15641369144559725 0.7071962796290643
outer loop
vertex 35.71637725830078 -74.6346435546875 0
vertex 36.67272186279297 -74.94023132324219 -1
vertex 35.94099426269531 -73.64449310302734 0
endloop
endfacet
facet normal 0.6420846084436258 -0.2993867633425728 0.705758401675144
outer loop
vertex 35.97428894042969 -73.5202407836914 0
vertex 36.91398239135742 -73.86225891113281 -1
vertex 36.0004997253418 -73.46402740478516 0
endloop
endfacet
facet normal 0.6843111830779564 -0.18336816916076393 0.705757974983689
outer loop
vertex 35.94099426269531 -73.64449310302734 0
vertex 36.91398239135742 -73.86225891113281 -1
vertex 35.97428894042969 -73.5202407836914 0
endloop
endfacet
facet normal 0.6481934657561911 -0.2825701880051318 0.707106300213569
outer loop
vertex 36.166648864746094 -73.07417297363281 0
vertex 36.91398239135742 -73.86225891113281 -1
vertex 37.08332824707031 -73.47379302978516 -1
endloop
endfacet
facet normal 0.6516410184826371 -0.2777180038749414 0.7058588338716387
outer loop
vertex 36.0004997253418 -73.46402740478516 0
vertex 36.91398239135742 -73.86225891113281 -1
vertex 36.166648864746094 -73.07417297363281 0
endloop
endfacet
facet normal 0.5803178675135788 -0.4063736809143443 0.7057560514119726
outer loop
vertex 36.21730422973633 -72.97379302978516 0
vertex 37.08332824707031 -73.47379302978516 -1
vertex 36.250118255615234 -72.92693328857422 0
endloop
endfacet
facet normal 0.6317802631783784 -0.3188192640702929 0.7065465136252077
outer loop
vertex 36.166648864746094 -73.07417297363281 0
vertex 37.08332824707031 -73.47379302978516 -1
vertex 36.21730422973633 -72.97379302978516 0
endloop
endfacet
facet normal 0.592146015233257 -0.38864523600808837 0.7059164094789075
outer loop
vertex 36.250118255615234 -72.92693328857422 0
vertex 37.08332824707031 -73.47379302978516 -1
vertex 36.482643127441406 -72.5726547241211 0
endloop
endfacet
facet normal 0.592146015233257 -0.38864523600808837 0.7059164094789075
outer loop
vertex 37.08332824707031 -73.47379302978516 -1
vertex 37.315853118896484 -73.11951446533203 -1
vertex 36.482643127441406 -72.5726547241211 0
endloop
endfacet
facet normal 0.5803364434744395 -0.4063462880877458 0.7057565490540979
outer loop
vertex 36.549808502197266 -72.47673034667969 0
vertex 36.482643127441406 -72.5726547241211 0
vertex 37.315853118896484 -73.11951446533203 -1
endloop
endfacet
facet normal 0.5009774786155842 -0.5009259058877052 0.7057583175071718
outer loop
vertex 36.58686065673828 -72.4396743774414 0
vertex 36.549808502197266 -72.47673034667969 0
vertex 37.315853118896484 -73.11951446533203 -1
endloop
endfacet
facet normal 0.5179551163094077 -0.4830367222272011 0.7059731032191734
outer loop
vertex 36.87588119506836 -72.1297607421875 0
vertex 36.58686065673828 -72.4396743774414 0
vertex 37.315853118896484 -73.11951446533203 -1
endloop
endfacet
facet normal 0.5179551163094077 -0.4830367222272011 0.7059731032191734
outer loop
vertex 36.87588119506836 -72.1297607421875 0
vertex 37.315853118896484 -73.11951446533203 -1
vertex 37.60487365722656 -72.80960083007812 -1
endloop
endfacet
facet normal 0.4765478175146016 -0.5256056236935095 0.7047275402336898
outer loop
vertex 36.87588119506836 -72.1297607421875 0
vertex 37.60487365722656 -72.80960083007812 -1
vertex 37.001068115234375 -72.0162582397461 0
endloop
endfacet
facet normal 0.43289961493230755 -0.5604656483070264 0.7060284558424288
outer loop
vertex 37.33645248413086 -71.75720977783203 0
vertex 37.001068115234375 -72.0162582397461 0
vertex 37.60487365722656 -72.80960083007812 -1
endloop
endfacet
facet normal 0.4282435144848033 -0.5626782929550171 0.7071072273276039
outer loop
vertex 37.60487365722656 -72.80960083007812 -1
vertex 37.94208526611328 -72.5529556274414 -1
vertex 37.33645248413086 -71.75720977783203 0
endloop
endfacet
facet normal 0.37002266611334345 -0.604697290006934 0.7052832154678312
outer loop
vertex 37.33645248413086 -71.75720977783203 0
vertex 37.94208526611328 -72.5529556274414 -1
vertex 37.480857849121094 -71.6688461303711 0
endloop
endfacet
facet normal 0.33168820253880266 -0.6256219807629515 0.7061020276722193
outer loop
vertex 37.85526657104492 -71.47034454345703 0
vertex 37.480857849121094 -71.6688461303711 0
vertex 37.94208526611328 -72.5529556274414 -1
endloop
endfacet
facet normal 0.32706024828499874 -0.6269217024218172 0.7071073277970505
outer loop
vertex 37.94208526611328 -72.5529556274414 -1
vertex 38.31779861450195 -72.35694885253906 -1
vertex 37.85526657104492 -71.47034454345703 0
endloop
endfacet
facet normal 0.28538895623663246 -0.6477947913082118 0.7063391904829547
outer loop
vertex 37.85526657104492 -71.47034454345703 0
vertex 38.31779861450195 -72.35694885253906 -1
vertex 37.97578048706055 -71.41725158691406 0
endloop
endfacet
facet normal 0.1832430045180365 -0.6843492627940501 0.7057535602520493
outer loop
vertex 37.97578048706055 -71.41725158691406 0
vertex 38.31779861450195 -72.35694885253906 -1
vertex 38.012451171875 -71.40743255615234 0
endloop
endfacet
facet normal 0.21676207786965856 -0.6740274491357172 0.7061877933023384
outer loop
vertex 38.012451171875 -71.40743255615234 0
vertex 38.31779861450195 -72.35694885253906 -1
vertex 38.41587448120117 -71.27769470214844 0
endloop
endfacet
facet normal 0.21676207786965856 -0.6740274491357172 0.7061877933023384
outer loop
vertex 38.31779861450195 -72.35694885253906 -1
vertex 38.721221923828125 -72.22721099853516 -1
vertex 38.41587448120117 -71.27769470214844 0
endloop
endfacet
facet normal 0.16013770905727762 -0.6909378911672966 0.7049544273832
outer loop
vertex 38.41587448120117 -71.27769470214844 0
vertex 38.721221923828125 -72.22721099853516 -1
vertex 38.580596923828125 -71.23951721191406 0
endloop
endfacet
facet normal 0.10365786823087235 -0.7003119459913473 0.7062706454721471
outer loop
vertex 38.580596923828125 -71.23951721191406 0
vertex 38.721221923828125 -72.22721099853516 -1
vertex 38.99980545043945 -71.1774673461914 0
endloop
endfacet
facet normal 0.09966683440142629 -0.7000484383362412 0.7071058662628876
outer loop
vertex 38.99980545043945 -71.1774673461914 0
vertex 38.721221923828125 -72.22721099853516 -1
vertex 39.14076232910156 -72.16748046875 -1
endloop
endfacet
facet normal 0.05000193353012974 -0.7062247077017558 0.7062198445773229
outer loop
vertex 38.99980545043945 -71.1774673461914 0
vertex 39.14076232910156 -72.16748046875 -1
vertex 39.14064407348633 -71.16749572753906 0
endloop
endfacet
facet normal 0.00008326487454695205 -0.7071058201815232 0.7071077372878732
outer loop
vertex 59.94208908081055 -71.57012939453125 -0.4050999879837036
vertex 39.14076232910156 -72.16748046875 -1
vertex 47.822715759277344 -72.16645812988281 -1
endloop
endfacet
facet normal 0.00008349328677994134 -0.7071060296059549 0.707107527837014
outer loop
vertex 47.822715759277344 -72.16645812988281 -1
vertex 59.51775360107422 -72.16507720947266 -1
vertex 59.51775360107422 -71.60245513916016 -0.4373791217803955
endloop
endfacet
facet normal 0.00008074720203898917 -0.7070871378476798 0.7071264193694545
outer loop
vertex 66.63497924804688 -71.48438262939453 -0.32014966011047363
vertex 67.4005126953125 -71.52259063720703 -0.3584429621696472
vertex 72.98268127441406 -71.16349029541016 0
endloop
endfacet
facet normal 0.00007781705306094503 -0.7070786375096804 0.7071349194615977
outer loop
vertex 72.98268127441406 -71.16349029541016 0
vertex 68.09479522705078 -71.56916046142578 -0.4050999879837036
vertex 68.51775360107422 -71.60128021240234 -0.43726372718811035
endloop
endfacet
facet normal 0.00008362874276319328 -0.7071121685862632 0.7071013888004077
outer loop
vertex 39.14064407348633 -71.16749572753906 0
vertex 39.14076232910156 -72.16748046875 -1
vertex 59.94208908081055 -71.57012939453125 -0.4050999879837036
endloop
endfacet
facet normal 0.00008357365053099539 -0.70710801055787 0.7071055468742528
outer loop
vertex 68.51775360107422 -71.60128021240234 -0.43726372718811035
vertex 73.01775360107422 -72.16348266601562 -1
vertex 72.98268127441406 -71.16349029541016 0
endloop
endfacet
facet normal 0.00008391904029556422 -0.7071066289041552 0.7071069284891756
outer loop
vertex 68.51775360107422 -71.60128021240234 -0.43726372718811035
vertex 68.51775360107422 -72.16401672363281 -1
vertex 73.01775360107422 -72.16348266601562 -1
endloop
endfacet
facet normal 0.00008314311758620832 -0.7071082799307905 0.7071052775510451
outer loop
vertex 64.41775512695312 -71.16449737548828 0
vertex 65.03511047363281 -71.43318176269531 -0.2687581181526184
vertex 72.98268127441406 -71.16349029541016 0
endloop
endfacet
facet normal 0.00008469298676399512 -0.7070847608816163 0.707128795733907
outer loop
vertex 39.14064407348633 -71.16749572753906 0
vertex 59.94208908081055 -71.57012939453125 -0.4050999879837036
vertex 60.63447189331055 -71.52349853515625 -0.3585549592971802
endloop
endfacet
facet normal 0.00008430691665921315 -0.7070963741229876 0.7071171830711426
outer loop
vertex 60.63447189331055 -71.52349853515625 -0.3585549592971802
vertex 61.401859283447266 -71.48500061035156 -0.32014966011047363
vertex 39.14064407348633 -71.16749572753906 0
endloop
endfacet
facet normal 0.00008103020543506147 -0.7070992920897575 0.7071142655612809
outer loop
vertex 63.61775588989258 -71.16458892822266 0
vertex 63.0003547668457 -71.4334487915039 -0.26878342032432556
vertex 63.61775588989258 -71.42777252197266 -0.2631780207157135
endloop
endfacet
facet normal 0.00008208198798027076 -0.7070926174714891 0.7071209398539019
outer loop
vertex 72.98268127441406 -71.16349029541016 0
vertex 65.03511047363281 -71.43318176269531 -0.2687581181526184
vertex 66.12837982177734 -71.46238708496094 -0.2980891764163971
endloop
endfacet
facet normal 0.0000845894087361853 -0.7071066185050184 0.7071069388084311
outer loop
vertex 64.41775512695312 -71.42766571044922 -0.26316821575164795
vertex 65.03511047363281 -71.43318176269531 -0.2687581181526184
vertex 64.41775512695312 -71.16449737548828 0
endloop
endfacet
facet normal 0.00008598163131811983 -0.7071278590356062 0.7070856974814855
outer loop
vertex 72.98268127441406 -71.16349029541016 0
vertex 67.4005126953125 -71.52259063720703 -0.3584429621696472
vertex 68.09479522705078 -71.56916046142578 -0.4050999879837036
endloop
endfacet
facet normal 0.00008397255262280814 -0.7071026707817872 0.7071108865813578
outer loop
vertex 63.61775588989258 -71.16458892822266 0
vertex 39.14064407348633 -71.16749572753906 0
vertex 63.0003547668457 -71.4334487915039 -0.26878342032432556
endloop
endfacet
facet normal 0.00008327830789593134 -0.707133647221361 0.7070799092267714
outer loop
vertex 61.906925201416016 -71.46293640136719 -0.29814448952674866
vertex 63.0003547668457 -71.4334487915039 -0.26878342032432556
vertex 39.14064407348633 -71.16749572753906 0
endloop
endfacet
facet normal 0.00008367439030840028 -0.7071184563251792 0.7070951009043211
outer loop
vertex 61.401859283447266 -71.48500061035156 -0.32014966011047363
vertex 61.906925201416016 -71.46293640136719 -0.29814448952674866
vertex 39.14064407348633 -71.16749572753906 0
endloop
endfacet
facet normal 0.0000937194398111898 -0.7072121747796184 0.7070013656706393
outer loop
vertex 59.94208908081055 -71.57012939453125 -0.4050999879837036
vertex 47.822715759277344 -72.16645812988281 -1
vertex 59.51775360107422 -71.60245513916016 -0.4373791217803955
endloop
endfacet
facet normal 0.00008698128242736685 -0.7071488673769848 0.7070646871409318
outer loop
vertex 72.98268127441406 -71.16349029541016 0
vertex 66.12837982177734 -71.46238708496094 -0.2980891764163971
vertex 66.63497924804688 -71.48438262939453 -0.32014966011047363
endloop
endfacet
facet normal 0.04945969803369772 -0.7053735394533223 0.7071081304224325
outer loop
vertex 73.59613800048828 -71.12046813964844 0
vertex 73.01775360107422 -72.16348266601562 -1
vertex 73.74817657470703 -72.11226654052734 -1
endloop
endfacet
facet normal 0.04946850096787564 -0.7053757328114872 0.7071053266470624
outer loop
vertex 72.98268127441406 -71.16349029541016 0
vertex 73.01775360107422 -72.16348266601562 -1
vertex 73.59613800048828 -71.12046813964844 0
endloop
endfacet
facet normal 0.1641055153580059 -0.6877989077088515 0.7071082253683618
outer loop
vertex 73.59613800048828 -71.12046813964844 0
vertex 73.74817657470703 -72.11226654052734 -1
vertex 74.38166809082031 -70.93304443359375 0
endloop
endfacet
facet normal 0.16411000730462813 -0.6877997456151854 0.7071063678359581
outer loop
vertex 73.74817657470703 -72.11226654052734 -1
vertex 74.7063217163086 -71.88365173339844 -1
vertex 74.38166809082031 -70.93304443359375 0
endloop
endfacet
facet normal 0.29088948213611976 -0.6445022634166843 0.7071068813364435
outer loop
vertex 74.38166809082031 -70.93304443359375 0
vertex 74.7063217163086 -71.88365173339844 -1
vertex 75.10603332519531 -70.60610961914062 0
endloop
endfacet
facet normal 0.2908938042902019 -0.6445022403710259 0.7071051242794824
outer loop
vertex 74.7063217163086 -71.88365173339844 -1
vertex 75.60414123535156 -71.47842407226562 -1
vertex 75.10603332519531 -70.60610961914062 0
endloop
endfacet
facet normal 0.4072302246823829 -0.5780714159572875 0.7071046472469775
outer loop
vertex 75.10603332519531 -70.60610961914062 0
vertex 75.60414123535156 -71.47842407226562 -1
vertex 75.75572967529297 -70.14842224121094 0
endloop
endfacet
facet normal 0.40722143151002266 -0.5780731533496658 0.7071082909253021
outer loop
vertex 75.60414123535156 -71.47842407226562 -1
vertex 76.40943145751953 -70.91114044189453 -1
vertex 75.75572967529297 -70.14842224121094 0
endloop
endfacet
facet normal 0.5089456783408421 -0.49088881190198813 0.7071085283375068
outer loop
vertex 75.75572967529297 -70.14842224121094 0
vertex 76.40943145751953 -70.91114044189453 -1
vertex 76.30744171142578 -69.576416015625 0
endloop
endfacet
facet normal 0.5089495780168737 -0.49088723248103827 0.707106817972754
outer loop
vertex 76.30744171142578 -69.576416015625 0
vertex 76.40943145751953 -70.91114044189453 -1
vertex 77.09326171875 -70.2021484375 -1
endloop
endfacet
facet normal 0.5923981812090748 -0.38608899453169143 0.7071065571762772
outer loop
vertex 77.09326171875 -70.2021484375 -1
vertex 77.631103515625 -69.37690734863281 -1
vertex 76.74137115478516 -68.91061401367188 0
endloop
endfacet
facet normal 0.5923979644098774 -0.3860891348922421 0.7071066621671683
outer loop
vertex 76.30744171142578 -69.576416015625 0
vertex 77.09326171875 -70.2021484375 -1
vertex 76.74137115478516 -68.91061401367188 0
endloop
endfacet
facet normal 0.6545836000711888 -0.26742846187260944 0.7071084275401419
outer loop
vertex 77.04193115234375 -68.17491912841797 0
vertex 77.631103515625 -69.37690734863281 -1
vertex 78.00364685058594 -68.46503448486328 -1
endloop
endfacet
facet normal 0.6545876824911364 -0.2674245481311464 0.7071061285180149
outer loop
vertex 76.74137115478516 -68.91061401367188 0
vertex 77.631103515625 -69.37690734863281 -1
vertex 77.04193115234375 -68.17491912841797 0
endloop
endfacet
facet normal 0.6932769573475296 -0.13916363173021287 0.7071071658628622
outer loop
vertex 78.00364685058594 -68.46503448486328 -1
vertex 78.197509765625 -67.49925994873047 -1
vertex 77.1975326538086 -67.39976501464844 0
endloop
endfacet
facet normal 0.6932756213317498 -0.13916552294820952 0.7071081035383682
outer loop
vertex 77.04193115234375 -68.17491912841797 0
vertex 78.00364685058594 -68.46503448486328 -1
vertex 77.1975326538086 -67.39976501464844 0
endloop
endfacet
facet normal 0.7071069648772185 -0.000165676514524573 0.7071065780866563
outer loop
vertex 77.22600555419922 54.11836242675781 0
vertex 78.197509765625 -67.49925994873047 -1
vertex 78.22601318359375 54.15325927734375 -1
endloop
endfacet
facet normal 0.7071066214104506 -0.00016568208234346828 0.7071069215521407
outer loop
vertex 77.1975326538086 -67.39976501464844 0
vertex 78.197509765625 -67.49925994873047 -1
vertex 77.22600555419922 54.11836242675781 0
endloop
endfacet
facet normal 0.7053751463616298 0.049459810707614744 0.7071065195711863
outer loop
vertex 77.22600555419922 54.11836242675781 0
vertex 78.22601318359375 54.15325927734375 -1
vertex 78.17479705810547 54.88368225097656 -1
endloop
endfacet
facet normal 0.7053729578036688 0.04946491046898986 0.7071083460344664
outer loop
vertex 78.17479705810547 54.88368225097656 -1
vertex 77.18299865722656 54.73164367675781 0
vertex 77.22600555419922 54.11836242675781 0
endloop
endfacet
facet normal 0.687797625535576 0.16411015482817312 0.7071083957851841
outer loop
vertex 78.17479705810547 54.88368225097656 -1
vertex 77.94618225097656 55.84182357788086 -1
vertex 76.99556732177734 55.51717758178711 0
endloop
endfacet
facet normal 0.6877978086220479 0.16411113634142713 0.7071079899021325
outer loop
vertex 77.18299865722656 54.73164367675781 0
vertex 78.17479705810547 54.88368225097656 -1
vertex 76.99556732177734 55.51717758178711 0
endloop
endfacet
facet normal 0.6445027592295587 0.2908915665679706 0.7071055719233992
outer loop
vertex 77.94618225097656 55.84182357788086 -1
vertex 77.54095458984375 56.73965072631836 -1
vertex 76.66864013671875 56.241539001464844 0
endloop
endfacet
facet normal 0.6445027970554575 0.290884466620921 0.7071084582059204
outer loop
vertex 76.99556732177734 55.51717758178711 0
vertex 77.94618225097656 55.84182357788086 -1
vertex 76.66864013671875 56.241539001464844 0
endloop
endfacet
facet normal 0.578070899301607 0.40722917847911216 0.7071056721423317
outer loop
vertex 77.54095458984375 56.73965072631836 -1
vertex 76.97366333007812 57.5449333190918 -1
vertex 76.21095275878906 56.8912353515625 0
endloop
endfacet
facet normal 0.5780707809700009 0.40722977735700355 0.7071054239803981
outer loop
vertex 76.66864013671875 56.241539001464844 0
vertex 77.54095458984375 56.73965072631836 -1
vertex 76.21095275878906 56.8912353515625 0
endloop
endfacet
facet normal 0.49089147436341857 0.508946024780702 0.7071064306433863
outer loop
vertex 76.97366333007812 57.5449333190918 -1
vertex 76.71923828125 57.79033279418945 -1
vertex 75.63894653320312 57.44294738769531 0
endloop
endfacet
facet normal 0.4908907858113217 0.5089477248585064 0.7071056850053554
outer loop
vertex 76.21095275878906 56.8912353515625 0
vertex 76.97366333007812 57.5449333190918 -1
vertex 75.63894653320312 57.44294738769531 0
endloop
endfacet
facet normal 0.49089332535700925 0.5089429468176625 0.7071073610170463
outer loop
vertex 76.71923828125 57.79033279418945 -1
vertex 76.26467895507812 58.2287712097168 -1
vertex 75.63894653320312 57.44294738769531 0
endloop
endfacet
facet normal 0.38608851794816695 0.5923970177983795 0.7071077920742879
outer loop
vertex 75.63894653320312 57.44294738769531 0
vertex 76.26467895507812 58.2287712097168 -1
vertex 74.97314453125 57.87687683105469 0
endloop
endfacet
facet normal 0.3860852341719954 0.592402089845199 0.7071053357890862
outer loop
vertex 76.26467895507812 58.2287712097168 -1
vertex 75.4394302368164 58.76660919189453 -1
vertex 74.97314453125 57.87687683105469 0
endloop
endfacet
facet normal 0.2674249339447438 0.6545886268652799 0.7071051083702314
outer loop
vertex 74.97314453125 57.87687683105469 0
vertex 75.4394302368164 58.76660919189453 -1
vertex 74.2374496459961 58.17743682861328 0
endloop
endfacet
facet normal 0.2674288476987541 0.654584544456334 0.7071074073840625
outer loop
vertex 75.4394302368164 58.76660919189453 -1
vertex 74.52755737304688 59.13915252685547 -1
vertex 74.2374496459961 58.17743682861328 0
endloop
endfacet
facet normal 0.13916745437723718 0.6932768820897884 0.7071064873143375
outer loop
vertex 74.52755737304688 59.13915252685547 -1
vertex 73.5617904663086 59.3330192565918 -1
vertex 73.46215057373047 58.333072662353516 0
endloop
endfacet
facet normal 0.13917008331044436 0.6932750246823381 0.7071077909789054
outer loop
vertex 74.2374496459961 58.17743682861328 0
vertex 74.52755737304688 59.13915252685547 -1
vertex 73.46215057373047 58.333072662353516 0
endloop
endfacet
facet normal 0.0003755406223578035 0.7071069037023909 0.7071065589468526
outer loop
vertex 73.5617904663086 59.3330192565918 -1
vertex 34.81917953491211 58.35359573364258 0
vertex 73.46215057373047 58.333072662353516 0
endloop
endfacet
facet normal 0.00037552921487603205 0.7071071269802806 0.7071063356748418
outer loop
vertex 34.745243072509766 59.353633880615234 -1
vertex 34.81917953491211 58.35359573364258 0
vertex 73.5617904663086 59.3330192565918 -1
endloop
endfacet
facet normal -0.10436089968070303 0.6993638558261774 0.7071060739251048
outer loop
vertex 33.77928924560547 59.20949172973633 -1
vertex 34.02056121826172 58.23442459106445 0
vertex 34.745243072509766 59.353633880615234 -1
endloop
endfacet
facet normal -0.10436019961263207 0.6993636641966505 0.7071063667781858
outer loop
vertex 34.745243072509766 59.353633880615234 -1
vertex 34.02056121826172 58.23442459106445 0
vertex 34.81917953491211 58.35359573364258 0
endloop
endfacet
facet normal -0.23381190762373188 0.6673322774325243 0.7071065148547789
outer loop
vertex 33.77928924560547 59.20949172973633 -1
vertex 32.849578857421875 58.883750915527344 -1
vertex 33.270042419433594 57.971466064453125 0
endloop
endfacet
facet normal -0.23381256657551813 0.6673323313700802 0.7071062460617517
outer loop
vertex 34.02056121826172 58.23442459106445 0
vertex 33.77928924560547 59.20949172973633 -1
vertex 33.270042419433594 57.971466064453125 0
endloop
endfacet
facet normal -0.35547675653836175 0.6112571029558684 0.7071075092565241
outer loop
vertex 32.849578857421875 58.883750915527344 -1
vertex 31.997987747192383 58.38850784301758 -1
vertex 32.582969665527344 57.571895599365234 0
endloop
endfacet
facet normal -0.35547934524584335 0.6112568221005236 0.7071064506417372
outer loop
vertex 32.849578857421875 58.883750915527344 -1
vertex 32.582969665527344 57.571895599365234 0
vertex 33.270042419433594 57.971466064453125 0
endloop
endfacet
facet normal -0.4643856432062402 0.5332400161531456 0.7071075304060335
outer loop
vertex 31.997987747192383 58.38850784301758 -1
vertex 31.983591079711914 57.04991149902344 0
vertex 32.582969665527344 57.571895599365234 0
endloop
endfacet
facet normal -0.46438791753624353 0.5332393180610495 0.707106563199733
outer loop
vertex 31.255088806152344 57.74153137207031 -1
vertex 31.983591079711914 57.04991149902344 0
vertex 31.997987747192383 58.38850784301758 -1
endloop
endfacet
facet normal -0.5566265111529286 0.4360830158630354 0.7071057419916191
outer loop
vertex 31.255088806152344 57.74153137207031 -1
vertex 30.64754867553711 56.9660530090332 -1
vertex 31.494022369384766 56.425018310546875 0
endloop
endfacet
facet normal -0.5566245422331806 0.4360840609286915 0.7071066473931944
outer loop
vertex 31.255088806152344 57.74153137207031 -1
vertex 31.494022369384766 56.425018310546875 0
vertex 31.983591079711914 57.04991149902344 0
endloop
endfacet
facet normal -0.6295096935104753 0.322052619470584 0.7071065379901976
outer loop
vertex 30.261302947998047 56.2110710144043 -1
vertex 30.11332893371582 55.92182922363281 -1
vertex 31.494022369384766 56.425018310546875 0
endloop
endfacet
facet normal -0.629509479849634 0.32205449767947264 0.7071058727686158
outer loop
vertex 30.64754867553711 56.9660530090332 -1
vertex 30.261302947998047 56.2110710144043 -1
vertex 31.494022369384766 56.425018310546875 0
endloop
endfacet
facet normal -0.6295568642892081 0.32439639370016676 0.705992304760233
outer loop
vertex 31.494022369384766 56.425018310546875 0
vertex 30.11332893371582 55.92182922363281 -1
vertex 31.00079345703125 55.46780776977539 0
endloop
endfacet
facet normal -0.6420857770006007 0.299387875777265 0.7057568666411344
outer loop
vertex 31.00079345703125 55.46780776977539 0
vertex 30.11332893371582 55.92182922363281 -1
vertex 30.979354858398438 55.42182922363281 0
endloop
endfacet
facet normal -0.5803319890943395 0.406350490043916 0.7057577925002859
outer loop
vertex 30.11332893371582 55.92182922363281 -1
vertex 30.94654083251953 55.37496566772461 0
vertex 30.979354858398438 55.42182922363281 0
endloop
endfacet
facet normal -0.5921430037431795 0.3886474442308741 0.7059177198589184
outer loop
vertex 30.11332893371582 55.92182922363281 -1
vertex 29.88080406188965 55.56755447387695 -1
vertex 30.71401596069336 55.02069091796875 0
endloop
endfacet
facet normal -0.5921430037431795 0.3886474442308741 0.7059177198589184
outer loop
vertex 30.11332893371582 55.92182922363281 -1
vertex 30.71401596069336 55.02069091796875 0
vertex 30.94654083251953 55.37496566772461 0
endloop
endfacet
facet normal -0.500976802987821 0.5009252303294941 0.7057592765861779
outer loop
vertex 29.88080406188965 55.56755447387695 -1
vertex 30.60979652404785 54.88771057128906 0
vertex 30.646848678588867 54.924766540527344 0
endloop
endfacet
facet normal -0.5803300494905667 0.40635335029050956 0.7057577405639663
outer loop
vertex 29.88080406188965 55.56755447387695 -1
vertex 30.646848678588867 54.924766540527344 0
vertex 30.71401596069336 55.02069091796875 0
endloop
endfacet
facet normal -0.5179544425261293 0.48303609386760776 0.7059740274886677
outer loop
vertex 29.88080406188965 55.56755447387695 -1
vertex 30.320775985717773 54.577796936035156 0
vertex 30.60979652404785 54.88771057128906 0
endloop
endfacet
facet normal -0.5179600331125261 0.48303217420274963 0.7059726076718809
outer loop
vertex 29.88080406188965 55.56755447387695 -1
vertex 29.591785430908203 55.25763702392578 -1
vertex 30.320775985717773 54.577796936035156 0
endloop
endfacet
facet normal -0.5009524785113519 0.5009524785113519 0.7057572022634037
outer loop
vertex 29.591785430908203 55.25763702392578 -1
vertex 30.23457145690918 54.49159240722656 0
vertex 30.320775985717773 54.577796936035156 0
endloop
endfacet
facet normal -0.4063608147002994 0.5803248107643529 0.70575775042675
outer loop
vertex 29.591785430908203 55.25763702392578 -1
vertex 30.195587158203125 54.46429443359375 0
vertex 30.23457145690918 54.49159240722656 0
endloop
endfacet
facet normal -0.42888533536737133 0.5635304361252507 0.7060388209350122
outer loop
vertex 29.591785430908203 55.25763702392578 -1
vertex 29.475555419921875 55.1691780090332 -1
vertex 29.858375549316406 54.207645416259766 0
endloop
endfacet
facet normal -0.4288967430944898 0.5635240163096449 0.7060370151806393
outer loop
vertex 29.475555419921875 55.1691780090332 -1
vertex 29.25457191467285 55.0009880065918 -1
vertex 29.858375549316406 54.207645416259766 0
endloop
endfacet
facet normal -0.4288949707864257 0.5635258792131045 0.7060366049230086
outer loop
vertex 29.591785430908203 55.25763702392578 -1
vertex 29.858375549316406 54.207645416259766 0
vertex 30.195587158203125 54.46429443359375 0
endloop
endfacet
facet normal -0.3809667405109636 0.5984378567896972 0.7047953420571152
outer loop
vertex 29.858375549316406 54.207645416259766 0
vertex 29.25457191467285 55.0009880065918 -1
vertex 29.715801239013672 54.11688232421875 0
endloop
endfacet
facet normal -0.33168597074820205 0.6256241453788921 0.706101158140782
outer loop
vertex 29.25457191467285 55.0009880065918 -1
vertex 29.341388702392578 53.91838073730469 0
vertex 29.715801239013672 54.11688232421875 0
endloop
endfacet
facet normal -0.32705949622185315 0.6269234434653118 0.707106132037266
outer loop
vertex 29.25457191467285 55.0009880065918 -1
vertex 28.878856658935547 54.80498123168945 -1
vertex 29.341388702392578 53.91838073730469 0
endloop
endfacet
facet normal -0.26342554998923373 0.6581166600698103 0.7053293141160571
outer loop
vertex 29.341388702392578 53.91838073730469 0
vertex 28.878856658935547 54.80498123168945 -1
vertex 29.184206008911133 53.855464935302734 0
endloop
endfacet
facet normal -0.2165063187515761 0.67314625066913 0.7071061724739316
outer loop
vertex 28.475435256958008 54.67524719238281 -1
vertex 28.78157615661621 53.723262786865234 0
vertex 28.533634185791016 54.693965911865234 -1
endloop
endfacet
facet normal -0.22087769643376232 0.6726967401169872 0.7061813782974549
outer loop
vertex 28.878856658935547 54.80498123168945 -1
vertex 28.78157615661621 53.723262786865234 0
vertex 29.184206008911133 53.855464935302734 0
endloop
endfacet
facet normal -0.2164710591272832 0.6731564122363025 0.707107293998203
outer loop
vertex 28.878856658935547 54.80498123168945 -1
vertex 28.533634185791016 54.693965911865234 -1
vertex 28.78157615661621 53.723262786865234 0
endloop
endfacet
facet normal -0.17022733665770487 0.6871613036721763 0.7062803951618504
outer loop
vertex 28.78157615661621 53.723262786865234 0
vertex 28.475435256958008 54.67524719238281 -1
vertex 28.649084091186523 53.6904411315918 0
endloop
endfacet
facet normal -0.06171445428717098 0.7057622599260756 0.7057555940947796
outer loop
vertex 28.475435256958008 54.67524719238281 -1
vertex 28.616060256958008 53.68755340576172 0
vertex 28.649084091186523 53.6904411315918 0
endloop
endfacet
facet normal -0.0997839166072995 0.7008676239949224 0.7062773843343841
outer loop
vertex 28.475435256958008 54.67524719238281 -1
vertex 28.055896759033203 54.615516662597656 -1
vertex 28.196521759033203 53.6278190612793 0
endloop
endfacet
facet normal -0.09979035113358108 0.7008680581451996 0.706276044399365
outer loop
vertex 28.475435256958008 54.67524719238281 -1
vertex 28.196521759033203 53.6278190612793 0
vertex 28.616060256958008 53.68755340576172 0
endloop
endfacet
facet normal -0.061751665445681996 0.705756635350984 0.7057579638039819
outer loop
vertex 28.055896759033203 54.615516662597656 -1
vertex 28.056310653686523 53.61555099487305 0
vertex 28.196521759033203 53.6278190612793 0
endloop
endfacet
facet normal -0.0002920207924745062 0.7071049219358294 0.7071085801331938
outer loop
vertex 28.055896759033203 54.615516662597656 -1
vertex 25.580385208129883 54.61449432373047 -1
vertex 18.388065338134766 53.61151885986328 0
endloop
endfacet
facet normal -0.00029251331640735154 0.7071066904002389 0.7071068114699366
outer loop
vertex 25.580385208129883 54.61449432373047 -1
vertex 18.387651443481445 54.61151885986328 -1
vertex 18.388065338134766 53.61151885986328 0
endloop
endfacet
facet normal -0.0002949034171766137 0.7071188278052555 0.7070946728658729
outer loop
vertex 28.055896759033203 54.615516662597656 -1
vertex 18.388065338134766 53.61151885986328 0
vertex 28.056310653686523 53.61555099487305 0
endloop
endfacet
facet normal 0.061484829965796545 0.7057816719221949 0.7057562236798117
outer loop
vertex 18.387651443481445 54.61151885986328 -1
vertex 18.28402328491211 53.620582580566406 0
vertex 18.388065338134766 53.61151885986328 0
endloop
endfacet
facet normal 0.06871609775924595 0.7050700845893774 0.7058004489413916
outer loop
vertex 18.387651443481445 54.61151885986328 -1
vertex 17.766420364379883 53.67102813720703 0
vertex 18.28402328491211 53.620582580566406 0
endloop
endfacet
facet normal 0.07354448820846007 0.7032707893871554 0.7071077747054709
outer loop
vertex 18.387651443481445 54.61151885986328 -1
vertex 17.87042808532715 54.66560745239258 -1
vertex 17.766420364379883 53.67102813720703 0
endloop
endfacet
facet normal 0.1833650549130006 0.6843119990876346 0.7057579928994338
outer loop
vertex 17.87042808532715 54.66560745239258 -1
vertex 17.582321166992188 53.71146774291992 0
vertex 17.696781158447266 53.6807975769043 0
endloop
endfacet
facet normal 0.0982658448940473 0.7004654945190474 0.706888898424247
outer loop
vertex 17.766420364379883 53.67102813720703 0
vertex 17.87042808532715 54.66560745239258 -1
vertex 17.696781158447266 53.6807975769043 0
endloop
endfacet
facet normal 0.20439566634925302 0.6769225976636561 0.7071055142975007
outer loop
vertex 17.87042808532715 54.66560745239258 -1
vertex 17.464750289916992 54.78810119628906 -1
vertex 17.17568588256836 53.83079528808594 0
endloop
endfacet
facet normal 0.19943836317345245 0.679630804616237 0.7059223106768762
outer loop
vertex 17.87042808532715 54.66560745239258 -1
vertex 17.17568588256836 53.83079528808594 0
vertex 17.582321166992188 53.71146774291992 0
endloop
endfacet
facet normal 0.22324458215751358 0.6710873299070168 0.7069679286754017
outer loop
vertex 17.17568588256836 53.83079528808594 0
vertex 17.464750289916992 54.78810119628906 -1
vertex 17.122730255126953 53.848411560058594 0
endloop
endfacet
facet normal 0.29940172716922336 0.642079424510068 0.7057567699915501
outer loop
vertex 17.01969337463379 53.89645767211914 0
vertex 17.122730255126953 53.848411560058594 0
vertex 17.464750289916992 54.78810119628906 -1
endloop
endfacet
facet normal 0.3163374852742107 0.6337653057492173 0.705883937088095
outer loop
vertex 17.01969337463379 53.89645767211914 0
vertex 17.085590362548828 54.977359771728516 -1
vertex 16.640531539916992 54.08571243286133 0
endloop
endfacet
facet normal 0.3163445382777552 0.6337634734817152 0.7058824213579944
outer loop
vertex 17.464750289916992 54.78810119628906 -1
vertex 17.085590362548828 54.977359771728516 -1
vertex 17.01969337463379 53.89645767211914 0
endloop
endfacet
facet normal 0.4063534654403556 0.5803294375881795 0.7057581774185835
outer loop
vertex 16.496397018432617 54.17378616333008 0
vertex 16.585590362548828 54.111331939697266 0
vertex 17.085590362548828 54.977359771728516 -1
endloop
endfacet
facet normal 0.299405172027521 0.6420760854863566 0.7057583463266215
outer loop
vertex 16.640531539916992 54.08571243286133 0
vertex 17.085590362548828 54.977359771728516 -1
vertex 16.585590362548828 54.111331939697266 0
endloop
endfacet
facet normal 0.4188624990823211 0.5712642487141733 0.7058408921304743
outer loop
vertex 16.496397018432617 54.17378616333008 0
vertex 16.74384117126465 55.22793197631836 -1
vertex 16.15464973449707 54.42436218261719 0
endloop
endfacet
facet normal 0.41885595110952095 0.5712672033618155 0.7058423865023329
outer loop
vertex 17.085590362548828 54.977359771728516 -1
vertex 16.74384117126465 55.22793197631836 -1
vertex 16.496397018432617 54.17378616333008 0
endloop
endfacet
facet normal 0.5009460417954889 0.5009590250538809 0.7057571242477808
outer loop
vertex 16.10105323791504 54.461891174316406 0
vertex 16.74384117126465 55.22793197631836 -1
vertex 16.02745819091797 54.535484313964844 0
endloop
endfacet
facet normal 0.4063550248849984 0.5803301585316353 0.7057566867195517
outer loop
vertex 16.15464973449707 54.42436218261719 0
vertex 16.74384117126465 55.22793197631836 -1
vertex 16.10105323791504 54.461891174316406 0
endloop
endfacet
facet normal 0.5084244102226164 0.4914293127980194 0.707108089058986
outer loop
vertex 16.74384117126465 55.22793197631836 -1
vertex 16.699222564697266 55.27409362792969 -1
vertex 15.730308532714844 54.8376350402832 0
endloop
endfacet
facet normal 0.5084214173971853 0.4914337775987975 0.7071071379690723
outer loop
vertex 16.699222564697266 55.27409362792969 -1
vertex 16.449323654174805 55.532630920410156 -1
vertex 15.730308532714844 54.8376350402832 0
endloop
endfacet
facet normal 0.505088353648271 0.4967283497138601 0.7057950847090282
outer loop
vertex 16.74384117126465 55.22793197631836 -1
vertex 15.730308532714844 54.8376350402832 0
vertex 16.02745819091797 54.535484313964844 0
endloop
endfacet
facet normal 0.5255384265106725 0.4734108206369155 0.7068886455196242
outer loop
vertex 15.730308532714844 54.8376350402832 0
vertex 16.449323654174805 55.532630920410156 -1
vertex 15.683279037475586 54.88984298706055 0
endloop
endfacet
facet normal 0.580334712042883 0.40634727286734706 0.7057574057927937
outer loop
vertex 16.449323654174805 55.532630920410156 -1
vertex 15.626338005065918 54.97116470336914 0
vertex 15.683279037475586 54.88984298706055 0
endloop
endfacet
facet normal 0.5841203932812918 0.3985004243954513 0.7071073312514544
outer loop
vertex 15.384431838989258 55.319122314453125 0
vertex 16.34255027770996 55.68913650512695 -1
vertex 16.210500717163086 55.882694244384766 -1
endloop
endfacet
facet normal 0.5816816160706637 0.40439514796808734 0.7057698362960051
outer loop
vertex 15.626338005065918 54.97116470336914 0
vertex 16.449323654174805 55.532630920410156 -1
vertex 15.384431838989258 55.319122314453125 0
endloop
endfacet
facet normal 0.584118016381627 0.3985049669369376 0.7071067347048702
outer loop
vertex 16.449323654174805 55.532630920410156 -1
vertex 16.34255027770996 55.68913650512695 -1
vertex 15.384431838989258 55.319122314453125 0
endloop
endfacet
facet normal 0.5988836166436581 0.37641802835487526 0.7068577520585316
outer loop
vertex 15.384431838989258 55.319122314453125 0
vertex 16.210500717163086 55.882694244384766 -1
vertex 15.344474792480469 55.382694244384766 0
endloop
endfacet
facet normal 0.6420710641387999 0.2994161448545926 0.7057582594600524
outer loop
vertex 15.344474792480469 55.382694244384766 0
vertex 16.210500717163086 55.882694244384766 -1
vertex 15.3156156539917 55.444580078125 0
endloop
endfacet
facet normal 0.6350813721686495 0.31092088864203843 0.7071066763441218
outer loop
vertex 16.210500717163086 55.882694244384766 -1
vertex 15.975653648376465 56.362388610839844 -1
vertex 14.927720069885254 56.22864532470703 0
endloop
endfacet
facet normal 0.6349399892528236 0.31411979943941626 0.7058186464296373
outer loop
vertex 15.3156156539917 55.444580078125 0
vertex 16.210500717163086 55.882694244384766 -1
vertex 14.927720069885254 56.22864532470703 0
endloop
endfacet
facet normal 0.6350816085710367 0.3109200863826827 0.7071068167813189
outer loop
vertex 15.975653648376465 56.362388610839844 -1
vertex 15.790955543518066 56.73965072631836 -1
vertex 14.927720069885254 56.22864532470703 0
endloop
endfacet
facet normal 0.5780710386049899 0.4072271742343789 0.7071067125202753
outer loop
vertex 15.790955543518066 56.73965072631836 -1
vertex 14.460952758789062 56.8912353515625 0
vertex 14.927720069885254 56.22864532470703 0
endloop
endfacet
facet normal 0.5780709114366844 0.40722781784043816 0.7071064458252917
outer loop
vertex 15.790955543518066 56.73965072631836 -1
vertex 15.223666191101074 57.5449333190918 -1
vertex 14.460952758789062 56.8912353515625 0
endloop
endfacet
facet normal 0.49089101829030535 0.5089464556848582 0.7071064371137685
outer loop
vertex 14.514676094055176 58.2287712097168 -1
vertex 14.460952758789062 56.8912353515625 0
vertex 15.223666191101074 57.5449333190918 -1
endloop
endfacet
facet normal 0.4908881219892936 0.5089475086576741 0.7071076899037171
outer loop
vertex 13.888943672180176 57.44294738769531 0
vertex 14.460952758789062 56.8912353515625 0
vertex 14.514676094055176 58.2287712097168 -1
endloop
endfacet
facet normal 0.38608676929102437 0.5924003377353911 0.707105965488493
outer loop
vertex 14.514676094055176 58.2287712097168 -1
vertex 13.689433097839355 58.76660919189453 -1
vertex 13.223143577575684 57.87687683105469 0
endloop
endfacet
facet normal 0.3860892701766182 0.5923964749183412 0.7071078361599519
outer loop
vertex 13.888943672180176 57.44294738769531 0
vertex 14.514676094055176 58.2287712097168 -1
vertex 13.223143577575684 57.87687683105469 0
endloop
endfacet
facet normal 0.2674287512421657 0.6545843083599199 0.7071076624234962
outer loop
vertex 13.689433097839355 58.76660919189453 -1
vertex 12.777560234069824 59.13915252685547 -1
vertex 12.48745059967041 58.17743682861328 0
endloop
endfacet
facet normal 0.2674253236429556 0.6545878836714216 0.707105648983962
outer loop
vertex 13.223143577575684 57.87687683105469 0
vertex 13.689433097839355 58.76660919189453 -1
vertex 12.48745059967041 58.17743682861328 0
endloop
endfacet
facet normal 0.13916685849204488 0.6932766519999508 0.707106830181405
outer loop
vertex 12.777560234069824 59.13915252685547 -1
vertex 11.811789512634277 59.3330192565918 -1
vertex 11.711688995361328 58.33316421508789 0
endloop
endfacet
facet normal 0.13916895336711538 0.6932751712987357 0.7071078696206188
outer loop
vertex 12.48745059967041 58.17743682861328 0
vertex 12.777560234069824 59.13915252685547 -1
vertex 11.711688995361328 58.33316421508789 0
endloop
endfacet
facet normal 0.001032000144806729 0.7071060846555994 0.7071067246312464
outer loop
vertex -7.715732574462891 59.36151885986328 -1
vertex -7.671918869018555 58.361454010009766 0
vertex 11.711688995361328 58.33316421508789 0
endloop
endfacet
facet normal 0.0010319916928902637 0.7071060037098478 0.7071068055892509
outer loop
vertex 11.811789512634277 59.3330192565918 -1
vertex -7.715732574462891 59.36151885986328 -1
vertex 11.711688995361328 58.33316421508789 0
endloop
endfacet
facet normal -0.06286898925329311 0.7043063882487973 0.707106782361903
outer loop
vertex -7.715732574462891 59.36151885986328 -1
vertex -8.649153709411621 59.2781982421875 -1
vertex -8.467986106872559 58.2903938293457 0
endloop
endfacet
facet normal -0.06286924346165748 0.7043064698230297 0.7071066785089651
outer loop
vertex -7.715732574462891 59.36151885986328 -1
vertex -8.467986106872559 58.2903938293457 0
vertex -7.671918869018555 58.361454010009766 0
endloop
endfacet
facet normal -0.1911621598649759 0.6807764642917586 0.70710708828449
outer loop
vertex -8.649153709411621 59.2781982421875 -1
vertex -9.597597122192383 59.01187515258789 -1
vertex -9.236654281616211 58.07455062866211 0
endloop
endfacet
facet normal -0.1911631129629169 0.6807766038223364 0.7071066962845513
outer loop
vertex -8.467986106872559 58.2903938293457 0
vertex -8.649153709411621 59.2781982421875 -1
vertex -9.236654281616211 58.07455062866211 0
endloop
endfacet
facet normal -0.3153562067556622 0.6342706257232216 0.7058691353256303
outer loop
vertex -9.597597122192383 59.01187515258789 -1
vertex -10.772960662841797 58.427490234375 -1
vertex -10.329312324523926 57.535186767578125 0
endloop
endfacet
facet normal -0.3129484357283195 0.6339794895169886 0.7072010205358703
outer loop
vertex -9.597597122192383 59.01187515258789 -1
vertex -10.329312324523926 57.535186767578125 0
vertex -9.236654281616211 58.07455062866211 0
endloop
endfacet
facet normal -0.2684991042330497 0.6565034381986441 0.7049194753015474
outer loop
vertex -10.772960662841797 58.427490234375 -1
vertex -10.472243309020996 57.47673034667969 0
vertex -10.329312324523926 57.535186767578125 0
endloop
endfacet
facet normal -0.21802748760887153 0.6737100360240892 0.7061011273234052
outer loop
vertex -10.772960662841797 58.427490234375 -1
vertex -10.875434875488281 57.346248626708984 0
vertex -10.472243309020996 57.47673034667969 0
endloop
endfacet
facet normal -0.21324733928644735 0.6741850572103835 0.7071068384066743
outer loop
vertex -10.875434875488281 57.346248626708984 0
vertex -11.131919860839844 58.3139533996582 -1
vertex -11.177000999450684 58.2996940612793 -1
endloop
endfacet
facet normal -0.21324158208143226 0.6741867295729831 0.7071069801233001
outer loop
vertex -10.772960662841797 58.427490234375 -1
vertex -11.131919860839844 58.3139533996582 -1
vertex -10.875434875488281 57.346248626708984 0
endloop
endfacet
facet normal -0.1451525934157522 0.6938591042543811 0.705329900165865
outer loop
vertex -11.177000999450684 58.2996940612793 -1
vertex -11.041154861450195 57.311580657958984 0
vertex -10.875434875488281 57.346248626708984 0
endloop
endfacet
facet normal -0.09643756712032091 0.7014253971108623 0.7061885073659743
outer loop
vertex -11.46097469329834 57.25386047363281 0
vertex -11.041154861450195 57.311580657958984 0
vertex -11.177000999450684 58.2996940612793 -1
endloop
endfacet
facet normal -0.09643090837359157 0.7014249157100503 0.706189894809741
outer loop
vertex -11.177000999450684 58.2996940612793 -1
vertex -11.596821784973145 58.24197769165039 -1
vertex -11.46097469329834 57.25386047363281 0
endloop
endfacet
facet normal -0.037729843967542975 0.7082466140781792 0.7049561635456346
outer loop
vertex -11.596821784973145 58.24197769165039 -1
vertex -11.629825592041016 57.24486541748047 0
vertex -11.46097469329834 57.25386047363281 0
endloop
endfacet
facet normal 0.023396372781976107 0.7067189661877997 0.7071074264714623
outer loop
vertex -12.02035903930664 58.25599670410156 -1
vertex -12.05344009399414 57.25654220581055 0
vertex -11.754412651062012 58.2471923828125 -1
endloop
endfacet
facet normal 0.023385433169170727 0.7067207917836111 0.7071059637538322
outer loop
vertex -11.596821784973145 58.24197769165039 -1
vertex -11.754412651062012 58.2471923828125 -1
vertex -12.05344009399414 57.25654220581055 0
endloop
endfacet
facet normal 0.019506729505878402 0.7076717733318474 0.706272007609917
outer loop
vertex -12.05344009399414 57.25654220581055 0
vertex -11.629825592041016 57.24486541748047 0
vertex -11.596821784973145 58.24197769165039 -1
endloop
endfacet
facet normal 0.07339079431511386 0.7041772998240337 0.706221014783849
outer loop
vertex -12.05344009399414 57.25654220581055 0
vertex -12.02035903930664 58.25599670410156 -1
vertex -12.193734169006348 57.27116394042969 0
endloop
endfacet
facet normal 0.12259757334216315 0.6964059220528216 0.7070987390318075
outer loop
vertex -12.02035903930664 58.25599670410156 -1
vertex -26.539278030395508 59.796600341796875 0
vertex -12.193734169006348 57.27116394042969 0
endloop
endfacet
facet normal 0.1225972207247719 0.6963965997590076 0.7071079813682309
outer loop
vertex -12.02035903930664 58.25599670410156 -1
vertex -26.39413833618164 60.78643035888672 -1
vertex -26.539278030395508 59.796600341796875 0
endloop
endfacet
facet normal 0.08248870971948445 0.7022797045797692 0.7071059533791006
outer loop
vertex -26.39413833618164 60.78643035888672 -1
vertex -26.998632431030273 60.8574333190918 -1
vertex -27.03924560546875 59.85533142089844 0
endloop
endfacet
facet normal 0.08249628727597363 0.702276704819081 0.7071080486418843
outer loop
vertex -26.39413833618164 60.78643035888672 -1
vertex -27.03924560546875 59.85533142089844 0
vertex -26.539278030395508 59.796600341796875 0
endloop
endfacet
facet normal -0.025395634479756346 0.7066506079468268 0.7071067670711054
outer loop
vertex -27.03924560546875 59.85533142089844 0
vertex -27.983123779296875 60.82205581665039 -1
vertex -27.852115631103516 59.82611846923828 0
endloop
endfacet
facet normal -0.02539339041963917 0.706651726268584 0.707105730060665
outer loop
vertex -26.998632431030273 60.8574333190918 -1
vertex -27.983123779296875 60.82205581665039 -1
vertex -27.03924560546875 59.85533142089844 0
endloop
endfacet
facet normal -0.15821736019170649 0.6891788024206396 0.7071066717462232
outer loop
vertex -27.852115631103516 59.82611846923828 0
vertex -27.983123779296875 60.82205581665039 -1
vertex -28.626773834228516 59.648277282714844 0
endloop
endfacet
facet normal -0.15821729293856823 0.6891787892764102 0.7071066996052949
outer loop
vertex -27.983123779296875 60.82205581665039 -1
vertex -28.94327163696289 60.60163116455078 -1
vertex -28.626773834228516 59.648277282714844 0
endloop
endfacet
facet normal -0.2853614824125566 0.6469690252482817 0.7071067138166602
outer loop
vertex -28.94327163696289 60.60163116455078 -1
vertex -29.353986740112305 59.32752227783203 0
vertex -28.626773834228516 59.648277282714844 0
endloop
endfacet
facet normal -0.2853616353569408 0.6469690257480347 0.7071066516368314
outer loop
vertex -29.353986740112305 59.32752227783203 0
vertex -28.94327163696289 60.60163116455078 -1
vertex -29.844615936279297 60.204071044921875 -1
endloop
endfacet
facet normal -0.4022658432366976 0.5815344618874478 0.7071066829003564
outer loop
vertex -29.353986740112305 59.32752227783203 0
vertex -29.844615936279297 60.204071044921875 -1
vertex -30.00765037536621 58.875362396240234 0
endloop
endfacet
facet normal -0.4022664411038282 0.5815343490868435 0.7071064355482856
outer loop
vertex -29.844615936279297 60.204071044921875 -1
vertex -30.654796600341797 59.64364242553711 -1
vertex -30.00765037536621 58.875362396240234 0
endloop
endfacet
facet normal -0.5047268749823106 0.49522862227609793 0.7071063522194584
outer loop
vertex -30.00765037536621 58.875362396240234 0
vertex -30.654796600341797 59.64364242553711 -1
vertex -30.570322036743164 58.30189895629883 0
endloop
endfacet
facet normal -0.5047270968433533 0.4952285355496642 0.707106254596447
outer loop
vertex -30.654796600341797 59.64364242553711 -1
vertex -31.344738006591797 58.940467834472656 -1
vertex -30.570322036743164 58.30189895629883 0
endloop
endfacet
facet normal -0.580819672401955 0.4031132269117687 0.7072115909964051
outer loop
vertex -31.344738006591797 58.940467834472656 -1
vertex -31.183549880981445 57.418338775634766 0
vertex -30.570322036743164 58.30189895629883 0
endloop
endfacet
facet normal -0.5834186214095085 0.4018892620198613 0.70576747818652
outer loop
vertex -31.344738006591797 58.940467834472656 -1
vertex -32.00395965576172 57.983482360839844 -1
vertex -31.183549880981445 57.418338775634766 0
endloop
endfacet
facet normal -0.5803317834581355 0.4063519985184901 0.7057570930627114
outer loop
vertex -32.00395965576172 57.983482360839844 -1
vertex -31.237916946411133 57.340694427490234 0
vertex -31.183549880981445 57.418338775634766 0
endloop
endfacet
facet normal -0.5009524785113519 0.5009524785113519 0.7057572022634038
outer loop
vertex -31.237916946411133 57.340694427490234 0
vertex -32.00395965576172 57.983482360839844 -1
vertex -31.281770706176758 57.29684066772461 0
endloop
endfacet
facet normal -0.5133484539984761 0.4880789165215053 0.7058699143783986
outer loop
vertex -32.00395965576172 57.983482360839844 -1
vertex -31.573766708374023 56.98972702026367 0
vertex -31.281770706176758 57.29684066772461 0
endloop
endfacet
facet normal -0.5133445603007344 0.48808159080811864 0.7058708969236951
outer loop
vertex -32.29595947265625 57.676368713378906 -1
vertex -31.573766708374023 56.98972702026367 0
vertex -32.00395965576172 57.983482360839844 -1
endloop
endfacet
facet normal -0.5009518028825338 0.5009518028825338 0.7057581613962943
outer loop
vertex -32.29595947265625 57.676368713378906 -1
vertex -31.653169631958008 56.91032409667969 0
vertex -31.573766708374023 56.98972702026367 0
endloop
endfacet
facet normal -0.40633962517516214 0.5803400912682463 0.7057573857064993
outer loop
vertex -31.700035095214844 56.87751007080078 0
vertex -31.653169631958008 56.91032409667969 0
vertex -32.29595947265625 57.676368713378906 -1
endloop
endfacet
facet normal -0.4235090173066832 0.5677327646754737 0.705917573215082
outer loop
vertex -32.29595947265625 57.676368713378906 -1
vertex -32.03970718383789 56.62412643432617 0
vertex -31.700035095214844 56.87751007080078 0
endloop
endfacet
facet normal -0.4235090173066832 0.5677327646754737 0.705917573215082
outer loop
vertex -32.29595947265625 57.676368713378906 -1
vertex -32.6356315612793 57.4229850769043 -1
vertex -32.03970718383789 56.62412643432617 0
endloop
endfacet
facet normal -0.40634574516106076 0.5803356680763352 0.7057574992501999
outer loop
vertex -32.03970718383789 56.62412643432617 0
vertex -32.6356315612793 57.4229850769043 -1
vertex -32.1356315612793 56.55696105957031 0
endloop
endfacet
facet normal -0.2994250383388863 0.6420671249257895 0.7057580700957566
outer loop
vertex -32.6356315612793 57.4229850769043 -1
vertex -32.18312454223633 56.534812927246094 0
vertex -32.1356315612793 56.55696105957031 0
endloop
endfacet
facet normal -0.32627043155985086 0.6286206126319326 0.7059629812277712
outer loop
vertex -32.6356315612793 57.4229850769043 -1
vertex -32.559261322021484 56.3395881652832 0
vertex -32.18312454223633 56.534812927246094 0
endloop
endfacet
facet normal -0.32099501169476025 0.6300487467046889 0.7071073321942939
outer loop
vertex -32.6356315612793 57.4229850769043 -1
vertex -33.01321792602539 57.230613708496094 -1
vertex -32.559261322021484 56.3395881652832 0
endloop
endfacet
facet normal -0.2554213898322255 0.6613603823171937 0.7052392206318575
outer loop
vertex -32.559261322021484 56.3395881652832 0
vertex -33.01321792602539 57.230613708496094 -1
vertex -32.71717071533203 56.278602600097656 0
endloop
endfacet
facet normal -0.21511003804194043 0.6747241511520004 0.7060276137558696
outer loop
vertex -33.01321792602539 57.230613708496094 -1
vertex -33.12092971801758 56.149879455566406 0
vertex -32.71717071533203 56.278602600097656 0
endloop
endfacet
facet normal -0.20997626323314852 0.675211047994602 0.7071067879356518
outer loop
vertex -33.01321792602539 57.230613708496094 -1
vertex -33.41787338256836 57.104774475097656 -1
vertex -33.12092971801758 56.149879455566406 0
endloop
endfacet
facet normal -0.14088078918523658 0.6947871826775706 0.7052824781784311
outer loop
vertex -33.41787338256836 57.104774475097656 -1
vertex -33.286842346191406 56.11623764038086 0
vertex -33.12092971801758 56.149879455566406 0
endloop
endfacet
facet normal -0.09770882383685363 0.701337607015798 0.7061009465577658
outer loop
vertex -33.41787338256836 57.104774475097656 -1
vertex -33.70656967163086 56.057762145996094 0
vertex -33.286842346191406 56.11623764038086 0
endloop
endfacet
facet normal -0.0929139262987517 0.7009759631191362 0.7071065700649015
outer loop
vertex -33.41787338256836 57.104774475097656 -1
vertex -33.83796691894531 57.04909133911133 -1
vertex -33.70656967163086 56.057762145996094 0
endloop
endfacet
facet normal -0.0224403578950741 0.7085243534401297 0.7053294768544607
outer loop
vertex -33.70656967163086 56.057762145996094 0
vertex -33.83796691894531 57.04909133911133 -1
vertex -33.87579345703125 56.05240249633789 0
endloop
endfacet
facet normal 0.026808459946087434 0.7065990006413596 0.707106186345411
outer loop
vertex -34.135650634765625 57.06039047241211 -1
vertex -34.26143264770508 57.065162658691406 -1
vertex -34.299354553222656 56.06588363647461 0
endloop
endfacet
facet normal 0.022523866488743022 0.7076726065962344 0.706181391224442
outer loop
vertex -33.83796691894531 57.04909133911133 -1
vertex -34.299354553222656 56.06588363647461 0
vertex -33.87579345703125 56.05240249633789 0
endloop
endfacet
facet normal 0.02682022037539293 0.7065978113484681 0.7071069288138605
outer loop
vertex -34.135650634765625 57.06039047241211 -1
vertex -34.299354553222656 56.06588363647461 0
vertex -33.83796691894531 57.04909133911133 -1
endloop
endfacet
facet normal 0.09650168353013074 0.7022282031365165 0.7053814399284333
outer loop
vertex -34.26143264770508 57.065162658691406 -1
vertex -34.46710205078125 56.08893585205078 0
vertex -34.299354553222656 56.06588363647461 0
endloop
endfacet
facet normal 0.14211049098608244 0.6935310593508685 0.7062713912281573
outer loop
vertex -34.26143264770508 57.065162658691406 -1
vertex -34.88225173950195 56.17400360107422 0
vertex -34.46710205078125 56.08893585205078 0
endloop
endfacet
facet normal 0.14577118480722107 0.6919182276282496 0.707106730243519
outer loop
vertex -34.26143264770508 57.065162658691406 -1
vertex -34.67609786987305 57.152523040771484 -1
vertex -34.88225173950195 56.17400360107422 0
endloop
endfacet
facet normal 0.19515890278736445 0.680585312720096 0.7061987218712034
outer loop
vertex -34.88225173950195 56.17400360107422 0
vertex -34.67609786987305 57.152523040771484 -1
vertex -35.01884841918945 56.213172912597656 0
endloop
endfacet
facet normal 0.24238685695097129 0.6642924533357782 0.7070814295528927
outer loop
vertex -34.67609786987305 57.152523040771484 -1
vertex -36.644649505615234 57.87080764770508 -1
vertex -35.01884841918945 56.213172912597656 0
endloop
endfacet
facet normal 0.24237829840377512 0.6642696951297699 0.7071057435738258
outer loop
vertex -36.644649505615234 57.87080764770508 -1
vertex -40.39771270751953 59.2402229309082 -1
vertex -40.74048614501953 58.30080795288086 0
endloop
endfacet
facet normal 0.24237628572066763 0.6642872309892891 0.707089959527666
outer loop
vertex -36.644649505615234 57.87080764770508 -1
vertex -40.74048614501953 58.30080795288086 0
vertex -35.01884841918945 56.213172912597656 0
endloop
endfacet
facet normal 0.29971374298081516 0.6419233450167091 0.7057663150016363
outer loop
vertex -40.74048614501953 58.30080795288086 0
vertex -40.39771270751953 59.2402229309082 -1
vertex -40.86714172363281 58.35994338989258 0
endloop
endfacet
facet normal 0.3274833764083039 0.6267151932925281 0.7070945514374485
outer loop
vertex -40.86714172363281 58.35994338989258 0
vertex -40.647159576416016 59.37324905395508 -1
vertex -41.11771011352539 58.490875244140625 0
endloop
endfacet
facet normal 0.33312771221729015 0.624671777632508 0.7062655998859895
outer loop
vertex -40.39771270751953 59.2402229309082 -1
vertex -40.647159576416016 59.37324905395508 -1
vertex -40.86714172363281 58.35994338989258 0
endloop
endfacet
facet normal 0.3919838040874647 0.5904762627344827 0.7054689791055581
outer loop
vertex -40.647159576416016 59.37324905395508 -1
vertex -41.23526382446289 58.568912506103516 0
vertex -41.11771011352539 58.490875244140625 0
endloop
endfacet
facet normal 0.41810246747569985 0.5718324579572557 0.7058314010564385
outer loop
vertex -40.647159576416016 59.37324905395508 -1
vertex -40.98924255371094 59.62336730957031 -1
vertex -41.57734680175781 58.819034576416016 0
endloop
endfacet
facet normal 0.41810597899691226 0.5718285393263193 0.7058324956666148
outer loop
vertex -41.23526382446289 58.568912506103516 0
vertex -40.647159576416016 59.37324905395508 -1
vertex -41.57734680175781 58.819034576416016 0
endloop
endfacet
facet normal 0.5009521406968299 0.5009521406968299 0.7057576818303342
outer loop
vertex -41.63203048706055 58.857322692871094 0
vertex -40.98924255371094 59.62336730957031 -1
vertex -41.70468521118164 58.92997741699219 0
endloop
endfacet
facet normal 0.40633961912733424 0.5803405838587562 0.7057569841340083
outer loop
vertex -41.63203048706055 58.857322692871094 0
vertex -41.57734680175781 58.819034576416016 0
vertex -40.98924255371094 59.62336730957031 -1
endloop
endfacet
facet normal 0.5044069727865403 0.497430724642059 0.7057877017817712
outer loop
vertex -40.98924255371094 59.62336730957031 -1
vertex -42.002254486083984 59.231719970703125 0
vertex -41.70468521118164 58.92997741699219 0
endloop
endfacet
facet normal 0.5077648976639064 0.492112865831239 0.7071065944988263
outer loop
vertex -40.98924255371094 59.62336730957031 -1
vertex -41.2841682434082 59.92767333984375 -1
vertex -42.002254486083984 59.231719970703125 0
endloop
endfacet
facet normal 0.5803277482756565 0.40635634979343827 0.7057579057749611
outer loop
vertex -41.2841682434082 59.92767333984375 -1
vertex -42.10639190673828 59.365116119384766 0
vertex -42.05021286010742 59.28488540649414 0
endloop
endfacet
facet normal 0.5252187063643046 0.4737784011201863 0.7068800019218301
outer loop
vertex -42.002254486083984 59.231719970703125 0
vertex -41.2841682434082 59.92767333984375 -1
vertex -42.05021286010742 59.28488540649414 0
endloop
endfacet
facet normal 0.5846817296508523 0.40002961876835036 0.7057787040712805
outer loop
vertex -41.2841682434082 59.92767333984375 -1
vertex -41.52345657348633 60.27741622924805 -1
vertex -42.345680236816406 59.71485900878906 0
endloop
endfacet
facet normal 0.5846817296508523 0.40002961876835036 0.7057787040712805
outer loop
vertex -42.10639190673828 59.365116119384766 0
vertex -41.2841682434082 59.92767333984375 -1
vertex -42.345680236816406 59.71485900878906 0
endloop
endfacet
facet normal 0.6420816991648944 0.2993943859356191 0.7057578148825243
outer loop
vertex -41.52345657348633 60.27741622924805 -1
vertex -42.4288444519043 59.8618278503418 0
vertex -42.38948440551758 59.77741622924805 0
endloop
endfacet
facet normal 0.580325878901974 0.4063590503952294 0.7057578879747209
outer loop
vertex -42.345680236816406 59.71485900878906 0
vertex -41.52345657348633 60.27741622924805 -1
vertex -42.38948440551758 59.77741622924805 0
endloop
endfacet
facet normal 0.6438562383828373 0.2955450639399349 0.7057636002772053
outer loop
vertex -41.52345657348633 60.27741622924805 -1
vertex -41.70024108886719 60.66254806518555 -1
vertex -42.605628967285156 60.24696350097656 0
endloop
endfacet
facet normal 0.6438568359245052 0.2955424109037088 0.7057641661281111
outer loop
vertex -42.4288444519043 59.8618278503418 0
vertex -41.52345657348633 60.27741622924805 -1
vertex -42.605628967285156 60.24696350097656 0
endloop
endfacet
facet normal 0.6420865993919368 0.29938515435479884 0.7057572728872524
outer loop
vertex -42.605628967285156 60.24696350097656 0
vertex -41.70024108886719 60.66254806518555 -1
vertex -42.639930725097656 60.32052993774414 0
endloop
endfacet
facet normal 0.6843100784829329 0.18337601083810354 0.705757008562994
outer loop
vertex -42.639930725097656 60.32052993774414 0
vertex -41.70024108886719 60.66254806518555 -1
vertex -42.66279602050781 60.40585708618164 0
endloop
endfacet
facet normal 0.6828782103189212 0.18869070309036456 0.7057429903576026
outer loop
vertex -42.66279602050781 60.40585708618164 0
vertex -41.70024108886719 60.66254806518555 -1
vertex -42.775665283203125 60.814334869384766 0
endloop
endfacet
facet normal 0.6832302020993395 0.18219811534490576 0.7071070199793381
outer loop
vertex -41.70024108886719 60.66254806518555 -1
vertex -41.80943298339844 61.0720100402832 -1
vertex -42.775665283203125 60.814334869384766 0
endloop
endfacet
facet normal 0.7008138379815028 0.10834871909487981 0.705067741117217
outer loop
vertex -42.775665283203125 60.814334869384766 0
vertex -41.80943298339844 61.0720100402832 -1
vertex -42.80152130126953 60.98157501220703 0
endloop
endfacet
facet normal 0.7041872559333786 0.06418429328348045 0.7071072656087749
outer loop
vertex -42.843772888183594 61.40325164794922 0
vertex -41.81596374511719 61.14364242553711 -1
vertex -41.847900390625 61.4940299987793 -1
endloop
endfacet
facet normal 0.7049352586953891 0.07063382418409743 0.705745806880349
outer loop
vertex -42.80152130126953 60.98157501220703 0
vertex -41.80943298339844 61.0720100402832 -1
vertex -42.843772888183594 61.40325164794922 0
endloop
endfacet
facet normal 0.704188670249813 0.0642012463237661 0.7071043180905313
outer loop
vertex -42.843772888183594 61.40325164794922 0
vertex -41.80943298339844 61.0720100402832 -1
vertex -41.81596374511719 61.14364242553711 -1
endloop
endfacet
facet normal 0.7087555862086172 -0.004286203009831057 0.7054411013556254
outer loop
vertex -42.843772888183594 61.40325164794922 0
vertex -41.847900390625 61.4940299987793 -1
vertex -42.84287643432617 61.55148696899414 0
endloop
endfacet
facet normal 0.7072890763248748 -0.03785000164568483 0.705910433331968
outer loop
vertex -42.84287643432617 61.55148696899414 0
vertex -41.847900390625 61.4940299987793 -1
vertex -42.800270080566406 62.34765625 0
endloop
endfacet
facet normal 0.7059303039211265 -0.04076776682470219 0.7071070606308163
outer loop
vertex -41.847900390625 61.4940299987793 -1
vertex -41.797664642333984 62.36390686035156 -1
vertex -42.800270080566406 62.34765625 0
endloop
endfacet
facet normal 0.7042382298254739 0.06362520947949755 0.7071070275219821
outer loop
vertex -42.800270080566406 62.34765625 0
vertex -41.797664642333984 62.36390686035156 -1
vertex -42.873680114746094 63.16019821166992 0
endloop
endfacet
facet normal 0.7042384514135874 0.0636258595065411 0.7071067483433079
outer loop
vertex -41.797664642333984 62.36390686035156 -1
vertex -41.88629913330078 63.34495162963867 -1
vertex -42.873680114746094 63.16019821166992 0
endloop
endfacet
facet normal 0.6795986596052465 0.19530905257365241 0.7071068065331677
outer loop
vertex -43.09318923950195 63.92400360107422 0
vertex -42.873680114746094 63.16019821166992 0
vertex -41.88629913330078 63.34495162963867 -1
endloop
endfacet
facet normal 0.679598373132023 0.19530700178713464 0.7071076483034446
outer loop
vertex -41.88629913330078 63.34495162963867 -1
vertex -42.15837097167969 64.29166412353516 -1
vertex -43.09318923950195 63.92400360107422 0
endloop
endfacet
facet normal 0.6305647747148949 0.3199798878860588 0.7071074432058958
outer loop
vertex -43.09318923950195 63.92400360107422 0
vertex -42.15837097167969 64.29166412353516 -1
vertex -43.452816009521484 64.63269805908203 0
endloop
endfacet
facet normal 0.6305648360761134 0.3199786846005156 0.707107932995825
outer loop
vertex -42.15837097167969 64.29166412353516 -1
vertex -42.604122161865234 65.17008209228516 -1
vertex -43.452816009521484 64.63269805908203 0
endloop
endfacet
facet normal 0.5588965170981377 0.43316684465625244 0.7071076069921163
outer loop
vertex -42.604122161865234 65.17008209228516 -1
vertex -43.20754623413086 65.94865417480469 -1
vertex -43.93965530395508 65.26084899902344 0
endloop
endfacet
facet normal 0.5588969683761762 0.433165006122116 0.7071083765669495
outer loop
vertex -43.93965530395508 65.26084899902344 0
vertex -43.452816009521484 64.63269805908203 0
vertex -42.604122161865234 65.17008209228516 -1
endloop
endfacet
facet normal 0.4671688999160399 0.5308030886389506 0.7071077004548794
outer loop
vertex -43.20754623413086 65.94865417480469 -1
vertex -44.53361129760742 65.78359985351562 0
vertex -43.93965530395508 65.26084899902344 0
endloop
endfacet
facet normal 0.4671671043641183 0.5308069842317743 0.7071059624206361
outer loop
vertex -43.94698715209961 66.59944152832031 -1
vertex -44.53361129760742 65.78359985351562 0
vertex -43.20754623413086 65.94865417480469 -1
endloop
endfacet
facet normal 0.35444839049172266 0.6118552821111652 0.7071063938549091
outer loop
vertex -49.30183410644531 69.70150756835938 -1
vertex -60.8439826965332 76.38788604736328 -1
vertex -61.3143196105957 75.50467681884766 0
endloop
endfacet
facet normal 0.35444894593730264 0.6118566897433005 0.7071048974093627
outer loop
vertex -49.30183410644531 69.70150756835938 -1
vertex -61.3143196105957 75.50467681884766 0
vertex -43.94698715209961 66.59944152832031 -1
endloop
endfacet
facet normal 0.35444861445611503 0.611855953033055 0.7071057010434524
outer loop
vertex -43.94698715209961 66.59944152832031 -1
vertex -61.3143196105957 75.50467681884766 0
vertex -44.53361129760742 65.78359985351562 0
endloop
endfacet
facet normal 0.30986311615615 0.6355984054249275 0.7071064391357852
outer loop
vertex -60.8439826965332 76.38788604736328 -1
vertex -61.866390228271484 75.77381896972656 0
vertex -61.3143196105957 75.50467681884766 0
endloop
endfacet
facet normal 0.30986505328516123 0.6355965352801589 0.7071072712767436
outer loop
vertex -60.8439826965332 76.38788604736328 -1
vertex -61.50215148925781 76.70875549316406 -1
vertex -61.866390228271484 75.77381896972656 0
endloop
endfacet
facet normal 0.20178158644346317 0.6777044939644222 0.7071073541074124
outer loop
vertex -61.866390228271484 75.77381896972656 0
vertex -61.50215148925781 76.70875549316406 -1
vertex -62.6403923034668 76.0042724609375 0
endloop
endfacet
facet normal 0.2017847246008761 0.6777018073922921 0.7071090334417807
outer loop
vertex -61.50215148925781 76.70875549316406 -1
vertex -62.44622802734375 76.98985290527344 -1
vertex -62.6403923034668 76.0042724609375 0
endloop
endfacet
facet normal 0.07033999657358633 0.7036000040314004 0.7071062997944801
outer loop
vertex -62.44622802734375 76.98985290527344 -1
vertex -63.10368728637695 77.05558013916016 -1
vertex -63.43117141723633 76.08333587646484 0
endloop
endfacet
facet normal 0.07034671932546563 0.7035961701597209 0.7071094458545417
outer loop
vertex -62.6403923034668 76.0042724609375 0
vertex -62.44622802734375 76.98985290527344 -1
vertex -63.43117141723633 76.08333587646484 0
endloop
endfacet
facet normal 0.07033352458141122 0.7036014086318281 0.7071055459344548
outer loop
vertex -63.10368728637695 77.05558013916016 -1
vertex -63.4263801574707 77.08783721923828 -1
vertex -63.43117141723633 76.08333587646484 0
endloop
endfacet
facet normal -0.06362315498921295 0.7042388260459171 0.707106618579325
outer loop
vertex -63.4263801574707 77.08783721923828 -1
vertex -64.40742492675781 76.99920654296875 -1
vertex -64.22267150878906 76.01182556152344 0
endloop
endfacet
facet normal -0.06362655372208677 0.7042399846439036 0.7071051588626722
outer loop
vertex -63.4263801574707 77.08783721923828 -1
vertex -64.22267150878906 76.01182556152344 0
vertex -63.43117141723633 76.08333587646484 0
endloop
endfacet
facet normal -0.19531013610102327 0.6795984032688644 0.7071067536168845
outer loop
vertex -64.40742492675781 76.99920654296875 -1
vertex -64.91264343261719 76.85401153564453 -1
vertex -64.22267150878906 76.01182556152344 0
endloop
endfacet
facet normal -0.19530703733306387 0.679600063554448 0.7071060138232255
outer loop
vertex -64.22267150878906 76.01182556152344 0
vertex -64.91264343261719 76.85401153564453 -1
vertex -64.9864730834961 75.79232025146484 0
endloop
endfacet
facet normal -0.19530235782376423 0.6796005317225249 0.7071068563597301
outer loop
vertex -64.91264343261719 76.85401153564453 -1
vertex -65.35414123535156 76.72713470458984 -1
vertex -64.9864730834961 75.79232025146484 0
endloop
endfacet
facet normal -0.31997926860905135 0.6305659065691592 0.7071067141054672
outer loop
vertex -65.35414123535156 76.72713470458984 -1
vertex -66.23255157470703 76.28138732910156 -1
vertex -65.69517517089844 75.43269348144531 0
endloop
endfacet
facet normal -0.3199770743381897 0.6305660184642379 0.7071076072678973
outer loop
vertex -64.9864730834961 75.79232025146484 0
vertex -65.35414123535156 76.72713470458984 -1
vertex -65.69517517089844 75.43269348144531 0
endloop
endfacet
facet normal -0.43316942640688827 0.5588958833889442 0.7071065263149668
outer loop
vertex -65.69517517089844 75.43269348144531 0
vertex -66.23255157470703 76.28138732910156 -1
vertex -66.32331848144531 74.94585418701172 0
endloop
endfacet
facet normal -0.43317144602847757 0.5588953876545346 0.7071056809304286
outer loop
vertex -66.23255157470703 76.28138732910156 -1
vertex -67.01112365722656 75.6779556274414 -1
vertex -66.32331848144531 74.94585418701172 0
endloop
endfacet
facet normal -0.5308044264154194 0.4671700773160486 0.7071059183448507
outer loop
vertex -66.32331848144531 74.94585418701172 0
vertex -67.01112365722656 75.6779556274414 -1
vertex -66.8460693359375 74.35189819335938 0
endloop
endfacet
facet normal -0.5308047276356107 0.467169938477673 0.7071057839548849
outer loop
vertex -67.01112365722656 75.6779556274414 -1
vertex -67.66191101074219 74.93852233886719 -1
vertex -66.8460693359375 74.35189819335938 0
endloop
endfacet
facet normal -0.6118559909577307 0.3544485558504098 0.7071056976044615
outer loop
vertex -67.66191101074219 74.93852233886719 -1
vertex -76.56714630126953 57.57118606567383 0
vertex -66.8460693359375 74.35189819335938 0
endloop
endfacet
facet normal -0.6118556834255485 0.3544484174769666 0.707106033072784
outer loop
vertex -70.7641830444336 69.58332061767578 -1
vertex -76.56714630126953 57.57118606567383 0
vertex -67.66191101074219 74.93852233886719 -1
endloop
endfacet
facet normal -0.6118531523393305 0.35444741873383767 0.7071087238362596
outer loop
vertex -70.7641830444336 69.58332061767578 -1
vertex -77.45036315917969 58.04152297973633 -1
vertex -76.56714630126953 57.57118606567383 0
endloop
endfacet
facet normal -0.635599192458468 0.3098589809375875 0.7071075437855708
outer loop
vertex -77.45036315917969 58.04152297973633 -1
vertex -77.77122497558594 57.38335418701172 -1
vertex -76.83628845214844 57.01911544799805 0
endloop
endfacet
facet normal -0.6355962260110136 0.3098620536613718 0.7071088637411593
outer loop
vertex -77.45036315917969 58.04152297973633 -1
vertex -76.83628845214844 57.01911544799805 0
vertex -76.56714630126953 57.57118606567383 0
endloop
endfacet
facet normal -0.6777024144490327 0.20178764744467154 0.7071076175439609
outer loop
vertex -76.83628845214844 57.01911544799805 0
vertex -77.77122497558594 57.38335418701172 -1
vertex -77.0667495727539 56.245113372802734 0
endloop
endfacet
facet normal -0.6777042851254962 0.20178546234232342 0.7071064482168403
outer loop
vertex -77.77122497558594 57.38335418701172 -1
vertex -78.05232238769531 56.43927764892578 -1
vertex -77.0667495727539 56.245113372802734 0
endloop
endfacet
facet normal -0.7035982237426095 0.0703431183481817 0.7071077607036275
outer loop
vertex -78.05232238769531 56.43927764892578 -1
vertex -78.15031433105469 55.45912551879883 -1
vertex -77.14580535888672 55.4543342590332 0
endloop
endfacet
facet normal -0.7035998325860904 0.0703402972074701 0.7071064404837437
outer loop
vertex -77.0667495727539 56.245113372802734 0
vertex -78.05232238769531 56.43927764892578 -1
vertex -77.14580535888672 55.4543342590332 0
endloop
endfacet
facet normal -0.7042381637971867 -0.06362881929740732 0.7071067684631399
outer loop
vertex -78.15031433105469 55.45912551879883 -1
vertex -78.06167602539062 54.478084564208984 -1
vertex -77.07429504394531 54.66283416748047 0
endloop
endfacet
facet normal -0.7042373090844045 -0.06362631199109461 0.7071078453220333
outer loop
vertex -77.14580535888672 55.4543342590332 0
vertex -78.15031433105469 55.45912551879883 -1
vertex -77.07429504394531 54.66283416748047 0
endloop
endfacet
facet normal -0.679599627997776 -0.19530657544668856 0.7071065600124012
outer loop
vertex -78.06167602539062 54.478084564208984 -1
vertex -77.78960418701172 53.531368255615234 -1
vertex -77.07429504394531 54.66283416748047 0
endloop
endfacet
facet normal -0.6796000600592207 -0.1953060609005163 0.707106286878449
outer loop
vertex -77.07429504394531 54.66283416748047 0
vertex -77.78960418701172 53.531368255615234 -1
vertex -76.85478973388672 53.89902877807617 0
endloop
endfacet
facet normal -0.6305658472345708 -0.3199804321358162 0.7071062404982182
outer loop
vertex -76.85478973388672 53.89902877807617 0
vertex -77.78960418701172 53.531368255615234 -1
vertex -76.49516296386719 53.19033432006836 0
endloop
endfacet
facet normal -0.6305659065691592 -0.31997926860905135 0.7071067141054672
outer loop
vertex -77.78960418701172 53.531368255615234 -1
vertex -77.34385681152344 52.652957916259766 -1
vertex -76.49516296386719 53.19033432006836 0
endloop
endfacet
facet normal -0.5588976078024481 -0.4331655676540427 0.7071075271779051
outer loop
vertex -77.34385681152344 52.652957916259766 -1
vertex -76.74043273925781 51.87438201904297 -1
vertex -76.0083236694336 52.56218719482422 0
endloop
endfacet
facet normal -0.5588970789163004 -0.4331677223785023 0.7071066252470326
outer loop
vertex -76.49516296386719 53.19033432006836 0
vertex -77.34385681152344 52.652957916259766 -1
vertex -76.0083236694336 52.56218719482422 0
endloop
endfacet
facet normal -0.4671658758135259 -0.5308060166821617 0.7071075004052763
outer loop
vertex -76.0083236694336 52.56218719482422 0
vertex -76.74043273925781 51.87438201904297 -1
vertex -75.41426086425781 52.03934860229492 0
endloop
endfacet
facet normal -0.46716600537924985 -0.5308057355375955 0.7071076258522369
outer loop
vertex -76.74043273925781 51.87438201904297 -1
vertex -76.00099182128906 51.223594665527344 -1
vertex -75.41426086425781 52.03934860229492 0
endloop
endfacet
facet normal -0.3546142099294199 -0.6117591138636056 0.7071064620839985
outer loop
vertex -61.2554817199707 43.83202362060547 0
vertex -76.00099182128906 51.223594665527344 -1
vertex -63.3849983215332 43.91056823730469 -1
endloop
endfacet
facet normal -0.3546138952500865 -0.6117583787096246 0.7071072559195899
outer loop
vertex -75.41426086425781 52.03934860229492 0
vertex -76.00099182128906 51.223594665527344 -1
vertex -61.2554817199707 43.83202362060547 0
endloop
endfacet
facet normal -0.35461433805689135 -0.6117586853105261 0.7071067685941136
outer loop
vertex -63.3849983215332 43.91056823730469 -1
vertex -61.756980895996094 42.96686553955078 -1
vertex -61.2554817199707 43.83202362060547 0
endloop
endfacet
facet normal -0.4080459255997475 -0.5791853089924445 0.7057215459717607
outer loop
vertex -61.2554817199707 43.83202362060547 0
vertex -61.756980895996094 42.96686553955078 -1
vertex -61.21274948120117 43.801918029785156 0
endloop
endfacet
facet normal -0.38671280105126893 -0.5933661463181411 0.7059531329391775
outer loop
vertex -61.21274948120117 43.801918029785156 0
vertex -61.756980895996094 42.96686553955078 -1
vertex -60.98668670654297 43.65458679199219 0
endloop
endfacet
facet normal -0.3867169785233694 -0.593362543299023 0.7059538729488427
outer loop
vertex -61.756980895996094 42.96686553955078 -1
vertex -61.530921936035156 42.81953430175781 -1
vertex -60.98668670654297 43.65458679199219 0
endloop
endfacet
facet normal -0.40635415078533405 -0.5803294353531844 0.7057577846557446
outer loop
vertex -60.98668670654297 43.65458679199219 0
vertex -61.530921936035156 42.81953430175781 -1
vertex -60.88813400268555 43.58557891845703 0
endloop
endfacet
facet normal -0.464693203127741 -0.5336458702402352 0.7065991169980488
outer loop
vertex -61.530921936035156 42.81953430175781 -1
vertex -61.211334228515625 42.54124069213867 -1
vertex -60.555572509765625 43.294307708740234 0
endloop
endfacet
facet normal -0.46593873107270306 -0.5319896881171787 0.7070276307354233
outer loop
vertex -60.88813400268555 43.58557891845703 0
vertex -61.530921936035156 42.81953430175781 -1
vertex -60.555572509765625 43.294307708740234 0
endloop
endfacet
facet normal -0.5081153917328544 -0.4942198021686013 0.7053832545705891
outer loop
vertex -61.211334228515625 42.54124069213867 -1
vertex -60.43753433227539 43.172950744628906 0
vertex -60.555572509765625 43.294307708740234 0
endloop
endfacet
facet normal -0.5477572301718496 -0.4471714357184243 0.7071065859345296
outer loop
vertex -61.211334228515625 42.54124069213867 -1
vertex -61.02404022216797 42.31181716918945 -1
vertex -60.168701171875 42.845367431640625 0
endloop
endfacet
facet normal -0.5469055970913793 -0.448821274702713 0.7067204052836975
outer loop
vertex -61.211334228515625 42.54124069213867 -1
vertex -60.168701171875 42.845367431640625 0
vertex -60.43753433227539 43.172950744628906 0
endloop
endfacet
facet normal -0.5477546123923732 -0.4471750953437891 0.7071062994395921
outer loop
vertex -61.02404022216797 42.31181716918945 -1
vertex -60.94334411621094 42.21297073364258 -1
vertex -60.168701171875 42.845367431640625 0
endloop
endfacet
facet normal -0.582893272867729 -0.40231677619922346 0.7059579619454768
outer loop
vertex -60.94334411621094 42.21297073364258 -1
vertex -60.07732009887695 42.71297073364258 0
vertex -60.168701171875 42.845367431640625 0
endloop
endfacet
facet normal -0.6156351194809455 -0.34835665128888804 0.7068529148022762
outer loop
vertex -60.94334411621094 42.21297073364258 -1
vertex -60.734649658203125 41.844154357910156 -1
vertex -59.86494827270508 42.33627700805664 0
endloop
endfacet
facet normal -0.6159766945286894 -0.34727442113056667 0.7070878221451274
outer loop
vertex -60.94334411621094 42.21297073364258 -1
vertex -59.86494827270508 42.33627700805664 0
vertex -60.07732009887695 42.71297073364258 0
endloop
endfacet
facet normal -0.6420810907538194 -0.2993952540890767 0.7057580001142904
outer loop
vertex -60.734649658203125 41.844154357910156 -1
vertex -59.79495620727539 42.18617248535156 0
vertex -59.86494827270508 42.33627700805664 0
endloop
endfacet
facet normal -0.6655702104600626 -0.23879178774692372 0.7071030879955033
outer loop
vertex -60.734649658203125 41.844154357910156 -1
vertex -59.650550842285156 41.7836799621582 0
vertex -59.79495620727539 42.18617248535156 0
endloop
endfacet
facet normal -0.6654968761350502 -0.2393267715554115 0.7069912335180357
outer loop
vertex -60.734649658203125 41.844154357910156 -1
vertex -60.591243743896484 41.44538497924805 -1
vertex -59.650550842285156 41.7836799621582 0
endloop
endfacet
facet normal -0.6843138535141855 -0.18335758500433688 0.7057581355605782
outer loop
vertex -60.591243743896484 41.44538497924805 -1
vertex -59.606689453125 41.6199836730957 0
vertex -59.650550842285156 41.7836799621582 0
endloop
endfacet
facet normal -0.6962451043345955 -0.1236104159031762 0.7070807731584504
outer loop
vertex -59.606689453125 41.6199836730957 0
vertex -60.58283615112305 41.39796829223633 -1
vertex -59.53261184692383 41.202735900878906 0
endloop
endfacet
facet normal -0.6962757966245752 -0.12345871727759965 0.7070770539078349
outer loop
vertex -60.591243743896484 41.44538497924805 -1
vertex -60.58283615112305 41.39796829223633 -1
vertex -59.606689453125 41.6199836730957 0
endloop
endfacet
facet normal -0.6962436862464305 -0.12346977027194025 0.7071067424307143
outer loop
vertex -60.58283615112305 41.39796829223633 -1
vertex -60.517250061035156 41.02812957763672 -1
vertex -59.53261184692383 41.202735900878906 0
endloop
endfacet
facet normal -0.7057410807238201 -0.062101004866078134 0.7057428654782121
outer loop
vertex -60.517250061035156 41.02812957763672 -1
vertex -59.517757415771484 41.0339241027832 0
vertex -59.53261184692383 41.202735900878906 0
endloop
endfacet
facet normal -0.7072633559245914 -0.004921543435983915 0.7069330405183311
outer loop
vertex -60.517250061035156 41.02812957763672 -1
vertex -59.514808654785156 40.610164642333984 0
vertex -59.517757415771484 41.0339241027832 0
endloop
endfacet
facet normal -0.7070943505942162 -0.004099208384263462 0.7071073297939755
outer loop
vertex -60.517250061035156 41.02812957763672 -1
vertex -60.514793395996094 40.604366302490234 -1
vertex -59.514808654785156 40.610164642333984 0
endloop
endfacet
facet normal -0.7060388960793016 0.05932066743344593 0.7056841613911792
outer loop
vertex -60.514793395996094 40.604366302490234 -1
vertex -59.52750778198242 40.45901870727539 0
vertex -59.514808654785156 40.610164642333984 0
endloop
endfacet
facet normal -0.7004545841366421 0.10198749365546539 0.7063723711328469
outer loop
vertex -60.514793395996094 40.604366302490234 -1
vertex -59.716224670410156 39.16290283203125 0
vertex -59.52750778198242 40.45901870727539 0
endloop
endfacet
facet normal -0.6995662686306878 0.10298923283751195 0.7071069605891863
outer loop
vertex -60.514793395996094 40.604366302490234 -1
vertex -60.7199821472168 39.21059799194336 -1
vertex -59.716224670410156 39.16290283203125 0
endloop
endfacet
facet normal -0.7061807389248868 -0.03619263222689334 0.7071059732062726
outer loop
vertex -60.7199821472168 39.21059799194336 -1
vertex -60.669559478759766 38.22676467895508 -1
vertex -59.675743103027344 38.372982025146484 0
endloop
endfacet
facet normal -0.7061797396314938 -0.03619003634935222 0.7071071040535712
outer loop
vertex -59.716224670410156 39.16290283203125 0
vertex -60.7199821472168 39.21059799194336 -1
vertex -59.675743103027344 38.372982025146484 0
endloop
endfacet
facet normal -0.686679661247236 -0.1687312270073506 0.7071073580878474
outer loop
vertex -60.669559478759766 38.22676467895508 -1
vertex -60.434486389160156 37.27009582519531 -1
vertex -59.48470687866211 37.595542907714844 0
endloop
endfacet
facet normal -0.6866802579722974 -0.1687345039474521 0.7071059966431529
outer loop
vertex -60.669559478759766 38.22676467895508 -1
vertex -59.48470687866211 37.595542907714844 0
vertex -59.675743103027344 38.372982025146484 0
endloop
endfacet
facet normal -0.6458557881542135 -0.2878707621161896 0.7071072939988271
outer loop
vertex -60.434486389160156 37.27009582519531 -1
vertex -60.01218795776367 36.3226432800293 -1
vertex -59.48470687866211 37.595542907714844 0
endloop
endfacet
facet normal -0.6481527789242323 -0.28589617590987454 0.7058054631220314
outer loop
vertex -59.48470687866211 37.595542907714844 0
vertex -60.01218795776367 36.3226432800293 -1
vertex -59.10215377807617 36.7282600402832 0
endloop
endfacet
facet normal -0.6843260803614841 -0.1833209050759585 0.7057558086896762
outer loop
vertex -60.01218795776367 36.3226432800293 -1
vertex -59.06148147583008 36.62355041503906 0
vertex -59.07249450683594 36.6646614074707 0
endloop
endfacet
facet normal -0.6420672865980506 -0.299428572054933 0.7057564237878111
outer loop
vertex -59.10215377807617 36.7282600402832 0
vertex -60.01218795776367 36.3226432800293 -1
vertex -59.07249450683594 36.6646614074707 0
endloop
endfacet
facet normal -0.6750923878575661 -0.21367418894884696 0.706111612164693
outer loop
vertex -60.01218795776367 36.3226432800293 -1
vertex -59.88431167602539 35.91862487792969 -1
vertex -58.9336051940918 36.21953582763672 0
endloop
endfacet
facet normal -0.6750921959923972 -0.21367614572804403 0.706111203463711
outer loop
vertex -59.06148147583008 36.62355041503906 0
vertex -60.01218795776367 36.3226432800293 -1
vertex -58.9336051940918 36.21953582763672 0
endloop
endfacet
facet normal -0.6917669547468425 -0.15687926149923187 0.7048740154323576
outer loop
vertex -59.88431167602539 35.91862487792969 -1
vertex -58.896217346191406 36.05467224121094 0
vertex -58.9336051940918 36.21953582763672 0
endloop
endfacet
facet normal -0.7004984567475664 -0.09644663895174127 0.707106751437992
outer loop
vertex -59.88431167602539 35.91862487792969 -1
vertex -59.82651138305664 35.498817443847656 -1
vertex -58.83585739135742 35.635215759277344 0
endloop
endfacet
facet normal -0.7008086408546734 -0.1008466425748331 0.7061849641452367
outer loop
vertex -58.896217346191406 36.05467224121094 0
vertex -59.88431167602539 35.91862487792969 -1
vertex -58.83585739135742 35.635215759277344 0
endloop
endfacet
facet normal -0.7083073934085481 -0.02709887380769921 0.7053837873676589
outer loop
vertex -59.82651138305664 35.498817443847656 -1
vertex -58.829383850097656 35.46601104736328 0
vertex -58.83585739135742 35.635215759277344 0
endloop
endfacet
facet normal -0.7067182263255878 0.023278576695282438 0.7071120536706026
outer loop
vertex -59.82651138305664 35.498817443847656 -1
vertex -59.828529357910156 35.43755340576172 -1
vertex -58.84098815917969 35.042396545410156 0
endloop
endfacet
facet normal -0.7067248308829385 0.023247919000908723 0.7071064613448313
outer loop
vertex -59.828529357910156 35.43755340576172 -1
vertex -59.84044647216797 35.075279235839844 -1
vertex -58.84098815917969 35.042396545410156 0
endloop
endfacet
facet normal -0.7076719525715144 0.019385653768843623 0.706275161655551
outer loop
vertex -59.82651138305664 35.498817443847656 -1
vertex -58.84098815917969 35.042396545410156 0
vertex -58.829383850097656 35.46601104736328 0
endloop
endfacet
facet normal -0.7041895591487386 0.07329861241403499 0.7062183643916962
outer loop
vertex -58.84098815917969 35.042396545410156 0
vertex -59.84044647216797 35.075279235839844 -1
vertex -58.85564041137695 34.90163040161133 0
endloop
endfacet
facet normal -0.6933570864500895 0.1424282139134405 0.7063781951269945
outer loop
vertex -59.84044647216797 35.075279235839844 -1
vertex -59.925716400146484 34.66017532348633 -1
vertex -58.948184967041016 34.459373474121094 0
endloop
endfacet
facet normal -0.6922909419677745 0.1448654698938044 0.706928035447611
outer loop
vertex -59.84044647216797 35.075279235839844 -1
vertex -58.948184967041016 34.459373474121094 0
vertex -58.85564041137695 34.90163040161133 0
endloop
endfacet
facet normal -0.6803139440583514 0.19982713291155346 0.7051539225389863
outer loop
vertex -59.925716400146484 34.66017532348633 -1
vertex -58.99586486816406 34.29704666137695 0
vertex -58.948184967041016 34.459373474121094 0
endloop
endfacet
facet normal -0.658664485029826 0.2572201998497774 0.7071059785842817
outer loop
vertex -59.925716400146484 34.66017532348633 -1
vertex -60.07986831665039 34.265438079833984 -1
vertex -59.148380279541016 33.90167236328125 0
endloop
endfacet
facet normal -0.6603071333930272 0.25471310241870443 0.70648122766746
outer loop
vertex -59.925716400146484 34.66017532348633 -1
vertex -59.148380279541016 33.90167236328125 0
vertex -58.99586486816406 34.29704666137695 0
endloop
endfacet
facet normal -0.6332066851125724 0.3181672887012792 0.7055628039581057
outer loop
vertex -60.07986831665039 34.265438079833984 -1
vertex -59.22443389892578 33.75031280517578 0
vertex -59.148380279541016 33.90167236328125 0
endloop
endfacet
facet normal -0.6061921631286852 0.36503640262715215 0.7065971172587624
outer loop
vertex -60.07986831665039 34.265438079833984 -1
vertex -60.29847717285156 33.902408599853516 -1
vertex -59.44304275512695 33.38728332519531 0
endloop
endfacet
facet normal -0.6061921631286852 0.36503640262715215 0.7065971172587624
outer loop
vertex -60.07986831665039 34.265438079833984 -1
vertex -59.44304275512695 33.38728332519531 0
vertex -59.22443389892578 33.75031280517578 0
endloop
endfacet
facet normal -0.5748951573086063 0.41464836302963626 0.7053809560372011
outer loop
vertex -60.29847717285156 33.902408599853516 -1
vertex -59.542076110839844 33.249977111816406 0
vertex -59.44304275512695 33.38728332519531 0
endloop
endfacet
facet normal -0.5354420040505845 0.46184649708030595 0.7071065502687305
outer loop
vertex -60.575260162353516 33.581520080566406 -1
vertex -59.818031311035156 32.92837142944336 0
vertex -60.29847717285156 33.902408599853516 -1
endloop
endfacet
facet normal -0.5369287100811252 0.4607140912055772 0.7067178266148646
outer loop
vertex -60.29847717285156 33.902408599853516 -1
vertex -59.818031311035156 32.92837142944336 0
vertex -59.542076110839844 33.249977111816406 0
endloop
endfacet
facet normal -0.49738657759659316 0.5042099920417432 0.7059595429994651
outer loop
vertex -60.575260162353516 33.581520080566406 -1
vertex -59.93247604370117 32.81547546386719 0
vertex -59.818031311035156 32.92837142944336 0
endloop
endfacet
facet normal -0.44889015684103317 0.5463749227061785 0.7070870320752957
outer loop
vertex -60.575260162353516 33.581520080566406 -1
vertex -60.266693115234375 32.540889739990234 0
vertex -59.93247604370117 32.81547546386719 0
endloop
endfacet
facet normal -0.44991041190794345 0.5458435857733082 0.7068489238351869
outer loop
vertex -60.90226745605469 33.31198501586914 -1
vertex -60.266693115234375 32.540889739990234 0
vertex -60.575260162353516 33.581520080566406 -1
endloop
endfacet
facet normal -0.40634818341355416 0.5803341144672579 0.7057573729136721
outer loop
vertex -60.90226745605469 33.31198501586914 -1
vertex -60.40226745605469 32.445960998535156 0
vertex -60.266693115234375 32.540889739990234 0
endloop
endfacet
facet normal -0.3506549009789258 0.6140418034731228 0.7071023999442616
outer loop
vertex -60.90226745605469 33.31198501586914 -1
vertex -60.77369689941406 32.23385238647461 0
vertex -60.40226745605469 32.445960998535156 0
endloop
endfacet
facet normal -0.3511879598740073 0.6138706713357012 0.7069864324818321
outer loop
vertex -60.90226745605469 33.31198501586914 -1
vertex -61.27009582519531 33.10155487060547 -1
vertex -60.77369689941406 32.23385238647461 0
endloop
endfacet
facet normal -0.29940670790570273 0.6420769362466202 0.7057569207604151
outer loop
vertex -60.91761016845703 32.166744232177734 0
vertex -60.77369689941406 32.23385238647461 0
vertex -61.27009582519531 33.10155487060547 -1
endloop
endfacet
facet normal -0.25124107516003547 0.6613249131328026 0.7067724396312581
outer loop
vertex -61.27009582519531 33.10155487060547 -1
vertex -61.271812438964844 32.03218078613281 0
vertex -60.91761016845703 32.166744232177734 0
endloop
endfacet
facet normal -0.2494824596942795 0.6616340261360575 0.7071060159296363
outer loop
vertex -61.27009582519531 33.10155487060547 -1
vertex -61.654296875 32.95668411254883 -1
vertex -61.271812438964844 32.03218078613281 0
endloop
endfacet
facet normal -0.29089005732024253 0.6445022175166116 0.7071066865533066
outer loop
vertex -61.271812438964844 32.03218078613281 0
vertex -62.5521240234375 32.55146026611328 -1
vertex -62.05400848388672 31.67914390563965 0
endloop
endfacet
facet normal -0.29088909646715727 0.6445033536154663 0.707106046314793
outer loop
vertex -61.654296875 32.95668411254883 -1
vertex -62.5521240234375 32.55146026611328 -1
vertex -61.271812438964844 32.03218078613281 0
endloop
endfacet
facet normal -0.4072263273735194 0.5780707392765159 0.7071074449375978
outer loop
vertex -62.5521240234375 32.55146026611328 -1
vertex -63.35740661621094 31.984172821044922 -1
vertex -62.703704833984375 31.221458435058594 0
endloop
endfacet
facet normal -0.40722784031981674 0.5780704403354678 0.7071068180118305
outer loop
vertex -62.5521240234375 32.55146026611328 -1
vertex -62.703704833984375 31.221458435058594 0
vertex -62.05400848388672 31.67914390563965 0
endloop
endfacet
facet normal -0.5089454308698574 0.49089033048864517 0.7071076522209642
outer loop
vertex -62.703704833984375 31.221458435058594 0
vertex -63.35740661621094 31.984172821044922 -1
vertex -63.25542068481445 30.649450302124023 0
endloop
endfacet
facet normal -0.5089456504021678 0.4908902415759074 0.707107555936338
outer loop
vertex -63.35740661621094 31.984172821044922 -1
vertex -64.04124450683594 31.275182723999023 -1
vertex -63.25542068481445 30.649450302124023 0
endloop
endfacet
facet normal -0.5923981408617577 0.38608696179955254 0.7071077008716028
outer loop
vertex -63.25542068481445 30.649450302124023 0
vertex -64.04124450683594 31.275182723999023 -1
vertex -63.68934631347656 29.98365020751953 0
endloop
endfacet
facet normal -0.5924014989233591 0.3860847876911902 0.7071060746357692
outer loop
vertex -64.04124450683594 31.275182723999023 -1
vertex -64.5790786743164 30.449939727783203 -1
vertex -63.68934631347656 29.98365020751953 0
endloop
endfacet
facet normal -0.6545854641452699 0.26742922343532544 0.7071064139028159
outer loop
vertex -64.5790786743164 30.449939727783203 -1
vertex -64.95162200927734 29.538066864013672 -1
vertex -63.98991012573242 29.247957229614258 0
endloop
endfacet
facet normal -0.6545865569593917 0.26742817577427597 0.7071057984842805
outer loop
vertex -63.68934631347656 29.98365020751953 0
vertex -64.5790786743164 30.449939727783203 -1
vertex -63.98991012573242 29.247957229614258 0
endloop
endfacet
facet normal -0.6932776380961885 0.1391645455446443 0.7071063185823775
outer loop
vertex -63.98991012573242 29.247957229614258 0
vertex -64.95162200927734 29.538066864013672 -1
vertex -64.14551544189453 28.472776412963867 0
endloop
endfacet
facet normal -0.6932743903355938 0.13916914285457477 0.7071085980116022
outer loop
vertex -64.95162200927734 29.538066864013672 -1
vertex -65.14549255371094 28.572296142578125 -1
vertex -64.14551544189453 28.472776412963867 0
endloop
endfacet
facet normal -0.7071076384907535 0.00020043996698537324 0.7071058954724175
outer loop
vertex -65.1575927734375 -14.114588737487793 -1
vertex -64.17398071289062 -71.91889953613281 0
vertex -65.14549255371094 28.572296142578125 -1
endloop
endfacet
facet normal -0.7071048825891004 0.00020049403414448033 0.707108651354795
outer loop
vertex -65.14549255371094 28.572296142578125 -1
vertex -64.17398071289062 -71.91889953613281 0
vertex -64.14551544189453 28.472776412963867 0
endloop
endfacet
facet normal -0.7071070778749977 0.00020045920499103839 0.7071064560836573
outer loop
vertex -65.1575927734375 -14.114588737487793 -1
vertex -65.17398834228516 -71.94891357421875 -1
vertex -64.17398071289062 -71.91889953613281 0
endloop
endfacet
facet normal -0.7058213014635187 -0.04261088456999399 0.7071072075127697
outer loop
vertex -64.17398071289062 -71.91889953613281 0
vertex -65.13532257080078 -72.58942413330078 -1
vertex -64.1406021118164 -72.47179412841797 0
endloop
endfacet
facet normal -0.7058222104772423 -0.042608447139454976 0.7071064470285812
outer loop
vertex -65.17398834228516 -71.94891357421875 -1
vertex -65.13532257080078 -72.58942413330078 -1
vertex -64.17398071289062 -71.91889953613281 0
endloop
endfacet
facet normal -0.6962912330301662 -0.12319940664671775 0.7071070817119763
outer loop
vertex -64.1406021118164 -72.47179412841797 0
vertex -65.13532257080078 -72.58942413330078 -1
vertex -64.06153869628906 -72.91864013671875 0
endloop
endfacet
facet normal -0.6962912978813675 -0.12320026798996532 0.707106867780169
outer loop
vertex -65.13532257080078 -72.58942413330078 -1
vertex -65.03675079345703 -73.14652252197266 -1
vertex -64.06153869628906 -72.91864013671875 0
endloop
endfacet
facet normal -0.6787840090107845 -0.19812170368646143 0.707106823358127
outer loop
vertex -65.03675079345703 -73.14652252197266 -1
vertex -64.87823486328125 -73.68961334228516 -1
vertex -64.06153869628906 -72.91864013671875 0
endloop
endfacet
facet normal -0.6787856611148022 -0.1981189113371772 0.707106019798667
outer loop
vertex -64.06153869628906 -72.91864013671875 0
vertex -64.87823486328125 -73.68961334228516 -1
vertex -63.93355941772461 -73.35711669921875 0
endloop
endfacet
facet normal -0.6532379075624584 -0.2707012396339348 0.7071075413146661
outer loop
vertex -64.87823486328125 -73.68961334228516 -1
vertex -64.66165161132812 -74.2122573852539 -1
vertex -63.758689880371094 -73.77909088134766 0
endloop
endfacet
facet normal -0.6532371123198766 -0.2707067788773569 0.7071061553669539
outer loop
vertex -63.93355941772461 -73.35711669921875 0
vertex -64.87823486328125 -73.68961334228516 -1
vertex -63.758689880371094 -73.77909088134766 0
endloop
endfacet
facet normal -0.6199567707307664 -0.3400774939835738 0.7071074179436476
outer loop
vertex -64.66165161132812 -74.2122573852539 -1
vertex -64.38955688476562 -74.70828247070312 -1
vertex -63.758689880371094 -73.77909088134766 0
endloop
endfacet
facet normal -0.619956446640356 -0.3400778404786041 0.7071075354459692
outer loop
vertex -63.758689880371094 -73.77909088134766 0
vertex -64.38955688476562 -74.70828247070312 -1
vertex -63.53900909423828 -74.1795654296875 0
endloop
endfacet
facet normal -0.5793355469843026 -0.4054252234570256 0.7071072847773667
outer loop
vertex -64.38955688476562 -74.70828247070312 -1
vertex -64.06517791748047 -75.17180633544922 -1
vertex -63.27711486816406 -74.55380249023438 0
endloop
endfacet
facet normal -0.5793359526582923 -0.40542414676060506 0.707107569738116
outer loop
vertex -63.53900909423828 -74.1795654296875 0
vertex -64.38955688476562 -74.70828247070312 -1
vertex -63.27711486816406 -74.55380249023438 0
endloop
endfacet
facet normal -0.5318548009921249 -0.46597250928339173 0.7071068457127018
outer loop
vertex -64.06517791748047 -75.17180633544922 -1
vertex -63.692359924316406 -75.59733581542969 -1
vertex -62.97610855102539 -74.89736938476562 0
endloop
endfacet
facet normal -0.5318558973838435 -0.4659703465853942 0.7071074462350925
outer loop
vertex -63.27711486816406 -74.55380249023438 0
vertex -64.06517791748047 -75.17180633544922 -1
vertex -62.97610855102539 -74.89736938476562 0
endloop
endfacet
facet normal -0.4780760520784776 -0.5210022690674402 0.7071067274857703
outer loop
vertex -62.97610855102539 -74.89736938476562 0
vertex -63.692359924316406 -75.59733581542969 -1
vertex -62.639556884765625 -75.20619201660156 0
endloop
endfacet
facet normal -0.4780767325092873 -0.5210012261144922 0.7071070359008168
outer loop
vertex -63.692359924316406 -75.59733581542969 -1
vertex -63.275508880615234 -75.97984313964844 -1
vertex -62.639556884765625 -75.20619201660156 0
endloop
endfacet
facet normal -0.41863060139059666 -0.5698667376808094 0.7071070080718893
outer loop
vertex -62.639556884765625 -75.20619201660156 0
vertex -63.275508880615234 -75.97984313964844 -1
vertex -62.27143859863281 -75.47661590576172 0
endloop
endfacet
facet normal -0.4186332215743727 -0.5698635431442046 0.707108031342733
outer loop
vertex -63.275508880615234 -75.97984313964844 -1
vertex -62.81956481933594 -76.31478881835938 -1
vertex -62.27143859863281 -75.47661590576172 0
endloop
endfacet
facet normal -0.35424140843613533 -0.611975048216365 0.7071064735312222
outer loop
vertex -62.524681091308594 -76.48548126220703 -1
vertex -62.32992935180664 -76.59821319580078 -1
vertex -61.87611770629883 -75.70545196533203 0
endloop
endfacet
facet normal -0.35424017551673964 -0.6119759095292319 0.7071063457541156
outer loop
vertex -62.524681091308594 -76.48548126220703 -1
vertex -61.87611770629883 -75.70545196533203 0
vertex -62.81956481933594 -76.31478881835938 -1
endloop
endfacet
facet normal -0.3542460088180081 -0.6119701963695906 0.7071083679266401
outer loop
vertex -62.27143859863281 -75.47661590576172 0
vertex -62.81956481933594 -76.31478881835938 -1
vertex -61.87611770629883 -75.70545196533203 0
endloop
endfacet
facet normal -0.2856429509650534 -0.6468451650601018 0.7071063830869765
outer loop
vertex -61.87611770629883 -75.70545196533203 0
vertex -62.32992935180664 -76.59821319580078 -1
vertex -61.458274841308594 -75.88996887207031 0
endloop
endfacet
facet normal -0.2856423269972469 -0.6468456554675763 0.7071061865309336
outer loop
vertex -61.81239700317383 -76.82675170898438 -1
vertex -61.458274841308594 -75.88996887207031 0
vertex -62.32992935180664 -76.59821319580078 -1
endloop
endfacet
facet normal -0.21367625319774353 -0.6740509331394545 0.7071052243854549
outer loop
vertex -61.81239700317383 -76.82675170898438 -1
vertex -61.27309799194336 -76.99771118164062 -1
vertex -61.022857666015625 -76.02799987792969 0
endloop
endfacet
facet normal -0.2136793556507664 -0.674048999908517 0.7071061297224068
outer loop
vertex -61.458274841308594 -75.88996887207031 0
vertex -61.81239700317383 -76.82675170898438 -1
vertex -61.022857666015625 -76.02799987792969 0
endloop
endfacet
facet normal -0.13916595123551515 -0.6932786363042946 0.707105063240797
outer loop
vertex -61.022857666015625 -76.02799987792969 0
vertex -61.27309799194336 -76.99771118164062 -1
vertex -60.57501983642578 -76.1178970336914 0
endloop
endfacet
facet normal -0.1391728495015084 -0.6932753178302786 0.7071069591292088
outer loop
vertex -61.27309799194336 -76.99771118164062 -1
vertex -60.718414306640625 -77.10906219482422 -1
vertex -60.57501983642578 -76.1178970336914 0
endloop
endfacet
facet normal -0.06302102141750651 -0.7042925738955383 0.7071070083198805
outer loop
vertex -60.15491485595703 -77.15948486328125 -1
vertex -60.11025619506836 -76.15948486328125 0
vertex -60.718414306640625 -77.10906219482422 -1
endloop
endfacet
facet normal -0.06302127189995413 -0.7042924841250148 0.7071070754087586
outer loop
vertex -60.57501983642578 -76.1178970336914 0
vertex -60.718414306640625 -77.10906219482422 -1
vertex -60.11025619506836 -76.15948486328125 0
endloop
endfacet
facet normal -0.000010334994597603529 -0.7071065503752366 0.7071070119222557
outer loop
vertex -60.11025619506836 -76.15948486328125 0
vertex -60.15491485595703 -77.15948486328125 -1
vertex -55.45697784423828 -77.15955352783203 -1
endloop
endfacet
facet normal -0.00001131066215234778 -0.7071088203132901 0.7071047419634633
outer loop
vertex -60.11025619506836 -76.15948486328125 0
vertex -55.45697784423828 -77.15955352783203 -1
vertex -55.45697784423828 -76.5963363647461 -0.43677958846092224
endloop
endfacet
facet normal -0.000014254060303640827 -0.7071244976815698 0.7070890641039567
outer loop
vertex -60.11025619506836 -76.15948486328125 0
vertex -55.45697784423828 -76.5963363647461 -0.43677958846092224
vertex -55.04044723510742 -76.56466674804688 -0.4050999879837036
endloop
endfacet
facet normal -0.000011301437417777442 -0.7071060238228349 0.7071075384591357
outer loop
vertex -60.11025619506836 -76.15948486328125 0
vertex -55.04044723510742 -76.56466674804688 -0.4050999879837036
vertex -54.33672332763672 -76.51737976074219 -0.3578018546104431
endloop
endfacet
facet normal -0.000009645281426674892 -0.7070926634676239 0.7071208985578281
outer loop
vertex -60.11025619506836 -76.15948486328125 0
vertex -54.33672332763672 -76.51737976074219 -0.3578018546104431
vertex -53.584171295166016 -76.479736328125 -0.32014966011047363
endloop
endfacet
facet normal -0.000010333274650927776 -0.7070996746458957 0.7071138875802765
outer loop
vertex -60.11025619506836 -76.15948486328125 0
vertex -53.584171295166016 -76.479736328125 -0.32014966011047363
vertex -53.065704345703125 -76.45716094970703 -0.2975671589374542
endloop
endfacet
facet normal -0.00001198700682324374 -0.707119246056782 0.7070943159949739
outer loop
vertex -60.11025619506836 -76.15948486328125 0
vertex -53.065704345703125 -76.45716094970703 -0.2975671589374542
vertex -51.973392486572266 -76.42786407470703 -0.2682507336139679
endloop
endfacet
facet normal -0.000011093695831731395 -0.7071057009919907 0.7071078612924308
outer loop
vertex -60.11025619506836 -76.15948486328125 0
vertex -51.973392486572266 -76.42786407470703 -0.2682507336139679
vertex -51.35697937011719 -76.15962219238281 0
endloop
endfacet
facet normal -0.000011032144615284732 -0.7071040310023597 0.7071095312739784
outer loop
vertex -46.45697784423828 -76.59648895263672 -0.43679484724998474
vertex -46.45697784423828 -77.15969848632812 -1
vertex 33.7398681640625 -77.16094970703125 -1
endloop
endfacet
facet normal -0.00001128670224666573 -0.7071221343564135 0.7070914275932361
outer loop
vertex -46.87369155883789 -76.56478881835938 -0.4050999879837036
vertex -46.45697784423828 -76.59648895263672 -0.43679484724998474
vertex 33.7398681640625 -77.16094970703125 -1
endloop
endfacet
facet normal -5.391475170921867e-7 -0.706505339520273 0.7077077117207734
outer loop
vertex -50.556976318359375 -76.42229461669922 -0.2626640796661377
vertex -49.940555572509766 -76.42789459228516 -0.2682540714740753
vertex 33.7398681640625 -77.16094970703125 -1
endloop
endfacet
facet normal -0.00001107565737077368 -0.7071058183890798 0.7071077438959634
outer loop
vertex -50.556976318359375 -76.15962982177734 0
vertex -50.556976318359375 -76.42229461669922 -0.2626640796661377
vertex 33.708770751953125 -76.16094970703125 0
endloop
endfacet
facet normal -0.00000944353609939174 -0.7070142742532198 0.7071992759562278
outer loop
vertex -49.940555572509766 -76.42789459228516 -0.2682540714740753
vertex -48.84822463989258 -76.45723724365234 -0.2975744605064392
vertex 33.7398681640625 -77.16094970703125 -1
endloop
endfacet
facet normal -0.000011107122429723107 -0.7071119893265564 0.7071015729209433
outer loop
vertex 33.7398681640625 -77.16094970703125 -1
vertex -48.84822463989258 -76.45723724365234 -0.2975744605064392
vertex -48.329959869384766 -76.47982025146484 -0.32014966011047363
endloop
endfacet
facet normal -0.000011914143643763633 -0.7071606522965552 0.7070529058716637
outer loop
vertex 33.7398681640625 -77.16094970703125 -1
vertex -48.329959869384766 -76.47982025146484 -0.32014966011047363
vertex -47.5771598815918 -76.51749420166016 -0.3578166663646698
endloop
endfacet
facet normal -0.000011023602552776391 -0.7071043273684162 0.7071092349102363
outer loop
vertex 33.7398681640625 -77.16094970703125 -1
vertex -47.5771598815918 -76.51749420166016 -0.3578166663646698
vertex -46.87369155883789 -76.56478881835938 -0.4050999879837036
endloop
endfacet
facet normal -0.00001106860023678371 -0.7071069532456229 0.7071066090407998
outer loop
vertex 33.708770751953125 -76.16094970703125 0
vertex -50.556976318359375 -76.42229461669922 -0.2626640796661377
vertex 33.7398681640625 -77.16094970703125 -1
endloop
endfacet
facet normal -0.000012492814281993098 -0.7071040934330123 0.7071094688195085
outer loop
vertex -51.35697937011719 -76.15962219238281 0
vertex -51.973392486572266 -76.42786407470703 -0.2682507336139679
vertex -51.35697937011719 -76.42228698730469 -0.262662798166275
endloop
endfacet
facet normal 0.04399009334593698 -0.7057376182481787 0.7071062762250124
outer loop
vertex 33.7918815612793 -76.15577697753906 0
vertex 33.8243408203125 -77.15569305419922 -1
vertex 33.90243148803711 -77.15082550048828 -1
endloop
endfacet
facet normal 0.04391759254183159 -0.7057410517026986 0.7071073560690049
outer loop
vertex 33.7398681640625 -77.16094970703125 -1
vertex 33.8243408203125 -77.15569305419922 -1
vertex 33.7918815612793 -76.15577697753906 0
endloop
endfacet
facet normal 0.04392457971899496 -0.7057410164732619 0.7071069572305145
outer loop
vertex 33.708770751953125 -76.16094970703125 0
vertex 33.7398681640625 -77.16094970703125 -1
vertex 33.7918815612793 -76.15577697753906 0
endloop
endfacet
facet normal 0.16877820548236064 -0.6290740683110486 -0.7588015115514335
outer loop
vertex 33.7398681640625 -77.00442504882812 -17.923768997192383
vertex 33.6207389831543 -75.93878936767578 -18.833717346191406
vertex 33.90243148803711 -77.15082550048828 -17.766239166259766
endloop
endfacet
facet normal 0.16877459551058857 -0.6290749619771776 -0.7588015736170093
outer loop
vertex 33.90243148803711 -77.15082550048828 -17.766239166259766
vertex 33.6207389831543 -75.93878936767578 -18.833717346191406
vertex 34.35673141479492 -77.07793426513672 -17.725622177124023
endloop
endfacet
facet normal 0.1502526832025046 -0.6420790998058471 -0.7517702845836358
outer loop
vertex 33.7398681640625 -77.16094970703125 -17.790082931518555
vertex 33.7398681640625 -77.00442504882812 -17.923768997192383
vertex 33.90243148803711 -77.15082550048828 -17.766239166259766
endloop
endfacet
facet normal 0.16877530459120282 -0.6290736066837876 -0.758802539488369
outer loop
vertex 33.6207389831543 -75.93878936767578 -18.833717346191406
vertex 34.560157775878906 -75.70860290527344 -18.815601348876953
vertex 35.00100326538086 -76.6954116821289 -17.89944839477539
endloop
endfacet
facet normal 0.1687534608121188 -0.6290962617827386 -0.7587886154094018
outer loop
vertex 33.6207389831543 -75.93878936767578 -18.833717346191406
vertex 35.00100326538086 -76.6954116821289 -17.89944839477539
vertex 35.04431915283203 -76.82530212402344 -17.78212547302246
endloop
endfacet
facet normal 0.1687730917742039 -0.6290756799076738 -0.758801312888739
outer loop
vertex 34.35673141479492 -77.07793426513672 -17.725622177124023
vertex 33.6207389831543 -75.93878936767578 -18.833717346191406
vertex 35.00100326538086 -76.85193634033203 -17.769683837890625
endloop
endfacet
facet normal 0.16882256400778614 -0.6290311203159248 -0.7588272475049441
outer loop
vertex 35.00100326538086 -76.85193634033203 -17.769683837890625
vertex 33.6207389831543 -75.93878936767578 -18.833717346191406
vertex 35.04431915283203 -76.82530212402344 -17.78212547302246
endloop
endfacet
facet normal 0.4333185469099493 -0.5015891950949368 -0.7487611877413676
outer loop
vertex 36.07514953613281 -76.0215072631836 -17.7292423248291
vertex 34.560157775878906 -75.70860290527344 -18.815601348876953
vertex 36.13588333129883 -75.93118286132812 -17.754602432250977
endloop
endfacet
facet normal 0.4333262859827912 -0.5015732527408044 -0.7487673884534297
outer loop
vertex 35.5826416015625 -76.4943618774414 -17.69751739501953
vertex 34.560157775878906 -75.70860290527344 -18.815601348876953
vertex 36.07514953613281 -76.0215072631836 -17.7292423248291
endloop
endfacet
facet normal 0.4349104118993669 -0.5193843000685607 -0.7355901593032728
outer loop
vertex 35.04431915283203 -76.82530212402344 -17.78212547302246
vertex 35.00100326538086 -76.6954116821289 -17.89944839477539
vertex 35.5826416015625 -76.4943618774414 -17.69751739501953
endloop
endfacet
facet normal 0.4333280674389044 -0.5015713147911633 -0.7487676556504883
outer loop
vertex 35.00100326538086 -76.6954116821289 -17.89944839477539
vertex 34.560157775878906 -75.70860290527344 -18.815601348876953
vertex 35.5826416015625 -76.4943618774414 -17.69751739501953
endloop
endfacet
facet normal 0.43333520787126684 -0.5015501044530783 -0.7487777309337346
outer loop
vertex 34.560157775878906 -75.70860290527344 -18.815601348876953
vertex 36.07514953613281 -75.86498260498047 -17.83409309387207
vertex 36.13588333129883 -75.93118286132812 -17.754602432250977
endloop
endfacet
facet normal 0.4333264451673845 -0.501572532531522 -0.7487677787729071
outer loop
vertex 34.560157775878906 -75.70860290527344 -18.815601348876953
vertex 35.25325393676758 -75.17276763916016 -18.77342987060547
vertex 36.07514953613281 -75.86498260498047 -17.83409309387207
endloop
endfacet
facet normal 0.6577726719028766 -0.20321315088703418 -0.7252858246266186
outer loop
vertex 36.07514953613281 -75.86498260498047 -17.83409309387207
vertex 35.25325393676758 -75.17276763916016 -18.77342987060547
vertex 36.45610046386719 -75.45491027832031 -17.603498458862305
endloop
endfacet
facet normal 0.6577730400546674 -0.20321178443499086 -0.725285873600188
outer loop
vertex 36.45610046386719 -75.45491027832031 -17.603498458862305
vertex 35.25325393676758 -75.17276763916016 -18.77342987060547
vertex 36.67272186279297 -74.94023132324219 -17.551244735717773
endloop
endfacet
facet normal 0.6577729829676612 -0.20321309754872738 -0.7252855574616637
outer loop
vertex 36.67272186279297 -74.94023132324219 -17.551244735717773
vertex 35.25325393676758 -75.17276763916016 -18.77342987060547
vertex 36.91398239135742 -73.86225891113281 -17.634471893310547
endloop
endfacet
facet normal 0.6577717747475202 -0.20321005305133297 -0.7252875062238229
outer loop
vertex 36.91398239135742 -73.86225891113281 -17.634471893310547
vertex 35.9905891418457 -73.30947875976562 -18.626785278320312
vertex 36.95429992675781 -73.769775390625 -17.62381935119629
endloop
endfacet
facet normal 0.6723065011451758 -0.22863979065204382 -0.7040794093342889
outer loop
vertex 36.07514953613281 -75.86498260498047 -17.83409309387207
vertex 36.45610046386719 -75.45491027832031 -17.603498458862305
vertex 36.13588333129883 -75.93118286132812 -17.754602432250977
endloop
endfacet
facet normal 0.6577718232630136 -0.20320994657636074 -0.7252874920565523
outer loop
vertex 35.25325393676758 -75.17276763916016 -18.77342987060547
vertex 35.9905891418457 -73.30947875976562 -18.626785278320312
vertex 36.91398239135742 -73.86225891113281 -17.634471893310547
endloop
endfacet
facet normal 0.4905458077672335 -0.45428359731090484 -0.743633796768447
outer loop
vertex 37.42611312866211 -73.00128173828125 -17.619670867919922
vertex 36.769996643066406 -72.20365142822266 -18.53975486755371
vertex 37.60487365722656 -72.80960083007812 -17.618846893310547
endloop
endfacet
facet normal 0.48617166111746546 -0.45273706132680447 -0.7474398097689563
outer loop
vertex 36.769996643066406 -72.20365142822266 -18.53975486755371
vertex 37.086021423339844 -71.90331268310547 -18.516117095947266
vertex 37.744686126708984 -72.70319366455078 -17.603187561035156
endloop
endfacet
facet normal 0.45806408221324063 -0.4930148381998931 -0.7396713228866418
outer loop
vertex 37.60487365722656 -72.80960083007812 -17.618846893310547
vertex 36.769996643066406 -72.20365142822266 -18.53975486755371
vertex 37.744686126708984 -72.70319366455078 -17.603187561035156
endloop
endfacet
facet normal 0.5478978629845663 -0.3929562506146568 -0.7385074927445328
outer loop
vertex 37.315853118896484 -73.11951446533203 -17.620311737060547
vertex 36.65789794921875 -72.29536437988281 -18.546974182128906
vertex 37.359527587890625 -73.07268524169922 -17.61282730102539
endloop
endfacet
facet normal 0.44968705241349616 -0.4908640787422104 -0.7462131137230318
outer loop
vertex 37.359527587890625 -73.07268524169922 -17.61282730102539
vertex 36.65789794921875 -72.29536437988281 -18.546974182128906
vertex 37.42611312866211 -73.00128173828125 -17.619670867919922
endloop
endfacet
facet normal 0.5479213705121161 -0.392930503383089 -0.7385037516812198
outer loop
vertex 37.13596725463867 -73.39359283447266 -17.607948303222656
vertex 36.28596115112305 -72.74717712402344 -18.582530975341797
vertex 37.315853118896484 -73.11951446533203 -17.620311737060547
endloop
endfacet
facet normal 0.6251167157266666 -0.2777553816279056 -0.7294388526092112
outer loop
vertex 37.08332824707031 -73.47379302978516 -17.622520446777344
vertex 36.28596115112305 -72.74717712402344 -18.582530975341797
vertex 37.13596725463867 -73.39359283447266 -17.607948303222656
endloop
endfacet
facet normal 0.6555493041780731 -0.20879595840986456 -0.7257129994311459
outer loop
vertex 35.9905891418457 -73.30947875976562 -18.626785278320312
vertex 36.009586334228516 -73.26264190673828 -18.62310028076172
vertex 36.96747970581055 -73.73954010009766 -17.620609283447266
endloop
endfacet
facet normal 0.5479195445931054 -0.39293410399802564 -0.7385031906282822
outer loop
vertex 36.28596115112305 -72.74717712402344 -18.582530975341797
vertex 36.65789794921875 -72.29536437988281 -18.546974182128906
vertex 37.315853118896484 -73.11951446533203 -17.620311737060547
endloop
endfacet
facet normal 0.4496694646887753 -0.4908818149031634 -0.7462120451479505
outer loop
vertex 36.769996643066406 -72.20365142822266 -18.53975486755371
vertex 37.42611312866211 -73.00128173828125 -17.619670867919922
vertex 36.65789794921875 -72.29536437988281 -18.546974182128906
endloop
endfacet
facet normal 0.6251161917048875 -0.27775612331388916 -0.7294390192675587
outer loop
vertex 36.96747970581055 -73.73954010009766 -17.620609283447266
vertex 36.009586334228516 -73.26264190673828 -18.62310028076172
vertex 37.08332824707031 -73.47379302978516 -17.622520446777344
endloop
endfacet
facet normal 0.6555772826804718 -0.20872262674457384 -0.7257088200636217
outer loop
vertex 36.95429992675781 -73.769775390625 -17.62381935119629
vertex 35.9905891418457 -73.30947875976562 -18.626785278320312
vertex 36.96747970581055 -73.73954010009766 -17.620609283447266
endloop
endfacet
facet normal 0.6251161716672192 -0.2777561886638957 -0.7294390115554735
outer loop
vertex 36.009586334228516 -73.26264190673828 -18.62310028076172
vertex 36.28596115112305 -72.74717712402344 -18.582530975341797
vertex 37.08332824707031 -73.47379302978516 -17.622520446777344
endloop
endfacet
facet normal 0.020895765507080475 -0.6494885324546452 -0.7600842145405892
outer loop
vertex 39.081932067871094 -72.17585754394531 -17.562976837158203
vertex 39.07520294189453 -71.13169860839844 -18.45539093017578
vertex 39.14076232910156 -72.16748046875 -17.568517684936523
endloop
endfacet
facet normal 0.004894145212353156 -0.6502074429336704 -0.7597409614442926
outer loop
vertex 39.14076232910156 -72.16748046875 -17.568517684936523
vertex 39.07520294189453 -71.13169860839844 -18.45539093017578
vertex 73.01775360107422 -72.16348266601562 -17.353708267211914
endloop
endfacet
facet normal 0.004938728096312761 -0.6494405606196709 -0.7603963224442885
outer loop
vertex 73.01775360107422 -72.16348266601562 -17.353708267211914
vertex 39.07520294189453 -71.13169860839844 -18.45539093017578
vertex 73.53108215332031 -70.89178466796875 -18.436508178710938
endloop
endfacet
facet normal 0.0048959604324227985 -0.6494307019629705 -0.7604050189993011
outer loop
vertex 73.01775360107422 -72.16348266601562 -17.353708267211914
vertex 73.53108215332031 -70.89178466796875 -18.436508178710938
vertex 73.74817657470703 -71.95574188232422 -17.52642822265625
endloop
endfacet
facet normal 0.004895193295856086 -0.6494291270843808 -0.7604063689745209
outer loop
vertex 73.74817657470703 -71.95574188232422 -17.52642822265625
vertex 73.76407623291016 -72.10847473144531 -17.395883560180664
vertex 73.01775360107422 -72.16348266601562 -17.353708267211914
endloop
endfacet
facet normal 0.06947112156459145 -0.6478797338493023 -0.7585681338785034
outer loop
vertex 38.51244354248047 -71.18695068359375 -18.459739685058594
vertex 39.07520294189453 -71.13169860839844 -18.45539093017578
vertex 39.081932067871094 -72.17585754394531 -17.562976837158203
endloop
endfacet
facet normal 0.44829306393887786 -0.4864013456842815 -0.7499647056634154
outer loop
vertex 37.94208526611328 -72.5529556274414 -17.583066940307617
vertex 37.086021423339844 -71.90331268310547 -18.516117095947266
vertex 37.98456954956055 -72.53079223632812 -17.572046279907227
endloop
endfacet
facet normal 0.20517217734384827 -0.6198261942233719 -0.757442979107045
outer loop
vertex 38.31779861450195 -72.35694885253906 -17.555261611938477
vertex 37.95139694213867 -71.35662078857422 -18.473093032836914
vertex 38.721221923828125 -72.22721099853516 -17.55215072631836
endloop
endfacet
facet normal 0.33413111438956894 -0.5678420176521729 -0.752271122259451
outer loop
vertex 37.98456954956055 -72.53079223632812 -17.572046279907227
vertex 37.43433380126953 -71.63214111328125 -18.494775772094727
vertex 38.31779861450195 -72.35694885253906 -17.555261611938477
endloop
endfacet
facet normal 0.4358116563067361 -0.5009398926472697 -0.7477482358265525
outer loop
vertex 37.086021423339844 -71.90331268310547 -18.516117095947266
vertex 37.43433380126953 -71.63214111328125 -18.494775772094727
vertex 37.98456954956055 -72.53079223632812 -17.572046279907227
endloop
endfacet
facet normal 0.447394501352843 -0.48741286144295853 -0.7498445589982156
outer loop
vertex 37.744686126708984 -72.70319366455078 -17.603187561035156
vertex 37.086021423339844 -71.90331268310547 -18.516117095947266
vertex 37.94208526611328 -72.5529556274414 -17.583066940307617
endloop
endfacet
facet normal 0.06947002672360164 -0.6478801403960373 -0.758567886920764
outer loop
vertex 38.721221923828125 -72.22721099853516 -17.55215072631836
vertex 38.51244354248047 -71.18695068359375 -18.459739685058594
vertex 39.081932067871094 -72.17585754394531 -17.562976837158203
endloop
endfacet
facet normal 0.3341264308359578 -0.5678462660599833 -0.7522699956389053
outer loop
vertex 37.43433380126953 -71.63214111328125 -18.494775772094727
vertex 37.95139694213867 -71.35662078857422 -18.473093032836914
vertex 38.31779861450195 -72.35694885253906 -17.555261611938477
endloop
endfacet
facet normal 0.20542691171324404 -0.6196662985191029 -0.7575047606606794
outer loop
vertex 37.95139694213867 -71.35662078857422 -18.473093032836914
vertex 38.51244354248047 -71.18695068359375 -18.459739685058594
vertex 38.721221923828125 -72.22721099853516 -17.55215072631836
endloop
endfacet
facet normal 0.2916358188510334 -0.5866999620236565 -0.7554678707427122
outer loop
vertex 73.74817657470703 -71.95574188232422 -17.52642822265625
vertex 73.53108215332031 -70.89178466796875 -18.436508178710938
vertex 74.7063217163086 -71.88365173339844 -17.21253776550293
endloop
endfacet
facet normal 0.29163419818286773 -0.5867046966304088 -0.7554648194337417
outer loop
vertex 75.60414123535156 -71.47842407226562 -17.180646896362305
vertex 73.53108215332031 -70.89178466796875 -18.436508178710938
vertex 76.40943145751953 -70.91114044189453 -17.310338973999023
endloop
endfacet
facet normal 0.29163845479486744 -0.5866977259635793 -0.755468589707095
outer loop
vertex 74.7063217163086 -71.88365173339844 -17.21253776550293
vertex 73.53108215332031 -70.89178466796875 -18.436508178710938
vertex 75.60414123535156 -71.47842407226562 -17.180646896362305
endloop
endfacet
facet normal 0.2887057809769893 -0.6045203289954247 -0.742431238473793
outer loop
vertex 73.76407623291016 -72.10847473144531 -17.395883560180664
vertex 73.74817657470703 -71.95574188232422 -17.52642822265625
vertex 74.7063217163086 -71.88365173339844 -17.21253776550293
endloop
endfacet
facet normal 0.2916418470908828 -0.5866763479749136 -0.7554838818613117
outer loop
vertex 73.53108215332031 -70.89178466796875 -18.436508178710938
vertex 76.46461486816406 -70.85391998291016 -17.333471298217773
vertex 76.40943145751953 -70.91114044189453 -17.310338973999023
endloop
endfacet
facet normal 0.29163837150812494 -0.5866906088175461 -0.755474148988161
outer loop
vertex 73.53108215332031 -70.89178466796875 -18.436508178710938
vertex 76.40943145751953 -70.75460815429688 -17.43189811706543
vertex 76.46461486816406 -70.85391998291016 -17.333471298217773
endloop
endfacet
facet normal 0.29163623111446424 -0.586701481083434 -0.7554665318833494
outer loop
vertex 73.53108215332031 -70.89178466796875 -18.436508178710938
vertex 75.78246307373047 -69.87564849853516 -18.356536865234375
vertex 76.40943145751953 -70.75460815429688 -17.43189811706543
endloop
endfacet
facet normal 0.5492581809696695 -0.3817666453699205 -0.7433503071371445
outer loop
vertex 76.46461486816406 -70.85391998291016 -17.333471298217773
vertex 77.68019104003906 -69.25675201416016 -17.25555419921875
vertex 77.631103515625 -69.37690734863281 -17.23011589050293
endloop
endfacet
facet normal 0.5525928344430006 -0.3844942375684728 -0.7394628730361582
outer loop
vertex 76.46461486816406 -70.85391998291016 -17.333471298217773
vertex 77.631103515625 -69.22037506103516 -17.3111515045166
vertex 77.68019104003906 -69.25675201416016 -17.25555419921875
endloop
endfacet
facet normal 0.5421059636979109 -0.37553176310763037 -0.7517293522408408
outer loop
vertex 76.46461486816406 -70.85391998291016 -17.333471298217773
vertex 77.631103515625 -69.37690734863281 -17.23011589050293
vertex 77.09326171875 -70.2021484375 -17.20572280883789
endloop
endfacet
facet normal 0.5695638860349027 -0.39688194752851547 -0.7197789240112501
outer loop
vertex 76.40943145751953 -70.75460815429688 -17.43189811706543
vertex 77.631103515625 -69.22037506103516 -17.3111515045166
vertex 76.46461486816406 -70.85391998291016 -17.333471298217773
endloop
endfacet
facet normal 0.5538229148813351 -0.38280196757964763 -0.7394206059946475
outer loop
vertex 76.40943145751953 -70.75460815429688 -17.43189811706543
vertex 75.78246307373047 -69.87564849853516 -18.356536865234375
vertex 77.631103515625 -69.22037506103516 -17.3111515045166
endloop
endfacet
facet normal 0.5538230529842244 -0.3828051536845533 -0.739418853083811
outer loop
vertex 75.78246307373047 -69.87564849853516 -18.356536865234375
vertex 76.73703002929688 -68.67686462402344 -18.262191772460938
vertex 77.631103515625 -69.22037506103516 -17.3111515045166
endloop
endfacet
facet normal 0.677150565719403 -0.14753094843984 -0.7209034128080777
outer loop
vertex 76.73703002929688 -68.67686462402344 -18.262191772460938
vertex 77.20673370361328 -67.11978912353516 -18.139646530151367
vertex 78.19754791259766 -67.34274291992188 -17.163339614868164
endloop
endfacet
facet normal 0.6876863940183991 -0.1557864868615147 -0.7090966041332577
outer loop
vertex 77.68019104003906 -69.25675201416016 -17.25555419921875
vertex 77.631103515625 -69.22037506103516 -17.3111515045166
vertex 78.00364685058594 -68.46503448486328 -17.115802764892578
endloop
endfacet
facet normal 0.6771492176514591 -0.14753583515131732 -0.7209036789892393
outer loop
vertex 78.00364685058594 -68.46503448486328 -17.115802764892578
vertex 77.631103515625 -69.22037506103516 -17.3111515045166
vertex 76.73703002929688 -68.67686462402344 -18.262191772460938
endloop
endfacet
facet normal 0.6771520481482657 -0.147534279745318 -0.7209013385953997
outer loop
vertex 76.73703002929688 -68.67686462402344 -18.262191772460938
vertex 78.19754791259766 -67.34274291992188 -17.163339614868164
vertex 78.197509765625 -67.49925994873047 -17.131343841552734
endloop
endfacet
facet normal 0.6771493038794018 -0.14752696300694543 -0.7209054136581226
outer loop
vertex 78.00364685058594 -68.46503448486328 -17.115802764892578
vertex 76.73703002929688 -68.67686462402344 -18.262191772460938
vertex 78.197509765625 -67.49925994873047 -17.131343841552734
endloop
endfacet
facet normal 0.7071077681731022 0.05560930854129918 -0.7049157460241707
outer loop
vertex 78.19754791259766 -67.34274291992188 -17.163339614868164
vertex 77.20673370361328 -67.11978912353516 -18.139646530151367
vertex 78.22601318359375 54.15325927734375 -7.5502238273620605
endloop
endfacet
facet normal 0.7071069086074515 0.05560939049088814 -0.7049166017968689
outer loop
vertex 78.22601318359375 54.15325927734375 -7.5502238273620605
vertex 77.20673370361328 -67.11978912353516 -18.139646530151367
vertex 77.18407440185547 54.95511245727539 -8.532143592834473
endloop
endfacet
facet normal 0.7071065086651538 0.05560827141976241 -0.704917091261861
outer loop
vertex 78.22601318359375 54.15325927734375 -7.5502238273620605
vertex 77.18407440185547 54.95511245727539 -8.532143592834473
vertex 78.17479705810547 54.88368225097656 -7.543978691101074
endloop
endfacet
facet normal 0.7071065115912388 0.055607382190471094 -0.7049171584740949
outer loop
vertex 77.18407440185547 54.95511245727539 -8.532143592834473
vertex 78.13802337646484 55.03780746459961 -7.568708419799805
vertex 78.17479705810547 54.88368225097656 -7.543978691101074
endloop
endfacet
facet normal 0.669367354607141 0.2826787973612026 -0.687051702645923
outer loop
vertex 77.54095458984375 56.73965072631836 -7.450223445892334
vertex 77.18407440185547 54.95511245727539 -8.532143592834473
vertex 77.45809173583984 56.85727310180664 -7.4825592041015625
endloop
endfacet
facet normal 0.6693755726026546 0.2826742320490158 -0.6870455744260111
outer loop
vertex 77.18407440185547 54.95511245727539 -8.532143592834473
vertex 76.66429901123047 56.47707748413086 -8.412362098693848
vertex 77.45809173583984 56.85727310180664 -7.4825592041015625
endloop
endfacet
facet normal 0.6693740812150604 0.28267454070207126 -0.6870469004634016
outer loop
vertex 77.18407440185547 54.95511245727539 -8.532143592834473
vertex 77.54095458984375 56.73965072631836 -7.450223445892334
vertex 77.94618225097656 55.84182357788086 -7.424816131591797
endloop
endfacet
facet normal 0.6693746136220218 0.28267381051233836 -0.6870466821758212
outer loop
vertex 78.13802337646484 55.03780746459961 -7.568708419799805
vertex 77.18407440185547 54.95511245727539 -8.532143592834473
vertex 77.94618225097656 55.84182357788086 -7.424816131591797
endloop
endfacet
facet normal 0.5375906128726435 0.5133999292728085 -0.6688922525892274
outer loop
vertex 76.26467895507812 58.2287712097168 -7.389047145843506
vertex 76.66429901123047 56.47707748413086 -8.412362098693848
vertex 76.1818618774414 58.282745361328125 -7.414180278778076
endloop
endfacet
facet normal 0.5375956051969076 0.5133993084665474 -0.6688887167078255
outer loop
vertex 76.66429901123047 56.47707748413086 -8.412362098693848
vertex 75.66716003417969 57.640506744384766 -8.32079792022705
vertex 76.1818618774414 58.282745361328125 -7.414180278778076
endloop
endfacet
facet normal 0.5376002738322615 0.513398319197922 -0.6688857237377893
outer loop
vertex 76.66429901123047 56.47707748413086 -8.412362098693848
vertex 76.26467895507812 58.2287712097168 -7.389047145843506
vertex 76.97366333007812 57.5449333190918 -7.344093322753906
endloop
endfacet
facet normal 0.5375966929307273 0.5134005346525833 -0.6688869013281593
outer loop
vertex 77.45809173583984 56.85727310180664 -7.4825592041015625
vertex 76.66429901123047 56.47707748413086 -8.412362098693848
vertex 76.97366333007812 57.5449333190918 -7.344093322753906
endloop
endfacet
facet normal 0.268137807142338 0.7077584633202799 -0.6535901421987746
outer loop
vertex 75.4394302368164 58.76660919189453 -7.194793224334717
vertex 75.66716003417969 57.640506744384766 -8.32079792022705
vertex 74.52755737304688 59.13915252685547 -7.165473461151123
endloop
endfacet
facet normal 0.26813161364551796 0.7077590817962905 -0.6535920133376188
outer loop
vertex 76.1818618774414 58.282745361328125 -7.414180278778076
vertex 75.66716003417969 57.640506744384766 -8.32079792022705
vertex 75.4394302368164 58.76660919189453 -7.194793224334717
endloop
endfacet
facet normal 0.26813604144391884 0.7077568411951523 -0.6535926231378725
outer loop
vertex 74.52755737304688 59.13915252685547 -7.165473461151123
vertex 73.36640167236328 58.580467224121094 -8.246821403503418
vertex 73.5617904663086 59.3330192565918 -7.351746082305908
endloop
endfacet
facet normal 0.26817682494905537 0.7077435146008314 -0.6535903213028069
outer loop
vertex 73.36640167236328 58.580467224121094 -8.246821403503418
vertex 73.52801513671875 59.333038330078125 -7.365583896636963
vertex 73.5617904663086 59.3330192565918 -7.351746082305908
endloop
endfacet
facet normal 0.2681350202269598 0.7077577886864642 -0.6535920160784816
outer loop
vertex 75.66716003417969 57.640506744384766 -8.32079792022705
vertex 73.36640167236328 58.580467224121094 -8.246821403503418
vertex 74.52755737304688 59.13915252685547 -7.165473461151123
endloop
endfacet
facet normal 0.00025042020141230454 0.7604004675157052 -0.6494544374254593
outer loop
vertex 63.03696823120117 59.14299774169922 -7.594176769256592
vertex 34.745243072509766 59.353633880615234 -7.358466625213623
vertex 63.01780700683594 59.338619232177734 -7.365144729614258
endloop
endfacet
facet normal 0.0003767461598119828 0.7603946351758172 -0.6494612050447409
outer loop
vertex 73.36640167236328 58.580467224121094 -8.246821403503418
vertex 64.66893768310547 58.585086822509766 -8.246458053588867
vertex 64.72486114501953 58.6309814453125 -8.192691802978516
endloop
endfacet
facet normal 0.00037694017201967827 0.7604093558937031 -0.6494439693964603
outer loop
vertex 73.36640167236328 58.580467224121094 -8.246821403503418
vertex 64.72486114501953 58.6309814453125 -8.192691802978516
vertex 64.84922790527344 58.78251647949219 -8.015192985534668
endloop
endfacet
facet normal 0.0003764431850617005 0.760400411670217 -0.6494544419913478
outer loop
vertex 73.36640167236328 58.580467224121094 -8.246821403503418
vertex 64.84922790527344 58.78251647949219 -8.015192985534668
vertex 64.94163513183594 58.955406188964844 -7.81271505355835
endloop
endfacet
facet normal 0.00037724535059442573 0.7604080631446992 -0.6494454828470767
outer loop
vertex 73.36640167236328 58.580467224121094 -8.246821403503418
vertex 64.94163513183594 58.955406188964844 -7.81271505355835
vertex 64.99854278564453 59.14299774169922 -7.593039035797119
endloop
endfacet
facet normal 0.00037647633306578393 0.7604032177480844 -0.6494511565190488
outer loop
vertex 73.36640167236328 58.580467224121094 -8.246821403503418
vertex 64.99854278564453 59.14299774169922 -7.593039035797119
vertex 65.0177001953125 59.33755874633789 -7.365228176116943
endloop
endfacet
facet normal 0.00037675720087169766 0.7604045281714263 -0.649449622057325
outer loop
vertex 73.36640167236328 58.580467224121094 -8.246821403503418
vertex 65.0177001953125 59.33755874633789 -7.365228176116943
vertex 73.52801513671875 59.333038330078125 -7.365583896636963
endloop
endfacet
facet normal 0.00037672888685115426 0.7604111986963249 -0.6494418118450368
outer loop
vertex 63.365726470947266 58.58578109741211 -8.246403694152832
vertex 34.86630630493164 58.60091781616211 -8.24521255493164
vertex 63.31064987182617 58.6309814453125 -8.193511962890625
endloop
endfacet
facet normal 0.00034513736789481105 0.7623942308376593 -0.647112754986062
outer loop
vertex 34.86630630493164 58.60091781616211 -8.24521255493164
vertex 34.745243072509766 59.353633880615234 -7.358466625213623
vertex 63.18628692626953 58.78251647949219 -8.016158103942871
endloop
endfacet
facet normal 0.00037673840328272866 0.7604082108924919 -0.6494453101497115
outer loop
vertex 34.86630630493164 58.60091781616211 -8.24521255493164
vertex 63.18628692626953 58.78251647949219 -8.016158103942871
vertex 63.31064987182617 58.6309814453125 -8.193511962890625
endloop
endfacet
facet normal 0.00024962417141290356 0.760372343960649 -0.6494873641785202
outer loop
vertex 63.18628692626953 58.78251647949219 -8.016158103942871
vertex 34.745243072509766 59.353633880615234 -7.358466625213623
vertex 63.093875885009766 58.955406188964844 -7.81378698348999
endloop
endfacet
facet normal 0.00025027967537143825 0.7603922972782339 -0.6494640033135122
outer loop
vertex 63.093875885009766 58.955406188964844 -7.81378698348999
vertex 34.745243072509766 59.353633880615234 -7.358466625213623
vertex 63.03696823120117 59.14299774169922 -7.594176769256592
endloop
endfacet
facet normal -0.17061997078689806 0.7395759326561432 -0.6510885234777787
outer loop
vertex 34.86630630493164 58.60091781616211 -8.24521255493164
vertex 33.27324295043945 58.20603942871094 -8.276289939880371
vertex 32.9173469543457 58.90749740600586 -7.386235237121582
endloop
endfacet
facet normal -0.1706187484886067 0.7395782278602897 -0.6510862366378319
outer loop
vertex 34.745243072509766 59.353633880615234 -7.358466625213623
vertex 34.86630630493164 58.60091781616211 -8.24521255493164
vertex 33.77928924560547 59.20949172973633 -7.269069194793701
endloop
endfacet
facet normal -0.1706185045159532 0.7395784186212061 -0.6510860838833031
outer loop
vertex 34.86630630493164 58.60091781616211 -8.24521255493164
vertex 32.9173469543457 58.90749740600586 -7.386235237121582
vertex 33.77928924560547 59.20949172973633 -7.269069194793701
endloop
endfacet
facet normal -0.41262527362194923 0.6279370750174409 -0.6598753013918255
outer loop
vertex 33.27324295043945 58.20603942871094 -8.276289939880371
vertex 31.347448348999023 57.821964263916016 -7.43756103515625
vertex 31.997987747192383 58.38850784301758 -7.305225849151611
endloop
endfacet
facet normal -0.41262473261344584 0.6279402764924206 -0.6598725931528788
outer loop
vertex 33.27324295043945 58.20603942871094 -8.276289939880371
vertex 31.990215301513672 57.28693771362305 -8.348625183105469
vertex 31.347448348999023 57.821964263916016 -7.43756103515625
endloop
endfacet
facet normal -0.4126231295373872 0.6279407225889553 -0.6598731710603434
outer loop
vertex 32.849578857421875 58.883750915527344 -7.366454124450684
vertex 33.27324295043945 58.20603942871094 -8.276289939880371
vertex 31.997987747192383 58.38850784301758 -7.305225849151611
endloop
endfacet
facet normal -0.41264389337956137 0.6279273697131902 -0.6598728935345288
outer loop
vertex 32.9173469543457 58.90749740600586 -7.386235237121582
vertex 33.27324295043945 58.20603942871094 -8.276289939880371
vertex 32.849578857421875 58.883750915527344 -7.366454124450684
endloop
endfacet
facet normal -0.5982227762739978 0.4313178618441319 -0.6753476230810596
outer loop
vertex 31.255088806152344 57.74153137207031 -7.407119274139404
vertex 31.990215301513672 57.28693771362305 -8.348625183105469
vertex 30.64754867553711 56.9660530090332 -7.364227771759033
endloop
endfacet
facet normal -0.5982195934758756 0.43132259161230346 -0.6753474216626612
outer loop
vertex 31.990215301513672 57.28693771362305 -8.348625183105469
vertex 31.255088806152344 57.74153137207031 -7.407119274139404
vertex 31.347448348999023 57.821964263916016 -7.43756103515625
endloop
endfacet
facet normal -0.5982225514556201 0.43131947936429943 -0.675346789176374
outer loop
vertex 31.990215301513672 57.28693771362305 -8.348625183105469
vertex 30.18762969970703 56.06706619262695 -7.530981540679932
vertex 30.64754867553711 56.9660530090332 -7.364227771759033
endloop
endfacet
facet normal -0.5982222431389751 0.43131836269377716 -0.6753477754586388
outer loop
vertex 30.958208084106445 55.6544075012207 -8.477108001708984
vertex 30.18762969970703 56.06706619262695 -7.530981540679932
vertex 31.990215301513672 57.28693771362305 -8.348625183105469
endloop
endfacet
facet normal -0.38174987663385734 0.6518844268132079 -0.6552203642809418
outer loop
vertex 30.031511306762695 54.73405456542969 -8.549541473388672
vertex 29.25457191467285 55.0009880065918 -7.831300258636475
vertex 29.591785430908203 55.25763702392578 -7.772428035736084
endloop
endfacet
facet normal -0.42434301810988856 0.621306420667416 -0.6587194657962027
outer loop
vertex 29.6320743560791 55.300838470458984 -7.757634162902832
vertex 30.031511306762695 54.73405456542969 -8.549541473388672
vertex 29.591785430908203 55.25763702392578 -7.772428035736084
endloop
endfacet
facet normal -0.36366628712608234 0.6609096310515711 -0.656464234510309
outer loop
vertex 29.490358352661133 54.39046096801758 -8.576581954956055
vertex 29.112375259399414 54.92680740356445 -7.82720947265625
vertex 29.25457191467285 55.0009880065918 -7.831300258636475
endloop
endfacet
facet normal -0.3814229473660715 0.6522824276545562 -0.6550146332683399
outer loop
vertex 30.031511306762695 54.73405456542969 -8.549541473388672
vertex 29.490358352661133 54.39046096801758 -8.576581954956055
vertex 29.25457191467285 55.0009880065918 -7.831300258636475
endloop
endfacet
facet normal -0.4496509519742018 0.6015882346672939 -0.6602314876606409
outer loop
vertex 29.94500732421875 55.66537094116211 -7.628266334533691
vertex 30.542770385742188 55.135780334472656 -8.517924308776855
vertex 29.88080406188965 55.56755447387695 -7.67366886138916
endloop
endfacet
facet normal -0.5479184428387446 0.5036242889425977 -0.6679430781018907
outer loop
vertex 30.162391662597656 56.017730712890625 -7.540911674499512
vertex 30.914709091186523 55.587589263916016 -8.482366561889648
vertex 30.11332893371582 55.92182922363281 -7.57297420501709
endloop
endfacet
facet normal -0.5479186354285831 0.5036239967554629 -0.6679431404259893
outer loop
vertex 30.914709091186523 55.587589263916016 -8.482366561889648
vertex 29.94500732421875 55.66537094116211 -7.628266334533691
vertex 30.11332893371582 55.92182922363281 -7.57297420501709
endloop
endfacet
facet normal -0.5931733480312984 0.43924409300522044 -0.6746925269671821
outer loop
vertex 30.18762969970703 56.06706619262695 -7.530981540679932
vertex 30.958208084106445 55.6544075012207 -8.477108001708984
vertex 30.162391662597656 56.017730712890625 -7.540911674499512
endloop
endfacet
facet normal -0.5931679651031136 0.43925305086882616 -0.674691427600692
outer loop
vertex 30.958208084106445 55.6544075012207 -8.477108001708984
vertex 30.914709091186523 55.587589263916016 -8.482366561889648
vertex 30.162391662597656 56.017730712890625 -7.540911674499512
endloop
endfacet
facet normal -0.44966551964527995 0.6015732312451091 -0.6602352367841775
outer loop
vertex 29.66596031188965 55.33717727661133 -7.737253665924072
vertex 29.88080406188965 55.56755447387695 -7.67366886138916
vertex 30.542770385742188 55.135780334472656 -8.517924308776855
endloop
endfacet
facet normal -0.5479180271430758 0.5036254044591787 -0.6679425780072477
outer loop
vertex 30.542770385742188 55.135780334472656 -8.517924308776855
vertex 29.94500732421875 55.66537094116211 -7.628266334533691
vertex 30.914709091186523 55.587589263916016 -8.482366561889648
endloop
endfacet
facet normal -0.33417269490146717 0.6785109020301304 -0.6541800713936107
outer loop
vertex 29.66596031188965 55.33717727661133 -7.737253665924072
vertex 30.031511306762695 54.73405456542969 -8.549541473388672
vertex 29.6320743560791 55.300838470458984 -7.757634162902832
endloop
endfacet
facet normal -0.4496646388934537 0.6015745904330768 -0.660234598210436
outer loop
vertex 30.089561462402344 54.76498794555664 -8.547106742858887
vertex 29.66596031188965 55.33717727661133 -7.737253665924072
vertex 30.542770385742188 55.135780334472656 -8.517924308776855
endloop
endfacet
facet normal -0.334134048114896 0.6785317665502344 -0.6541781711984669
outer loop
vertex 30.089561462402344 54.76498794555664 -8.547106742858887
vertex 30.031511306762695 54.73405456542969 -8.549541473388672
vertex 29.66596031188965 55.33717727661133 -7.737253665924072
endloop
endfacet
facet normal -0.004482267945081911 0.7605881575915822 -0.6492191954998796
outer loop
vertex 27.905776977539062 53.9207763671875 -8.613547325134277
vertex 18.759008407592773 54.611671447753906 -7.740983963012695
vertex 27.900983810424805 54.61545181274414 -7.7996721267700195
endloop
endfacet
facet normal -0.004482420545052914 0.7605873422953587 -0.64922014959961
outer loop
vertex 27.905776977539062 53.9207763671875 -8.613547325134277
vertex 18.76417350769043 53.86302185058594 -8.61809253692627
vertex 18.759008407592773 54.611671447753906 -7.740983963012695
endloop
endfacet
facet normal -0.2057612931188269 0.7315432880773838 -0.6500051599202872
outer loop
vertex 29.031347274780273 54.1458740234375 -8.595831871032715
vertex 28.47030258178711 53.97620391845703 -8.609185218811035
vertex 28.475435256958008 54.67524719238281 -7.824077129364014
endloop
endfacet
facet normal -0.20576123654630007 0.7315433204608519 -0.6500051413827809
outer loop
vertex 28.75070571899414 54.763771057128906 -7.811586380004883
vertex 29.031347274780273 54.1458740234375 -8.595831871032715
vertex 28.475435256958008 54.67524719238281 -7.824077129364014
endloop
endfacet
facet normal -0.3341281487667309 0.6785357033097268 -0.6541771010480965
outer loop
vertex 28.878856658935547 54.80498123168945 -7.834296226501465
vertex 29.031347274780273 54.1458740234375 -8.595831871032715
vertex 28.75070571899414 54.763771057128906 -7.811586380004883
endloop
endfacet
facet normal -0.20575459206013097 0.7315443186243596 -0.650006121305477
outer loop
vertex 28.475435256958008 54.67524719238281 -7.824077129364014
vertex 28.47030258178711 53.97620391845703 -8.609185218811035
vertex 28.323352813720703 54.653594970703125 -7.800304889678955
endloop
endfacet
facet normal -0.06947259356873585 0.7585686243520632 -0.6478790017367839
outer loop
vertex 28.47030258178711 53.97620391845703 -8.609185218811035
vertex 28.055896759033203 54.615516662597656 -7.816209316253662
vertex 28.323352813720703 54.653594970703125 -7.800304889678955
endloop
endfacet
facet normal -0.06947981138820795 0.7585663249776989 -0.6478809199376743
outer loop
vertex 28.47030258178711 53.97620391845703 -8.609185218811035
vertex 27.900983810424805 54.61545181274414 -7.7996721267700195
vertex 28.055896759033203 54.615516662597656 -7.816209316253662
endloop
endfacet
facet normal -0.3341274160605146 0.678535977102775 -0.6541771912975155
outer loop
vertex 29.490358352661133 54.39046096801758 -8.576581954956055
vertex 29.031347274780273 54.1458740234375 -8.595831871032715
vertex 28.878856658935547 54.80498123168945 -7.834296226501465
endloop
endfacet
facet normal -0.06947338769773895 0.7585689806787251 -0.6478784993761098
outer loop
vertex 28.47030258178711 53.97620391845703 -8.609185218811035
vertex 27.905776977539062 53.9207763671875 -8.613547325134277
vertex 27.900983810424805 54.61545181274414 -7.7996721267700195
endloop
endfacet
facet normal -0.3341347584186504 0.6785298361481655 -0.6541798106585479
outer loop
vertex 29.490358352661133 54.39046096801758 -8.576581954956055
vertex 28.878856658935547 54.80498123168945 -7.834296226501465
vertex 29.112375259399414 54.92680740356445 -7.82720947265625
endloop
endfacet
facet normal 0.24895614382197576 0.7152708442072392 -0.6529995849005995
outer loop
vertex 17.94195556640625 54.65812683105469 -7.8441643714904785
vertex 17.692283630371094 54.052059173583984 -8.603215217590332
vertex 17.87042808532715 54.66560745239258 -7.8632402420043945
endloop
endfacet
facet normal 0.24781177894495474 0.7125142578819857 -0.6564394522962647
outer loop
vertex 17.692283630371094 54.052059173583984 -8.603215217590332
vertex 17.006847381591797 54.30908966064453 -8.582986831665039
vertex 17.24845314025879 54.89606475830078 -7.8546624183654785
endloop
endfacet
facet normal 0.26988643597744744 0.7144530919739446 -0.6455370562905445
outer loop
vertex 17.692283630371094 54.052059173583984 -8.603215217590332
vertex 17.24845314025879 54.89606475830078 -7.8546624183654785
vertex 17.464750289916992 54.78810119628906 -7.883722305297852
endloop
endfacet
facet normal 0.24894493505026066 0.7152744667838957 -0.6529998901070619
outer loop
vertex 17.692283630371094 54.052059173583984 -8.603215217590332
vertex 17.464750289916992 54.78810119628906 -7.883722305297852
vertex 17.87042808532715 54.66560745239258 -7.8632402420043945
endloop
endfacet
facet normal 0.06516781413087093 0.7591822615637948 -0.6476074812170457
outer loop
vertex 18.76417350769043 53.86302185058594 -8.61809253692627
vertex 18.161766052246094 53.918453216552734 -8.613730430603027
vertex 18.313791275024414 54.619239807128906 -7.776908874511719
endloop
endfacet
facet normal 0.06429974548129536 0.7592209811509751 -0.6476488589592289
outer loop
vertex 18.387651443481445 54.61151885986328 -7.778031826019287
vertex 18.759008407592773 54.611671447753906 -7.740983963012695
vertex 18.76417350769043 53.86302185058594 -8.61809253692627
endloop
endfacet
facet normal 0.06963559422234221 0.7601114358143061 -0.646050686217123
outer loop
vertex 18.76417350769043 53.86302185058594 -8.61809253692627
vertex 18.313791275024414 54.619239807128906 -7.776908874511719
vertex 18.387651443481445 54.61151885986328 -7.778031826019287
endloop
endfacet
facet normal 0.1944253014371782 0.7343681270243687 -0.6503093542090432
outer loop
vertex 18.313791275024414 54.619239807128906 -7.776908874511719
vertex 18.161766052246094 53.918453216552734 -8.613730430603027
vertex 17.94195556640625 54.65812683105469 -7.8441643714904785
endloop
endfacet
facet normal 0.19442220609504202 0.7343681467800348 -0.6503102573172241
outer loop
vertex 18.161766052246094 53.918453216552734 -8.613730430603027
vertex 17.692283630371094 54.052059173583984 -8.603215217590332
vertex 17.94195556640625 54.65812683105469 -7.8441643714904785
endloop
endfacet
facet normal 0.5917782101759722 0.4413240977482677 -0.6745602943455837
outer loop
vertex 16.235246658325195 55.84642028808594 -7.648913383483887
vertex 15.556889533996582 55.467689514160156 -8.491803169250488
vertex 16.210500717163086 55.882694244384766 -7.646890640258789
endloop
endfacet
facet normal 0.5917648331287212 0.44134417356526245 -0.6745588949321863
outer loop
vertex 15.790955543518066 56.73965072631836 -7.454258918762207
vertex 15.556889533996582 55.467689514160156 -8.491803169250488
vertex 15.223666191101074 57.5449333190918 -7.425047397613525
endloop
endfacet
facet normal 0.5917642438021349 0.4413439325341466 -0.6745595696249383
outer loop
vertex 15.556889533996582 55.467689514160156 -8.491803169250488
vertex 14.481371879577637 57.106956481933594 -8.362789154052734
vertex 15.134613037109375 57.630828857421875 -7.446972846984863
endloop
endfacet
facet normal 0.5917639015428483 0.4413447199981714 -0.6745593546608939
outer loop
vertex 15.790955543518066 56.73965072631836 -7.454258918762207
vertex 16.210500717163086 55.882694244384766 -7.646890640258789
vertex 15.556889533996582 55.467689514160156 -8.491803169250488
endloop
endfacet
facet normal 0.5917727270918212 0.4413424594535408 -0.6745530912788176
outer loop
vertex 15.556889533996582 55.467689514160156 -8.491803169250488
vertex 15.134613037109375 57.630828857421875 -7.446972846984863
vertex 15.223666191101074 57.5449333190918 -7.425047397613525
endloop
endfacet
facet normal 0.5502542995754784 0.5010339390274035 -0.6679709557618384
outer loop
vertex 15.945016860961914 54.9914665222168 -8.529282569885254
vertex 15.556889533996582 55.467689514160156 -8.491803169250488
vertex 16.235246658325195 55.84642028808594 -7.648913383483887
endloop
endfacet
facet normal 0.5479141083414429 0.5036284656181629 -0.6679434845101019
outer loop
vertex 16.49846076965332 55.48179626464844 -7.705584526062012
vertex 15.945016860961914 54.9914665222168 -8.529282569885254
vertex 16.449323654174805 55.532630920410156 -7.707562446594238
endloop
endfacet
facet normal 0.550861910833014 0.5006265109061647 -0.6677755998621995
outer loop
vertex 15.945016860961914 54.9914665222168 -8.529282569885254
vertex 16.235246658325195 55.84642028808594 -7.648913383483887
vertex 16.449323654174805 55.532630920410156 -7.707562446594238
endloop
endfacet
facet normal 0.44967073325014795 0.601571597628286 -0.6602331744052443
outer loop
vertex 16.74384117126465 55.22793197631836 -7.769769668579102
vertex 16.398225784301758 54.62067413330078 -8.558464050292969
vertex 16.49846076965332 55.48179626464844 -7.705584526062012
endloop
endfacet
facet normal 0.3341441262864753 0.6785275272459578 -0.6541774206113613
outer loop
vertex 17.18083381652832 54.92981719970703 -7.838081359863281
vertex 16.915287017822266 54.345149993896484 -8.580148696899414
vertex 17.085590362548828 54.977359771728516 -7.837418079376221
endloop
endfacet
facet normal 0.33412693705248503 0.6785342636338572 -0.6541792132212577
outer loop
vertex 16.915287017822266 54.345149993896484 -8.580148696899414
vertex 16.81121826171875 55.178531646728516 -7.768894195556641
vertex 17.085590362548828 54.977359771728516 -7.837418079376221
endloop
endfacet
facet normal 0.44965424670496557 0.6015825743104297 -0.6602344013350305
outer loop
vertex 16.81121826171875 55.178531646728516 -7.768894195556641
vertex 16.398225784301758 54.62067413330078 -8.558464050292969
vertex 16.74384117126465 55.22793197631836 -7.769769668579102
endloop
endfacet
facet normal 0.44966538610978335 0.6015738207582152 -0.660234790595817
outer loop
vertex 16.398225784301758 54.62067413330078 -8.558464050292969
vertex 15.945016860961914 54.9914665222168 -8.529282569885254
vertex 16.49846076965332 55.48179626464844 -7.705584526062012
endloop
endfacet
facet normal 0.25982664421765855 0.7111390561781402 -0.6532773972308045
outer loop
vertex 17.006847381591797 54.30908966064453 -8.582986831665039
vertex 16.915287017822266 54.345149993896484 -8.580148696899414
vertex 17.18083381652832 54.92981719970703 -7.838081359863281
endloop
endfacet
facet normal 0.3341319936738068 0.6785333268187395 -0.6541776021844992
outer loop
vertex 16.915287017822266 54.345149993896484 -8.580148696899414
vertex 16.398225784301758 54.62067413330078 -8.558464050292969
vertex 16.81121826171875 55.178531646728516 -7.768894195556641
endloop
endfacet
facet normal 0.20310532505427473 0.7283708892122717 -0.6543883210164452
outer loop
vertex 17.24845314025879 54.89606475830078 -7.8546624183654785
vertex 17.006847381591797 54.30908966064453 -8.582986831665039
vertex 17.18083381652832 54.92981719970703 -7.838081359863281
endloop
endfacet
facet normal 0.44130934298057467 0.6062674942624073 -0.661578256292357
outer loop
vertex 13.689433097839355 58.76660919189453 -7.37013578414917
vertex 13.22004508972168 58.111324310302734 -8.283743858337402
vertex 13.615914344787598 58.79664611816406 -7.391651153564453
endloop
endfacet
facet normal 0.44129954338733884 0.6062725957270577 -0.6615801181085339
outer loop
vertex 14.481371879577637 57.106956481933594 -8.362789154052734
vertex 13.689433097839355 58.76660919189453 -7.37013578414917
vertex 14.514676094055176 58.2287712097168 -7.312541961669922
endloop
endfacet
facet normal 0.44130129189722894 0.6062719800828045 -0.6615795159588242
outer loop
vertex 15.134613037109375 57.630828857421875 -7.446972846984863
vertex 14.481371879577637 57.106956481933594 -8.362789154052734
vertex 14.514676094055176 58.2287712097168 -7.312541961669922
endloop
endfacet
facet normal 0.44130210608371634 0.6062727251900476 -0.6615782900433701
outer loop
vertex 14.481371879577637 57.106956481933594 -8.362789154052734
vertex 13.22004508972168 58.111324310302734 -8.283743858337402
vertex 13.689433097839355 58.76660919189453 -7.37013578414917
endloop
endfacet
facet normal 0.20479363908622297 0.7301922282192179 -0.6518273354486411
outer loop
vertex 13.22004508972168 58.111324310302734 -8.283743858337402
vertex 11.66647720336914 58.57997131347656 -8.24686050415039
vertex 11.7866849899292 59.33305740356445 -7.365468502044678
endloop
endfacet
facet normal 0.2047954561621316 0.730192832985391 -0.6518260870754665
outer loop
vertex 13.615914344787598 58.79664611816406 -7.391651153564453
vertex 13.22004508972168 58.111324310302734 -8.283743858337402
vertex 12.777560234069824 59.13915252685547 -7.271366596221924
endloop
endfacet
facet normal 0.20479474772472409 0.730192792217785 -0.6518263553259879
outer loop
vertex 12.777560234069824 59.13915252685547 -7.271366596221924
vertex 13.22004508972168 58.111324310302734 -8.283743858337402
vertex 11.7866849899292 59.33305740356445 -7.365468502044678
endloop
endfacet
facet normal -0.0019003826001735954 0.7604021283234909 -0.6494497607876057
outer loop
vertex 11.66647720336914 58.57997131347656 -8.24686050415039
vertex -7.715732574462891 59.36151885986328 -7.275077819824219
vertex 11.7866849899292 59.33305740356445 -7.365468502044678
endloop
endfacet
facet normal -0.0019007488902971453 0.7603984288536476 -0.6494540911800928
outer loop
vertex 11.66647720336914 58.57997131347656 -8.24686050415039
vertex -8.617411613464355 59.28103256225586 -7.366674423217773
vertex -7.715732574462891 59.36151885986328 -7.275077819824219
endloop
endfacet
facet normal -0.0019002949298707978 0.7604037471545086 -0.6494478656463211
outer loop
vertex -8.617411613464355 59.28103256225586 -7.366674423217773
vertex 11.66647720336914 58.57997131347656 -8.24686050415039
vertex -8.462271690368652 58.52604293823242 -8.251105308532715
endloop
endfacet
facet normal -0.25594188650840055 0.7126089771624449 -0.6532091521082777
outer loop
vertex -8.649153709411621 59.2781982421875 -7.357327938079834
vertex -8.462271690368652 58.52604293823242 -8.251105308532715
vertex -9.597597122192383 59.01187515258789 -7.276247978210449
endloop
endfacet
facet normal -0.2538509912527648 0.7140969958983803 -0.6523995360888123
outer loop
vertex -10.60849380493164 58.50926208496094 -7.43304967880249
vertex -9.597597122192383 59.01187515258789 -7.276247978210449
vertex -10.313403129577637 57.815711975097656 -8.30700969696045
endloop
endfacet
facet normal -0.254350487765154 0.7141645187314538 -0.6521310217730018
outer loop
vertex -8.462271690368652 58.52604293823242 -8.251105308532715
vertex -10.313403129577637 57.815711975097656 -8.30700969696045
vertex -9.597597122192383 59.01187515258789 -7.276247978210449
endloop
endfacet
facet normal -0.25596724166690865 0.7126010925732837 -0.6532078184290179
outer loop
vertex -8.462271690368652 58.52604293823242 -8.251105308532715
vertex -8.649153709411621 59.2781982421875 -7.357327938079834
vertex -8.617411613464355 59.28103256225586 -7.366674423217773
endloop
endfacet
facet normal 0.0945558055812384 0.755132320410913 -0.648717487279103
outer loop
vertex -11.766416549682617 58.247589111328125 -7.614597320556641
vertex -11.871184349060059 57.655006408691406 -8.319657325744629
vertex -12.02035903930664 58.25599670410156 -7.641824722290039
endloop
endfacet
facet normal 0.11411099367777583 0.7556917199194363 -0.6449098429758029
outer loop
vertex -11.871184349060059 57.655006408691406 -8.319657325744629
vertex -26.39413833618164 60.78643035888672 -7.220026969909668
vertex -12.02035903930664 58.25599670410156 -7.641824722290039
endloop
endfacet
facet normal 0.11279257031807176 0.7513543375842912 -0.6501880462407118
outer loop
vertex -11.871184349060059 57.655006408691406 -8.319657325744629
vertex -27.013437271118164 60.09427261352539 -8.12768268585205
vertex -26.998632431030273 60.8574333190918 -7.243209362030029
endloop
endfacet
facet normal 0.11331143557619969 0.753096389190014 -0.6480789667599343
outer loop
vertex -11.871184349060059 57.655006408691406 -8.319657325744629
vertex -26.998632431030273 60.8574333190918 -7.243209362030029
vertex -26.39413833618164 60.78643035888672 -7.220026969909668
endloop
endfacet
facet normal -0.20575538400056087 0.7315443214371476 -0.6500058674564755
outer loop
vertex -10.313403129577637 57.815711975097656 -8.30700969696045
vertex -10.810359001159668 57.665428161621094 -8.31883716583252
vertex -10.60849380493164 58.50926208496094 -7.43304967880249
endloop
endfacet
facet normal -0.06947527036092639 0.7585691097404645 -0.6478781463792671
outer loop
vertex -11.39382553100586 57.60813903808594 -8.323346138000488
vertex -11.39382553100586 58.2698860168457 -7.548538684844971
vertex -10.810359001159668 57.665428161621094 -8.31883716583252
endloop
endfacet
facet normal 0.06947026341229187 0.7585692282002648 -0.6478785445815299
outer loop
vertex -11.39382553100586 57.60813903808594 -8.323346138000488
vertex -11.871184349060059 57.655006408691406 -8.319657325744629
vertex -11.766416549682617 58.247589111328125 -7.614597320556641
endloop
endfacet
facet normal 0.06946573373289629 0.7585683138209018 -0.6478801008704188
outer loop
vertex -11.39382553100586 57.60813903808594 -8.323346138000488
vertex -11.766416549682617 58.247589111328125 -7.614597320556641
vertex -11.596821784973145 58.24197769165039 -7.602983474731445
endloop
endfacet
facet normal 0.06947515528770953 0.7585691158344391 -0.6478781515840043
outer loop
vertex -11.39382553100586 58.2698860168457 -7.548538684844971
vertex -11.39382553100586 57.60813903808594 -8.323346138000488
vertex -11.596821784973145 58.24197769165039 -7.602983474731445
endloop
endfacet
facet normal -0.06947260445634339 0.7585702885214881 -0.6478770520727515
outer loop
vertex -10.810359001159668 57.665428161621094 -8.31883716583252
vertex -11.39382553100586 58.2698860168457 -7.548538684844971
vertex -11.177000999450684 58.2996940612793 -7.536888122558594
endloop
endfacet
facet normal -0.06947846831254761 0.7585685840343956 -0.6478784189622265
outer loop
vertex -11.177000999450684 58.2996940612793 -7.536888122558594
vertex -10.962660789489746 58.367488861083984 -7.480496406555176
vertex -10.810359001159668 57.665428161621094 -8.31883716583252
endloop
endfacet
facet normal -0.20576019247197833 0.731543697416723 -0.6500050476448352
outer loop
vertex -10.810359001159668 57.665428161621094 -8.31883716583252
vertex -10.962660789489746 58.367488861083984 -7.480496406555176
vertex -10.772960662841797 58.427490234375 -7.473018169403076
endloop
endfacet
facet normal -0.20575562595796779 0.7315443111152764 -0.6500058024829628
outer loop
vertex -10.60849380493164 58.50926208496094 -7.43304967880249
vertex -10.810359001159668 57.665428161621094 -8.31883716583252
vertex -10.772960662841797 58.427490234375 -7.473018169403076
endloop
endfacet
facet normal -0.0924999210434603 0.7543492559318961 -0.649923814521324
outer loop
vertex -27.013437271118164 60.09427261352539 -8.12768268585205
vertex -28.890483856201172 60.61375045776367 -7.257589340209961
vertex -27.983123779296875 60.82205581665039 -7.144954204559326
endloop
endfacet
facet normal -0.09249983368720434 0.7543493702203314 -0.6499236943026688
outer loop
vertex -27.013437271118164 60.09427261352539 -8.12768268585205
vertex -28.624555587768555 59.88234329223633 -8.144362449645996
vertex -28.890483856201172 60.61375045776367 -7.257589340209961
endloop
endfacet
facet normal -0.09195352922875369 0.754673530408997 -0.6496248232344555
outer loop
vertex -27.013437271118164 60.09427261352539 -8.12768268585205
vertex -27.983123779296875 60.82205581665039 -7.144954204559326
vertex -26.998632431030273 60.8574333190918 -7.243209362030029
endloop
endfacet
facet normal -0.3461779964307818 0.6701512247124063 -0.6565501738661192
outer loop
vertex -28.624555587768555 59.88234329223633 -8.144362449645996
vertex -29.844615936279297 60.204071044921875 -7.172670841217041
vertex -28.94327163696289 60.60163116455078 -7.242125034332275
endloop
endfacet
facet normal -0.34618031104558356 0.6701493757396431 -0.6565508407123928
outer loop
vertex -30.56584358215332 59.70517349243164 -7.301616668701172
vertex -28.624555587768555 59.88234329223633 -8.144362449645996
vertex -30.010116577148438 59.10680389404297 -8.205398559570312
endloop
endfacet
facet normal -0.34618086476885734 0.67014744172676 -0.6565525228151704
outer loop
vertex -28.624555587768555 59.88234329223633 -8.144362449645996
vertex -30.56584358215332 59.70517349243164 -7.301616668701172
vertex -29.844615936279297 60.204071044921875 -7.172670841217041
endloop
endfacet
facet normal -0.3461929326202626 0.6701439902672686 -0.6565496825926012
outer loop
vertex -28.890483856201172 60.61375045776367 -7.257589340209961
vertex -28.624555587768555 59.88234329223633 -8.144362449645996
vertex -28.94327163696289 60.60163116455078 -7.242125034332275
endloop
endfacet
facet normal -0.5417786497332546 0.5132681707181459 -0.665606249685848
outer loop
vertex -30.010116577148438 59.10680389404297 -8.205398559570312
vertex -31.88740348815918 58.152687072753906 -7.413104057312012
vertex -31.344738006591797 58.940467834472656 -7.24733304977417
endloop
endfacet
facet normal -0.5404674336059115 0.5039017510307918 -0.6737788795439802
outer loop
vertex -31.21472930908203 57.66282272338867 -8.319042205810547
vertex -31.88740348815918 58.152687072753906 -7.413104057312012
vertex -30.010116577148438 59.10680389404297 -8.205398559570312
endloop
endfacet
facet normal -0.5436598449883921 0.5062291742292341 -0.6694520118024779
outer loop
vertex -30.56584358215332 59.70517349243164 -7.301616668701172
vertex -30.010116577148438 59.10680389404297 -8.205398559570312
vertex -30.654796600341797 59.64364242553711 -7.275907039642334
endloop
endfacet
facet normal -0.5436618479893357 0.5062269130144562 -0.6694520950603371
outer loop
vertex -31.344738006591797 58.940467834472656 -7.24733304977417
vertex -30.654796600341797 59.64364242553711 -7.275907039642334
vertex -30.010116577148438 59.10680389404297 -8.205398559570312
endloop
endfacet
facet normal -0.2671462373858046 0.7081608367492043 -0.653560339330099
outer loop
vertex -32.769500732421875 56.65201950073242 -8.39859390258789
vertex -33.01321792602539 57.230613708496094 -7.672041416168213
vertex -32.38425827026367 56.80873107910156 -8.386260032653809
endloop
endfacet
facet normal -0.26714395889594456 0.7081625914830628 -0.6535593693379315
outer loop
vertex -32.65468978881836 57.413272857666016 -7.620670795440674
vertex -32.38425827026367 56.80873107910156 -8.386260032653809
vertex -33.01321792602539 57.230613708496094 -7.672041416168213
endloop
endfacet
facet normal -0.5426634233465497 0.5083139812148327 -0.6686802714775799
outer loop
vertex -31.39940071105957 57.46102523803711 -8.33492374420166
vertex -32.00395965576172 57.983482360839844 -7.447138786315918
vertex -31.88740348815918 58.152687072753906 -7.413104057312012
endloop
endfacet
facet normal -0.4492370465404757 0.601108262530727 -0.6609500228707772
outer loop
vertex -31.852609634399414 57.090232849121094 -8.364106178283691
vertex -32.29595947265625 57.676368713378906 -7.529700756072998
vertex -31.39940071105957 57.46102523803711 -8.33492374420166
endloop
endfacet
facet normal -0.4478446377562182 0.6032249838299651 -0.6599657561694698
outer loop
vertex -31.39940071105957 57.46102523803711 -8.33492374420166
vertex -32.29595947265625 57.676368713378906 -7.529700756072998
vertex -32.00395965576172 57.983482360839844 -7.447138786315918
endloop
endfacet
facet normal -0.33249923721173685 0.6794968825720267 -0.6540093606581716
outer loop
vertex -32.29595947265625 57.676368713378906 -7.529700756072998
vertex -32.38425827026367 56.80873107910156 -8.386260032653809
vertex -32.65468978881836 57.413272857666016 -7.620670795440674
endloop
endfacet
facet normal -0.3325302102909088 0.6794907640079142 -0.6539999700854925
outer loop
vertex -32.38425827026367 56.80873107910156 -8.386260032653809
vertex -32.29595947265625 57.676368713378906 -7.529700756072998
vertex -31.852609634399414 57.090232849121094 -8.364106178283691
endloop
endfacet
facet normal -0.5195852958582015 0.5283354616648352 -0.6714854877622828
outer loop
vertex -31.21472930908203 57.66282272338867 -8.319042205810547
vertex -31.39940071105957 57.46102523803711 -8.33492374420166
vertex -31.88740348815918 58.152687072753906 -7.413104057312012
endloop
endfacet
facet normal 0.22904749550927805 0.7223991458064739 -0.6524390538119281
outer loop
vertex -40.556983947753906 58.53352737426758 -8.250515937805176
vertex -40.304935455322266 59.20637130737305 -7.417038917541504
vertex -34.868194580078125 56.591793060302734 -8.40333366394043
endloop
endfacet
facet normal 0.22904731898373526 0.7223989033757521 -0.6524393842096552
outer loop
vertex -34.65945816040039 57.149017333984375 -7.713079929351807
vertex -34.868194580078125 56.591793060302734 -8.40333366394043
vertex -40.304935455322266 59.20637130737305 -7.417038917541504
endloop
endfacet
facet normal -0.06944148312765873 0.7585697106018846 -0.6478810651488467
outer loop
vertex -33.83796691894531 57.04909133911133 -7.698930740356445
vertex -33.8994255065918 56.4310417175293 -8.415985107421875
vertex -33.8994255065918 57.05142593383789 -7.689610004425049
endloop
endfacet
facet normal 0.06947253281203039 0.7585680667279304 -0.6478796611449779
outer loop
vertex -34.26143264770508 57.065162658691406 -7.712344646453857
vertex -33.8994255065918 57.05142593383789 -7.689610004425049
vertex -33.8994255065918 56.4310417175293 -8.415985107421875
endloop
endfacet
facet normal -0.20595448459818846 0.731498433899453 -0.6499944549583034
outer loop
vertex -33.01321792602539 57.230613708496094 -7.672041416168213
vertex -33.315956115722656 56.48833084106445 -8.411476135253906
vertex -33.41787338256836 57.104774475097656 -7.6854424476623535
endloop
endfacet
facet normal -0.20374618063055486 0.7314004345228965 -0.6508001984159038
outer loop
vertex -32.769500732421875 56.65201950073242 -8.39859390258789
vertex -33.315956115722656 56.48833084106445 -8.411476135253906
vertex -33.01321792602539 57.230613708496094 -7.672041416168213
endloop
endfacet
facet normal -0.06947495590185583 0.7585693565924236 -0.6478778910731493
outer loop
vertex -33.8994255065918 56.4310417175293 -8.415985107421875
vertex -33.83796691894531 57.04909133911133 -7.698930740356445
vertex -33.315956115722656 56.48833084106445 -8.411476135253906
endloop
endfacet
facet normal 0.06946670338054121 0.7585669209782256 -0.6478816277060604
outer loop
vertex -33.8994255065918 56.4310417175293 -8.415985107421875
vertex -34.353546142578125 57.08456802368164 -7.699500560760498
vertex -34.26143264770508 57.065162658691406 -7.712344646453857
endloop
endfacet
facet normal 0.18411363061452102 0.7368434162169183 -0.6505105310444412
outer loop
vertex -34.353546142578125 57.08456802368164 -7.699500560760498
vertex -34.48289108276367 56.48833084106445 -8.411476135253906
vertex -34.65945816040039 57.149017333984375 -7.713079929351807
endloop
endfacet
facet normal 0.06947538464748501 0.7585691156576937 -0.647878127195531
outer loop
vertex -34.48289108276367 56.48833084106445 -8.411476135253906
vertex -34.353546142578125 57.08456802368164 -7.699500560760498
vertex -33.8994255065918 56.4310417175293 -8.415985107421875
endloop
endfacet
facet normal 0.18411120223327423 0.7368434515079604 -0.6505111783682542
outer loop
vertex -34.48289108276367 56.48833084106445 -8.411476135253906
vertex -34.868194580078125 56.591793060302734 -8.40333366394043
vertex -34.65945816040039 57.149017333984375 -7.713079929351807
endloop
endfacet
facet normal -0.07907323488358413 0.7544033599690212 -0.6516310259590905
outer loop
vertex -33.83796691894531 57.04909133911133 -7.698930740356445
vertex -33.41787338256836 57.104774475097656 -7.6854424476623535
vertex -33.315956115722656 56.48833084106445 -8.411476135253906
endloop
endfacet
facet normal 0.6880721379116436 0.2701856568609778 -0.673465993095644
outer loop
vertex -41.80943298339844 61.0720100402832 -7.221787929534912
vertex -42.39316177368164 60.35087203979492 -8.107487678527832
vertex -41.83196258544922 61.319156646728516 -7.145654201507568
endloop
endfacet
facet normal 0.6667425104576026 0.2938985276515746 -0.6848927508690177
outer loop
vertex -42.39316177368164 60.35087203979492 -8.107487678527832
vertex -42.66000747680664 61.09220504760742 -8.04914379119873
vertex -41.83196258544922 61.319156646728516 -7.145654201507568
endloop
endfacet
facet normal 0.6704160919235315 0.2940274278097996 -0.68124161307537
outer loop
vertex -41.70024108886719 60.66254806518555 -7.291057109832764
vertex -42.39316177368164 60.35087203979492 -8.107487678527832
vertex -41.80943298339844 61.0720100402832 -7.221787929534912
endloop
endfacet
facet normal 0.6501905802175465 0.3375268124701745 -0.6806819082802879
outer loop
vertex -41.650596618652344 60.55439376831055 -7.297266483306885
vertex -42.39316177368164 60.35087203979492 -8.107487678527832
vertex -41.70024108886719 60.66254806518555 -7.291057109832764
endloop
endfacet
facet normal 0.4496685386628482 0.6015721946026269 -0.6602341251539469
outer loop
vertex -40.98924255371094 59.62336730957031 -7.364526748657227
vertex -41.70299530029297 59.24604797363281 -8.194439888000488
vertex -41.12222671508789 59.760581970214844 -7.330075740814209
endloop
endfacet
facet normal 0.33412980261570613 0.6785338907310802 -0.6541781363920167
outer loop
vertex -40.433223724365234 59.25916290283203 -7.408348083496094
vertex -40.73272705078125 58.5997314453125 -8.245306015014648
vertex -40.647159576416016 59.37324905395508 -7.399284839630127
endloop
endfacet
facet normal 0.3341342008187529 0.6785325116635927 -0.6541773203487796
outer loop
vertex -40.647159576416016 59.37324905395508 -7.399284839630127
vertex -40.73272705078125 58.5997314453125 -8.245306015014648
vertex -40.7989501953125 59.48423385620117 -7.361698150634766
endloop
endfacet
facet normal 0.20172913256674216 0.7271456769156106 -0.6561741549442559
outer loop
vertex -40.556983947753906 58.53352737426758 -8.250515937805176
vertex -40.433223724365234 59.25916290283203 -7.408348083496094
vertex -40.39771270751953 59.2402229309082 -7.418419361114502
endloop
endfacet
facet normal 0.33413293279287704 0.6785327827963925 -0.6541776867899228
outer loop
vertex -40.73272705078125 58.5997314453125 -8.245306015014648
vertex -41.249786376953125 58.8752555847168 -8.223621368408203
vertex -40.7989501953125 59.48423385620117 -7.361698150634766
endloop
endfacet
facet normal 0.2681717850377948 0.7083532087808805 -0.6529315625082566
outer loop
vertex -40.304935455322266 59.20637130737305 -7.417038917541504
vertex -40.556983947753906 58.53352737426758 -8.250515937805176
vertex -40.39771270751953 59.2402229309082 -7.418419361114502
endloop
endfacet
facet normal 0.6251201890303562 0.3884405244034712 -0.6770071700268825
outer loop
vertex -42.07493209838867 59.69785690307617 -8.158881187438965
vertex -41.52345657348633 60.27741622924805 -7.317142963409424
vertex -41.39350128173828 60.08747100830078 -7.306130886077881
endloop
endfacet
facet normal 0.5479165760996175 0.5036277756739707 -0.6679419804181804
outer loop
vertex -41.2841682434082 59.92767333984375 -7.3369317054748535
vertex -42.07493209838867 59.69785690307617 -8.158881187438965
vertex -41.39350128173828 60.08747100830078 -7.306130886077881
endloop
endfacet
facet normal 0.625113539387036 0.38844883987176476 -0.6770085388510937
outer loop
vertex -41.52345657348633 60.27741622924805 -7.317142963409424
vertex -42.07493209838867 59.69785690307617 -8.158881187438965
vertex -41.60622024536133 60.45772171020508 -7.2901082038879395
endloop
endfacet
facet normal 0.6782833947039127 0.2604831269335374 -0.6870809101203895
outer loop
vertex -41.60622024536133 60.45772171020508 -7.2901082038879395
vertex -42.35131072998047 60.21332550048828 -8.11831283569336
vertex -41.650596618652344 60.55439376831055 -7.297266483306885
endloop
endfacet
facet normal 0.44966625640567315 0.6015747697942045 -0.6602333331460607
outer loop
vertex -41.249786376953125 58.8752555847168 -8.223621368408203
vertex -41.70299530029297 59.24604797363281 -8.194439888000488
vertex -40.98924255371094 59.62336730957031 -7.364526748657227
endloop
endfacet
facet normal 0.25001070940148673 0.7150454830105574 -0.6528434746635398
outer loop
vertex -40.556983947753906 58.53352737426758 -8.250515937805176
vertex -40.73272705078125 58.5997314453125 -8.245306015014648
vertex -40.433223724365234 59.25916290283203 -7.408348083496094
endloop
endfacet
facet normal 0.6251135821830273 0.3884487966490286 -0.677008524135572
outer loop
vertex -42.07493209838867 59.69785690307617 -8.158881187438965
vertex -42.35131072998047 60.21332550048828 -8.11831283569336
vertex -41.60622024536133 60.45772171020508 -7.2901082038879395
endloop
endfacet
facet normal 0.6782943201507023 0.2604578157218875 -0.6870797198874958
outer loop
vertex -42.35131072998047 60.21332550048828 -8.11831283569336
vertex -42.39316177368164 60.35087203979492 -8.107487678527832
vertex -41.650596618652344 60.55439376831055 -7.297266483306885
endloop
endfacet
facet normal 0.5479183228045806 0.5036247636004657 -0.6679428186779094
outer loop
vertex -41.70299530029297 59.24604797363281 -8.194439888000488
vertex -42.07493209838867 59.69785690307617 -8.158881187438965
vertex -41.2841682434082 59.92767333984375 -7.3369317054748535
endloop
endfacet
facet normal 0.44966124039331384 0.6015775405950503 -0.6602342247563033
outer loop
vertex -40.7989501953125 59.48423385620117 -7.361698150634766
vertex -41.249786376953125 58.8752555847168 -8.223621368408203
vertex -40.98924255371094 59.62336730957031 -7.364526748657227
endloop
endfacet
facet normal 0.5479183664982434 0.5036247266814878 -0.6679428106723606
outer loop
vertex -41.70299530029297 59.24604797363281 -8.194439888000488
vertex -41.2841682434082 59.92767333984375 -7.3369317054748535
vertex -41.12222671508789 59.760581970214844 -7.330075740814209
endloop
endfacet
facet normal 0.706955264359645 0.0700628864659407 -0.7037794016126397
outer loop
vertex -42.84517288208008 62.03396224975586 -7.9750261306762695
vertex -42.87318420410156 63.38344955444336 -7.868819236755371
vertex -41.88629913330078 63.34495162963867 -6.881313323974609
endloop
endfacet
facet normal 0.7055633531499619 0.07677120636282798 -0.7044760723866911
outer loop
vertex -41.82012939453125 61.974945068359375 -6.954832077026367
vertex -42.84517288208008 62.03396224975586 -7.9750261306762695
vertex -41.797664642333984 62.36390686035156 -6.889945030212402
endloop
endfacet
facet normal 0.7069548592874034 0.07006347345204027 -0.7037797500765158
outer loop
vertex -41.797664642333984 62.36390686035156 -6.889945030212402
vertex -42.84517288208008 62.03396224975586 -7.9750261306762695
vertex -41.88629913330078 63.34495162963867 -6.881313323974609
endloop
endfacet
facet normal 0.7069551386742248 0.07006704459244512 -0.7037791139016473
outer loop
vertex -41.88629913330078 63.34495162963867 -6.881313323974609
vertex -42.87318420410156 63.38344955444336 -7.868819236755371
vertex -41.929996490478516 63.49699783325195 -6.910070419311523
endloop
endfacet
facet normal 0.6782909591333105 0.2604678089495191 -0.687079249620486
outer loop
vertex -42.66000747680664 61.09220504760742 -8.04914379119873
vertex -42.78834533691406 61.513973236083984 -8.015950202941895
vertex -41.83196258544922 61.319156646728516 -7.145654201507568
endloop
endfacet
facet normal 0.7030740806669501 0.13183220087382921 -0.6987897451358923
outer loop
vertex -42.84517288208008 62.03396224975586 -7.9750261306762695
vertex -41.82012939453125 61.974945068359375 -6.954832077026367
vertex -42.78834533691406 61.513973236083984 -8.015950202941895
endloop
endfacet
facet normal 0.7053973571328114 0.12461111663330623 -0.6977726264059414
outer loop
vertex -41.84027099609375 61.62613296508789 -7.0374860763549805
vertex -42.78834533691406 61.513973236083984 -8.015950202941895
vertex -41.82012939453125 61.974945068359375 -6.954832077026367
endloop
endfacet
facet normal 0.6782890493135593 0.26047153594073896 -0.6870797221181688
outer loop
vertex -41.847900390625 61.4940299987793 -7.09509801864624
vertex -42.78834533691406 61.513973236083984 -8.015950202941895
vertex -41.84027099609375 61.62613296508789 -7.0374860763549805
endloop
endfacet
facet normal 0.6782918549511958 0.2604557703978353 -0.6870829288909279
outer loop
vertex -41.83196258544922 61.319156646728516 -7.145654201507568
vertex -42.78834533691406 61.513973236083984 -8.015950202941895
vertex -41.847900390625 61.4940299987793 -7.09509801864624
endloop
endfacet
facet normal 0.6583112944469048 0.31279996605219623 -0.6846768733069529
outer loop
vertex -42.87318420410156 63.38344955444336 -7.868819236755371
vertex -43.4571418762207 64.86820983886719 -7.751965522766113
vertex -42.69015121459961 65.28108215332031 -6.825886249542236
endloop
endfacet
facet normal 0.6583135683790233 0.31279890284753586 -0.6846751726661738
outer loop
vertex -42.87318420410156 63.38344955444336 -7.868819236755371
vertex -42.604122161865234 65.17008209228516 -6.793880462646484
vertex -42.15837097167969 64.29166412353516 -6.766603469848633
endloop
endfacet
facet normal 0.6583139658215471 0.31279840326309444 -0.6846750187646438
outer loop
vertex -41.929996490478516 63.49699783325195 -6.910070419311523
vertex -42.87318420410156 63.38344955444336 -7.868819236755371
vertex -42.15837097167969 64.29166412353516 -6.766603469848633
endloop
endfacet
facet normal 0.6583145705120391 0.3127983297351719 -0.6846744709469136
outer loop
vertex -42.87318420410156 63.38344955444336 -7.868819236755371
vertex -42.69015121459961 65.28108215332031 -6.825886249542236
vertex -42.604122161865234 65.17008209228516 -6.793880462646484
endloop
endfacet
facet normal 0.5160911639920406 0.5373578303689125 -0.6670056016185739
outer loop
vertex -43.4571418762207 64.86820983886719 -7.751965522766113
vertex -44.03896713256836 66.65272521972656 -6.764494895935059
vertex -43.94698715209961 66.59944152832031 -6.736252784729004
endloop
endfacet
facet normal 0.516093429881043 0.5373573357853846 -0.6670042468464907
outer loop
vertex -42.69015121459961 65.28108215332031 -6.825886249542236
vertex -43.4571418762207 64.86820983886719 -7.751965522766113
vertex -43.20754623413086 65.94865417480469 -6.6884050369262695
endloop
endfacet
facet normal 0.5160959721249255 0.5373574907701615 -0.6670021549212745
outer loop
vertex -44.56971740722656 66.05245208740234 -7.658763885498047
vertex -44.03896713256836 66.65272521972656 -6.764494895935059
vertex -43.4571418762207 64.86820983886719 -7.751965522766113
endloop
endfacet
facet normal 0.516092900826617 0.5373576286824301 -0.667004420235101
outer loop
vertex -43.20754623413086 65.94865417480469 -6.6884050369262695
vertex -43.4571418762207 64.86820983886719 -7.751965522766113
vertex -43.94698715209961 66.59944152832031 -6.736252784729004
endloop
endfacet
facet normal 0.35368847696059724 0.665888606223287 -0.6568841795684391
outer loop
vertex -44.56971740722656 66.05245208740234 -7.658763885498047
vertex -50.24987030029297 69.95323181152344 -6.762897968292236
vertex -50.12550735473633 70.10476684570312 -6.542324542999268
endloop
endfacet
facet normal 0.3536813074769435 0.6658806750662117 -0.656896079539805
outer loop
vertex -51.869266510009766 70.25596618652344 -7.327939987182617
vertex -61.55976104736328 76.72590637207031 -5.986995220184326
vertex -51.93776321411133 70.46524810791016 -7.152675151824951
endloop
endfacet
facet normal 0.35368530981701907 0.6658855120897571 -0.6568890213792594
outer loop
vertex -51.93776321411133 70.46524810791016 -7.152675151824951
vertex -61.55976104736328 76.72590637207031 -5.986995220184326
vertex -51.95697784423828 70.66033935546875 -6.96525764465332
endloop
endfacet
facet normal 0.3536851978961322 0.6658857582598092 -0.6568888320986533
outer loop
vertex -60.8439826965332 76.38788604736328 -5.944248199462891
vertex -51.93776321411133 70.85543060302734 -6.757148742675781
vertex -51.95697784423828 70.66033935546875 -6.96525764465332
endloop
endfacet
facet normal 0.35369252989450367 0.665894797555089 -0.6568757210354884
outer loop
vertex -51.95697784423828 70.66033935546875 -6.96525764465332
vertex -61.55976104736328 76.72590637207031 -5.986995220184326
vertex -60.8439826965332 76.38788604736328 -5.944248199462891
endloop
endfacet
facet normal 0.35368693563992043 0.6658880733945342 -0.6568855495963952
outer loop
vertex -51.93776321411133 70.85543060302734 -6.757148742675781
vertex -60.8439826965332 76.38788604736328 -5.944248199462891
vertex -51.880855560302734 71.04302215576172 -6.536345481872559
endloop
endfacet
facet normal 0.35369284806635054 0.6658966702265311 -0.656873651327203
outer loop
vertex -51.880855560302734 71.04302215576172 -6.536345481872559
vertex -60.8439826965332 76.38788604736328 -5.944248199462891
vertex -51.818607330322266 71.15947723388672 -6.384773254394531
endloop
endfacet
facet normal 0.35368564634327526 0.6658856452995221 -0.656888705150864
outer loop
vertex -51.869266510009766 70.25596618652344 -7.327939987182617
vertex -61.85542678833008 76.006591796875 -6.8753557205200195
vertex -61.55976104736328 76.72590637207031 -5.986995220184326
endloop
endfacet
facet normal 0.3536812687169324 0.6658808150660551 -0.6568959584939972
outer loop
vertex -44.56971740722656 66.05245208740234 -7.658763885498047
vertex -50.40140914916992 69.82886505126953 -6.970556259155273
vertex -50.24987030029297 69.95323181152344 -6.762897968292236
endloop
endfacet
facet normal 0.3536899289304674 0.6658913859563448 -0.6568805799247677
outer loop
vertex -44.56971740722656 66.05245208740234 -7.658763885498047
vertex -50.57429504394531 69.73645782470703 -7.15731954574585
vertex -50.40140914916992 69.82886505126953 -6.970556259155273
endloop
endfacet
facet normal 0.35369013461090165 0.6658901905200765 -0.6568816810111684
outer loop
vertex -44.56971740722656 66.05245208740234 -7.658763885498047
vertex -50.12550735473633 70.10476684570312 -6.542324542999268
vertex -50.0953483581543 70.16119384765625 -6.4688849449157715
endloop
endfacet
facet normal 0.3536867099725222 0.6658870429304412 -0.6568867156870855
outer loop
vertex -44.03896713256836 66.65272521972656 -6.764494895935059
vertex -44.56971740722656 66.05245208740234 -7.658763885498047
vertex -50.0953483581543 70.16119384765625 -6.4688849449157715
endloop
endfacet
facet normal 0.35368542801305114 0.6658852292528677 -0.6568892444499913
outer loop
vertex -44.56971740722656 66.05245208740234 -7.658763885498047
vertex -50.76188659667969 69.67955017089844 -7.316010475158691
vertex -50.57429504394531 69.73645782470703 -7.15731954574585
endloop
endfacet
facet normal 0.3536641898696483 0.6658237490038036 -0.6569629944421262
outer loop
vertex -61.55976104736328 76.72590637207031 -5.986995220184326
vertex -61.50215148925781 76.70875549316406 -5.973364353179932
vertex -60.8439826965332 76.38788604736328 -5.944248199462891
endloop
endfacet
facet normal 0.3536860523897528 0.6658861730132705 -0.6568879515828356
outer loop
vertex -44.56971740722656 66.05245208740234 -7.658763885498047
vertex -50.85275650024414 69.67060089111328 -7.374009132385254
vertex -50.76188659667969 69.67955017089844 -7.316010475158691
endloop
endfacet
facet normal 0.13708679758291298 0.7470295471058365 -0.6505029328752564
outer loop
vertex -61.85542678833008 76.006591796875 -6.8753557205200195
vertex -62.44622802734375 76.98985290527344 -5.870696067810059
vertex -61.55976104736328 76.72590637207031 -5.986995220184326
endloop
endfacet
facet normal 0.13708863940135957 0.7470340199989646 -0.650497408074214
outer loop
vertex -61.85542678833008 76.006591796875 -6.8753557205200195
vertex -63.431209564208984 76.3170394897461 -6.850923538208008
vertex -63.4263801574707 77.08783721923828 -5.964718341827393
endloop
endfacet
facet normal 0.13707983570689003 0.7470283121268539 -0.6505058182087812
outer loop
vertex -61.85542678833008 76.006591796875 -6.8753557205200195
vertex -63.4263801574707 77.08783721923828 -5.964718341827393
vertex -62.44622802734375 76.98985290527344 -5.870696067810059
endloop
endfacet
facet normal -0.13043825649103055 0.7483106201204095 -0.6503976299607713
outer loop
vertex -63.431209564208984 76.3170394897461 -6.850923538208008
vertex -65.29374694824219 76.74449157714844 -5.985586643218994
vertex -64.40742492675781 76.99920654296875 -5.870279312133789
endloop
endfacet
facet normal -0.13043980272719677 0.748308407794383 -0.6503998652280959
outer loop
vertex -63.431209564208984 76.3170394897461 -6.850923538208008
vertex -64.98394012451172 76.02650451660156 -6.873789310455322
vertex -65.29374694824219 76.74449157714844 -5.985586643218994
endloop
endfacet
facet normal -0.1302157896256107 0.748454708811521 -0.6502764004560215
outer loop
vertex -63.431209564208984 76.3170394897461 -6.850923538208008
vertex -64.40742492675781 76.99920654296875 -5.870279312133789
vertex -63.4263801574707 77.08783721923828 -5.964718341827393
endloop
endfacet
facet normal -0.37909887757470273 0.6505337971376413 -0.6580956008083345
outer loop
vertex -65.29374694824219 76.74449157714844 -5.985586643218994
vertex -64.98394012451172 76.02650451660156 -6.873789310455322
vertex -65.35414123535156 76.72713470458984 -5.967953681945801
endloop
endfacet
facet normal -0.37910786534841057 0.6505287739644998 -0.6580953887357182
outer loop
vertex -64.98394012451172 76.02650451660156 -6.873789310455322
vertex -66.23255157470703 76.28138732910156 -5.902551651000977
vertex -65.35414123535156 76.72713470458984 -5.967953681945801
endloop
endfacet
facet normal -0.3791091407211085 0.6505268759330911 -0.6580965302373469
outer loop
vertex -64.98394012451172 76.02650451660156 -6.873789310455322
vertex -66.91468048095703 75.7527084350586 -6.032196044921875
vertex -66.23255157470703 76.28138732910156 -5.902551651000977
endloop
endfacet
facet normal -0.3791093760500187 0.6505258574163028 -0.6580974014716588
outer loop
vertex -64.98394012451172 76.02650451660156 -6.873789310455322
vertex -66.27766418457031 75.20733642578125 -6.938258647918701
vertex -66.91468048095703 75.7527084350586 -6.032196044921875
endloop
endfacet
facet normal -0.6099920666123936 0.412024548489287 -0.6768644252079883
outer loop
vertex -66.91468048095703 75.7527084350586 -6.032196044921875
vertex -66.27766418457031 75.20733642578125 -6.938258647918701
vertex -67.01112365722656 75.6779556274414 -5.990785121917725
endloop
endfacet
facet normal -0.609982829203531 0.41203854790657796 -0.6768642279777346
outer loop
vertex -66.27766418457031 75.20733642578125 -6.938258647918701
vertex -67.66191101074219 74.93852233886719 -5.854429721832275
vertex -67.01112365722656 75.6779556274414 -5.990785121917725
endloop
endfacet
facet normal -0.6099831769185088 0.41203644808178763 -0.6768651928770955
outer loop
vertex -66.27766418457031 75.20733642578125 -6.938258647918701
vertex -77.45036315917969 58.04152297973633 -7.319106101989746
vertex -67.66191101074219 74.93852233886719 -5.854429721832275
endloop
endfacet
facet normal -0.6099850991891455 0.4120376446338238 -0.6768627321487123
outer loop
vertex -66.27766418457031 75.20733642578125 -6.938258647918701
vertex -77.70269012451172 57.52394104003906 -7.4067864418029785
vertex -77.45036315917969 58.04152297973633 -7.319106101989746
endloop
endfacet
facet normal -0.6099810173628057 0.41203514519172235 -0.676867932158019
outer loop
vertex -66.27766418457031 75.20733642578125 -6.938258647918701
vertex -76.80685424804688 57.30532455444336 -8.347177505493164
vertex -77.70269012451172 57.52394104003906 -7.4067864418029785
endloop
endfacet
facet normal -0.7036225790852352 0.12537186906528075 -0.6994263082330548
outer loop
vertex -76.80685424804688 57.30532455444336 -8.347177505493164
vertex -77.05213165283203 54.85127639770508 -8.540315628051758
vertex -78.06167602539062 54.63460922241211 -7.563551902770996
endloop
endfacet
facet normal -0.7036183103244166 0.12536842210132745 -0.6994312204327432
outer loop
vertex -76.80685424804688 57.30532455444336 -8.347177505493164
vertex -78.06167602539062 54.63460922241211 -7.563551902770996
vertex -78.15031433105469 55.45912551879883 -7.32659387588501
endloop
endfacet
facet normal -0.7036211454216099 0.12537218192320004 -0.6994276944155113
outer loop
vertex -76.80685424804688 57.30532455444336 -8.347177505493164
vertex -78.05232238769531 56.43927764892578 -7.249480724334717
vertex -77.77122497558594 57.38335418701172 -7.363038063049316
endloop
endfacet
facet normal -0.7036228568757221 0.12535903518262545 -0.6994283291232407
outer loop
vertex -76.80685424804688 57.30532455444336 -8.347177505493164
vertex -77.77122497558594 57.38335418701172 -7.363038063049316
vertex -77.70269012451172 57.52394104003906 -7.4067864418029785
endloop
endfacet
facet normal -0.7036212797602257 0.12537265356356692 -0.6994274747298764
outer loop
vertex -78.05232238769531 56.43927764892578 -7.249480724334717
vertex -76.80685424804688 57.30532455444336 -8.347177505493164
vertex -78.15031433105469 55.45912551879883 -7.32659387588501
endloop
endfacet
facet normal -0.6583119781055982 -0.20184452348258294 -0.7251786868233123
outer loop
vertex -78.06167602539062 54.63460922241211 -7.563551902770996
vertex -77.05213165283203 54.85127639770508 -8.540315628051758
vertex -78.06167602539062 54.478084564208984 -7.519985198974609
endloop
endfacet
facet normal -0.6583133345070497 -0.20184052808986663 -0.7251785675477544
outer loop
vertex -77.78960418701172 53.531368255615234 -7.503468990325928
vertex -78.06167602539062 54.478084564208984 -7.519985198974609
vertex -77.05213165283203 54.85127639770508 -8.540315628051758
endloop
endfacet
facet normal -0.6583138775366741 -0.20183996135338236 -0.72517823232878
outer loop
vertex -77.05213165283203 54.85127639770508 -8.540315628051758
vertex -77.40493774414062 52.77332305908203 -7.641679763793945
vertex -77.78960418701172 53.531368255615234 -7.503468990325928
endloop
endfacet
facet normal -0.6583084312582349 -0.20184269511784877 -0.7251824155079086
outer loop
vertex -77.05213165283203 54.85127639770508 -8.540315628051758
vertex -77.34385681152344 52.80948257446289 -7.707192420959473
vertex -77.40493774414062 52.77332305908203 -7.641679763793945
endloop
endfacet
facet normal -0.6583136115050802 -0.2018403073445485 -0.7251783775307953
outer loop
vertex -77.05213165283203 54.85127639770508 -8.540315628051758
vertex -76.49083709716797 53.42412567138672 -8.652634620666504
vertex -77.34385681152344 52.80948257446289 -7.707192420959473
endloop
endfacet
facet normal -0.51609056540571 -0.42640012830506396 -0.742854937979576
outer loop
vertex -76.00099182128906 51.38011932373047 -7.819685935974121
vertex -76.076416015625 51.289974212646484 -7.715542316436768
vertex -76.49083709716797 53.42412567138672 -8.652634620666504
endloop
endfacet
facet normal -0.5160956559071942 -0.42639994899331063 -0.7428515043077082
outer loop
vertex -76.49083709716797 53.42412567138672 -8.652634620666504
vertex -75.37698364257812 52.238525390625 -8.745944023132324
vertex -76.00099182128906 51.38011932373047 -7.819685935974121
endloop
endfacet
facet normal -0.5160962218429347 -0.42639917705769276 -0.7428515542179143
outer loop
vertex -76.49083709716797 53.42412567138672 -8.652634620666504
vertex -76.74043273925781 51.87438201904297 -7.589670181274414
vertex -77.34385681152344 52.652957916259766 -7.617346286773682
endloop
endfacet
facet normal -0.5160950011085108 -0.4263997355098133 -0.7428520817686166
outer loop
vertex -76.74043273925781 51.87438201904297 -7.589670181274414
vertex -76.49083709716797 53.42412567138672 -8.652634620666504
vertex -76.076416015625 51.289974212646484 -7.715542316436768
endloop
endfacet
facet normal -0.5363539946428743 -0.4201594289875205 -0.7319770806955039
outer loop
vertex -77.34385681152344 52.80948257446289 -7.707192420959473
vertex -77.34385681152344 52.652957916259766 -7.617346286773682
vertex -77.40493774414062 52.77332305908203 -7.641679763793945
endloop
endfacet
facet normal -0.5160942186310459 -0.42640148374807235 -0.742851621895687
outer loop
vertex -77.34385681152344 52.80948257446289 -7.707192420959473
vertex -76.49083709716797 53.42412567138672 -8.652634620666504
vertex -77.34385681152344 52.652957916259766 -7.617346286773682
endloop
endfacet
facet normal -0.3748528011942455 -0.5492273586274931 -0.7468833148302982
outer loop
vertex -76.076416015625 51.289974212646484 -7.715542316436768
vertex -76.00099182128906 51.38011932373047 -7.819685935974121
vertex -76.00099182128906 51.223594665527344 -7.704584121704102
endloop
endfacet
facet normal -0.3559424741315142 -0.5536252361924883 -0.7528639006885297
outer loop
vertex -76.00099182128906 51.38011932373047 -7.819685935974121
vertex -75.37698364257812 52.238525390625 -8.745944023132324
vertex -76.00099182128906 51.223594665527344 -7.704584121704102
endloop
endfacet
facet normal -0.35715353204418326 -0.5547302118550415 -0.7514757125839965
outer loop
vertex -61.828006744384766 43.00803756713867 -8.371526718139648
vertex -75.37698364257812 52.238525390625 -8.745944023132324
vertex -61.27783966064453 44.035587310791016 -9.391529083251953
endloop
endfacet
facet normal -0.35623676159308904 -0.5534406965933963 -0.7528603888131484
outer loop
vertex -75.37698364257812 52.238525390625 -8.745944023132324
vertex -61.828006744384766 43.00803756713867 -8.371526718139648
vertex -76.00099182128906 51.223594665527344 -7.704584121704102
endloop
endfacet
facet normal -0.33413347500367313 -0.5678431833010462 -0.7522691938797601
outer loop
vertex -61.828006744384766 43.00803756713867 -8.371526718139648
vertex -61.27783966064453 44.035587310791016 -9.391529083251953
vertex -61.115535736083984 43.949100494384766 -9.398335456848145
endloop
endfacet
facet normal -0.5288036938864161 -0.412887688210852 -0.7415459596383623
outer loop
vertex -60.66232681274414 43.57830810546875 -9.42751693725586
vertex -60.59489059448242 43.50263595581055 -9.433472633361816
vertex -61.4063606262207 42.71106719970703 -8.41406536102295
endloop
endfacet
facet normal -0.4496645727734158 -0.49088482203855466 -0.7462130148186092
outer loop
vertex -61.115535736083984 43.949100494384766 -9.398335456848145
vertex -61.530921936035156 42.81953430175781 -8.40495777130127
vertex -61.72836685180664 42.94821548461914 -8.37062931060791
endloop
endfacet
facet normal -0.3341418528168559 -0.5678374786776024 -0.7522697787397697
outer loop
vertex -61.756980895996094 42.96686553955078 -8.371996879577637
vertex -61.828006744384766 43.00803756713867 -8.371526718139648
vertex -61.115535736083984 43.949100494384766 -9.398335456848145
endloop
endfacet
facet normal -0.3341485432546745 -0.5678333000632543 -0.7522699611044251
outer loop
vertex -61.115535736083984 43.949100494384766 -9.398335456848145
vertex -61.72836685180664 42.94821548461914 -8.37062931060791
vertex -61.756980895996094 42.96686553955078 -8.371996879577637
endloop
endfacet
facet normal -0.4665758227173295 -0.4730537376527617 -0.7473467488043278
outer loop
vertex -61.530921936035156 42.81953430175781 -8.40495777130127
vertex -60.66232681274414 43.57830810546875 -9.42751693725586
vertex -61.4063606262207 42.71106719970703 -8.41406536102295
endloop
endfacet
facet normal -0.4496645122843177 -0.4908848564378095 -0.7462130286400378
outer loop
vertex -60.66232681274414 43.57830810546875 -9.42751693725586
vertex -61.530921936035156 42.81953430175781 -8.40495777130127
vertex -61.115535736083984 43.949100494384766 -9.398335456848145
endloop
endfacet
facet normal -0.6878328978516485 -0.12792612266269393 -0.7145073909859108
outer loop
vertex -60.734649658203125 41.844154357910156 -8.6354398727417
vertex -59.86458969116211 42.1971435546875 -9.53621768951416
vertex -60.591243743896484 41.44538497924805 -8.702095985412598
endloop
endfacet
facet normal -0.6848348204041385 -0.1260449487985701 -0.7177143858418872
outer loop
vertex -59.86458969116211 42.1971435546875 -9.53621768951416
vertex -59.674991607666016 41.48579025268555 -9.592202186584473
vertex -60.54496383666992 41.18441390991211 -8.70915699005127
endloop
endfacet
facet normal -0.646865875218863 -0.2468587138674513 -0.7215437026715998
outer loop
vertex -60.759056091308594 41.88728332519531 -8.628314971923828
vertex -59.86458969116211 42.1971435546875 -9.53621768951416
vertex -60.734649658203125 41.844154357910156 -8.6354398727417
endloop
endfacet
facet normal -0.7009197863229879 -0.10521245387171041 -0.7054373059962381
outer loop
vertex -59.86458969116211 42.1971435546875 -9.53621768951416
vertex -60.54496383666992 41.18441390991211 -8.70915699005127
vertex -60.591243743896484 41.44538497924805 -8.702095985412598
endloop
endfacet
facet normal -0.5479210314847092 -0.3929318045749816 -0.738503310899945
outer loop
vertex -60.59489059448242 43.50263595581055 -9.433472633361816
vertex -60.25615310668945 43.09115219116211 -9.46585750579834
vertex -61.12244415283203 42.43235397338867 -8.472602844238281
endloop
endfacet
facet normal -0.6251130049160405 -0.27776037843676743 -0.7294401300007438
outer loop
vertex -60.25615310668945 43.09115219116211 -9.46585750579834
vertex -59.979774475097656 42.575687408447266 -9.506425857543945
vertex -60.89168930053711 42.121681213378906 -8.552057266235352
endloop
endfacet
facet normal -0.6782894509062465 -0.14977746055776295 -0.7193678704933733
outer loop
vertex -59.979774475097656 42.575687408447266 -9.506425857543945
vertex -59.86458969116211 42.1971435546875 -9.53621768951416
vertex -60.89168930053711 42.121681213378906 -8.552057266235352
endloop
endfacet
facet normal -0.6782901204236595 -0.14977279188492698 -0.7193682112427903
outer loop
vertex -60.89168930053711 42.121681213378906 -8.552057266235352
vertex -59.86458969116211 42.1971435546875 -9.53621768951416
vertex -60.759056091308594 41.88728332519531 -8.628314971923828
endloop
endfacet
facet normal -0.5479243580705079 -0.39292919539100085 -0.7385022310341403
outer loop
vertex -61.211334228515625 42.54124069213867 -8.46458625793457
vertex -60.59489059448242 43.50263595581055 -9.433472633361816
vertex -61.12244415283203 42.43235397338867 -8.472602844238281
endloop
endfacet
facet normal -0.6251146193317444 -0.2777596025979072 -0.7294390419098645
outer loop
vertex -61.12244415283203 42.43235397338867 -8.472602844238281
vertex -60.25615310668945 43.09115219116211 -9.46585750579834
vertex -60.94334411621094 42.21297073364258 -8.542550086975098
endloop
endfacet
facet normal -0.5122425928210916 -0.4313217245272431 -0.7426769796154788
outer loop
vertex -60.59489059448242 43.50263595581055 -9.433472633361816
vertex -61.36605453491211 42.675968170166016 -8.421481132507324
vertex -61.4063606262207 42.71106719970703 -8.41406536102295
endloop
endfacet
facet normal -0.547912426052161 -0.3929399832603814 -0.7385053438757003
outer loop
vertex -61.211334228515625 42.54124069213867 -8.46458625793457
vertex -61.36605453491211 42.675968170166016 -8.421481132507324
vertex -60.59489059448242 43.50263595581055 -9.433472633361816
endloop
endfacet
facet normal -0.6251222958141078 -0.27775037369244127 -0.7294359774440854
outer loop
vertex -60.25615310668945 43.09115219116211 -9.46585750579834
vertex -60.89168930053711 42.121681213378906 -8.552057266235352
vertex -60.94334411621094 42.21297073364258 -8.542550086975098
endloop
endfacet
facet normal -0.6996189451972722 0.1577859728652247 -0.69687654450988
outer loop
vertex -59.594181060791016 40.2906379699707 -9.686262130737305
vertex -59.7186279296875 39.44485092163086 -9.752827644348145
vertex -60.69667434692383 39.368934631347656 -8.788121223449707
endloop
endfacet
facet normal -0.6976549432565086 0.15234550326770946 -0.700048875282195
outer loop
vertex -60.55146026611328 40.35530090332031 -8.718184471130371
vertex -59.594181060791016 40.2906379699707 -9.686262130737305
vertex -60.69667434692383 39.368934631347656 -8.788121223449707
endloop
endfacet
facet normal -0.7034216102337543 0.1067735357352524 -0.7027072294510319
outer loop
vertex -59.56251907348633 40.723350524902344 -9.652207374572754
vertex -59.594181060791016 40.2906379699707 -9.686262130737305
vertex -60.55146026611328 40.35530090332031 -8.718184471130371
endloop
endfacet
facet normal -0.7053980490929045 0.12460690564731276 -0.6977726788868464
outer loop
vertex -60.55146026611328 40.35530090332031 -8.718184471130371
vertex -60.514793395996094 40.604366302490234 -8.710774421691895
vertex -59.56251907348633 40.723350524902344 -9.652207374572754
endloop
endfacet
facet normal -0.7053979371251035 -0.013914265623907865 -0.7086749208994177
outer loop
vertex -59.6199836730957 41.30501937866211 -9.606429100036621
vertex -59.56251907348633 40.723350524902344 -9.652207374572754
vertex -60.517250061035156 41.02812957763672 -8.70787525177002
endloop
endfacet
facet normal -0.6782883075147916 -0.1497855401070896 -0.7193672663275325
outer loop
vertex -59.674991607666016 41.48579025268555 -9.592202186584473
vertex -59.6199836730957 41.30501937866211 -9.606429100036621
vertex -60.54496383666992 41.18441390991211 -8.70915699005127
endloop
endfacet
facet normal -0.682077805937988 -0.12685883998092107 -0.7201921280918832
outer loop
vertex -60.54496383666992 41.18441390991211 -8.70915699005127
vertex -59.6199836730957 41.30501937866211 -9.606429100036621
vertex -60.517250061035156 41.02812957763672 -8.70787525177002
endloop
endfacet
facet normal -0.7053984573838122 -0.01391770940549768 -0.7086743354217383
outer loop
vertex -60.517250061035156 41.02812957763672 -8.70787525177002
vertex -59.56251907348633 40.723350524902344 -9.652207374572754
vertex -60.51504898071289 40.648616790771484 -8.70261287689209
endloop
endfacet
facet normal -0.7053976532486927 0.12462224139733448 -0.6977703402555467
outer loop
vertex -60.514793395996094 40.604366302490234 -8.710774421691895
vertex -60.51504898071289 40.648616790771484 -8.70261287689209
vertex -59.56251907348633 40.723350524902344 -9.652207374572754
endloop
endfacet
facet normal -0.699621317085704 -0.0468190201670042 -0.7129782549488213
outer loop
vertex -59.7186279296875 39.44485092163086 -9.752827644348145
vertex -59.47154998779297 37.765472412109375 -9.884997367858887
vertex -60.434486389160156 37.4266242980957 -8.91784954071045
endloop
endfacet
facet normal -0.6996260930228066 -0.04682058758555221 -0.712973465522937
outer loop
vertex -60.7199821472168 39.21059799194336 -8.754850387573242
vertex -60.47040557861328 37.41627883911133 -8.881922721862793
vertex -60.669559478759766 38.22676467895508 -8.739721298217773
endloop
endfacet
facet normal -0.699619653441386 -0.0468294570181344 -0.7129792019925557
outer loop
vertex -60.69667434692383 39.368934631347656 -8.788121223449707
vertex -59.7186279296875 39.44485092163086 -9.752827644348145
vertex -60.7199821472168 39.21059799194336 -8.754850387573242
endloop
endfacet
facet normal -0.6996212226016549 -0.046819090136783634 -0.7129783430680973
outer loop
vertex -60.434486389160156 37.4266242980957 -8.91784954071045
vertex -60.7199821472168 39.21059799194336 -8.754850387573242
vertex -59.7186279296875 39.44485092163086 -9.752827644348145
endloop
endfacet
facet normal -0.699632673655784 -0.04682196663191464 -0.7129669174610973
outer loop
vertex -60.434486389160156 37.4266242980957 -8.91784954071045
vertex -60.47040557861328 37.41627883911133 -8.881922721862793
vertex -60.7199821472168 39.21059799194336 -8.754850387573242
endloop
endfacet
facet normal -0.6610636534970242 -0.2081817792045963 -0.7208711346921688
outer loop
vertex -60.434486389160156 37.4266242980957 -8.91784954071045
vertex -60.434486389160156 37.27009582519531 -8.872645378112793
vertex -60.47040557861328 37.41627883911133 -8.881922721862793
endloop
endfacet
facet normal -0.6555233524275009 -0.20866144908336487 -0.7257751263915295
outer loop
vertex -60.434486389160156 37.4266242980957 -8.91784954071045
vertex -59.47154998779297 37.765472412109375 -9.884997367858887
vertex -60.1070556640625 36.53548049926758 -8.957381248474121
endloop
endfacet
facet normal -0.6568451571589486 -0.20920715513697236 -0.7244217043658554
outer loop
vertex -60.434486389160156 37.4266242980957 -8.91784954071045
vertex -60.1070556640625 36.53548049926758 -8.957381248474121
vertex -60.434486389160156 37.27009582519531 -8.872645378112793
endloop
endfacet
facet normal -0.6547739760272656 -0.2093985705164107 -0.7262391334699125
outer loop
vertex -59.47154998779297 37.765472412109375 -9.884997367858887
vertex -59.15951156616211 36.99897003173828 -9.945322036743164
vertex -60.1070556640625 36.53548049926758 -8.957381248474121
endloop
endfacet
facet normal -0.7068366224934055 0.03074170300241219 -0.7067085232248345
outer loop
vertex -59.83534622192383 35.56297302246094 -9.184639930725098
vertex -58.96059036254883 35.52842712402344 -10.061057090759277
vertex -59.82651138305664 35.498817443847656 -9.196267127990723
endloop
endfacet
facet normal -0.7022358883625675 0.13807543053023696 -0.6984267553434113
outer loop
vertex -58.96059036254883 35.52842712402344 -10.061057090759277
vertex -59.84044647216797 35.075279235839844 -9.265987396240234
vertex -59.82651138305664 35.498817443847656 -9.196267127990723
endloop
endfacet
facet normal -0.7162021129109265 0.24229461766094645 -0.6544828887866054
outer loop
vertex -58.96059036254883 35.52842712402344 -10.061057090759277
vertex -59.853973388671875 35.00942611694336 -9.275564193725586
vertex -59.84044647216797 35.075279235839844 -9.265987396240234
endloop
endfacet
facet normal -0.6979721596884926 0.13790812591324556 -0.7027205796807704
outer loop
vertex -58.96059036254883 35.52842712402344 -10.061057090759277
vertex -59.0258903503418 34.976661682128906 -10.10448169708252
vertex -59.853973388671875 35.00942611694336 -9.275564193725586
endloop
endfacet
facet normal -0.6784632360856725 -0.14713535631254826 -0.7197491397722797
outer loop
vertex -59.15951156616211 36.99897003173828 -9.945322036743164
vertex -58.997459411621094 36.45943832397461 -9.987784385681152
vertex -60.1070556640625 36.53548049926758 -8.957381248474121
endloop
endfacet
facet normal -0.705397604720034 -0.013918839948941579 -0.7086751619393151
outer loop
vertex -58.997459411621094 36.45943832397461 -9.987784385681152
vertex -58.93999099731445 35.877769470214844 -10.033562660217285
vertex -59.868656158447266 35.80490493774414 -9.10776138305664
endloop
endfacet
facet normal -0.7064963654873797 0.0968352000771695 -0.7010605035081761
outer loop
vertex -58.93999099731445 35.877769470214844 -10.033562660217285
vertex -58.96059036254883 35.52842712402344 -10.061057090759277
vertex -59.868656158447266 35.80490493774414 -9.10776138305664
endloop
endfacet
facet normal -0.6995226563309258 0.12714562527624723 -0.7032083924789561
outer loop
vertex -58.96059036254883 35.52842712402344 -10.061057090759277
vertex -59.83534622192383 35.56297302246094 -9.184639930725098
vertex -59.868656158447266 35.80490493774414 -9.10776138305664
endloop
endfacet
facet normal -0.7054016763574815 -0.013908250989616995 -0.7086713170056091
outer loop
vertex -58.997459411621094 36.45943832397461 -9.987784385681152
vertex -59.868656158447266 35.80490493774414 -9.10776138305664
vertex -59.88431167602539 35.91862487792969 -9.094409942626953
endloop
endfacet
facet normal -0.7053992143810772 -0.01391608247308383 -0.7086736138725368
outer loop
vertex -59.88431167602539 35.91862487792969 -9.094409942626953
vertex -59.96983337402344 36.18882751464844 -9.014589309692383
vertex -58.997459411621094 36.45943832397461 -9.987784385681152
endloop
endfacet
facet normal -0.6782894753952087 -0.1497834242216739 -0.7193666057001273
outer loop
vertex -58.997459411621094 36.45943832397461 -9.987784385681152
vertex -59.96983337402344 36.18882751464844 -9.014589309692383
vertex -60.01218795776367 36.3226432800293 -9.00251579284668
endloop
endfacet
facet normal -0.6782894790641426 -0.14978340336605775 -0.7193666065831628
outer loop
vertex -60.1070556640625 36.53548049926758 -8.957381248474121
vertex -58.997459411621094 36.45943832397461 -9.987784385681152
vertex -60.01218795776367 36.3226432800293 -9.00251579284668
endloop
endfacet
facet normal -0.32754195582599877 0.6802185212622813 -0.655758362894012
outer loop
vertex -60.610687255859375 32.683631896972656 -10.284947395324707
vertex -61.99243927001953 31.963659286499023 -10.341609954833984
vertex -61.654296875 32.95668411254883 -9.48044204711914
endloop
endfacet
facet normal -0.3275404956756625 0.6802185924753417 -0.6557590183469889
outer loop
vertex -61.654296875 32.95668411254883 -9.48044204711914
vertex -61.99243927001953 31.963659286499023 -10.341609954833984
vertex -62.4638786315918 32.59128952026367 -9.455093383789062
endloop
endfacet
facet normal -0.32754129103934737 0.6802193888529503 -0.6557577949920201
outer loop
vertex -60.610687255859375 32.683631896972656 -10.284947395324707
vertex -61.654296875 32.95668411254883 -9.48044204711914
vertex -61.27009582519531 33.10155487060547 -9.522069931030273
endloop
endfacet
facet normal -0.34341022424252954 0.6663338070714965 -0.6618675663902118
outer loop
vertex -60.95453643798828 33.282081604003906 -9.504053115844727
vertex -60.610687255859375 32.683631896972656 -10.284947395324707
vertex -61.27009582519531 33.10155487060547 -9.522069931030273
endloop
endfacet
facet normal -0.449667145391782 0.601572315960534 -0.6602349634979092
outer loop
vertex -59.881263732910156 33.217742919921875 -10.242911338806152
vertex -60.763450622558594 33.4264030456543 -9.451958656311035
vertex -60.575260162353516 33.581520080566406 -9.43879508972168
endloop
endfacet
facet normal -0.6782887359431036 0.26046526955114585 -0.6870824070301578
outer loop
vertex -59.0627555847168 34.74433517456055 -10.12276554107666
vertex -60.011539459228516 34.44041061401367 -9.301339149475098
vertex -59.925716400146484 34.66017532348633 -9.302753448486328
endloop
endfacet
facet normal -0.6782887145586223 0.2604703054130492 -0.687080519080875
outer loop
vertex -59.0627555847168 34.74433517456055 -10.12276554107666
vertex -59.232948303222656 34.185020446777344 -10.16678524017334
vertex -60.011539459228516 34.44041061401367 -9.301339149475098
endloop
endfacet
facet normal -0.5479189716644962 0.5036242504154582 -0.6679426733512308
outer loop
vertex -59.50932312011719 33.6695556640625 -10.207353591918945
vertex -59.881263732910156 33.217742919921875 -10.242911338806152
vertex -60.4525032043457 33.723838806152344 -9.392725944519043
endloop
endfacet
facet normal -0.3281571683495616 0.6743456283707685 -0.6614913804109853
outer loop
vertex -60.763450622558594 33.4264030456543 -9.451958656311035
vertex -60.610687255859375 32.683631896972656 -10.284947395324707
vertex -60.90226745605469 33.31198501586914 -9.499734878540039
endloop
endfacet
facet normal -0.6944549192263682 0.1653071558302781 -0.7002898752613825
outer loop
vertex -59.0258903503418 34.976661682128906 -10.10448169708252
vertex -59.0627555847168 34.74433517456055 -10.12276554107666
vertex -59.853973388671875 35.00942611694336 -9.275564193725586
endloop
endfacet
facet normal -0.33050738657814205 0.6732224715576891 -0.6614653212429529
outer loop
vertex -60.610687255859375 32.683631896972656 -10.284947395324707
vertex -60.95453643798828 33.282081604003906 -9.504053115844727
vertex -60.90226745605469 33.31198501586914 -9.499734878540039
endloop
endfacet
facet normal -0.449663060073197 0.6015769423046926 -0.6602335305730427
outer loop
vertex -60.4525032043457 33.723838806152344 -9.392725944519043
vertex -59.881263732910156 33.217742919921875 -10.242911338806152
vertex -60.575260162353516 33.581520080566406 -9.43879508972168
endloop
endfacet
facet normal -0.44966688154163936 0.6015727193667281 -0.6602347756354078
outer loop
vertex -59.881263732910156 33.217742919921875 -10.242911338806152
vertex -60.334468841552734 32.84695053100586 -10.272093772888184
vertex -60.763450622558594 33.4264030456543 -9.451958656311035
endloop
endfacet
facet normal -0.36097057312248004 0.6621856614915379 -0.6566661214457791
outer loop
vertex -60.334468841552734 32.84695053100586 -10.272093772888184
vertex -60.610687255859375 32.683631896972656 -10.284947395324707
vertex -60.763450622558594 33.4264030456543 -9.451958656311035
endloop
endfacet
facet normal -0.5479171895697581 0.5036285461059856 -0.6679408962783675
outer loop
vertex -59.50932312011719 33.6695556640625 -10.207353591918945
vertex -60.4525032043457 33.723838806152344 -9.392725944519043
vertex -60.29847717285156 33.902408599853516 -9.384432792663574
endloop
endfacet
facet normal -0.5479216389528755 0.5036209115468524 -0.66794300282278
outer loop
vertex -60.20066833496094 34.06483459472656 -9.342199325561523
vertex -59.50932312011719 33.6695556640625 -10.207353591918945
vertex -60.29847717285156 33.902408599853516 -9.384432792663574
endloop
endfacet
facet normal -0.7053970309116337 0.12460684312752286 -0.6977737193581058
outer loop
vertex -59.853973388671875 35.00942611694336 -9.275564193725586
vertex -59.0627555847168 34.74433517456055 -10.12276554107666
vertex -59.888362884521484 34.842010498046875 -9.270695686340332
endloop
endfacet
facet normal -0.678288008293548 0.2604706377570326 -0.6870810903173049
outer loop
vertex -59.925716400146484 34.66017532348633 -9.302753448486328
vertex -59.888362884521484 34.842010498046875 -9.270695686340332
vertex -59.0627555847168 34.74433517456055 -10.12276554107666
endloop
endfacet
facet normal -0.625115384525318 0.38844792016983054 -0.6770073628443761
outer loop
vertex -59.232948303222656 34.185020446777344 -10.16678524017334
vertex -59.50932312011719 33.6695556640625 -10.207353591918945
vertex -60.20066833496094 34.06483459472656 -9.342199325561523
endloop
endfacet
facet normal -0.6251152635017756 0.3884485130827824 -0.6770071343943732
outer loop
vertex -59.232948303222656 34.185020446777344 -10.16678524017334
vertex -60.20066833496094 34.06483459472656 -9.342199325561523
vertex -60.07986831665039 34.265438079833984 -9.338639259338379
endloop
endfacet
facet normal -0.6251185252601635 0.3884390515690554 -0.677009551330475
outer loop
vertex -60.011539459228516 34.44041061401367 -9.301339149475098
vertex -59.232948303222656 34.185020446777344 -10.16678524017334
vertex -60.07986831665039 34.265438079833984 -9.338639259338379
endloop
endfacet
facet normal -0.4609755309045293 0.5900187067961864 -0.6628570626747845
outer loop
vertex -63.213924407958984 30.91676139831543 -10.424002647399902
vertex -63.94648361206055 31.373422622680664 -9.508072853088379
vertex -61.99243927001953 31.963659286499023 -10.341609954833984
endloop
endfacet
facet normal -0.4609756957963652 0.5900159528166954 -0.6628593993501669
outer loop
vertex -61.99243927001953 31.963659286499023 -10.341609954833984
vertex -63.94648361206055 31.373422622680664 -9.508072853088379
vertex -63.35740661621094 31.984172821044922 -9.374104499816895
endloop
endfacet
facet normal -0.46097493735602657 0.5900177057426018 -0.6628583665006
outer loop
vertex -61.99243927001953 31.963659286499023 -10.341609954833984
vertex -63.35740661621094 31.984172821044922 -9.374104499816895
vertex -62.5521240234375 32.55146026611328 -9.429177284240723
endloop
endfacet
facet normal -0.4609729018729974 0.5900194420788772 -0.6628582365089223
outer loop
vertex -61.99243927001953 31.963659286499023 -10.341609954833984
vertex -62.5521240234375 32.55146026611328 -9.429177284240723
vertex -62.4638786315918 32.59128952026367 -9.455093383789062
endloop
endfacet
facet normal -0.6548754462979898 0.32137194849783685 -0.6840016232105831
outer loop
vertex -64.04124450683594 31.275182723999023 -9.463510513305664
vertex -63.213924407958984 30.91676139831543 -10.424002647399902
vertex -64.5790786743164 30.449939727783203 -9.336311340332031
endloop
endfacet
facet normal -0.654875296208777 0.32138011513103293 -0.6839979298315387
outer loop
vertex -63.213924407958984 30.91676139831543 -10.424002647399902
vertex -64.95162200927734 29.538066864013672 -9.40807819366455
vertex -64.5790786743164 30.449939727783203 -9.336311340332031
endloop
endfacet
facet normal -0.6548749857186072 0.32137918149295036 -0.6839986657757275
outer loop
vertex -63.213924407958984 30.91676139831543 -10.424002647399902
vertex -65.11463928222656 28.725997924804688 -9.63355541229248
vertex -64.95162200927734 29.538066864013672 -9.40807819366455
endloop
endfacet
facet normal -0.6548731654003898 0.3213765226066743 -0.684001657860356
outer loop
vertex -64.15479278564453 28.613780975341797 -10.60525131225586
vertex -65.11463928222656 28.725997924804688 -9.63355541229248
vertex -63.213924407958984 30.91676139831543 -10.424002647399902
endloop
endfacet
facet normal -0.6548612355877038 0.32140260685391714 -0.6840008234147471
outer loop
vertex -63.94648361206055 31.373422622680664 -9.508072853088379
vertex -63.213924407958984 30.91676139831543 -10.424002647399902
vertex -64.04124450683594 31.275182723999023 -9.463510513305664
endloop
endfacet
facet normal -0.7071060170141157 0.0556723367371782 -0.704912527640597
outer loop
vertex -65.11463928222656 28.725997924804688 -9.63355541229248
vertex -64.15479278564453 28.613780975341797 -10.60525131225586
vertex -65.14549255371094 28.572296142578125 -9.614745140075684
endloop
endfacet
facet normal -0.7071059078422768 0.05567823183973919 -0.7049121715460372
outer loop
vertex -64.15479278564453 28.613780975341797 -10.60525131225586
vertex -65.17394256591797 -71.7923812866211 -17.51361656188965
vertex -65.14549255371094 28.572296142578125 -9.614745140075684
endloop
endfacet
facet normal -0.7071068963188956 0.05567817396448193 -0.7049111845631616
outer loop
vertex -65.17394256591797 -71.7923812866211 -17.51361656188965
vertex -64.15479278564453 28.613780975341797 -10.60525131225586
vertex -64.1832046508789 -71.60472869873047 -18.492618560791016
endloop
endfacet
facet normal -0.6897631353850847 -0.099695371468892 -0.7171385151917424
outer loop
vertex -65.03675079345703 -73.14652252197266 -17.457317352294922
vertex -64.1832046508789 -71.60472869873047 -18.492618560791016
vertex -64.87823486328125 -73.68961334228516 -17.534282684326172
endloop
endfacet
facet normal -0.6897560359825671 -0.09970054619676672 -0.7171446241265997
outer loop
vertex -64.1832046508789 -71.60472869873047 -18.492618560791016
vertex -64.71676635742188 -74.0792465209961 -17.63541603088379
vertex -64.87823486328125 -73.68961334228516 -17.534282684326172
endloop
endfacet
facet normal -0.6898102516432361 -0.09967215809129078 -0.7170964214311211
outer loop
vertex -64.66165161132812 -74.05573272705078 -17.691701889038086
vertex -64.71676635742188 -74.0792465209961 -17.63541603088379
vertex -64.1832046508789 -71.60472869873047 -18.492618560791016
endloop
endfacet
facet normal -0.6897598225952624 -0.09969900576726533 -0.7171411962663774
outer loop
vertex -65.13532257080078 -72.58942413330078 -17.439958572387695
vertex -64.1832046508789 -71.60472869873047 -18.492618560791016
vertex -65.03675079345703 -73.14652252197266 -17.457317352294922
endloop
endfacet
facet normal -0.6897618428933975 -0.09969522429021949 -0.7171397788032867
outer loop
vertex -64.1832046508789 -71.60472869873047 -18.492618560791016
vertex -65.17398834228516 -71.94891357421875 -17.491811752319336
vertex -65.17394256591797 -71.7923812866211 -17.51361656188965
endloop
endfacet
facet normal -0.6897617247585652 -0.09969570174793554 -0.7171398260528248
outer loop
vertex -64.1832046508789 -71.60472869873047 -18.492618560791016
vertex -65.13532257080078 -72.58942413330078 -17.439958572387695
vertex -65.17398834228516 -71.94891357421875 -17.491811752319336
endloop
endfacet
facet normal -0.689760906946606 -0.09969620780781888 -0.7171405422906557
outer loop
vertex -64.66165161132812 -74.05573272705078 -17.691701889038086
vertex -64.1832046508789 -71.60472869873047 -18.492618560791016
vertex -63.7441520690918 -73.54432678222656 -18.645267486572266
endloop
endfacet
facet normal -0.557072003033359 -0.37869003573898463 -0.7390971791776829
outer loop
vertex -64.66165161132812 -74.05573272705078 -17.691701889038086
vertex -63.7441520690918 -73.54432678222656 -18.645267486572266
vertex -64.66165161132812 -74.2122573852539 -17.61150360107422
endloop
endfacet
facet normal -0.5570724209874073 -0.3786897566880007 -0.7390970071342542
outer loop
vertex -64.38955688476562 -74.70828247070312 -17.56243896484375
vertex -63.7441520690918 -73.54432678222656 -18.645267486572266
vertex -64.06517791748047 -75.17180633544922 -17.569435119628906
endloop
endfacet
facet normal -0.5570718682151753 -0.3786902267392222 -0.7390971829302632
outer loop
vertex -64.66165161132812 -74.2122573852539 -17.61150360107422
vertex -63.7441520690918 -73.54432678222656 -18.645267486572266
vertex -64.38955688476562 -74.70828247070312 -17.56243896484375
endloop
endfacet
facet normal -0.5570711868582429 -0.37869039785527153 -0.7390976088072296
outer loop
vertex -63.275508880615234 -75.82331085205078 -17.830812454223633
vertex -64.06517791748047 -75.17180633544922 -17.569435119628906
vertex -63.7441520690918 -73.54432678222656 -18.645267486572266
endloop
endfacet
facet normal -0.5570675268203429 -0.37868342072169314 -0.7391039422386975
outer loop
vertex -64.06517791748047 -75.17180633544922 -17.569435119628906
vertex -63.275508880615234 -75.82331085205078 -17.830812454223633
vertex -63.353851318359375 -75.90795135498047 -17.7283992767334
endloop
endfacet
facet normal -0.557070428668958 -0.37868710461856975 -0.7390998676080166
outer loop
vertex -64.06517791748047 -75.17180633544922 -17.569435119628906
vertex -63.353851318359375 -75.90795135498047 -17.7283992767334
vertex -63.692359924316406 -75.59733581542969 -17.632408142089844
endloop
endfacet
facet normal -0.5570732468427665 -0.3786902868998752 -0.7390961130054388
outer loop
vertex -63.275508880615234 -75.82331085205078 -17.830812454223633
vertex -63.7441520690918 -73.54432678222656 -18.645267486572266
vertex -62.630062103271484 -74.9649887084961 -18.757078170776367
endloop
endfacet
facet normal -0.5812715575343139 -0.3710499900311885 -0.7241859438704177
outer loop
vertex -64.66165161132812 -74.05573272705078 -17.691701889038086
vertex -64.66165161132812 -74.2122573852539 -17.61150360107422
vertex -64.71676635742188 -74.0792465209961 -17.63541603088379
endloop
endfacet
facet normal -0.32120287261654745 -0.5725206950865588 -0.7543532119110261
outer loop
vertex -62.630062103271484 -74.9649887084961 -18.757078170776367
vertex -61.034278869628906 -75.77616119384766 -18.8209171295166
vertex -61.27309799194336 -76.8411865234375 -17.910921096801758
endloop
endfacet
facet normal -0.32121085717635484 -0.5725238550060424 -0.7543474137829674
outer loop
vertex -62.630062103271484 -74.9649887084961 -18.757078170776367
vertex -61.27309799194336 -76.8411865234375 -17.910921096801758
vertex -61.32142639160156 -76.98239135742188 -17.783172607421875
endloop
endfacet
facet normal -0.3212092012280531 -0.5725196628114585 -0.754351300615761
outer loop
vertex -63.275508880615234 -75.82331085205078 -17.830812454223633
vertex -62.630062103271484 -74.9649887084961 -18.757078170776367
vertex -62.81956481933594 -76.31478881835938 -17.651947021484375
endloop
endfacet
facet normal -0.3212056071869376 -0.5725207467880687 -0.7543520082885065
outer loop
vertex -62.81956481933594 -76.31478881835938 -17.651947021484375
vertex -62.630062103271484 -74.9649887084961 -18.757078170776367
vertex -62.32992935180664 -76.59821319580078 -17.645328521728516
endloop
endfacet
facet normal -0.3211989570743743 -0.5725212119166824 -0.7543544868825183
outer loop
vertex -62.32992935180664 -76.59821319580078 -17.645328521728516
vertex -62.630062103271484 -74.9649887084961 -18.757078170776367
vertex -61.81239700317383 -76.82675170898438 -17.69223976135254
endloop
endfacet
facet normal -0.36187858373087367 -0.5635651277779515 -0.7425888750779656
outer loop
vertex -63.275508880615234 -75.82331085205078 -17.830812454223633
vertex -63.275508880615234 -75.97984313964844 -17.712017059326172
vertex -63.353851318359375 -75.90795135498047 -17.7283992767334
endloop
endfacet
facet normal -0.32118743677056044 -0.5725064844317221 -0.754370569245903
outer loop
vertex -63.275508880615234 -75.97984313964844 -17.712017059326172
vertex -63.275508880615234 -75.82331085205078 -17.830812454223633
vertex -62.81956481933594 -76.31478881835938 -17.651947021484375
endloop
endfacet
facet normal -0.32120543009499064 -0.5725220950310517 -0.7543510604345615
outer loop
vertex -62.630062103271484 -74.9649887084961 -18.757078170776367
vertex -61.32142639160156 -76.98239135742188 -17.783172607421875
vertex -61.81239700317383 -76.82675170898438 -17.69223976135254
endloop
endfacet
facet normal -0.16583546269749916 -0.6297852023158993 -0.7588604603323512
outer loop
vertex -61.32142639160156 -76.98239135742188 -17.783172607421875
vertex -61.27309799194336 -76.8411865234375 -17.910921096801758
vertex -61.28993225097656 -76.99237823486328 -17.781766891479492
endloop
endfacet
facet normal -0.0012187115161078966 -0.6494514376764946 -0.7604020941858161
outer loop
vertex 33.7398681640625 -77.16094970703125 -17.790082931518555
vertex -36.565101623535156 -75.81820678710938 -18.82422637939453
vertex 33.7398681640625 -77.00442504882812 -17.923768997192383
endloop
endfacet
facet normal -0.001218800340155778 -0.6494542429920535 -0.7603996980439627
outer loop
vertex 33.7398681640625 -77.16094970703125 -17.790082931518555
vertex -61.034278869628906 -75.77616119384766 -18.8209171295166
vertex -36.565101623535156 -75.81820678710938 -18.82422637939453
endloop
endfacet
facet normal -0.0012186085420382423 -0.6494477351789981 -0.7604052565994605
outer loop
vertex -36.565101623535156 -75.81820678710938 -18.82422637939453
vertex 33.6207389831543 -75.93878936767578 -18.833717346191406
vertex 33.7398681640625 -77.00442504882812 -17.923768997192383
endloop
endfacet
facet normal -0.001213541710885686 -0.6494400641927078 -0.7604118162797626
outer loop
vertex -61.28993225097656 -76.99237823486328 -17.781766891479492
vertex -61.27309799194336 -76.8411865234375 -17.910921096801758
vertex -60.718414306640625 -77.10906219482422 -17.68302345275879
endloop
endfacet
facet normal -0.001218586840152771 -0.649445310515846 -0.7604073274864527
outer loop
vertex -60.15491485595703 -77.15948486328125 -17.6408634185791
vertex -61.034278869628906 -75.77616119384766 -18.8209171295166
vertex 33.7398681640625 -77.16094970703125 -17.790082931518555
endloop
endfacet
facet normal -0.001218361935356477 -0.6494458411642874 -0.7604068746326573
outer loop
vertex -61.27309799194336 -76.8411865234375 -17.910921096801758
vertex -61.034278869628906 -75.77616119384766 -18.8209171295166
vertex -60.718414306640625 -77.10906219482422 -17.68302345275879
endloop
endfacet
facet normal -0.0012210197985140095 -0.6494462033179705 -0.760406561062255
outer loop
vertex -60.718414306640625 -77.10906219482422 -17.68302345275879
vertex -61.034278869628906 -75.77616119384766 -18.8209171295166
vertex -60.15491485595703 -77.15948486328125 -17.6408634185791
endloop
endfacet
facet normal 0 -1 0
outer loop
vertex 14.51183032989502 -76.16348266601562 -4.375974655151367
vertex 14.62601089477539 -76.16348266601562 -9.949999809265137
vertex 14.62601089477539 -76.16348266601562 -4.949999809265137
endloop
endfacet
facet normal 0 -1 0
outer loop
vertex 14.186671257019043 -76.16348266601562 -3.8893399238586426
vertex 14.51183032989502 -76.16348266601562 -10.524024963378906
vertex 14.51183032989502 -76.16348266601562 -4.375974655151367
endloop
endfacet
facet normal 0 -1 0
outer loop
vertex 0.551986038684845 -76.16348266601562 -11.335819244384766
vertex 1.1260111331939697 -76.16348266601562 -11.449999809265137
vertex 0.551986038684845 -76.16348266601562 -3.564180612564087
endloop
endfacet
facet normal 0 -1 0
outer loop
vertex 1.1260111331939697 -76.16348266601562 -11.449999809265137
vertex 2.3760111331939697 -76.16348266601562 -8.199999809265137
vertex 1.1260111331939697 -76.16348266601562 -3.450000047683716
endloop
endfacet
facet normal 0 -1 0
outer loop
vertex 11.799890518188477 -76.16348266601562 -8.582683563232422
vertex 13.12601089477539 -76.16348266601562 -11.449999809265137
vertex 11.87601089477539 -76.16348266601562 -8.199999809265137
endloop
endfacet
facet normal 0 -1 0
outer loop
vertex 1.1260111331939697 -76.16348266601562 -11.449999809265137
vertex 2.452131748199463 -76.16348266601562 -8.582683563232422
vertex 2.3760111331939697 -76.16348266601562 -8.199999809265137
endloop
endfacet
facet normal 0 -1 0
outer loop
vertex 11.583118438720703 -76.16348266601562 -8.907106399536133
vertex 13.12601089477539 -76.16348266601562 -11.449999809265137
vertex 11.799890518188477 -76.16348266601562 -8.582683563232422
endloop
endfacet
facet normal 0 -1 0
outer loop
vertex 11.258694648742676 -76.16348266601562 -9.123879432678223
vertex 13.12601089477539 -76.16348266601562 -11.449999809265137
vertex 11.583118438720703 -76.16348266601562 -8.907106399536133
endloop
endfacet
facet normal 0 -1 0
outer loop
vertex 10.87601089477539 -76.16348266601562 -9.199999809265137
vertex 13.12601089477539 -76.16348266601562 -11.449999809265137
vertex 11.258694648742676 -76.16348266601562 -9.123879432678223
endloop
endfacet
facet normal -0.9807853253427457 0 0.1950900960897925
outer loop
vertex 14.62601089477539 -76.16348266601562 -9.949999809265137
vertex 14.51183032989502 -77.16065216064453 -10.524024963378906
vertex 14.62601089477539 -77.16065216064453 -9.949999809265137
endloop
endfacet
facet normal -0.9807853253427457 0 0.1950900960897925
outer loop
vertex 14.51183032989502 -76.16348266601562 -10.524024963378906
vertex 14.51183032989502 -77.16065216064453 -10.524024963378906
vertex 14.62601089477539 -76.16348266601562 -9.949999809265137
endloop
endfacet
facet normal -0.8314697525217962 0 0.5555700231666056
outer loop
vertex 14.51183032989502 -76.16348266601562 -10.524024963378906
vertex 14.186671257019043 -77.16064453125 -11.010660171508789
vertex 14.51183032989502 -77.16065216064453 -10.524024963378906
endloop
endfacet
facet normal -0.8314697525217963 0 0.5555700231666056
outer loop
vertex 14.186671257019043 -76.16348266601562 -11.010660171508789
vertex 14.186671257019043 -77.16064453125 -11.010660171508789
vertex 14.51183032989502 -76.16348266601562 -10.524024963378906
endloop
endfacet
facet normal -0.5555700231666056 0 0.8314697525217963
outer loop
vertex 14.186671257019043 -76.16348266601562 -11.010660171508789
vertex 13.70003604888916 -77.16063690185547 -11.335819244384766
vertex 14.186671257019043 -77.16064453125 -11.010660171508789
endloop
endfacet
facet normal -0.5555700231666056 0 0.8314697525217963
outer loop
vertex 13.70003604888916 -76.16348266601562 -11.335819244384766
vertex 13.70003604888916 -77.16063690185547 -11.335819244384766
vertex 14.186671257019043 -76.16348266601562 -11.010660171508789
endloop
endfacet
facet normal -0.1950900960897925 0 0.9807853253427458
outer loop
vertex 13.70003604888916 -76.16348266601562 -11.335819244384766
vertex 13.12601089477539 -77.16062927246094 -11.449999809265137
vertex 13.70003604888916 -77.16063690185547 -11.335819244384766
endloop
endfacet
facet normal -0.19509009608979253 0 0.9807853253427458
outer loop
vertex 13.12601089477539 -76.16348266601562 -11.449999809265137
vertex 13.12601089477539 -77.16062927246094 -11.449999809265137
vertex 13.70003604888916 -76.16348266601562 -11.335819244384766
endloop
endfacet
facet normal 0 -1 0
outer loop
vertex 3.3760111331939697 -76.16348266601562 -9.199999809265137
vertex 1.1260111331939697 -76.16348266601562 -11.449999809265137
vertex 10.87601089477539 -76.16348266601562 -9.199999809265137
endloop
endfacet
facet normal 0 -1 0
outer loop
vertex 2.9933278560638428 -76.16348266601562 -9.123879432678223
vertex 1.1260111331939697 -76.16348266601562 -11.449999809265137
vertex 3.3760111331939697 -76.16348266601562 -9.199999809265137
endloop
endfacet
facet normal 0 -1 0
outer loop
vertex 1.1260111331939697 -76.16348266601562 -11.449999809265137
vertex 2.6689043045043945 -76.16348266601562 -8.907106399536133
vertex 2.452131748199463 -76.16348266601562 -8.582683563232422
endloop
endfacet
facet normal 0 -1 0
outer loop
vertex 1.1260111331939697 -76.16348266601562 -11.449999809265137
vertex 2.9933278560638428 -76.16348266601562 -9.123879432678223
vertex 2.6689043045043945 -76.16348266601562 -8.907106399536133
endloop
endfacet
facet normal 0 -1 0
outer loop
vertex 1.1260111331939697 -76.16348266601562 -11.449999809265137
vertex 13.12601089477539 -76.16348266601562 -11.449999809265137
vertex 10.87601089477539 -76.16348266601562 -9.199999809265137
endloop
endfacet
facet normal 0 0 1
outer loop
vertex 13.12601089477539 -76.16348266601562 -11.449999809265137
vertex 1.1260111331939697 -77.16043853759766 -11.449999809265137
vertex 13.12601089477539 -77.16062927246094 -11.449999809265137
endloop
endfacet
facet normal 0 0 1
outer loop
vertex 1.1260111331939697 -76.16348266601562 -11.449999809265137
vertex 1.1260111331939697 -77.16043853759766 -11.449999809265137
vertex 13.12601089477539 -76.16348266601562 -11.449999809265137
endloop
endfacet
facet normal 0.5555701642999497 0 0.831469658219545
outer loop
vertex 0.06535100936889648 -76.16348266601562 -11.010660171508789
vertex 0.06535100936889648 -77.1604232788086 -11.010660171508789
vertex 0.551986038684845 -76.16348266601562 -11.335819244384766
endloop
endfacet
facet normal 0.5555701642999497 0 0.8314696582195449
outer loop
vertex 0.06535100936889648 -77.1604232788086 -11.010660171508789
vertex 0.551986038684845 -77.16043090820312 -11.335819244384766
vertex 0.551986038684845 -76.16348266601562 -11.335819244384766
endloop
endfacet
facet normal 0.19509011557622616 0 0.9807853214666574
outer loop
vertex 0.551986038684845 -77.16043090820312 -11.335819244384766
vertex 1.1260111331939697 -76.16348266601562 -11.449999809265137
vertex 0.551986038684845 -76.16348266601562 -11.335819244384766
endloop
endfacet
facet normal 0.1950901155762262 0 0.9807853214666574
outer loop
vertex 0.551986038684845 -77.16043090820312 -11.335819244384766
vertex 1.1260111331939697 -77.16043853759766 -11.449999809265137
vertex 1.1260111331939697 -76.16348266601562 -11.449999809265137
endloop
endfacet
facet normal -1 0 0
outer loop
vertex 14.62601089477539 -76.16348266601562 -9.949999809265137
vertex 14.62601089477539 -77.16065216064453 -9.949999809265137
vertex 14.62601089477539 -76.16348266601562 -4.949999809265137
endloop
endfacet
facet normal 0 -1 0
outer loop
vertex 11.87601089477539 -76.16348266601562 -8.199999809265137
vertex 13.12601089477539 -76.16348266601562 -11.449999809265137
vertex 11.87601089477539 -76.16348266601562 -6.699999809265137
endloop
endfacet
facet normal 0 -1 0
outer loop
vertex 13.12601089477539 -76.16348266601562 -11.449999809265137
vertex 13.70003604888916 -76.16348266601562 -11.335819244384766
vertex 13.12601089477539 -76.16348266601562 -3.450000047683716
endloop
endfacet
facet normal 0 -1 0
outer loop
vertex 13.70003604888916 -76.16348266601562 -11.335819244384766
vertex 14.186671257019043 -76.16348266601562 -11.010660171508789
vertex 13.70003604888916 -76.16348266601562 -3.564180612564087
endloop
endfacet
facet normal 0 -1 0
outer loop
vertex 11.87601089477539 -76.16348266601562 -6.699999809265137
vertex 13.12601089477539 -76.16348266601562 -11.449999809265137
vertex 13.12601089477539 -76.16348266601562 -3.450000047683716
endloop
endfacet
facet normal 0.8314697054773573 0 0.5555700935736163
outer loop
vertex -0.25980812311172485 -77.16041564941406 -10.524024963378906
vertex 0.06535100936889648 -77.1604232788086 -11.010660171508789
vertex 0.06535100936889648 -76.16348266601562 -11.010660171508789
endloop
endfacet
facet normal 0 -1 0
outer loop
vertex 0.06535100936889648 -76.16348266601562 -3.8893399238586426
vertex 0.551986038684845 -76.16348266601562 -11.335819244384766
vertex 0.551986038684845 -76.16348266601562 -3.564180612564087
endloop
endfacet
facet normal 0.8314697054773573 0 0.5555700935736163
outer loop
vertex -0.25980812311172485 -77.16041564941406 -10.524024963378906
vertex 0.06535100936889648 -76.16348266601562 -11.010660171508789
vertex -0.25980812311172485 -76.16348266601562 -10.524024963378906
endloop
endfacet
facet normal 0 -1 0
outer loop
vertex 0.551986038684845 -76.16348266601562 -3.564180612564087
vertex 1.1260111331939697 -76.16348266601562 -11.449999809265137
vertex 1.1260111331939697 -76.16348266601562 -3.450000047683716
endloop
endfacet
facet normal 0 -1 0
outer loop
vertex 1.1260111331939697 -76.16348266601562 -3.450000047683716
vertex 2.3760111331939697 -76.16348266601562 -8.199999809265137
vertex 2.3760111331939697 -76.16348266601562 -6.699999809265137
endloop
endfacet
facet normal 0.9807852863698642 0 0.19509029201983277
outer loop
vertex -0.3739888072013855 -77.16041564941406 -9.949999809265137
vertex -0.25980812311172485 -77.16041564941406 -10.524024963378906
vertex -0.25980812311172485 -76.16348266601562 -10.524024963378906
endloop
endfacet
facet normal 0.9807852863698642 0 0.19509029201983277
outer loop
vertex -0.3739888072013855 -77.16041564941406 -9.949999809265137
vertex -0.25980812311172485 -76.16348266601562 -10.524024963378906
vertex -0.3739888072013855 -76.16348266601562 -9.949999809265137
endloop
endfacet
facet normal 1 0 0
outer loop
vertex -0.3739888072013855 -77.16041564941406 -4.949999809265137
vertex -0.3739888072013855 -77.16041564941406 -9.949999809265137
vertex -0.3739888072013855 -76.16348266601562 -9.949999809265137
endloop
endfacet
facet normal 0 -1 0
outer loop
vertex 1.1260111331939697 -76.16348266601562 -3.450000047683716
vertex 2.3760111331939697 -76.16348266601562 -6.699999809265137
vertex 2.452131748199463 -76.16348266601562 -6.31731653213501
endloop
endfacet
facet normal 0 -1 0
outer loop
vertex -0.25980812311172485 -76.16348266601562 -10.524024963378906
vertex 0.06535100936889648 -76.16348266601562 -11.010660171508789
vertex -0.25980812311172485 -76.16348266601562 -4.375974655151367
endloop
endfacet
facet normal 0 -1 0
outer loop
vertex -0.3739888072013855 -76.16348266601562 -9.949999809265137
vertex -0.25980812311172485 -76.16348266601562 -10.524024963378906
vertex -0.3739888072013855 -76.16348266601562 -4.949999809265137
endloop
endfacet
facet normal 0 -1 0
outer loop
vertex -0.3739888072013855 -76.16348266601562 -4.949999809265137
vertex -0.25980812311172485 -76.16348266601562 -10.524024963378906
vertex -0.25980812311172485 -76.16348266601562 -4.375974655151367
endloop
endfacet
facet normal 0 -1 0
outer loop
vertex 1.1260111331939697 -76.16348266601562 -3.450000047683716
vertex 2.452131748199463 -76.16348266601562 -6.31731653213501
vertex 2.6689043045043945 -76.16348266601562 -5.992893218994141
endloop
endfacet
facet normal 0 -1 0
outer loop
vertex 1.1260111331939697 -76.16348266601562 -3.450000047683716
vertex 2.6689043045043945 -76.16348266601562 -5.992893218994141
vertex 2.9933278560638428 -76.16348266601562 -5.776120662689209
endloop
endfacet
facet normal 0 -1 0
outer loop
vertex 1.1260111331939697 -76.16348266601562 -3.450000047683716
vertex 2.9933278560638428 -76.16348266601562 -5.776120662689209
vertex 3.3760111331939697 -76.16348266601562 -5.699999809265137
endloop
endfacet
facet normal 1 0 0
outer loop
vertex -0.3739888072013855 -77.16041564941406 -4.949999809265137
vertex -0.3739888072013855 -76.16348266601562 -9.949999809265137
vertex -0.3739888072013855 -76.16348266601562 -4.949999809265137
endloop
endfacet
facet normal 0 -1 0
outer loop
vertex 0.06535100936889648 -76.16348266601562 -11.010660171508789
vertex 0.06535100936889648 -76.16348266601562 -3.8893399238586426
vertex -0.25980812311172485 -76.16348266601562 -4.375974655151367
endloop
endfacet
facet normal 0 -1 0
outer loop
vertex 3.3760111331939697 -76.16348266601562 -5.699999809265137
vertex 10.87601089477539 -76.16348266601562 -5.699999809265137
vertex 13.12601089477539 -76.16348266601562 -3.450000047683716
endloop
endfacet
facet normal 0.9807852863698642 0 -0.19509029201983277
outer loop
vertex -0.25980812311172485 -77.16041564941406 -4.375974655151367
vertex -0.3739888072013855 -77.16041564941406 -4.949999809265137
vertex -0.3739888072013855 -76.16348266601562 -4.949999809265137
endloop
endfacet
facet normal -1 0 0
outer loop
vertex 14.62601089477539 -76.16348266601562 -4.949999809265137
vertex 14.62601089477539 -77.16065216064453 -9.949999809265137
vertex 14.62601089477539 -77.16065216064453 -4.949999809265137
endloop
endfacet
facet normal 0.9807852863698642 0 -0.19509029201983277
outer loop
vertex -0.25980812311172485 -77.16041564941406 -4.375974655151367
vertex -0.3739888072013855 -76.16348266601562 -4.949999809265137
vertex -0.25980812311172485 -76.16348266601562 -4.375974655151367
endloop
endfacet
facet normal 0.8314694540044777 0 -0.5555704699293292
outer loop
vertex 0.06535100936889648 -77.1604232788086 -3.8893399238586426
vertex -0.25980812311172485 -77.16041564941406 -4.375974655151367
vertex -0.25980812311172485 -76.16348266601562 -4.375974655151367
endloop
endfacet
facet normal 0.8314694540044778 0 -0.5555704699293292
outer loop
vertex 0.06535100936889648 -77.1604232788086 -3.8893399238586426
vertex -0.25980812311172485 -76.16348266601562 -4.375974655151367
vertex 0.06535100936889648 -76.16348266601562 -3.8893399238586426
endloop
endfacet
facet normal -0.1950900960897925 0 -0.9807853253427458
outer loop
vertex 13.12601089477539 -76.16348266601562 -3.450000047683716
vertex 13.70003604888916 -76.16348266601562 -3.564180612564087
vertex 13.70003604888916 -77.16063690185547 -3.564180612564087
endloop
endfacet
facet normal -0.19509009608979253 0 -0.9807853253427458
outer loop
vertex 13.70003604888916 -77.16063690185547 -3.564180612564087
vertex 13.12601089477539 -77.16062927246094 -3.450000047683716
vertex 13.12601089477539 -76.16348266601562 -3.450000047683716
endloop
endfacet
facet normal -0.5555703047945764 0 -0.8314695643440363
outer loop
vertex 13.70003604888916 -76.16348266601562 -3.564180612564087
vertex 14.186671257019043 -77.16064453125 -3.8893399238586426
vertex 13.70003604888916 -77.16063690185547 -3.564180612564087
endloop
endfacet
facet normal -0.5555703047945764 0 -0.8314695643440363
outer loop
vertex 13.70003604888916 -76.16348266601562 -3.564180612564087
vertex 14.186671257019043 -76.16348266601562 -3.8893399238586426
vertex 14.186671257019043 -77.16064453125 -3.8893399238586426
endloop
endfacet
facet normal -0.8314695010489662 0 -0.5555703995223135
outer loop
vertex 14.186671257019043 -76.16348266601562 -3.8893399238586426
vertex 14.51183032989502 -77.16065216064453 -4.375974655151367
vertex 14.186671257019043 -77.16064453125 -3.8893399238586426
endloop
endfacet
facet normal -0.8314695010489663 0 -0.5555703995223136
outer loop
vertex 14.186671257019043 -76.16348266601562 -3.8893399238586426
vertex 14.51183032989502 -76.16348266601562 -4.375974655151367
vertex 14.51183032989502 -77.16065216064453 -4.375974655151367
endloop
endfacet
facet normal -0.9807853253427457 0 -0.1950900960897925
outer loop
vertex 14.51183032989502 -76.16348266601562 -4.375974655151367
vertex 14.62601089477539 -77.16065216064453 -4.949999809265137
vertex 14.51183032989502 -77.16065216064453 -4.375974655151367
endloop
endfacet
facet normal 0 0 -1
outer loop
vertex 13.12601089477539 -77.16062927246094 -3.450000047683716
vertex 1.1260111331939697 -76.16348266601562 -3.450000047683716
vertex 13.12601089477539 -76.16348266601562 -3.450000047683716
endloop
endfacet
facet normal 0 0 -1
outer loop
vertex 1.1260111331939697 -76.16348266601562 -3.450000047683716
vertex 13.12601089477539 -77.16062927246094 -3.450000047683716
vertex 1.1260111331939697 -77.16043853759766 -3.450000047683716
endloop
endfacet
facet normal 0.1950901155762262 0 -0.9807853214666574
outer loop
vertex 1.1260111331939697 -77.16043853759766 -3.450000047683716
vertex 0.551986038684845 -76.16348266601562 -3.564180612564087
vertex 1.1260111331939697 -76.16348266601562 -3.450000047683716
endloop
endfacet
facet normal 0.19509011557622616 0 -0.9807853214666574
outer loop
vertex 1.1260111331939697 -77.16043853759766 -3.450000047683716
vertex 0.551986038684845 -77.16043090820312 -3.564180612564087
vertex 0.551986038684845 -76.16348266601562 -3.564180612564087
endloop
endfacet
facet normal 0 -1 0
outer loop
vertex 1.1260111331939697 -76.16348266601562 -3.450000047683716
vertex 3.3760111331939697 -76.16348266601562 -5.699999809265137
vertex 13.12601089477539 -76.16348266601562 -3.450000047683716
endloop
endfacet
facet normal 0.555570445927928 0 -0.8314694700417107
outer loop
vertex 0.551986038684845 -77.16043090820312 -3.564180612564087
vertex 0.06535100936889648 -76.16348266601562 -3.8893399238586426
vertex 0.551986038684845 -76.16348266601562 -3.564180612564087
endloop
endfacet
facet normal 0.555570445927928 0 -0.8314694700417108
outer loop
vertex 0.551986038684845 -77.16043090820312 -3.564180612564087
vertex 0.06535100936889648 -77.1604232788086 -3.8893399238586426
vertex 0.06535100936889648 -76.16348266601562 -3.8893399238586426
endloop
endfacet
facet normal 0 -1 0
outer loop
vertex 14.186671257019043 -76.16348266601562 -11.010660171508789
vertex 14.51183032989502 -76.16348266601562 -10.524024963378906
vertex 14.186671257019043 -76.16348266601562 -3.8893399238586426
endloop
endfacet
facet normal 0 -1 0
outer loop
vertex 14.51183032989502 -76.16348266601562 -10.524024963378906
vertex 14.62601089477539 -76.16348266601562 -9.949999809265137
vertex 14.51183032989502 -76.16348266601562 -4.375974655151367
endloop
endfacet
facet normal -0.9807853253427457 0 -0.1950900960897925
outer loop
vertex 14.62601089477539 -76.16348266601562 -4.949999809265137
vertex 14.62601089477539 -77.16065216064453 -4.949999809265137
vertex 14.51183032989502 -76.16348266601562 -4.375974655151367
endloop
endfacet
facet normal 0 -1 0
outer loop
vertex 13.12601089477539 -76.16348266601562 -3.450000047683716
vertex 10.87601089477539 -76.16348266601562 -5.699999809265137
vertex 11.258694648742676 -76.16348266601562 -5.776120662689209
endloop
endfacet
facet normal 0 -1 0
outer loop
vertex 11.258694648742676 -76.16348266601562 -5.776120662689209
vertex 11.583118438720703 -76.16348266601562 -5.992893218994141
vertex 13.12601089477539 -76.16348266601562 -3.450000047683716
endloop
endfacet
facet normal 0 -1 0
outer loop
vertex 11.583118438720703 -76.16348266601562 -5.992893218994141
vertex 11.799890518188477 -76.16348266601562 -6.31731653213501
vertex 13.12601089477539 -76.16348266601562 -3.450000047683716
endloop
endfacet
facet normal 0 -1 0
outer loop
vertex 11.87601089477539 -76.16348266601562 -6.699999809265137
vertex 13.12601089477539 -76.16348266601562 -3.450000047683716
vertex 11.799890518188477 -76.16348266601562 -6.31731653213501
endloop
endfacet
facet normal 0 -1 0
outer loop
vertex 13.70003604888916 -76.16348266601562 -3.564180612564087
vertex 14.186671257019043 -76.16348266601562 -11.010660171508789
vertex 14.186671257019043 -76.16348266601562 -3.8893399238586426
endloop
endfacet
facet normal 0 -1 0
outer loop
vertex 13.12601089477539 -76.16348266601562 -3.450000047683716
vertex 13.70003604888916 -76.16348266601562 -11.335819244384766
vertex 13.70003604888916 -76.16348266601562 -3.564180612564087
endloop
endfacet
facet normal 0 -1 0
outer loop
vertex 0.06535100936889648 -76.16348266601562 -3.8893399238586426
vertex 0.06535100936889648 -76.16348266601562 -11.010660171508789
vertex 0.551986038684845 -76.16348266601562 -11.335819244384766
endloop
endfacet
facet normal -1 0 0
outer loop
vertex 11.87601089477539 -74.96348571777344 -6.699999809265137
vertex 11.87601089477539 -76.16348266601562 -8.199999809265137
vertex 11.87601089477539 -76.16348266601562 -6.699999809265137
endloop
endfacet
facet normal -0.5555693651831525 0 -0.8314701921716671
outer loop
vertex 11.258694648742676 -74.96348571777344 -5.776120662689209
vertex 11.583118438720703 -76.16348266601562 -5.992893218994141
vertex 11.258694648742676 -76.16348266601562 -5.776120662689209
endloop
endfacet
facet normal -0.9807853098383859 0 -0.19509017403555012
outer loop
vertex 11.87601089477539 -74.96348571777344 -6.699999809265137
vertex 11.87601089477539 -76.16348266601562 -6.699999809265137
vertex 11.799890518188477 -74.96348571777344 -6.31731653213501
endloop
endfacet
facet normal -0.9807853098383859 0 -0.19509017403555012
outer loop
vertex 11.799890518188477 -74.96348571777344 -6.31731653213501
vertex 11.87601089477539 -76.16348266601562 -6.699999809265137
vertex 11.799890518188477 -76.16348266601562 -6.31731653213501
endloop
endfacet
facet normal -1 0 0
outer loop
vertex 11.87601089477539 -74.96348571777344 -8.199999809265137
vertex 11.87601089477539 -76.16348266601562 -8.199999809265137
vertex 11.87601089477539 -74.96348571777344 -6.699999809265137
endloop
endfacet
facet normal -0.9807853563514094 0 0.19508994019846038
outer loop
vertex 11.87601089477539 -74.96348571777344 -8.199999809265137
vertex 11.799890518188477 -76.16348266601562 -8.582683563232422
vertex 11.87601089477539 -76.16348266601562 -8.199999809265137
endloop
endfacet
facet normal -0.9807853563514094 0 0.19508994019846038
outer loop
vertex 11.799890518188477 -74.96348571777344 -8.582683563232422
vertex 11.799890518188477 -76.16348266601562 -8.582683563232422
vertex 11.87601089477539 -74.96348571777344 -8.199999809265137
endloop
endfacet
facet normal -0.8314700022881474 0 0.5555696493644593
outer loop
vertex 11.583118438720703 -74.96348571777344 -8.907106399536133
vertex 11.583118438720703 -76.16348266601562 -8.907106399536133
vertex 11.799890518188477 -74.96348571777344 -8.582683563232422
endloop
endfacet
facet normal -0.8314700022881474 0 0.5555696493644593
outer loop
vertex 11.583118438720703 -76.16348266601562 -8.907106399536133
vertex 11.799890518188477 -76.16348266601562 -8.582683563232422
vertex 11.799890518188477 -74.96348571777344 -8.582683563232422
endloop
endfacet
facet normal -0.5555693651831525 0 -0.8314701921716671
outer loop
vertex 11.258694648742676 -74.96348571777344 -5.776120662689209
vertex 11.583118438720703 -74.96348571777344 -5.992893218994141
vertex 11.583118438720703 -76.16348266601562 -5.992893218994141
endloop
endfacet
facet normal -0.8314703794967792 0 -0.5555690848305744
outer loop
vertex 11.799890518188477 -74.96348571777344 -6.31731653213501
vertex 11.799890518188477 -76.16348266601562 -6.31731653213501
vertex 11.583118438720703 -74.96348571777344 -5.992893218994141
endloop
endfacet
facet normal -0.8314703794967792 0 -0.5555690848305744
outer loop
vertex 11.583118438720703 -74.96348571777344 -5.992893218994141
vertex 11.799890518188477 -76.16348266601562 -6.31731653213501
vertex 11.583118438720703 -76.16348266601562 -5.992893218994141
endloop
endfacet
facet normal -0.5555702100670032 0 0.8314696276389812
outer loop
vertex 11.258694648742676 -74.96348571777344 -9.123879432678223
vertex 11.258694648742676 -76.16348266601562 -9.123879432678223
vertex 11.583118438720703 -74.96348571777344 -8.907106399536133
endloop
endfacet
facet normal -0.5555702100670032 0 0.8314696276389812
outer loop
vertex 11.258694648742676 -76.16348266601562 -9.123879432678223
vertex 11.583118438720703 -76.16348266601562 -8.907106399536133
vertex 11.583118438720703 -74.96348571777344 -8.907106399536133
endloop
endfacet
facet normal -0.19508994019846038 0 0.9807853563514094
outer loop
vertex 11.258694648742676 -74.96348571777344 -9.123879432678223
vertex 10.87601089477539 -76.16348266601562 -9.199999809265137
vertex 11.258694648742676 -76.16348266601562 -9.123879432678223
endloop
endfacet
facet normal -0.19508994019846038 0 0.9807853563514094
outer loop
vertex 10.87601089477539 -74.96348571777344 -9.199999809265137
vertex 10.87601089477539 -76.16348266601562 -9.199999809265137
vertex 11.258694648742676 -74.96348571777344 -9.123879432678223
endloop
endfacet
facet normal 1 0 0
outer loop
vertex 2.3760111331939697 -76.16348266601562 -6.699999809265137
vertex 2.3760111331939697 -74.96348571777344 -8.199999809265137
vertex 2.3760111331939697 -74.96348571777344 -6.699999809265137
endloop
endfacet
facet normal 1 0 0
outer loop
vertex 2.3760111331939697 -76.16348266601562 -8.199999809265137
vertex 2.3760111331939697 -74.96348571777344 -8.199999809265137
vertex 2.3760111331939697 -76.16348266601562 -6.699999809265137
endloop
endfacet
facet normal 0 0 1
outer loop
vertex 10.87601089477539 -74.96348571777344 -9.199999809265137
vertex 3.3760111331939697 -76.16348266601562 -9.199999809265137
vertex 10.87601089477539 -76.16348266601562 -9.199999809265137
endloop
endfacet
facet normal 0 0 1
outer loop
vertex 3.3760111331939697 -74.96348571777344 -9.199999809265137
vertex 3.3760111331939697 -76.16348266601562 -9.199999809265137
vertex 10.87601089477539 -74.96348571777344 -9.199999809265137
endloop
endfacet
facet normal 0.831469437753771 0 0.5555704942502148
outer loop
vertex 2.452131748199463 -74.96348571777344 -8.582683563232422
vertex 2.452131748199463 -76.16348266601562 -8.582683563232422
vertex 2.6689043045043945 -74.96348571777344 -8.907106399536133
endloop
endfacet
facet normal 0.831469437753771 0 0.5555704942502148
outer loop
vertex 2.452131748199463 -76.16348266601562 -8.582683563232422
vertex 2.6689043045043945 -76.16348266601562 -8.907106399536133
vertex 2.6689043045043945 -74.96348571777344 -8.907106399536133
endloop
endfacet
facet normal 0.9807852394328397 0 0.19509052798807858
outer loop
vertex 2.3760111331939697 -76.16348266601562 -8.199999809265137
vertex 2.452131748199463 -74.96348571777344 -8.582683563232422
vertex 2.3760111331939697 -74.96348571777344 -8.199999809265137
endloop
endfacet
facet normal 0.9807852394328397 0 0.19509052798807858
outer loop
vertex 2.452131748199463 -76.16348266601562 -8.582683563232422
vertex 2.452131748199463 -74.96348571777344 -8.582683563232422
vertex 2.3760111331939697 -76.16348266601562 -8.199999809265137
endloop
endfacet
facet normal 0.5555704923334804 0 0.8314694390344928
outer loop
vertex 2.6689043045043945 -76.16348266601562 -8.907106399536133
vertex 2.9933278560638428 -74.96348571777344 -9.123879432678223
vertex 2.6689043045043945 -74.96348571777344 -8.907106399536133
endloop
endfacet
facet normal 0.5555704923334804 0 0.8314694390344928
outer loop
vertex 2.6689043045043945 -76.16348266601562 -8.907106399536133
vertex 2.9933278560638428 -76.16348266601562 -9.123879432678223
vertex 2.9933278560638428 -74.96348571777344 -9.123879432678223
endloop
endfacet
facet normal 0.19509017403555012 0 0.9807853098383859
outer loop
vertex 2.9933278560638428 -76.16348266601562 -9.123879432678223
vertex 3.3760111331939697 -74.96348571777344 -9.199999809265137
vertex 2.9933278560638428 -74.96348571777344 -9.123879432678223
endloop
endfacet
facet normal 0.19509017403555012 0 0.9807853098383859
outer loop
vertex 3.3760111331939697 -76.16348266601562 -9.199999809265137
vertex 3.3760111331939697 -74.96348571777344 -9.199999809265137
vertex 2.9933278560638428 -76.16348266601562 -9.123879432678223
endloop
endfacet
facet normal 0 0 -1
outer loop
vertex 10.87601089477539 -76.16348266601562 -5.699999809265137
vertex 3.3760111331939697 -74.96348571777344 -5.699999809265137
vertex 10.87601089477539 -74.96348571777344 -5.699999809265137
endloop
endfacet
facet normal 0 0 -1
outer loop
vertex 3.3760111331939697 -74.96348571777344 -5.699999809265137
vertex 10.87601089477539 -76.16348266601562 -5.699999809265137
vertex 3.3760111331939697 -76.16348266601562 -5.699999809265137
endloop
endfacet
facet normal 0.19509134961587388 0 -0.9807850760003728
outer loop
vertex 3.3760111331939697 -76.16348266601562 -5.699999809265137
vertex 2.9933278560638428 -74.96348571777344 -5.776120662689209
vertex 3.3760111331939697 -74.96348571777344 -5.699999809265137
endloop
endfacet
facet normal 0.19509134961587388 0 -0.9807850760003728
outer loop
vertex 2.9933278560638428 -76.16348266601562 -5.776120662689209
vertex 2.9933278560638428 -74.96348571777344 -5.776120662689209
vertex 3.3760111331939697 -76.16348266601562 -5.699999809265137
endloop
endfacet
facet normal 0.5555696474495838 0 -0.8314700035676242
outer loop
vertex 2.9933278560638428 -76.16348266601562 -5.776120662689209
vertex 2.6689043045043945 -74.96348571777344 -5.992893218994141
vertex 2.9933278560638428 -74.96348571777344 -5.776120662689209
endloop
endfacet
facet normal 0.5555696474495838 0 -0.8314700035676242
outer loop
vertex 2.6689043045043945 -76.16348266601562 -5.992893218994141
vertex 2.6689043045043945 -74.96348571777344 -5.992893218994141
vertex 2.9933278560638428 -76.16348266601562 -5.776120662689209
endloop
endfacet
facet normal 0.831469814963294 0 -0.555569929716238
outer loop
vertex 2.6689043045043945 -76.16348266601562 -5.992893218994141
vertex 2.452131748199463 -74.96348571777344 -6.31731653213501
vertex 2.6689043045043945 -74.96348571777344 -5.992893218994141
endloop
endfacet
facet normal 0.831469814963294 0 -0.555569929716238
outer loop
vertex 2.452131748199463 -76.16348266601562 -6.31731653213501
vertex 2.452131748199463 -74.96348571777344 -6.31731653213501
vertex 2.6689043045043945 -76.16348266601562 -5.992893218994141
endloop
endfacet
facet normal 0.9807851929195415 0 -0.1950907618258171
outer loop
vertex 2.452131748199463 -76.16348266601562 -6.31731653213501
vertex 2.3760111331939697 -74.96348571777344 -6.699999809265137
vertex 2.452131748199463 -74.96348571777344 -6.31731653213501
endloop
endfacet
facet normal 0.9807851929195415 0 -0.1950907618258171
outer loop
vertex 2.3760111331939697 -76.16348266601562 -6.699999809265137
vertex 2.3760111331939697 -74.96348571777344 -6.699999809265137
vertex 2.452131748199463 -76.16348266601562 -6.31731653213501
endloop
endfacet
facet normal -0.19509111577748658 0 -0.9807851225139457
outer loop
vertex 11.258694648742676 -76.16348266601562 -5.776120662689209
vertex 10.87601089477539 -74.96348571777344 -5.699999809265137
vertex 11.258694648742676 -74.96348571777344 -5.776120662689209
endloop
endfacet
facet normal -0.19509111577748658 0 -0.9807851225139457
outer loop
vertex 10.87601089477539 -76.16348266601562 -5.699999809265137
vertex 10.87601089477539 -74.96348571777344 -5.699999809265137
vertex 11.258694648742676 -76.16348266601562 -5.776120662689209
endloop
endfacet
facet normal 0 -1 0
outer loop
vertex -5.873988628387451 -76.16348266601562 -3.450000047683716
vertex -8.12398910522461 -76.16348266601562 -5.699999809265137
vertex -7.741305351257324 -76.16348266601562 -5.776120662689209
endloop
endfacet
facet normal 0 -1 0
outer loop
vertex -17.87398910522461 -76.16348266601562 -3.450000047683716
vertex -16.62398910522461 -76.16348266601562 -8.199999809265137
vertex -16.62398910522461 -76.16348266601562 -6.699999809265137
endloop
endfacet
facet normal 0 -1 0
outer loop
vertex -17.87398910522461 -76.16348266601562 -11.449999809265137
vertex -16.33109474182129 -76.16348266601562 -8.907106399536133
vertex -16.547868728637695 -76.16348266601562 -8.582683563232422
endloop
endfacet
facet normal 0 -1 0
outer loop
vertex -15.62398910522461 -76.16348266601562 -9.199999809265137
vertex -17.87398910522461 -76.16348266601562 -11.449999809265137
vertex -8.12398910522461 -76.16348266601562 -9.199999809265137
endloop
endfacet
facet normal -0.1950900960897925 0 0.9807853253427457
outer loop
vertex -5.873988628387451 -77.16033172607422 -11.449999809265137
vertex -5.299963474273682 -77.16033935546875 -11.335819244384766
vertex -5.299963474273682 -76.16348266601562 -11.335819244384766
endloop
endfacet
facet normal 0 -1 0
outer loop
vertex -17.87398910522461 -76.16348266601562 -11.449999809265137
vertex -16.006671905517578 -76.16348266601562 -9.123879432678223
vertex -16.33109474182129 -76.16348266601562 -8.907106399536133
endloop
endfacet
facet normal -0.1950900960897925 0 0.9807853253427457
outer loop
vertex -5.873988628387451 -76.16348266601562 -11.449999809265137
vertex -5.873988628387451 -77.16033172607422 -11.449999809265137
vertex -5.299963474273682 -76.16348266601562 -11.335819244384766
endloop
endfacet
facet normal -0.5555703995223136 0 0.8314695010489663
outer loop
vertex -5.299963474273682 -76.16348266601562 -11.335819244384766
vertex -5.299963474273682 -77.16033935546875 -11.335819244384766
vertex -4.813328742980957 -76.16348266601562 -11.010660171508789
endloop
endfacet
facet normal -0.5555703995223136 0 0.8314695010489663
outer loop
vertex -4.813328742980957 -76.16348266601562 -11.010660171508789
vertex -5.299963474273682 -77.16033935546875 -11.335819244384766
vertex -4.813328742980957 -77.16034698486328 -11.010660171508789
endloop
endfacet
facet normal -0.8314697525217962 0 0.5555700231666056
outer loop
vertex -4.813328742980957 -76.16348266601562 -11.010660171508789
vertex -4.813328742980957 -77.16034698486328 -11.010660171508789
vertex -4.4881696701049805 -76.16348266601562 -10.524024963378906
endloop
endfacet
facet normal -0.8314697525217963 0 0.5555700231666056
outer loop
vertex -4.4881696701049805 -76.16348266601562 -10.524024963378906
vertex -4.813328742980957 -77.16034698486328 -11.010660171508789
vertex -4.4881696701049805 -77.16035461425781 -10.524024963378906
endloop
endfacet
facet normal -0.9807851694510032 0 -0.19509087980981343
outer loop
vertex -4.373988628387451 -76.16348266601562 -4.949999809265137
vertex -4.373988628387451 -77.16035461425781 -4.949999809265137
vertex -4.4881696701049805 -76.16348266601562 -4.375974655151367
endloop
endfacet
facet normal 0 -1 0
outer loop
vertex -17.87398910522461 -76.16348266601562 -11.449999809265137
vertex -15.62398910522461 -76.16348266601562 -9.199999809265137
vertex -16.006671905517578 -76.16348266601562 -9.123879432678223
endloop
endfacet
facet normal 0.9807850135586839 0 0.1950916635294606
outer loop
vertex -19.37398910522461 -77.16011810302734 -9.949999809265137
vertex -19.259807586669922 -76.16348266601562 -10.524024963378906
vertex -19.37398910522461 -76.16348266601562 -9.949999809265137
endloop
endfacet
facet normal 0.9807850135586839 0 0.1950916635294606
outer loop
vertex -19.37398910522461 -77.16011810302734 -9.949999809265137
vertex -19.259807586669922 -77.16012573242188 -10.524024963378906
vertex -19.259807586669922 -76.16348266601562 -10.524024963378906
endloop
endfacet
facet normal 0 -1 0
outer loop
vertex -17.87398910522461 -76.16348266601562 -11.449999809265137
vertex -5.873988628387451 -76.16348266601562 -11.449999809265137
vertex -8.12398910522461 -76.16348266601562 -9.199999809265137
endloop
endfacet
facet normal 0 -1 0
outer loop
vertex -8.12398910522461 -76.16348266601562 -9.199999809265137
vertex -5.873988628387451 -76.16348266601562 -11.449999809265137
vertex -7.741305351257324 -76.16348266601562 -9.123879432678223
endloop
endfacet
facet normal 0 -1 0
outer loop
vertex -7.741305351257324 -76.16348266601562 -5.776120662689209
vertex -7.416882038116455 -76.16348266601562 -5.992893218994141
vertex -5.873988628387451 -76.16348266601562 -3.450000047683716
endloop
endfacet
facet normal 0.9807850135586839 0 -0.1950916635294606
outer loop
vertex -19.259807586669922 -77.16012573242188 -4.375974655151367
vertex -19.37398910522461 -76.16348266601562 -4.949999809265137
vertex -19.259807586669922 -76.16348266601562 -4.375974655151367
endloop
endfacet
facet normal 0.8314695010489662 0 -0.5555703995223135
outer loop
vertex -18.934648513793945 -77.16012573242188 -3.8893399238586426
vertex -19.259807586669922 -77.16012573242188 -4.375974655151367
vertex -19.259807586669922 -76.16348266601562 -4.375974655151367
endloop
endfacet
facet normal 0.8314695010489662 0 -0.5555703995223135
outer loop
vertex -18.934648513793945 -77.16012573242188 -3.8893399238586426
vertex -19.259807586669922 -76.16348266601562 -4.375974655151367
vertex -18.934648513793945 -76.16348266601562 -3.8893399238586426
endloop
endfacet
facet normal 0.5555703047945764 0 -0.8314695643440363
outer loop
vertex -18.448013305664062 -77.1601333618164 -3.564180612564087
vertex -18.934648513793945 -77.16012573242188 -3.8893399238586426
vertex -18.934648513793945 -76.16348266601562 -3.8893399238586426
endloop
endfacet
facet normal 0.5555703047945764 0 -0.8314695643440363
outer loop
vertex -18.448013305664062 -77.1601333618164 -3.564180612564087
vertex -18.934648513793945 -76.16348266601562 -3.8893399238586426
vertex -18.448013305664062 -76.16348266601562 -3.564180612564087
endloop
endfacet
facet normal 0 -1 0
outer loop
vertex -17.87398910522461 -76.16348266601562 -3.450000047683716
vertex -15.62398910522461 -76.16348266601562 -5.699999809265137
vertex -5.873988628387451 -76.16348266601562 -3.450000047683716
endloop
endfacet
facet normal 0.19509040787318935 0 -0.9807852633251953
outer loop
vertex -17.87398910522461 -77.16014099121094 -3.450000047683716
vertex -18.448013305664062 -77.1601333618164 -3.564180612564087
vertex -18.448013305664062 -76.16348266601562 -3.564180612564087
endloop
endfacet
facet normal 0.19509040787318935 0 -0.9807852633251953
outer loop
vertex -17.87398910522461 -77.16014099121094 -3.450000047683716
vertex -18.448013305664062 -76.16348266601562 -3.564180612564087
vertex -17.87398910522461 -76.16348266601562 -3.450000047683716
endloop
endfacet
facet normal 0 0 -1
outer loop
vertex -17.87398910522461 -76.16348266601562 -3.450000047683716
vertex -5.873988628387451 -77.16033172607422 -3.450000047683716
vertex -17.87398910522461 -77.16014099121094 -3.450000047683716
endloop
endfacet
facet normal 0 0 -1
outer loop
vertex -5.873988628387451 -77.16033172607422 -3.450000047683716
vertex -17.87398910522461 -76.16348266601562 -3.450000047683716
vertex -5.873988628387451 -76.16348266601562 -3.450000047683716
endloop
endfacet
facet normal 0 -1 0
outer loop
vertex -7.741305351257324 -76.16348266601562 -9.123879432678223
vertex -5.873988628387451 -76.16348266601562 -11.449999809265137
vertex -7.416882038116455 -76.16348266601562 -8.907106399536133
endloop
endfacet
facet normal -0.5555706811503046 0 -0.8314693128710081
outer loop
vertex -5.299963474273682 -76.16348266601562 -3.564180612564087
vertex -4.813328742980957 -76.16348266601562 -3.8893399238586426
vertex -4.813328742980957 -77.16034698486328 -3.8893399238586426
endloop
endfacet
facet normal -0.5555706811503046 0 -0.8314693128710082
outer loop
vertex -5.299963474273682 -76.16348266601562 -3.564180612564087
vertex -4.813328742980957 -77.16034698486328 -3.8893399238586426
vertex -5.299963474273682 -77.16033935546875 -3.564180612564087
endloop
endfacet
facet normal -0.9807851694510032 0 -0.19509087980981343
outer loop
vertex -4.4881696701049805 -76.16348266601562 -4.375974655151367
vertex -4.373988628387451 -77.16035461425781 -4.949999809265137
vertex -4.4881696701049805 -77.16035461425781 -4.375974655151367
endloop
endfacet
facet normal -0.8314695010489663 0 -0.5555703995223136
outer loop
vertex -4.813328742980957 -76.16348266601562 -3.8893399238586426
vertex -4.4881696701049805 -76.16348266601562 -4.375974655151367
vertex -4.4881696701049805 -77.16035461425781 -4.375974655151367
endloop
endfacet
facet normal 0 -1 0
outer loop
vertex -17.87398910522461 -76.16348266601562 -11.449999809265137
vertex -16.62398910522461 -76.16348266601562 -8.199999809265137
vertex -17.87398910522461 -76.16348266601562 -3.450000047683716
endloop
endfacet
facet normal -0.8314695010489663 0 -0.5555703995223136
outer loop
vertex -4.813328742980957 -76.16348266601562 -3.8893399238586426
vertex -4.4881696701049805 -77.16035461425781 -4.375974655151367
vertex -4.813328742980957 -77.16034698486328 -3.8893399238586426
endloop
endfacet
facet normal -0.1950900960897925 0 -0.9807853253427457
outer loop
vertex -5.299963474273682 -77.16033935546875 -3.564180612564087
vertex -5.873988628387451 -77.16033172607422 -3.450000047683716
vertex -5.873988628387451 -76.16348266601562 -3.450000047683716
endloop
endfacet
facet normal -0.1950900960897925 0 -0.9807853253427457
outer loop
vertex -5.873988628387451 -76.16348266601562 -3.450000047683716
vertex -5.299963474273682 -76.16348266601562 -3.564180612564087
vertex -5.299963474273682 -77.16033935546875 -3.564180612564087
endloop
endfacet
facet normal 0 -1 0
outer loop
vertex -7.200109481811523 -76.16348266601562 -8.582683563232422
vertex -5.873988628387451 -76.16348266601562 -11.449999809265137
vertex -7.123988628387451 -76.16348266601562 -8.199999809265137
endloop
endfacet
facet normal 0 -1 0
outer loop
vertex -7.123988628387451 -76.16348266601562 -8.199999809265137
vertex -5.873988628387451 -76.16348266601562 -11.449999809265137
vertex -7.123988628387451 -76.16348266601562 -6.699999809265137
endloop
endfacet
facet normal 0 -1 0
outer loop
vertex -7.416882038116455 -76.16348266601562 -8.907106399536133
vertex -5.873988628387451 -76.16348266601562 -11.449999809265137
vertex -7.200109481811523 -76.16348266601562 -8.582683563232422
endloop
endfacet
facet normal 0 -1 0
outer loop
vertex -5.873988628387451 -76.16348266601562 -11.449999809265137
vertex -5.299963474273682 -76.16348266601562 -11.335819244384766
vertex -5.873988628387451 -76.16348266601562 -3.450000047683716
endloop
endfacet
facet normal 0.5555700231666056 0 0.8314697525217963
outer loop
vertex -18.934648513793945 -77.16012573242188 -11.010660171508789
vertex -18.448013305664062 -77.1601333618164 -11.335819244384766
vertex -18.448013305664062 -76.16348266601562 -11.335819244384766
endloop
endfacet
facet normal 0 -1 0
outer loop
vertex -4.813328742980957 -76.16348266601562 -3.8893399238586426
vertex -4.4881696701049805 -76.16348266601562 -10.524024963378906
vertex -4.4881696701049805 -76.16348266601562 -4.375974655151367
endloop
endfacet
facet normal 0.19509040787318935 0 0.9807852633251953
outer loop
vertex -18.448013305664062 -77.1601333618164 -11.335819244384766
vertex -17.87398910522461 -77.16014099121094 -11.449999809265137
vertex -17.87398910522461 -76.16348266601562 -11.449999809265137
endloop
endfacet
facet normal 0.19509040787318935 0 0.9807852633251953
outer loop
vertex -18.448013305664062 -76.16348266601562 -11.335819244384766
vertex -18.448013305664062 -77.1601333618164 -11.335819244384766
vertex -17.87398910522461 -76.16348266601562 -11.449999809265137
endloop
endfacet
facet normal 0 -1 0
outer loop
vertex -4.4881696701049805 -76.16348266601562 -4.375974655151367
vertex -4.373988628387451 -76.16348266601562 -9.949999809265137
vertex -4.373988628387451 -76.16348266601562 -4.949999809265137
endloop
endfacet
facet normal -1 0 0
outer loop
vertex -4.373988628387451 -76.16348266601562 -4.949999809265137
vertex -4.373988628387451 -77.16035461425781 -9.949999809265137
vertex -4.373988628387451 -77.16035461425781 -4.949999809265137
endloop
endfacet
facet normal -0.9807851694510032 0 0.19509087980981343
outer loop
vertex -4.4881696701049805 -76.16348266601562 -10.524024963378906
vertex -4.4881696701049805 -77.16035461425781 -10.524024963378906
vertex -4.373988628387451 -76.16348266601562 -9.949999809265137
endloop
endfacet
facet normal -0.9807851694510032 0 0.19509087980981343
outer loop
vertex -4.373988628387451 -76.16348266601562 -9.949999809265137
vertex -4.4881696701049805 -77.16035461425781 -10.524024963378906
vertex -4.373988628387451 -77.16035461425781 -9.949999809265137
endloop
endfacet
facet normal 0 0 1
outer loop
vertex -5.873988628387451 -76.16348266601562 -11.449999809265137
vertex -17.87398910522461 -77.16014099121094 -11.449999809265137
vertex -5.873988628387451 -77.16033172607422 -11.449999809265137
endloop
endfacet
facet normal 0 0 1
outer loop
vertex -17.87398910522461 -76.16348266601562 -11.449999809265137
vertex -17.87398910522461 -77.16014099121094 -11.449999809265137
vertex -5.873988628387451 -76.16348266601562 -11.449999809265137
endloop
endfacet
facet normal 0 -1 0
outer loop
vertex -17.87398910522461 -76.16348266601562 -11.449999809265137
vertex -16.547868728637695 -76.16348266601562 -8.582683563232422
vertex -16.62398910522461 -76.16348266601562 -8.199999809265137
endloop
endfacet
facet normal 0 -1 0
outer loop
vertex -5.299963474273682 -76.16348266601562 -11.335819244384766
vertex -4.813328742980957 -76.16348266601562 -11.010660171508789
vertex -5.299963474273682 -76.16348266601562 -3.564180612564087
endloop
endfacet
facet normal 0 -1 0
outer loop
vertex -5.299963474273682 -76.16348266601562 -3.564180612564087
vertex -4.813328742980957 -76.16348266601562 -11.010660171508789
vertex -4.813328742980957 -76.16348266601562 -3.8893399238586426
endloop
endfacet
facet normal 0 -1 0
outer loop
vertex -19.37398910522461 -76.16348266601562 -9.949999809265137
vertex -19.259807586669922 -76.16348266601562 -10.524024963378906
vertex -19.37398910522461 -76.16348266601562 -4.949999809265137
endloop
endfacet
facet normal -1 0 0
outer loop
vertex -4.373988628387451 -76.16348266601562 -9.949999809265137
vertex -4.373988628387451 -77.16035461425781 -9.949999809265137
vertex -4.373988628387451 -76.16348266601562 -4.949999809265137
endloop
endfacet
facet normal 0 -1 0
outer loop
vertex -4.813328742980957 -76.16348266601562 -11.010660171508789
vertex -4.4881696701049805 -76.16348266601562 -10.524024963378906
vertex -4.813328742980957 -76.16348266601562 -3.8893399238586426
endloop
endfacet
facet normal 0 -1 0
outer loop
vertex -5.873988628387451 -76.16348266601562 -3.450000047683716
vertex -5.299963474273682 -76.16348266601562 -11.335819244384766
vertex -5.299963474273682 -76.16348266601562 -3.564180612564087
endloop
endfacet
facet normal 1 0 0
outer loop
vertex -19.37398910522461 -77.16011810302734 -4.949999809265137
vertex -19.37398910522461 -77.16011810302734 -9.949999809265137
vertex -19.37398910522461 -76.16348266601562 -9.949999809265137
endloop
endfacet
facet normal 0 -1 0
outer loop
vertex -18.934648513793945 -76.16348266601562 -11.010660171508789
vertex -18.448013305664062 -76.16348266601562 -11.335819244384766
vertex -18.934648513793945 -76.16348266601562 -3.8893399238586426
endloop
endfacet
facet normal 0 -1 0
outer loop
vertex -19.259807586669922 -76.16348266601562 -10.524024963378906
vertex -18.934648513793945 -76.16348266601562 -11.010660171508789
vertex -19.259807586669922 -76.16348266601562 -4.375974655151367
endloop
endfacet
facet normal 0 -1 0
outer loop
vertex -4.4881696701049805 -76.16348266601562 -10.524024963378906
vertex -4.373988628387451 -76.16348266601562 -9.949999809265137
vertex -4.4881696701049805 -76.16348266601562 -4.375974655151367
endloop
endfacet
facet normal 0.8314697525217962 0 0.5555700231666056
outer loop
vertex -19.259807586669922 -77.16012573242188 -10.524024963378906
vertex -18.934648513793945 -76.16348266601562 -11.010660171508789
vertex -19.259807586669922 -76.16348266601562 -10.524024963378906
endloop
endfacet
facet normal 0.8314697525217962 0 0.5555700231666056
outer loop
vertex -19.259807586669922 -77.16012573242188 -10.524024963378906
vertex -18.934648513793945 -77.16012573242188 -11.010660171508789
vertex -18.934648513793945 -76.16348266601562 -11.010660171508789
endloop
endfacet
facet normal 0.5555700231666056 0 0.8314697525217962
outer loop
vertex -18.934648513793945 -77.16012573242188 -11.010660171508789
vertex -18.448013305664062 -76.16348266601562 -11.335819244384766
vertex -18.934648513793945 -76.16348266601562 -11.010660171508789
endloop
endfacet
facet normal 0 -1 0
outer loop
vertex -18.448013305664062 -76.16348266601562 -11.335819244384766
vertex -17.87398910522461 -76.16348266601562 -11.449999809265137
vertex -18.448013305664062 -76.16348266601562 -3.564180612564087
endloop
endfacet
facet normal 0 -1 0
outer loop
vertex -15.62398910522461 -76.16348266601562 -5.699999809265137
vertex -8.12398910522461 -76.16348266601562 -5.699999809265137
vertex -5.873988628387451 -76.16348266601562 -3.450000047683716
endloop
endfacet
facet normal 0 -1 0
outer loop
vertex -7.123988628387451 -76.16348266601562 -6.699999809265137
vertex -5.873988628387451 -76.16348266601562 -11.449999809265137
vertex -5.873988628387451 -76.16348266601562 -3.450000047683716
endloop
endfacet
facet normal 1 0 0
outer loop
vertex -19.37398910522461 -77.16011810302734 -4.949999809265137
vertex -19.37398910522461 -76.16348266601562 -9.949999809265137
vertex -19.37398910522461 -76.16348266601562 -4.949999809265137
endloop
endfacet
facet normal 0 -1 0
outer loop
vertex -17.87398910522461 -76.16348266601562 -3.450000047683716
vertex -16.006671905517578 -76.16348266601562 -5.776120662689209
vertex -15.62398910522461 -76.16348266601562 -5.699999809265137
endloop
endfacet
facet normal 0 -1 0
outer loop
vertex -17.87398910522461 -76.16348266601562 -3.450000047683716
vertex -16.33109474182129 -76.16348266601562 -5.992893218994141
vertex -16.006671905517578 -76.16348266601562 -5.776120662689209
endloop
endfacet
facet normal 0 -1 0
outer loop
vertex -17.87398910522461 -76.16348266601562 -3.450000047683716
vertex -16.547868728637695 -76.16348266601562 -6.31731653213501
vertex -16.33109474182129 -76.16348266601562 -5.992893218994141
endloop
endfacet
facet normal 0.9807850135586839 0 -0.1950916635294606
outer loop
vertex -19.37398910522461 -76.16348266601562 -4.949999809265137
vertex -19.259807586669922 -77.16012573242188 -4.375974655151367
vertex -19.37398910522461 -77.16011810302734 -4.949999809265137
endloop
endfacet
facet normal 0 -1 0
outer loop
vertex -17.87398910522461 -76.16348266601562 -3.450000047683716
vertex -16.62398910522461 -76.16348266601562 -6.699999809265137
vertex -16.547868728637695 -76.16348266601562 -6.31731653213501
endloop
endfacet
facet normal 0 -1 0
outer loop
vertex -7.123988628387451 -76.16348266601562 -6.699999809265137
vertex -5.873988628387451 -76.16348266601562 -3.450000047683716
vertex -7.200109481811523 -76.16348266601562 -6.31731653213501
endloop
endfacet
facet normal 0 -1 0
outer loop
vertex -7.200109481811523 -76.16348266601562 -6.31731653213501
vertex -5.873988628387451 -76.16348266601562 -3.450000047683716
vertex -7.416882038116455 -76.16348266601562 -5.992893218994141
endloop
endfacet
facet normal 0 -1 0
outer loop
vertex -19.37398910522461 -76.16348266601562 -4.949999809265137
vertex -19.259807586669922 -76.16348266601562 -10.524024963378906
vertex -19.259807586669922 -76.16348266601562 -4.375974655151367
endloop
endfacet
facet normal 0 -1 0
outer loop
vertex -19.259807586669922 -76.16348266601562 -4.375974655151367
vertex -18.934648513793945 -76.16348266601562 -11.010660171508789
vertex -18.934648513793945 -76.16348266601562 -3.8893399238586426
endloop
endfacet
facet normal 0 -1 0
outer loop
vertex -18.934648513793945 -76.16348266601562 -3.8893399238586426
vertex -18.448013305664062 -76.16348266601562 -11.335819244384766
vertex -18.448013305664062 -76.16348266601562 -3.564180612564087
endloop
endfacet
facet normal 0 -1 0
outer loop
vertex -18.448013305664062 -76.16348266601562 -3.564180612564087
vertex -17.87398910522461 -76.16348266601562 -11.449999809265137
vertex -17.87398910522461 -76.16348266601562 -3.450000047683716
endloop
endfacet
facet normal 1 0 0
outer loop
vertex -16.62398910522461 -76.16348266601562 -8.199999809265137
vertex -16.62398910522461 -74.96348571777344 -8.199999809265137
vertex -16.62398910522461 -76.16348266601562 -6.699999809265137
endloop
endfacet
facet normal -0.19508994019846038 0 0.9807853563514094
outer loop
vertex -8.12398910522461 -74.96348571777344 -9.199999809265137
vertex -8.12398910522461 -76.16348266601562 -9.199999809265137
vertex -7.741305351257324 -74.96348571777344 -9.123879432678223
endloop
endfacet
facet normal 0.8314681213622869 0 -0.5555724643629031
outer loop
vertex -16.547868728637695 -76.16348266601562 -6.31731653213501
vertex -16.547868728637695 -74.96348571777344 -6.31731653213501
vertex -16.33109474182129 -76.16348266601562 -5.992893218994141
endloop
endfacet
facet normal 0.8314681213622869 0 -0.5555724643629031
outer loop
vertex -16.33109474182129 -76.16348266601562 -5.992893218994141
vertex -16.547868728637695 -74.96348571777344 -6.31731653213501
vertex -16.33109474182129 -74.96348571777344 -5.992893218994141
endloop
endfacet
facet normal 0.5555704942502148 0 -0.831469437753771
outer loop
vertex -16.33109474182129 -76.16348266601562 -5.992893218994141
vertex -16.33109474182129 -74.96348571777344 -5.992893218994141
vertex -16.006671905517578 -76.16348266601562 -5.776120662689209
endloop
endfacet
facet normal 0.9807853098383859 0 -0.19509017403555012
outer loop
vertex -16.62398910522461 -76.16348266601562 -6.699999809265137
vertex -16.62398910522461 -74.96348571777344 -6.699999809265137
vertex -16.547868728637695 -76.16348266601562 -6.31731653213501
endloop
endfacet
facet normal 0.19509158345481065 0 -0.9807850294866325
outer loop
vertex -16.006671905517578 -76.16348266601562 -5.776120662689209
vertex -16.006671905517578 -74.96348571777344 -5.776120662689209
vertex -15.62398910522461 -76.16348266601562 -5.699999809265137
endloop
endfacet
facet normal 0.5555704942502148 0 -0.831469437753771
outer loop
vertex -16.006671905517578 -76.16348266601562 -5.776120662689209
vertex -16.33109474182129 -74.96348571777344 -5.992893218994141
vertex -16.006671905517578 -74.96348571777344 -5.776120662689209
endloop
endfacet
facet normal 0.19509158345481065 0 -0.9807850294866325
outer loop
vertex -15.62398910522461 -76.16348266601562 -5.699999809265137
vertex -16.006671905517578 -74.96348571777344 -5.776120662689209
vertex -15.62398910522461 -74.96348571777344 -5.699999809265137
endloop
endfacet
facet normal 1 0 0
outer loop
vertex -16.62398910522461 -76.16348266601562 -6.699999809265137
vertex -16.62398910522461 -74.96348571777344 -8.199999809265137
vertex -16.62398910522461 -74.96348571777344 -6.699999809265137
endloop
endfacet
facet normal 0 0 -1
outer loop
vertex -15.62398910522461 -74.96348571777344 -5.699999809265137
vertex -8.12398910522461 -76.16348266601562 -5.699999809265137
vertex -15.62398910522461 -76.16348266601562 -5.699999809265137
endloop
endfacet
facet normal 0 0 -1
outer loop
vertex -8.12398910522461 -76.16348266601562 -5.699999809265137
vertex -15.62398910522461 -74.96348571777344 -5.699999809265137
vertex -8.12398910522461 -74.96348571777344 -5.699999809265137
endloop
endfacet
facet normal -1 0 0
outer loop
vertex -7.123988628387451 -74.96348571777344 -6.699999809265137
vertex -7.123988628387451 -76.16348266601562 -8.199999809265137
vertex -7.123988628387451 -76.16348266601562 -6.699999809265137
endloop
endfacet
facet normal -1 0 0
outer loop
vertex -7.123988628387451 -74.96348571777344 -8.199999809265137
vertex -7.123988628387451 -76.16348266601562 -8.199999809265137
vertex -7.123988628387451 -74.96348571777344 -6.699999809265137
endloop
endfacet
facet normal -0.9807850760003728 0 -0.19509134961587388
outer loop
vertex -7.123988628387451 -74.96348571777344 -6.699999809265137
vertex -7.123988628387451 -76.16348266601562 -6.699999809265137
vertex -7.200109481811523 -74.96348571777344 -6.31731653213501
endloop
endfacet
facet normal -0.831469814963294 0 -0.555569929716238
outer loop
vertex -7.416882038116455 -76.16348266601562 -5.992893218994141
vertex -7.416882038116455 -74.96348571777344 -5.992893218994141
vertex -7.200109481811523 -76.16348266601562 -6.31731653213501
endloop
endfacet
facet normal -0.555569929716238 0 -0.831469814963294
outer loop
vertex -7.416882038116455 -74.96348571777344 -5.992893218994141
vertex -7.416882038116455 -76.16348266601562 -5.992893218994141
vertex -7.741305351257324 -74.96348571777344 -5.776120662689209
endloop
endfacet
facet normal -0.9807850760003728 0 -0.19509134961587388
outer loop
vertex -7.200109481811523 -74.96348571777344 -6.31731653213501
vertex -7.123988628387451 -76.16348266601562 -6.699999809265137
vertex -7.200109481811523 -76.16348266601562 -6.31731653213501
endloop
endfacet
facet normal -0.831469814963294 0 -0.555569929716238
outer loop
vertex -7.200109481811523 -76.16348266601562 -6.31731653213501
vertex -7.416882038116455 -74.96348571777344 -5.992893218994141
vertex -7.200109481811523 -74.96348571777344 -6.31731653213501
endloop
endfacet
facet normal 0.5555713391342493 0 0.8314688732193027
outer loop
vertex -16.33109474182129 -76.16348266601562 -8.907106399536133
vertex -16.006671905517578 -74.96348571777344 -9.123879432678223
vertex -16.33109474182129 -74.96348571777344 -8.907106399536133
endloop
endfacet
facet normal 0.5555713391342493 0 0.8314688732193027
outer loop
vertex -16.33109474182129 -76.16348266601562 -8.907106399536133
vertex -16.006671905517578 -76.16348266601562 -9.123879432678223
vertex -16.006671905517578 -74.96348571777344 -9.123879432678223
endloop
endfacet
facet normal -0.9807851225139457 0 0.19509111577748658
outer loop
vertex -7.123988628387451 -74.96348571777344 -8.199999809265137
vertex -7.200109481811523 -76.16348266601562 -8.582683563232422
vertex -7.123988628387451 -76.16348266601562 -8.199999809265137
endloop
endfacet
facet normal -0.9807851225139457 0 0.19509111577748658
outer loop
vertex -7.200109481811523 -74.96348571777344 -8.582683563232422
vertex -7.200109481811523 -76.16348266601562 -8.582683563232422
vertex -7.123988628387451 -74.96348571777344 -8.199999809265137
endloop
endfacet
facet normal 0.19509040787318935 0 0.9807852633251953
outer loop
vertex -15.62398910522461 -74.96348571777344 -9.199999809265137
vertex -16.006671905517578 -76.16348266601562 -9.123879432678223
vertex -15.62398910522461 -76.16348266601562 -9.199999809265137
endloop
endfacet
facet normal 0.8314677441500905 0 0.5555730288971555
outer loop
vertex -16.33109474182129 -74.96348571777344 -8.907106399536133
vertex -16.547868728637695 -74.96348571777344 -8.582683563232422
vertex -16.547868728637695 -76.16348266601562 -8.582683563232422
endloop
endfacet
facet normal 0.8314677441500905 0 0.5555730288971555
outer loop
vertex -16.547868728637695 -76.16348266601562 -8.582683563232422
vertex -16.33109474182129 -76.16348266601562 -8.907106399536133
vertex -16.33109474182129 -74.96348571777344 -8.907106399536133
endloop
endfacet
facet normal 0.19509040787318935 0 0.9807852633251953
outer loop
vertex -16.006671905517578 -76.16348266601562 -9.123879432678223
vertex -15.62398910522461 -74.96348571777344 -9.199999809265137
vertex -16.006671905517578 -74.96348571777344 -9.123879432678223
endloop
endfacet
facet normal -0.555569929716238 0 -0.831469814963294
outer loop
vertex -7.741305351257324 -74.96348571777344 -5.776120662689209
vertex -7.416882038116455 -76.16348266601562 -5.992893218994141
vertex -7.741305351257324 -76.16348266601562 -5.776120662689209
endloop
endfacet
facet normal 0.9807853563514094 0 0.19508994019846038
outer loop
vertex -16.547868728637695 -76.16348266601562 -8.582683563232422
vertex -16.547868728637695 -74.96348571777344 -8.582683563232422
vertex -16.62398910522461 -76.16348266601562 -8.199999809265137
endloop
endfacet
facet normal -0.831469437753771 0 0.5555704942502148
outer loop
vertex -7.200109481811523 -74.96348571777344 -8.582683563232422
vertex -7.416882038116455 -76.16348266601562 -8.907106399536133
vertex -7.200109481811523 -76.16348266601562 -8.582683563232422
endloop
endfacet
facet normal 0.9807853563514094 0 0.19508994019846038
outer loop
vertex -16.62398910522461 -76.16348266601562 -8.199999809265137
vertex -16.547868728637695 -74.96348571777344 -8.582683563232422
vertex -16.62398910522461 -74.96348571777344 -8.199999809265137
endloop
endfacet
facet normal -0.19509111577748658 0 -0.9807851225139457
outer loop
vertex -7.741305351257324 -74.96348571777344 -5.776120662689209
vertex -7.741305351257324 -76.16348266601562 -5.776120662689209
vertex -8.12398910522461 -74.96348571777344 -5.699999809265137
endloop
endfacet
facet normal -0.831469437753771 0 0.5555704942502148
outer loop
vertex -7.416882038116455 -74.96348571777344 -8.907106399536133
vertex -7.416882038116455 -76.16348266601562 -8.907106399536133
vertex -7.200109481811523 -74.96348571777344 -8.582683563232422
endloop
endfacet
facet normal -0.19509111577748658 0 -0.9807851225139457
outer loop
vertex -8.12398910522461 -74.96348571777344 -5.699999809265137
vertex -7.741305351257324 -76.16348266601562 -5.776120662689209
vertex -8.12398910522461 -76.16348266601562 -5.699999809265137
endloop
endfacet
facet normal 0 0 1
outer loop
vertex -15.62398910522461 -74.96348571777344 -9.199999809265137
vertex -15.62398910522461 -76.16348266601562 -9.199999809265137
vertex -8.12398910522461 -74.96348571777344 -9.199999809265137
endloop
endfacet
facet normal 0 0 1
outer loop
vertex -8.12398910522461 -74.96348571777344 -9.199999809265137
vertex -15.62398910522461 -76.16348266601562 -9.199999809265137
vertex -8.12398910522461 -76.16348266601562 -9.199999809265137
endloop
endfacet
facet normal -0.5555707746001806 0 0.8314692504297169
outer loop
vertex -7.741305351257324 -74.96348571777344 -9.123879432678223
vertex -7.741305351257324 -76.16348266601562 -9.123879432678223
vertex -7.416882038116455 -74.96348571777344 -8.907106399536133
endloop
endfacet
facet normal -0.5555707746001806 0 0.8314692504297169
outer loop
vertex -7.741305351257324 -76.16348266601562 -9.123879432678223
vertex -7.416882038116455 -76.16348266601562 -8.907106399536133
vertex -7.416882038116455 -74.96348571777344 -8.907106399536133
endloop
endfacet
facet normal -0.19508994019846038 0 0.9807853563514094
outer loop
vertex -7.741305351257324 -74.96348571777344 -9.123879432678223
vertex -8.12398910522461 -76.16348266601562 -9.199999809265137
vertex -7.741305351257324 -76.16348266601562 -9.123879432678223
endloop
endfacet
facet normal 0.9807853098383859 0 -0.19509017403555012
outer loop
vertex -16.547868728637695 -76.16348266601562 -6.31731653213501
vertex -16.62398910522461 -74.96348571777344 -6.699999809265137
vertex -16.547868728637695 -74.96348571777344 -6.31731653213501
endloop
endfacet
facet normal 1 0 0
outer loop
vertex 68.51775360107422 -72.24158477783203 -0.5
vertex 68.51775360107422 -72.24158477783203 -1.5
vertex 68.51775360107422 -72.16401672363281 -1
endloop
endfacet
facet normal -1 0 0
outer loop
vertex 59.51775360107422 -71.60245513916016 -0.4373791217803955
vertex 59.51775360107422 -72.16507720947266 -1
vertex 59.51775360107422 -72.24158477783203 -0.5
endloop
endfacet
facet normal -0.027515734432058434 -0.10269215377373066 -0.9943325429211181
outer loop
vertex 61.651458740234375 -72.16482543945312 -1.6252532005310059
vertex 62.87141799926758 -72.16468048095703 -1.6590275764465332
vertex 61.553993225097656 -72.43260955810547 -1.5949000120162964
endloop
endfacet
facet normal -0.030738358281302572 -0.11471638220394974 -0.9929226077515849
outer loop
vertex 61.281593322753906 -73.18102264404297 -1.5
vertex 61.553993225097656 -72.43260955810547 -1.5949000120162964
vertex 62.628570556640625 -73.54194641113281 -1.5
endloop
endfacet
facet normal -0.030738138055674796 -0.11471617154407224 -0.9929226389075542
outer loop
vertex 61.553993225097656 -72.43260955810547 -1.5949000120162964
vertex 62.766868591308594 -72.75759887695312 -1.5949000120162964
vertex 62.628570556640625 -73.54194641113281 -1.5
endloop
endfacet
facet normal -0.050191275138897484 -0.1076361042756105 -0.9929226077375323
outer loop
vertex 61.281593322753906 -73.18102264404297 -1.5
vertex 60.979888916015625 -72.16490173339844 -1.5949000120162964
vertex 61.553993225097656 -72.43260955810547 -1.5949000120162964
endloop
endfacet
facet normal -0.009266298213672681 -0.10590767309134863 -0.9943327916235043
outer loop
vertex 62.766868591308594 -72.75759887695312 -1.5949000120162964
vertex 63.61775588989258 -72.16458892822266 -1.6659917831420898
vertex 63.61775588989258 -72.83204650878906 -1.5949000120162964
endloop
endfacet
facet normal -1 0 0
outer loop
vertex 59.51775360107422 -72.16507720947266 -1
vertex 59.51775360107422 -72.16507720947266 -1.5074959993362427
vertex 59.51775360107422 -72.24158477783203 -1.5
endloop
endfacet
facet normal -0.0681189477054299 -0.0972856380060812 -0.9929226120908189
outer loop
vertex 60.26411056518555 -72.16498565673828 -1.5587085485458374
vertex 60.01775360107422 -72.59168243408203 -1.5
vertex 59.51775360107422 -72.24158477783203 -1.5
endloop
endfacet
facet normal -0.05019191832439914 -0.10763595595536181 -0.9929225913033162
outer loop
vertex 60.979888916015625 -72.16490173339844 -1.5949000120162964
vertex 60.01775360107422 -72.59168243408203 -1.5
vertex 60.26411056518555 -72.16498565673828 -1.5587085485458374
endloop
endfacet
facet normal -0.050191784659706584 -0.10763625166376296 -0.9929225660042422
outer loop
vertex 60.979888916015625 -72.16490173339844 -1.5949000120162964
vertex 61.281593322753906 -73.18102264404297 -1.5
vertex 60.01775360107422 -72.59168243408203 -1.5
endloop
endfacet
facet normal -0.06811914727319981 -0.09728381954501719 -0.9929227765690062
outer loop
vertex 59.51775360107422 -72.24158477783203 -1.5
vertex 59.51775360107422 -72.16507720947266 -1.5074959993362427
vertex 60.26411056518555 -72.16498565673828 -1.5587085485458374
endloop
endfacet
facet normal -0.010350594391906024 -0.11831095306227449 -0.992922647330209
outer loop
vertex 62.766868591308594 -72.75759887695312 -1.5949000120162964
vertex 63.61775588989258 -73.62848663330078 -1.5
vertex 62.628570556640625 -73.54194641113281 -1.5
endloop
endfacet
facet normal -0.01035159671444868 -0.11831191868934979 -0.9929225218220735
outer loop
vertex 63.61775588989258 -73.62848663330078 -1.5
vertex 62.766868591308594 -72.75759887695312 -1.5949000120162964
vertex 63.61775588989258 -72.83204650878906 -1.5949000120162964
endloop
endfacet
facet normal -0.009265296477968872 -0.10590909342646408 -0.9943326496755298
outer loop
vertex 63.61775588989258 -72.16458892822266 -1.6659917831420898
vertex 62.766868591308594 -72.75759887695312 -1.5949000120162964
vertex 62.87141799926758 -72.16468048095703 -1.6590275764465332
endloop
endfacet
facet normal -0.027515985522225207 -0.10269094730638847 -0.9943326605729379
outer loop
vertex 62.766868591308594 -72.75759887695312 -1.5949000120162964
vertex 61.553993225097656 -72.43260955810547 -1.5949000120162964
vertex 62.87141799926758 -72.16468048095703 -1.6590275764465332
endloop
endfacet
facet normal 0.00926637353550397 -0.10590805916111411 -0.9943327498007025
outer loop
vertex 64.41775512695312 -72.83204650878906 -1.5949000120162964
vertex 64.41775512695312 -72.16449737548828 -1.666001796722412
vertex 65.26863861083984 -72.75759887695312 -1.5949000120162964
endloop
endfacet
facet normal 0.010350718881707533 -0.11831191976451631 -0.9929225308453155
outer loop
vertex 64.41775512695312 -72.83204650878906 -1.5949000120162964
vertex 65.40693664550781 -73.54194641113281 -1.5
vertex 64.41775512695312 -73.62848663330078 -1.5
endloop
endfacet
facet normal 0.010351544089549069 -0.11831078680827413 -0.9929226572396106
outer loop
vertex 65.40693664550781 -73.54194641113281 -1.5
vertex 64.41775512695312 -72.83204650878906 -1.5949000120162964
vertex 65.26863861083984 -72.75759887695312 -1.5949000120162964
endloop
endfacet
facet normal 0.03073829439549061 -0.11471614378037633 -0.9929226372753399
outer loop
vertex 65.40693664550781 -73.54194641113281 -1.5
vertex 65.26863861083984 -72.75759887695312 -1.5949000120162964
vertex 66.75391387939453 -73.18102264404297 -1.5
endloop
endfacet
facet normal 0.009265195055036176 -0.10590972983300279 -0.994332582834985
outer loop
vertex 65.26863861083984 -72.75759887695312 -1.5949000120162964
vertex 64.41775512695312 -72.16449737548828 -1.666001796722412
vertex 65.16404724121094 -72.16441345214844 -1.6590567827224731
endloop
endfacet
facet normal 0.027515879000365957 -0.10269174093334214 -0.9943325815575574
outer loop
vertex 65.26863861083984 -72.75759887695312 -1.5949000120162964
vertex 65.16404724121094 -72.16441345214844 -1.6590567827224731
vertex 66.38385009765625 -72.16426849365234 -1.6253165006637573
endloop
endfacet
facet normal 0.030738209004710124 -0.11471643632919659 -0.9929226061194862
outer loop
vertex 66.75391387939453 -73.18102264404297 -1.5
vertex 65.26863861083984 -72.75759887695312 -1.5949000120162964
vertex 66.48151397705078 -72.43260955810547 -1.5949000120162964
endloop
endfacet
facet normal 0.05019165176549849 -0.10763596667221456 -0.9929226036160064
outer loop
vertex 66.75391387939453 -73.18102264404297 -1.5
vertex 66.48151397705078 -72.43260955810547 -1.5949000120162964
vertex 68.01775360107422 -72.59168243408203 -1.5
endloop
endfacet
facet normal 0.027516518117126215 -0.10269293497551524 -0.9943324405533717
outer loop
vertex 66.48151397705078 -72.43260955810547 -1.5949000120162964
vertex 65.26863861083984 -72.75759887695312 -1.5949000120162964
vertex 66.38385009765625 -72.16426849365234 -1.6253165006637573
endloop
endfacet
facet normal 0.044930592702010955 -0.09635500525706815 -0.9943324166501645
outer loop
vertex 66.48151397705078 -72.43260955810547 -1.5949000120162964
vertex 66.38385009765625 -72.16426849365234 -1.6253165006637573
vertex 67.05715942382812 -72.1641845703125 -1.5949000120162964
endloop
endfacet
facet normal 0.05019151500169639 -0.1076372111074381 -0.992922475627804
outer loop
vertex 68.01775360107422 -72.59168243408203 -1.5
vertex 66.48151397705078 -72.43260955810547 -1.5949000120162964
vertex 67.05715942382812 -72.1641845703125 -1.5949000120162964
endloop
endfacet
facet normal 0.05019162798695297 -0.1076369619557393 -0.9929224969255948
outer loop
vertex 68.01775360107422 -72.59168243408203 -1.5
vertex 67.05715942382812 -72.1641845703125 -1.5949000120162964
vertex 67.77088928222656 -72.16410064697266 -1.5588304996490479
endloop
endfacet
facet normal 0.0681194843404427 -0.09728631680686424 -0.9929225087665938
outer loop
vertex 68.01775360107422 -72.59168243408203 -1.5
vertex 67.77088928222656 -72.16410064697266 -1.5588304996490479
vertex 68.51775360107422 -72.16401672363281 -1.5076000690460205
endloop
endfacet
facet normal 0.06811915032622881 -0.09728592738362386 -0.9929225698371151
outer loop
vertex 68.01775360107422 -72.59168243408203 -1.5
vertex 68.51775360107422 -72.16401672363281 -1.5076000690460205
vertex 68.51775360107422 -72.24158477783203 -1.5
endloop
endfacet
facet normal -0.5735697163184464 -0.8191567496653964 0
outer loop
vertex 59.51775360107422 -72.24158477783203 -1.5
vertex 60.01775360107422 -72.59168243408203 -1.5
vertex 60.01775360107422 -72.59168243408203 -0.5
endloop
endfacet
facet normal -1 0 0
outer loop
vertex 59.51775360107422 -72.16507720947266 -1
vertex 59.51775360107422 -72.24158477783203 -1.5
vertex 59.51775360107422 -72.24158477783203 -0.5
endloop
endfacet
facet normal -0.42261948047228126 -0.9063072187317825 0
outer loop
vertex 61.281593322753906 -73.18102264404297 -1.5
vertex 61.281593322753906 -73.18102264404297 -0.5
vertex 60.01775360107422 -72.59168243408203 -1.5
endloop
endfacet
facet normal -0.25882058733748775 -0.9659254130471346 0
outer loop
vertex 61.281593322753906 -73.18102264404297 -1.5
vertex 62.628570556640625 -73.54194641113281 -1.5
vertex 62.628570556640625 -73.54194641113281 -0.5
endloop
endfacet
facet normal -0.08715346341544244 -0.9961948975048472 0
outer loop
vertex 62.628570556640625 -73.54194641113281 -1.5
vertex 63.61775588989258 -73.62848663330078 -1.5
vertex 63.61775588989258 -73.62848663330078 -0.5
endloop
endfacet
facet normal -0.25882058733748775 -0.9659254130471346 0
outer loop
vertex 61.281593322753906 -73.18102264404297 -0.5
vertex 61.281593322753906 -73.18102264404297 -1.5
vertex 62.628570556640625 -73.54194641113281 -0.5
endloop
endfacet
facet normal -0.08715346341544244 -0.9961948975048472 0
outer loop
vertex 62.628570556640625 -73.54194641113281 -0.5
vertex 62.628570556640625 -73.54194641113281 -1.5
vertex 63.61775588989258 -73.62848663330078 -0.5
endloop
endfacet
facet normal -0.06812033044022428 -0.0972849334368857 0.9929225862608299
outer loop
vertex 59.94208908081055 -71.57012939453125 -0.4050999879837036
vertex 59.51775360107422 -71.60245513916016 -0.4373791217803955
vertex 59.51775360107422 -72.24158477783203 -0.5
endloop
endfacet
facet normal -0.05019165176549849 -0.10763596667221456 0.9929226036160064
outer loop
vertex 60.01775360107422 -72.59168243408203 -0.5
vertex 61.281593322753906 -73.18102264404297 -0.5
vertex 61.553993225097656 -72.43260955810547 -0.4050999879837036
endloop
endfacet
facet normal -0.06811925182272566 -0.09728607233817443 0.9929225486714075
outer loop
vertex 59.51775360107422 -72.24158477783203 -0.5
vertex 60.01775360107422 -72.59168243408203 -0.5
vertex 60.415977478027344 -71.90194702148438 -0.4050999879837036
endloop
endfacet
facet normal -0.06811948460954616 -0.09728546875965799 0.9929225918392347
outer loop
vertex 59.94208908081055 -71.57012939453125 -0.4050999879837036
vertex 59.51775360107422 -72.24158477783203 -0.5
vertex 60.415977478027344 -71.90194702148438 -0.4050999879837036
endloop
endfacet
facet normal -0.06097828609901657 -0.08708670039573406 0.994332718579958
outer loop
vertex 60.63447189331055 -71.52349853515625 -0.3585549592971802
vertex 59.94208908081055 -71.57012939453125 -0.4050999879837036
vertex 60.415977478027344 -71.90194702148438 -0.4050999879837036
endloop
endfacet
facet normal -0.050191565455899055 -0.1076367520168617 0.9929225228447318
outer loop
vertex 60.415977478027344 -71.90194702148438 -0.4050999879837036
vertex 60.01775360107422 -72.59168243408203 -0.5
vertex 61.553993225097656 -72.43260955810547 -0.4050999879837036
endloop
endfacet
facet normal -0.04492943090627548 -0.09635238794141066 0.9943327227726271
outer loop
vertex 61.401859283447266 -71.48500061035156 -0.32014966011047363
vertex 60.63447189331055 -71.52349853515625 -0.3585549592971802
vertex 60.415977478027344 -71.90194702148438 -0.4050999879837036
endloop
endfacet
facet normal -0.03073829439549061 -0.11471614378037633 0.9929226372753399
outer loop
vertex 61.281593322753906 -73.18102264404297 -0.5
vertex 62.628570556640625 -73.54194641113281 -0.5
vertex 62.766868591308594 -72.75759887695312 -0.4050999879837036
endloop
endfacet
facet normal -0.030738209004710124 -0.11471643632919659 0.9929226061194862
outer loop
vertex 61.553993225097656 -72.43260955810547 -0.4050999879837036
vertex 61.281593322753906 -73.18102264404297 -0.5
vertex 62.766868591308594 -72.75759887695312 -0.4050999879837036
endloop
endfacet
facet normal -0.04492956965268966 -0.09635230347975697 0.9943327246877521
outer loop
vertex 60.415977478027344 -71.90194702148438 -0.4050999879837036
vertex 61.553993225097656 -72.43260955810547 -0.4050999879837036
vertex 61.826778411865234 -71.68314361572266 -0.32014966011047363
endloop
endfacet
facet normal -0.0449296307595567 -0.0963519227274079 0.9943327588219859
outer loop
vertex 61.401859283447266 -71.48500061035156 -0.32014966011047363
vertex 60.415977478027344 -71.90194702148438 -0.4050999879837036
vertex 61.826778411865234 -71.68314361572266 -0.32014966011047363
endloop
endfacet
facet normal -0.03966100463603631 -0.08505331535959501 0.9955867306556478
outer loop
vertex 61.906925201416016 -71.46293640136719 -0.29814448952674866
vertex 61.401859283447266 -71.48500061035156 -0.32014966011047363
vertex 61.826778411865234 -71.68314361572266 -0.32014966011047363
endloop
endfacet
facet normal -0.02751605233351927 -0.10269034894856136 0.994332720520049
outer loop
vertex 61.826778411865234 -71.68314361572266 -0.32014966011047363
vertex 61.553993225097656 -72.43260955810547 -0.4050999879837036
vertex 62.905364990234375 -71.97215270996094 -0.32014966011047363
endloop
endfacet
facet normal -0.02428928949592353 -0.09064801824826296 0.995586745192726
outer loop
vertex 61.906925201416016 -71.46293640136719 -0.29814448952674866
vertex 61.826778411865234 -71.68314361572266 -0.32014966011047363
vertex 62.905364990234375 -71.97215270996094 -0.32014966011047363
endloop
endfacet
facet normal -0.010350678969440938 -0.11831191981339857 0.9929225312555555
outer loop
vertex 62.628570556640625 -73.54194641113281 -0.5
vertex 63.61775588989258 -73.62848663330078 -0.5
vertex 63.61775588989258 -72.83204650878906 -0.4050999879837036
endloop
endfacet
facet normal -0.010351498381610402 -0.11831079480990511 0.9929226567627027
outer loop
vertex 62.766868591308594 -72.75759887695312 -0.4050999879837036
vertex 62.628570556640625 -73.54194641113281 -0.5
vertex 63.61775588989258 -72.83204650878906 -0.4050999879837036
endloop
endfacet
facet normal -0.02751592422463865 -0.10269071854092318 0.9943326858952254
outer loop
vertex 62.905364990234375 -71.97215270996094 -0.32014966011047363
vertex 61.553993225097656 -72.43260955810547 -0.4050999879837036
vertex 62.766868591308594 -72.75759887695312 -0.4050999879837036
endloop
endfacet
facet normal -0.024289177705974285 -0.09064780003390203 0.9955867677884139
outer loop
vertex 63.0003547668457 -71.4334487915039 -0.26878342032432556
vertex 61.906925201416016 -71.46293640136719 -0.29814448952674866
vertex 62.905364990234375 -71.97215270996094 -0.32014966011047363
endloop
endfacet
facet normal -0.009266318889550406 -0.10590790940298556 0.9943327662609365
outer loop
vertex 62.766868591308594 -72.75759887695312 -0.4050999879837036
vertex 63.61775588989258 -72.83204650878906 -0.4050999879837036
vertex 63.61775588989258 -72.03447723388672 -0.32014966011047363
endloop
endfacet
facet normal -0.009265578380794868 -0.10590877078192316 0.9943326814143904
outer loop
vertex 62.905364990234375 -71.97215270996094 -0.32014966011047363
vertex 62.766868591308594 -72.75759887695312 -0.4050999879837036
vertex 63.61775588989258 -72.03447723388672 -0.32014966011047363
endloop
endfacet
facet normal -0.008179015850724279 -0.09348898464358602 0.9955867181968756
outer loop
vertex 62.905364990234375 -71.97215270996094 -0.32014966011047363
vertex 63.61775588989258 -72.03447723388672 -0.32014966011047363
vertex 63.61775588989258 -71.42777252197266 -0.2631780207157135
endloop
endfacet
facet normal -0.008179441108594886 -0.09348843319309737 0.9955867664861012
outer loop
vertex 63.0003547668457 -71.4334487915039 -0.26878342032432556
vertex 62.905364990234375 -71.97215270996094 -0.32014966011047363
vertex 63.61775588989258 -71.42777252197266 -0.2631780207157135
endloop
endfacet
facet normal 0.08715379696267496 -0.9961948683239583 0
outer loop
vertex 65.40693664550781 -73.54194641113281 -1.5
vertex 65.40693664550781 -73.54194641113281 -0.5
vertex 64.41775512695312 -73.62848663330078 -1.5
endloop
endfacet
facet normal 0.08715379696267496 -0.9961948683239583 0
outer loop
vertex 64.41775512695312 -73.62848663330078 -1.5
vertex 65.40693664550781 -73.54194641113281 -0.5
vertex 64.41775512695312 -73.62848663330078 -0.5
endloop
endfacet
facet normal 0.25882058733748775 -0.9659254130471346 0
outer loop
vertex 65.40693664550781 -73.54194641113281 -0.5
vertex 65.40693664550781 -73.54194641113281 -1.5
vertex 66.75391387939453 -73.18102264404297 -0.5
endloop
endfacet
facet normal 0.25882058733748775 -0.9659254130471346 0
outer loop
vertex 66.75391387939453 -73.18102264404297 -0.5
vertex 65.40693664550781 -73.54194641113281 -1.5
vertex 66.75391387939453 -73.18102264404297 -1.5
endloop
endfacet
facet normal 0.42261948047228126 -0.9063072187317825 0
outer loop
vertex 66.75391387939453 -73.18102264404297 -1.5
vertex 68.01775360107422 -72.59168243408203 -1.5
vertex 68.01775360107422 -72.59168243408203 -0.5
endloop
endfacet
facet normal 0.5735697163184464 -0.8191567496653964 0
outer loop
vertex 68.01775360107422 -72.59168243408203 -1.5
vertex 68.51775360107422 -72.24158477783203 -1.5
vertex 68.51775360107422 -72.24158477783203 -0.5
endloop
endfacet
facet normal 0.42261948047228126 -0.9063072187317825 0
outer loop
vertex 66.75391387939453 -73.18102264404297 -0.5
vertex 66.75391387939453 -73.18102264404297 -1.5
vertex 68.01775360107422 -72.59168243408203 -0.5
endloop
endfacet
facet normal 0.5735697163184464 -0.8191567496653964 0
outer loop
vertex 68.01775360107422 -72.59168243408203 -0.5
vertex 68.01775360107422 -72.59168243408203 -1.5
vertex 68.51775360107422 -72.24158477783203 -0.5
endloop
endfacet
facet normal 0.010351643117954003 -0.1183119186325124 0.9929225213450708
outer loop
vertex 64.41775512695312 -72.83204650878906 -0.4050999879837036
vertex 64.41775512695312 -73.62848663330078 -0.5
vertex 65.26863861083984 -72.75759887695312 -0.4050999879837036
endloop
endfacet
facet normal 0.00926555270263327 -0.10590791015493684 0.9943327733207472
outer loop
vertex 64.41775512695312 -72.03447723388672 -0.32014966011047363
vertex 64.41775512695312 -72.83204650878906 -0.4050999879837036
vertex 65.13014221191406 -71.97215270996094 -0.32014966011047363
endloop
endfacet
facet normal 0.010350633706011374 -0.11831094617995228 0.9929226477404413
outer loop
vertex 65.26863861083984 -72.75759887695312 -0.4050999879837036
vertex 64.41775512695312 -73.62848663330078 -0.5
vertex 65.40693664550781 -73.54194641113281 -0.5
endloop
endfacet
facet normal 0.030738138055674796 -0.11471617154407224 0.9929226389075542
outer loop
vertex 65.26863861083984 -72.75759887695312 -0.4050999879837036
vertex 65.40693664550781 -73.54194641113281 -0.5
vertex 66.48151397705078 -72.43260955810547 -0.4050999879837036
endloop
endfacet
facet normal 0.009266422844980474 -0.10590862273336107 0.9943326893139843
outer loop
vertex 65.13014221191406 -71.97215270996094 -0.32014966011047363
vertex 64.41775512695312 -72.83204650878906 -0.4050999879837036
vertex 65.26863861083984 -72.75759887695312 -0.4050999879837036
endloop
endfacet
facet normal 0.008178999392170278 -0.0934882959045792 0.9955867830067857
outer loop
vertex 64.41775512695312 -72.03447723388672 -0.32014966011047363
vertex 65.13014221191406 -71.97215270996094 -0.32014966011047363
vertex 65.03511047363281 -71.43318176269531 -0.2687581181526184
endloop
endfacet
facet normal 1 0 0
outer loop
vertex 68.51775360107422 -71.60128021240234 -0.43726372718811035
vertex 68.51775360107422 -72.24158477783203 -0.5
vertex 68.51775360107422 -72.16401672363281 -1
endloop
endfacet
facet normal 0.027515879126116617 -0.10269055023112574 0.9943327045255755
outer loop
vertex 65.26863861083984 -72.75759887695312 -0.4050999879837036
vertex 66.48151397705078 -72.43260955810547 -0.4050999879837036
vertex 66.20873260498047 -71.68314361572266 -0.32014966011047363
endloop
endfacet
facet normal 0.027516048159649344 -0.10269069656223719 0.9943326847354654
outer loop
vertex 65.13014221191406 -71.97215270996094 -0.32014966011047363
vertex 65.26863861083984 -72.75759887695312 -0.4050999879837036
vertex 66.20873260498047 -71.68314361572266 -0.32014966011047363
endloop
endfacet
facet normal 0.024289130465827487 -0.0906477453431913 0.9955867739204906
outer loop
vertex 65.03511047363281 -71.43318176269531 -0.2687581181526184
vertex 65.13014221191406 -71.97215270996094 -0.32014966011047363
vertex 66.20873260498047 -71.68314361572266 -0.32014966011047363
endloop
endfacet
facet normal 0.02428876636284988 -0.09064942525998626 0.9955866298462455
outer loop
vertex 66.20873260498047 -71.68314361572266 -0.32014966011047363
vertex 66.12837982177734 -71.46238708496094 -0.2980891764163971
vertex 65.03511047363281 -71.43318176269531 -0.2687581181526184
endloop
endfacet
facet normal 0.008179316317603488 -0.09348861848325916 0.9955867501120473
outer loop
vertex 64.41775512695312 -71.42766571044922 -0.26316821575164795
vertex 64.41775512695312 -72.03447723388672 -0.32014966011047363
vertex 65.03511047363281 -71.43318176269531 -0.2687581181526184
endloop
endfacet
facet normal 0.030738358281302572 -0.11471638220394974 0.9929226077515849
outer loop
vertex 66.48151397705078 -72.43260955810547 -0.4050999879837036
vertex 65.40693664550781 -73.54194641113281 -0.5
vertex 66.75391387939453 -73.18102264404297 -0.5
endloop
endfacet
facet normal 0.04492966106194167 -0.09635249631005753 0.9943327018718027
outer loop
vertex 66.20873260498047 -71.68314361572266 -0.32014966011047363
vertex 66.48151397705078 -72.43260955810547 -0.4050999879837036
vertex 66.63497924804688 -71.48438262939453 -0.32014966011047363
endloop
endfacet
facet normal 0.03966114415059224 -0.08505406350949785 0.9955866611828366
outer loop
vertex 66.12837982177734 -71.46238708496094 -0.2980891764163971
vertex 66.20873260498047 -71.68314361572266 -0.32014966011047363
vertex 66.63497924804688 -71.48438262939453 -0.32014966011047363
endloop
endfacet
facet normal 0.044929334539639904 -0.09635244522947749 0.9943327215756936
outer loop
vertex 66.63497924804688 -71.48438262939453 -0.32014966011047363
vertex 66.48151397705078 -72.43260955810547 -0.4050999879837036
vertex 67.61953735351562 -71.90194702148438 -0.4050999879837036
endloop
endfacet
facet normal 0.05019097761335975 -0.10763621297881648 0.9929226109933212
outer loop
vertex 66.48151397705078 -72.43260955810547 -0.4050999879837036
vertex 66.75391387939453 -73.18102264404297 -0.5
vertex 67.61953735351562 -71.90194702148438 -0.4050999879837036
endloop
endfacet
facet normal 0.04492924486399097 -0.09635265339268528 0.994332705456348
outer loop
vertex 67.61953735351562 -71.90194702148438 -0.4050999879837036
vertex 67.4005126953125 -71.52259063720703 -0.3584429621696472
vertex 66.63497924804688 -71.48438262939453 -0.32014966011047363
endloop
endfacet
facet normal 0.05019212330254926 -0.10763697788313305 0.9929224701609727
outer loop
vertex 67.61953735351562 -71.90194702148438 -0.4050999879837036
vertex 66.75391387939453 -73.18102264404297 -0.5
vertex 68.01775360107422 -72.59168243408203 -0.5
endloop
endfacet
facet normal 0.06811870525753314 -0.09728529174855499 0.9929226626497332
outer loop
vertex 68.01775360107422 -72.59168243408203 -0.5
vertex 68.51775360107422 -72.24158477783203 -0.5
vertex 68.09479522705078 -71.56916046142578 -0.4050999879837036
endloop
endfacet
facet normal 0.0681185797085249 -0.09728537084143477 0.9929226635134974
outer loop
vertex 68.51775360107422 -72.24158477783203 -0.5
vertex 68.51775360107422 -71.60128021240234 -0.43726372718811035
vertex 68.09479522705078 -71.56916046142578 -0.4050999879837036
endloop
endfacet
facet normal 0.06097954538242017 -0.08708587589140282 0.994332713564821
outer loop
vertex 67.4005126953125 -71.52259063720703 -0.3584429621696472
vertex 67.61953735351562 -71.90194702148438 -0.4050999879837036
vertex 68.09479522705078 -71.56916046142578 -0.4050999879837036
endloop
endfacet
facet normal 0.06812154845820306 -0.09728548609795831 0.9929224485478917
outer loop
vertex 67.61953735351562 -71.90194702148438 -0.4050999879837036
vertex 68.01775360107422 -72.59168243408203 -0.5
vertex 68.09479522705078 -71.56916046142578 -0.4050999879837036
endloop
endfacet
facet normal 1 0 0
outer loop
vertex 68.51775360107422 -72.24158477783203 -1.5
vertex 68.51775360107422 -72.16401672363281 -1.5076000690460205
vertex 68.51775360107422 -72.16401672363281 -1
endloop
endfacet
facet normal -0.5735697163184464 -0.8191567496653964 0
outer loop
vertex 59.51775360107422 -72.24158477783203 -0.5
vertex 59.51775360107422 -72.24158477783203 -1.5
vertex 60.01775360107422 -72.59168243408203 -0.5
endloop
endfacet
facet normal -0.42261948047228126 -0.9063072187317825 0
outer loop
vertex 60.01775360107422 -72.59168243408203 -0.5
vertex 60.01775360107422 -72.59168243408203 -1.5
vertex 61.281593322753906 -73.18102264404297 -0.5
endloop
endfacet
facet normal -0.044930267925663396 -0.0963537784245275 -0.9943325502101624
outer loop
vertex 61.553993225097656 -72.43260955810547 -1.5949000120162964
vertex 60.979888916015625 -72.16490173339844 -1.5949000120162964
vertex 61.651458740234375 -72.16482543945312 -1.6252532005310059
endloop
endfacet
facet normal 0.027516087810749754 -0.1026909621521736 -0.9943326562091039
outer loop
vertex -48.592559814453125 -77.15966033935547 -1.6258381605148315
vertex -49.706092834472656 -77.75759887695312 -1.5949000120162964
vertex -49.811527252197266 -77.1596450805664 -1.6595721244812012
endloop
endfacet
facet normal 1 0 0
outer loop
vertex -46.45697784423828 -77.24158477783203 -0.5
vertex -46.45697784423828 -77.24158477783203 -1.5
vertex -46.45697784423828 -77.15969848632812 -1
endloop
endfacet
facet normal 0.06811794823684375 -0.09728421059208926 -0.9929228205139998
outer loop
vertex -46.95697784423828 -77.59168243408203 -1.5
vertex -46.45697784423828 -77.15969848632812 -1.5080230236053467
vertex -46.45697784423828 -77.24158477783203 -1.5
endloop
endfacet
facet normal 0.06811929690531558 -0.09728576705825731 -0.992922575489656
outer loop
vertex -46.95697784423828 -77.59168243408203 -1.5
vertex -47.20639419555664 -77.15968322753906 -1.5594381093978882
vertex -46.45697784423828 -77.15969848632812 -1.5080230236053467
endloop
endfacet
facet normal 0.05019232195726568 -0.1076359719615256 -0.9929225691646031
outer loop
vertex -46.95697784423828 -77.59168243408203 -1.5
vertex -47.90789794921875 -77.15967559814453 -1.5949000120162964
vertex -47.20639419555664 -77.15968322753906 -1.5594381093978882
endloop
endfacet
facet normal 0.05019144228432277 -0.107637872773829 -0.9929224075758109
outer loop
vertex -46.95697784423828 -77.59168243408203 -1.5
vertex -48.49321746826172 -77.43260955810547 -1.5949000120162964
vertex -47.90789794921875 -77.15967559814453 -1.5949000120162964
endloop
endfacet
facet normal 0.04492924702855718 -0.09635285131055735 -0.9943326861799187
outer loop
vertex -48.49321746826172 -77.43260955810547 -1.5949000120162964
vertex -48.592559814453125 -77.15966033935547 -1.6258381605148315
vertex -47.90789794921875 -77.15967559814453 -1.5949000120162964
endloop
endfacet
facet normal 0.05019165176549849 -0.10763596667221456 -0.9929226036160064
outer loop
vertex -48.22081756591797 -78.18102264404297 -1.5
vertex -48.49321746826172 -77.43260955810547 -1.5949000120162964
vertex -46.95697784423828 -77.59168243408203 -1.5
endloop
endfacet
facet normal 0.030738209004710124 -0.11471643632919659 -0.9929226061194862
outer loop
vertex -48.22081756591797 -78.18102264404297 -1.5
vertex -49.706092834472656 -77.75759887695312 -1.5949000120162964
vertex -48.49321746826172 -77.43260955810547 -1.5949000120162964
endloop
endfacet
facet normal 0.008179137493669003 -0.09348825441262187 0.9955867857684435
outer loop
vertex -50.556976318359375 -76.42229461669922 -0.2626640796661377
vertex -50.556976318359375 -77.03447723388672 -0.32014966011047363
vertex -49.940555572509766 -76.42789459228516 -0.2682540714740753
endloop
endfacet
facet normal 0.024288493605436386 -0.09065005450790212 0.9955865792064962
outer loop
vertex -48.84822463989258 -76.45723724365234 -0.2975744605064392
vertex -49.940555572509766 -76.42789459228516 -0.2682540714740753
vertex -48.76599884033203 -76.68314361572266 -0.32014966011047363
endloop
endfacet
facet normal 0.027516048159649344 -0.10269069656223719 0.9943326847354654
outer loop
vertex -49.84458923339844 -76.97215270996094 -0.32014966011047363
vertex -49.706092834472656 -77.75759887695312 -0.4050999879837036
vertex -48.76599884033203 -76.68314361572266 -0.32014966011047363
endloop
endfacet
facet normal 0.027515879126116617 -0.10269055023112574 0.9943327045255755
outer loop
vertex -49.706092834472656 -77.75759887695312 -0.4050999879837036
vertex -48.49321746826172 -77.43260955810547 -0.4050999879837036
vertex -48.76599884033203 -76.68314361572266 -0.32014966011047363
endloop
endfacet
facet normal 0.02428906126354051 -0.09064748707823216 0.9955867991236814
outer loop
vertex -49.940555572509766 -76.42789459228516 -0.2682540714740753
vertex -49.84458923339844 -76.97215270996094 -0.32014966011047363
vertex -48.76599884033203 -76.68314361572266 -0.32014966011047363
endloop
endfacet
facet normal 0.03073810034504303 -0.11471603080622746 0.9929226563349446
outer loop
vertex -49.706092834472656 -77.75759887695312 -0.4050999879837036
vertex -49.56779098510742 -78.54194641113281 -0.5
vertex -48.49321746826172 -77.43260955810547 -0.4050999879837036
endloop
endfacet
facet normal 0.009266422844980474 -0.10590862273336107 0.9943326893139843
outer loop
vertex -49.84458923339844 -76.97215270996094 -0.32014966011047363
vertex -50.556976318359375 -77.83204650878906 -0.4050999879837036
vertex -49.706092834472656 -77.75759887695312 -0.4050999879837036
endloop
endfacet
facet normal 0.010350590115886993 -0.11831090418586529 0.9929226531986144
outer loop
vertex -49.706092834472656 -77.75759887695312 -0.4050999879837036
vertex -50.556976318359375 -78.62848663330078 -0.5
vertex -49.56779098510742 -78.54194641113281 -0.5
endloop
endfacet
facet normal 0.008178982063098035 -0.09348809782834079 0.9955868017490238
outer loop
vertex -50.556976318359375 -77.03447723388672 -0.32014966011047363
vertex -49.84458923339844 -76.97215270996094 -0.32014966011047363
vertex -49.940555572509766 -76.42789459228516 -0.2682540714740753
endloop
endfacet
facet normal 0.00926555270263327 -0.10590791015493684 0.9943327733207472
outer loop
vertex -50.556976318359375 -77.03447723388672 -0.32014966011047363
vertex -50.556976318359375 -77.83204650878906 -0.4050999879837036
vertex -49.84458923339844 -76.97215270996094 -0.32014966011047363
endloop
endfacet
facet normal 0.010351643117954003 -0.1183119186325124 0.9929225213450708
outer loop
vertex -50.556976318359375 -77.83204650878906 -0.4050999879837036
vertex -50.556976318359375 -78.62848663330078 -0.5
vertex -49.706092834472656 -77.75759887695312 -0.4050999879837036
endloop
endfacet
facet normal -0.008179383655563198 -0.09348876973343649 0.9955867353559625
outer loop
vertex -51.973392486572266 -76.42786407470703 -0.2682507336139679
vertex -52.069366455078125 -76.97215270996094 -0.32014966011047363
vertex -51.35697937011719 -76.42228698730469 -0.262662798166275
endloop
endfacet
facet normal -0.008179075461551853 -0.09348916539930746 0.99558670073356
outer loop
vertex -52.069366455078125 -76.97215270996094 -0.32014966011047363
vertex -51.35697937011719 -77.03447723388672 -0.32014966011047363
vertex -51.35697937011719 -76.42228698730469 -0.262662798166275
endloop
endfacet
facet normal -0.009265627246703552 -0.10590876221492196 0.9943326818715296
outer loop
vertex -52.069366455078125 -76.97215270996094 -0.32014966011047363
vertex -52.207862854003906 -77.75759887695312 -0.4050999879837036
vertex -51.35697937011719 -77.03447723388672 -0.32014966011047363
endloop
endfacet
facet normal -0.02428915935122652 -0.09064814633062171 0.9955867367059651
outer loop
vertex -51.973392486572266 -76.42786407470703 -0.2682507336139679
vertex -53.065704345703125 -76.45716094970703 -0.2975671589374542
vertex -52.069366455078125 -76.97215270996094 -0.32014966011047363
endloop
endfacet
facet normal -0.009266360428923093 -0.10590790936221621 0.9943327658781671
outer loop
vertex -52.207862854003906 -77.75759887695312 -0.4050999879837036
vertex -51.35697937011719 -77.83204650878906 -0.4050999879837036
vertex -51.35697937011719 -77.03447723388672 -0.32014966011047363
endloop
endfacet
facet normal -0.010351539812745284 -0.11831073792744859 0.9929226631085464
outer loop
vertex -52.207862854003906 -77.75759887695312 -0.4050999879837036
vertex -52.34616470336914 -78.54194641113281 -0.5
vertex -51.35697937011719 -77.83204650878906 -0.4050999879837036
endloop
endfacet
facet normal -0.010350678969440938 -0.11831191981339857 0.9929225312555555
outer loop
vertex -52.34616470336914 -78.54194641113281 -0.5
vertex -51.35697937011719 -78.62848663330078 -0.5
vertex -51.35697937011719 -77.83204650878906 -0.4050999879837036
endloop
endfacet
facet normal -0.02428932168050435 -0.09064845896195828 0.9955867042805077
outer loop
vertex -53.065704345703125 -76.45716094970703 -0.2975671589374542
vertex -53.14795684814453 -76.68314361572266 -0.32014966011047363
vertex -52.069366455078125 -76.97215270996094 -0.32014966011047363
endloop
endfacet
facet normal -0.027515997446134484 -0.10269050729791639 0.9943327056852957
outer loop
vertex -53.14795684814453 -76.68314361572266 -0.32014966011047363
vertex -53.420738220214844 -77.43260955810547 -0.4050999879837036
vertex -52.069366455078125 -76.97215270996094 -0.32014966011047363
endloop
endfacet
facet normal -0.02751592422463865 -0.10269071854092318 0.9943326858952254
outer loop
vertex -53.420738220214844 -77.43260955810547 -0.4050999879837036
vertex -52.207862854003906 -77.75759887695312 -0.4050999879837036
vertex -52.069366455078125 -76.97215270996094 -0.32014966011047363
endloop
endfacet
facet normal -0.03966061795601645 -0.0850536612259187 0.9955867165121347
outer loop
vertex -53.065704345703125 -76.45716094970703 -0.2975671589374542
vertex -53.584171295166016 -76.479736328125 -0.32014966011047363
vertex -53.14795684814453 -76.68314361572266 -0.32014966011047363
endloop
endfacet
facet normal -0.044929531090142506 -0.09635254376009462 0.9943327031466778
outer loop
vertex -53.14795684814453 -76.68314361572266 -0.32014966011047363
vertex -54.55875778198242 -76.90194702148438 -0.4050999879837036
vertex -53.420738220214844 -77.43260955810547 -0.4050999879837036
endloop
endfacet
facet normal -0.030738209004710124 -0.11471643632919659 0.9929226061194862
outer loop
vertex -53.420738220214844 -77.43260955810547 -0.4050999879837036
vertex -53.693138122558594 -78.18102264404297 -0.5
vertex -52.207862854003906 -77.75759887695312 -0.4050999879837036
endloop
endfacet
facet normal -0.03073833978250938 -0.11471598828443828 0.9929226538353024
outer loop
vertex -53.693138122558594 -78.18102264404297 -0.5
vertex -52.34616470336914 -78.54194641113281 -0.5
vertex -52.207862854003906 -77.75759887695312 -0.4050999879837036
endloop
endfacet
facet normal 0.2588212712285562 -0.9659252297976455 0
outer loop
vertex -49.56779098510742 -78.54194641113281 -0.5
vertex -49.56779098510742 -78.54194641113281 -1.5
vertex -48.22081756591797 -78.18102264404297 -0.5
endloop
endfacet
facet normal 0.08715346341544244 -0.9961948975048472 0
outer loop
vertex -50.556976318359375 -78.62848663330078 -1.5
vertex -49.56779098510742 -78.54194641113281 -0.5
vertex -50.556976318359375 -78.62848663330078 -0.5
endloop
endfacet
facet normal 0.08715346341544244 -0.9961948975048472 0
outer loop
vertex -49.56779098510742 -78.54194641113281 -1.5
vertex -49.56779098510742 -78.54194641113281 -0.5
vertex -50.556976318359375 -78.62848663330078 -1.5
endloop
endfacet
facet normal -0.08715346341544244 -0.9961948975048472 0
outer loop
vertex -52.34616470336914 -78.54194641113281 -0.5
vertex -52.34616470336914 -78.54194641113281 -1.5
vertex -51.35697937011719 -78.62848663330078 -0.5
endloop
endfacet
facet normal -0.2588212712285562 -0.9659252297976455 0
outer loop
vertex -53.693138122558594 -78.18102264404297 -0.5
vertex -53.693138122558594 -78.18102264404297 -1.5
vertex -52.34616470336914 -78.54194641113281 -0.5
endloop
endfacet
facet normal -0.08715346341544244 -0.9961948975048472 0
outer loop
vertex -52.34616470336914 -78.54194641113281 -1.5
vertex -51.35697937011719 -78.62848663330078 -1.5
vertex -51.35697937011719 -78.62848663330078 -0.5
endloop
endfacet
facet normal -0.2588212712285562 -0.9659252297976455 0
outer loop
vertex -53.693138122558594 -78.18102264404297 -1.5
vertex -52.34616470336914 -78.54194641113281 -1.5
vertex -52.34616470336914 -78.54194641113281 -0.5
endloop
endfacet
facet normal -0.04492947181667635 -0.09635291308857052 0.994332670036352
outer loop
vertex -53.584171295166016 -76.479736328125 -0.32014966011047363
vertex -54.55875778198242 -76.90194702148438 -0.4050999879837036
vertex -53.14795684814453 -76.68314361572266 -0.32014966011047363
endloop
endfacet
facet normal -0.04492945268428773 -0.09635295657778221 0.9943326666866629
outer loop
vertex -54.33672332763672 -76.51737976074219 -0.3578018546104431
vertex -54.55875778198242 -76.90194702148438 -0.4050999879837036
vertex -53.584171295166016 -76.479736328125 -0.32014966011047363
endloop
endfacet
facet normal -0.05019153336632978 -0.10763704400481873 0.9929224928141376
outer loop
vertex -54.55875778198242 -76.90194702148438 -0.4050999879837036
vertex -54.95697784423828 -77.59168243408203 -0.5
vertex -53.420738220214844 -77.43260955810547 -0.4050999879837036
endloop
endfacet
facet normal -0.060978466181578796 -0.08708687207836045 0.9943326924997233
outer loop
vertex -54.33672332763672 -76.51737976074219 -0.3578018546104431
vertex -55.04044723510742 -76.56466674804688 -0.4050999879837036
vertex -54.55875778198242 -76.90194702148438 -0.4050999879837036
endloop
endfacet
facet normal -0.05019165176549849 -0.10763596667221456 0.9929226036160064
outer loop
vertex -54.95697784423828 -77.59168243408203 -0.5
vertex -53.693138122558594 -78.18102264404297 -0.5
vertex -53.420738220214844 -77.43260955810547 -0.4050999879837036
endloop
endfacet
facet normal -0.06811969356941538 -0.09728567167025447 0.992922557622535
outer loop
vertex -55.04044723510742 -76.56466674804688 -0.4050999879837036
vertex -55.45697784423828 -77.24158477783203 -0.5
vertex -54.55875778198242 -76.90194702148438 -0.4050999879837036
endloop
endfacet
facet normal -0.06812083270824257 -0.09728496940941907 0.9929225482776308
outer loop
vertex -55.45697784423828 -76.5963363647461 -0.43677958846092224
vertex -55.45697784423828 -77.24158477783203 -0.5
vertex -55.04044723510742 -76.56466674804688 -0.4050999879837036
endloop
endfacet
facet normal -0.06811943702661165 -0.09728633684135332 0.992922510049585
outer loop
vertex -55.45697784423828 -77.24158477783203 -0.5
vertex -54.95697784423828 -77.59168243408203 -0.5
vertex -54.55875778198242 -76.90194702148438 -0.4050999879837036
endloop
endfacet
facet normal -0.42261948047228126 -0.9063072187317825 0
outer loop
vertex -54.95697784423828 -77.59168243408203 -0.5
vertex -54.95697784423828 -77.59168243408203 -1.5
vertex -53.693138122558594 -78.18102264404297 -0.5
endloop
endfacet
facet normal -1 0 0
outer loop
vertex -55.45697784423828 -77.15955352783203 -1
vertex -55.45697784423828 -77.24158477783203 -0.5
vertex -55.45697784423828 -76.5963363647461 -0.43677958846092224
endloop
endfacet
facet normal -0.5735697163184464 -0.8191567496653964 0
outer loop
vertex -55.45697784423828 -77.24158477783203 -0.5
vertex -55.45697784423828 -77.24158477783203 -1.5
vertex -54.95697784423828 -77.59168243408203 -0.5
endloop
endfacet
facet normal -0.42261948047228126 -0.9063072187317825 0
outer loop
vertex -54.95697784423828 -77.59168243408203 -1.5
vertex -53.693138122558594 -78.18102264404297 -1.5
vertex -53.693138122558594 -78.18102264404297 -0.5
endloop
endfacet
facet normal -1 0 0
outer loop
vertex -55.45697784423828 -77.15955352783203 -1
vertex -55.45697784423828 -77.15955352783203 -1.508036732673645
vertex -55.45697784423828 -77.24158477783203 -0.5
endloop
endfacet
facet normal -1 0 0
outer loop
vertex -55.45697784423828 -77.15955352783203 -1.508036732673645
vertex -55.45697784423828 -77.24158477783203 -1.5
vertex -55.45697784423828 -77.24158477783203 -0.5
endloop
endfacet
facet normal -0.5735697163184464 -0.8191567496653964 0
outer loop
vertex -55.45697784423828 -77.24158477783203 -1.5
vertex -54.95697784423828 -77.59168243408203 -1.5
vertex -54.95697784423828 -77.59168243408203 -0.5
endloop
endfacet
facet normal 0.5735697163184464 -0.8191567496653964 0
outer loop
vertex -46.95697784423828 -77.59168243408203 -1.5
vertex -46.45697784423828 -77.24158477783203 -1.5
vertex -46.45697784423828 -77.24158477783203 -0.5
endloop
endfacet
facet normal 0.009265239911634433 -0.10590904931584928 -0.9943326549009607
outer loop
vertex -49.706092834472656 -77.75759887695312 -1.5949000120162964
vertex -50.556976318359375 -77.15962982177734 -1.6665198802947998
vertex -49.811527252197266 -77.1596450805664 -1.6595721244812012
endloop
endfacet
facet normal 0.027515892763632734 -0.10269060112697491 -0.9943326988918754
outer loop
vertex -49.706092834472656 -77.75759887695312 -1.5949000120162964
vertex -48.592559814453125 -77.15966033935547 -1.6258381605148315
vertex -48.49321746826172 -77.43260955810547 -1.5949000120162964
endloop
endfacet
facet normal 0.03073833978250938 -0.11471598828443828 -0.9929226538353024
outer loop
vertex -49.56779098510742 -78.54194641113281 -1.5
vertex -49.706092834472656 -77.75759887695312 -1.5949000120162964
vertex -48.22081756591797 -78.18102264404297 -1.5
endloop
endfacet
facet normal 0.2588212712285562 -0.9659252297976455 0
outer loop
vertex -48.22081756591797 -78.18102264404297 -0.5
vertex -49.56779098510742 -78.54194641113281 -1.5
vertex -48.22081756591797 -78.18102264404297 -1.5
endloop
endfacet
facet normal 0.010351539812745284 -0.11831073792744859 -0.9929226631085464
outer loop
vertex -49.56779098510742 -78.54194641113281 -1.5
vertex -50.556976318359375 -77.83204650878906 -1.5949000120162964
vertex -49.706092834472656 -77.75759887695312 -1.5949000120162964
endloop
endfacet
facet normal 0.42261948047228126 -0.9063072187317825 0
outer loop
vertex -48.22081756591797 -78.18102264404297 -1.5
vertex -46.95697784423828 -77.59168243408203 -1.5
vertex -46.95697784423828 -77.59168243408203 -0.5
endloop
endfacet
facet normal 0.010350678969440938 -0.11831191981339857 -0.9929225312555555
outer loop
vertex -50.556976318359375 -77.83204650878906 -1.5949000120162964
vertex -49.56779098510742 -78.54194641113281 -1.5
vertex -50.556976318359375 -78.62848663330078 -1.5
endloop
endfacet
facet normal 0.009266326488211907 -0.10590752144402638 -0.9943328075121514
outer loop
vertex -50.556976318359375 -77.15962982177734 -1.6665198802947998
vertex -49.706092834472656 -77.75759887695312 -1.5949000120162964
vertex -50.556976318359375 -77.83204650878906 -1.5949000120162964
endloop
endfacet
facet normal -0.009266331714330129 -0.1059085286083185 -0.994332700188715
outer loop
vertex -51.35697937011719 -77.15962219238281 -1.6665213108062744
vertex -52.207862854003906 -77.75759887695312 -1.5949000120162964
vertex -52.102420806884766 -77.15960693359375 -1.6595760583877563
endloop
endfacet
facet normal -0.010351643117954003 -0.1183119186325124 -0.9929225213450708
outer loop
vertex -51.35697937011719 -78.62848663330078 -1.5
vertex -52.207862854003906 -77.75759887695312 -1.5949000120162964
vertex -51.35697937011719 -77.83204650878906 -1.5949000120162964
endloop
endfacet
facet normal -0.010350590115886993 -0.11831090418586529 -0.9929226531986144
outer loop
vertex -52.207862854003906 -77.75759887695312 -1.5949000120162964
vertex -51.35697937011719 -78.62848663330078 -1.5
vertex -52.34616470336914 -78.54194641113281 -1.5
endloop
endfacet
facet normal -0.009266405528403335 -0.10590842481720013 -0.9943327105558395
outer loop
vertex -52.207862854003906 -77.75759887695312 -1.5949000120162964
vertex -51.35697937011719 -77.15962219238281 -1.6665213108062744
vertex -51.35697937011719 -77.83204650878906 -1.5949000120162964
endloop
endfacet
facet normal -0.04493063220097915 -0.09635409041216769 -0.994332503517241
outer loop
vertex -53.420738220214844 -77.43260955810547 -1.5949000120162964
vertex -54.00625991821289 -77.15957641601562 -1.5949000120162964
vertex -53.32136917114258 -77.15959167480469 -1.6258465051651
endloop
endfacet
facet normal -0.027515487163221095 -0.10269259976791212 -0.9943325037023973
outer loop
vertex -52.102420806884766 -77.15960693359375 -1.6595760583877563
vertex -53.420738220214844 -77.43260955810547 -1.5949000120162964
vertex -53.32136917114258 -77.15959167480469 -1.6258465051651
endloop
endfacet
facet normal -0.027515902725255652 -0.10269063830421842 -0.9943326947766961
outer loop
vertex -52.207862854003906 -77.75759887695312 -1.5949000120162964
vertex -53.420738220214844 -77.43260955810547 -1.5949000120162964
vertex -52.102420806884766 -77.15960693359375 -1.6595760583877563
endloop
endfacet
facet normal -0.03073810034504303 -0.11471603080622746 -0.9929226563349446
outer loop
vertex -52.34616470336914 -78.54194641113281 -1.5
vertex -53.420738220214844 -77.43260955810547 -1.5949000120162964
vertex -52.207862854003906 -77.75759887695312 -1.5949000120162964
endloop
endfacet
facet normal -0.050191483972382704 -0.10763602797670932 -0.9929226054522311
outer loop
vertex -53.693138122558594 -78.18102264404297 -1.5
vertex -54.00625991821289 -77.15957641601562 -1.5949000120162964
vertex -53.420738220214844 -77.43260955810547 -1.5949000120162964
endloop
endfacet
facet normal -0.03073843762524554 -0.1147163534351346 -0.9929226086190727
outer loop
vertex -53.693138122558594 -78.18102264404297 -1.5
vertex -53.420738220214844 -77.43260955810547 -1.5949000120162964
vertex -52.34616470336914 -78.54194641113281 -1.5
endloop
endfacet
facet normal -0.050191089143850134 -0.10763744177986907 -0.9929224721485758
outer loop
vertex -54.00625991821289 -77.15957641601562 -1.5949000120162964
vertex -54.95697784423828 -77.59168243408203 -1.5
vertex -54.70749282836914 -77.1595687866211 -1.559454321861267
endloop
endfacet
facet normal -0.05019171214938689 -0.10763609616542652 -0.9929225865261502
outer loop
vertex -54.00625991821289 -77.15957641601562 -1.5949000120162964
vertex -53.693138122558594 -78.18102264404297 -1.5
vertex -54.95697784423828 -77.59168243408203 -1.5
endloop
endfacet
facet normal -0.06811943908297079 -0.09728633977818979 -0.9929225096207579
outer loop
vertex -54.95697784423828 -77.59168243408203 -1.5
vertex -55.45697784423828 -77.24158477783203 -1.5
vertex -54.70749282836914 -77.1595687866211 -1.559454321861267
endloop
endfacet
facet normal -0.06812037901734662 -0.09727827634474287 -0.9929232351566403
outer loop
vertex -55.45697784423828 -77.24158477783203 -1.5
vertex -55.45697784423828 -77.15955352783203 -1.508036732673645
vertex -54.70749282836914 -77.1595687866211 -1.559454321861267
endloop
endfacet
facet normal 0.06097881820298362 -0.08708578870444203 0.9943327657963871
outer loop
vertex -47.5771598815918 -76.51749420166016 -0.3578166663646698
vertex -47.35519790649414 -76.90194702148438 -0.4050999879837036
vertex -46.87369155883789 -76.56478881835938 -0.4050999879837036
endloop
endfacet
facet normal 0.06812083375820195 -0.09728552815323228 0.9929224934606095
outer loop
vertex -47.35519790649414 -76.90194702148438 -0.4050999879837036
vertex -46.95697784423828 -77.59168243408203 -0.5
vertex -46.87369155883789 -76.56478881835938 -0.4050999879837036
endloop
endfacet
facet normal 0.06812017576237236 -0.09728450350415777 0.9929226389966406
outer loop
vertex -46.87369155883789 -76.56478881835938 -0.4050999879837036
vertex -46.45697784423828 -77.24158477783203 -0.5
vertex -46.45697784423828 -76.59648895263672 -0.43679484724998474
endloop
endfacet
facet normal 0.06811876337487378 -0.09728537475016842 0.9929226505302401
outer loop
vertex -46.95697784423828 -77.59168243408203 -0.5
vertex -46.45697784423828 -77.24158477783203 -0.5
vertex -46.87369155883789 -76.56478881835938 -0.4050999879837036
endloop
endfacet
facet normal 0.050192022753163396 -0.10763676225503624 0.9929224986186982
outer loop
vertex -47.35519790649414 -76.90194702148438 -0.4050999879837036
vertex -48.22081756591797 -78.18102264404297 -0.5
vertex -46.95697784423828 -77.59168243408203 -0.5
endloop
endfacet
facet normal 0.04493040257814471 -0.09635126647854005 0.9943327875375262
outer loop
vertex -47.35519790649414 -76.90194702148438 -0.4050999879837036
vertex -47.5771598815918 -76.51749420166016 -0.3578166663646698
vertex -48.329959869384766 -76.47982025146484 -0.32014966011047363
endloop
endfacet
facet normal 0.044929690515377256 -0.096352885651642 0.9943326628130015
outer loop
vertex -48.329959869384766 -76.47982025146484 -0.32014966011047363
vertex -48.49321746826172 -77.43260955810547 -0.4050999879837036
vertex -47.35519790649414 -76.90194702148438 -0.4050999879837036
endloop
endfacet
facet normal 0.03966075573149861 -0.08505483459453937 0.9955866107812529
outer loop
vertex -48.76599884033203 -76.68314361572266 -0.32014966011047363
vertex -48.329959869384766 -76.47982025146484 -0.32014966011047363
vertex -48.84822463989258 -76.45723724365234 -0.2975744605064392
endloop
endfacet
facet normal 0.04492893699155258 -0.09635276065327236 0.9943327089738636
outer loop
vertex -48.76599884033203 -76.68314361572266 -0.32014966011047363
vertex -48.49321746826172 -77.43260955810547 -0.4050999879837036
vertex -48.329959869384766 -76.47982025146484 -0.32014966011047363
endloop
endfacet
facet normal 0.05019112136531025 -0.10763616045795545 0.9929226094202719
outer loop
vertex -48.49321746826172 -77.43260955810547 -0.4050999879837036
vertex -48.22081756591797 -78.18102264404297 -0.5
vertex -47.35519790649414 -76.90194702148438 -0.4050999879837036
endloop
endfacet
facet normal 0.03073843762524554 -0.1147163534351346 0.9929226086190727
outer loop
vertex -48.49321746826172 -77.43260955810547 -0.4050999879837036
vertex -49.56779098510742 -78.54194641113281 -0.5
vertex -48.22081756591797 -78.18102264404297 -0.5
endloop
endfacet
facet normal 1 0 0
outer loop
vertex -46.45697784423828 -77.24158477783203 -0.5
vertex -46.45697784423828 -77.15969848632812 -1
vertex -46.45697784423828 -76.59648895263672 -0.43679484724998474
endloop
endfacet
facet normal 0.5735697163184464 -0.8191567496653964 0
outer loop
vertex -46.95697784423828 -77.59168243408203 -0.5
vertex -46.95697784423828 -77.59168243408203 -1.5
vertex -46.45697784423828 -77.24158477783203 -0.5
endloop
endfacet
facet normal 0.42261948047228126 -0.9063072187317825 0
outer loop
vertex -48.22081756591797 -78.18102264404297 -0.5
vertex -48.22081756591797 -78.18102264404297 -1.5
vertex -46.95697784423828 -77.59168243408203 -0.5
endloop
endfacet
facet normal 1 0 0
outer loop
vertex -46.45697784423828 -77.24158477783203 -1.5
vertex -46.45697784423828 -77.15969848632812 -1.5080230236053467
vertex -46.45697784423828 -77.15969848632812 -1
endloop
endfacet
facet normal 0.5555572524753821 0.8314782854783427 0
outer loop
vertex 58.326412200927734 -70.92542266845703 0
vertex 58.326412200927734 -70.92542266845703 -4
vertex 58.16419982910156 -70.8170394897461 0
endloop
endfacet
facet normal -0.8314662558937794 0.5555752562074557 0
outer loop
vertex 69.97969818115234 -70.65482330322266 0
vertex 69.97969818115234 -70.65482330322266 -4
vertex 69.87130737304688 -70.8170394897461 0
endloop
endfacet
facet normal 1 0 0
outer loop
vertex 58.01775360107422 -70.46348571777344 0
vertex 58.01775360107422 -69.66348266601562 -4.099999904632568
vertex 58.01775360107422 -69.66348266601562 0
endloop
endfacet
facet normal -1 0 0
outer loop
vertex 70.01775360107422 -69.66348266601562 0
vertex 70.01775360107422 -70.46348571777344 -4
vertex 70.01775360107422 -70.46348571777344 0
endloop
endfacet
facet normal 0.8314843204337715 0.5555482201148602 0
outer loop
vertex 58.16419982910156 -70.8170394897461 0
vertex 58.16419982910156 -70.8170394897461 -4
vertex 58.055816650390625 -70.65482330322266 0
endloop
endfacet
facet normal -1 0 0
outer loop
vertex 64.41775512695312 -72.16449737548828 -1.666001796722412
vertex 64.41775512695312 -72.83204650878906 -0.4050999879837036
vertex 64.41775512695312 -72.03447723388672 -0.32014966011047363
endloop
endfacet
facet normal -1 0 0
outer loop
vertex 64.41775512695312 -72.16449737548828 -1.666001796722412
vertex 64.41775512695312 -72.03447723388672 -0.32014966011047363
vertex 64.41775512695312 -71.42766571044922 -0.26316821575164795
endloop
endfacet
facet normal 1 0 0
outer loop
vertex 63.61775588989258 -72.03447723388672 -0.32014966011047363
vertex 63.61775588989258 -72.16458892822266 -1.6659917831420898
vertex 63.61775588989258 -71.42777252197266 -0.2631780207157135
endloop
endfacet
facet normal -1 0 0
outer loop
vertex 64.41775512695312 -72.83204650878906 -0.4050999879837036
vertex 64.41775512695312 -73.62848663330078 -1.5
vertex 64.41775512695312 -73.62848663330078 -0.5
endloop
endfacet
facet normal 1 0 0
outer loop
vertex 63.61775588989258 -71.16458892822266 0
vertex 63.61775588989258 -71.42777252197266 -0.2631780207157135
vertex 63.61775588989258 -72.16458892822266 -1.6659917831420898
endloop
endfacet
facet normal 1 0 0
outer loop
vertex 63.61775588989258 -72.03447723388672 -0.32014966011047363
vertex 63.61775588989258 -72.83204650878906 -0.4050999879837036
vertex 63.61775588989258 -72.83204650878906 -1.5949000120162964
endloop
endfacet
facet normal 1 0 0
outer loop
vertex 63.61775588989258 -73.62848663330078 -0.5
vertex 63.61775588989258 -73.62848663330078 -1.5
vertex 63.61775588989258 -72.83204650878906 -0.4050999879837036
endloop
endfacet
facet normal 0.9807832014732842 -0.19510077321173105 0
outer loop
vertex 58.01775360107422 -69.46348571777344 -4.099999904632568
vertex 58.01775360107422 -69.46348571777344 -5
vertex 58.055816650390625 -69.27214050292969 -4.099999904632568
endloop
endfacet
facet normal 1 0 0
outer loop
vertex 58.01775360107422 -69.46348571777344 -4.099999904632568
vertex 58.01775360107422 -69.66348266601562 -4.099999904632568
vertex 58.01775360107422 -69.46348571777344 -5
endloop
endfacet
facet normal 1 0 0
outer loop
vertex 58.01775360107422 -70.46348571777344 -4
vertex 58.01775360107422 -69.46348571777344 -5
vertex 58.01775360107422 -69.66348266601562 -4.099999904632568
endloop
endfacet
facet normal 0.5555842886150507 -0.8314602204820793 0
outer loop
vertex 58.16419982910156 -69.10993194580078 -5
vertex 58.326412200927734 -69.00154113769531 -5
vertex 58.326412200927734 -69.00154113769531 -4.099999904632568
endloop
endfacet
facet normal 0.8314722502285505 -0.555566285064051 0
outer loop
vertex 58.055816650390625 -69.27214050292969 -5
vertex 58.16419982910156 -69.10993194580078 -5
vertex 58.16419982910156 -69.10993194580078 -4.099999904632568
endloop
endfacet
facet normal 0 -1 0
outer loop
vertex 58.326412200927734 -69.00154113769531 -5
vertex 69.70909881591797 -69.00154113769531 -5
vertex 58.326412200927734 -69.00154113769531 -4.099999904632568
endloop
endfacet
facet normal 0 0 -1
outer loop
vertex 63.61775588989258 -72.16458892822266 -4
vertex 58.01775360107422 -72.16525268554688 -4
vertex 58.326412200927734 -70.92542266845703 -4
endloop
endfacet
facet normal 0 0 -1
outer loop
vertex 63.61775588989258 -72.16458892822266 -4
vertex 58.326412200927734 -70.92542266845703 -4
vertex 63.61775588989258 -70.96348571777344 -4
endloop
endfacet
facet normal 0 -1 0
outer loop
vertex 69.70909881591797 -69.00154113769531 -4.099999904632568
vertex 58.326412200927734 -69.00154113769531 -4.099999904632568
vertex 69.70909881591797 -69.00154113769531 -5
endloop
endfacet
facet normal 0 0 -1
outer loop
vertex 64.41775512695312 -72.16449737548828 -4
vertex 64.41775512695312 -70.96348571777344 -4
vertex 70.01775360107422 -72.16383361816406 -4
endloop
endfacet
facet normal 0 0 -1
outer loop
vertex 70.01775360107422 -72.16383361816406 -4
vertex 64.41775512695312 -70.96348571777344 -4
vertex 69.51775360107422 -70.96348571777344 -4
endloop
endfacet
facet normal 0.9807832014732842 -0.19510077321173105 0
outer loop
vertex 58.01775360107422 -69.46348571777344 -5
vertex 58.055816650390625 -69.27214050292969 -5
vertex 58.055816650390625 -69.27214050292969 -4.099999904632568
endloop
endfacet
facet normal 1 0 0
outer loop
vertex 58.01775360107422 -70.46348571777344 -4
vertex 58.01775360107422 -72.16525268554688 -5
vertex 58.01775360107422 -69.46348571777344 -5
endloop
endfacet
facet normal 1 0 0
outer loop
vertex 58.01775360107422 -72.16525268554688 -5
vertex 58.01775360107422 -70.46348571777344 -4
vertex 58.01775360107422 -72.16525268554688 -4
endloop
endfacet
facet normal 0 0 1
outer loop
vertex 70.01775360107422 -69.46348571777344 -5
vertex 58.01775360107422 -72.16525268554688 -5
vertex 70.01775360107422 -72.16383361816406 -5
endloop
endfacet
facet normal 0 0 1
outer loop
vertex 69.70909881591797 -69.00154113769531 -5
vertex 58.01775360107422 -72.16525268554688 -5
vertex 69.87130737304688 -69.10993194580078 -5
endloop
endfacet
facet normal 0.007193270138980207 0.9999741280976762 0
outer loop
vertex 63.61775588989258 -70.96348571777344 -4
vertex 58.326412200927734 -70.92542266845703 -4
vertex 63.61775588989258 -70.96348571777344 0
endloop
endfacet
facet normal 1 0 0
outer loop
vertex 63.61775588989258 -72.16458892822266 -1.6659917831420898
vertex 63.61775588989258 -72.16458892822266 -4
vertex 63.61775588989258 -70.96348571777344 -4
endloop
endfacet
facet normal -1 0 0
outer loop
vertex 64.41775512695312 -72.83204650878906 -1.5949000120162964
vertex 64.41775512695312 -73.62848663330078 -1.5
vertex 64.41775512695312 -72.83204650878906 -0.4050999879837036
endloop
endfacet
facet normal 0 0 1
outer loop
vertex 58.01775360107422 -72.16525268554688 -5
vertex 69.97969818115234 -69.27214050292969 -5
vertex 69.87130737304688 -69.10993194580078 -5
endloop
endfacet
facet normal -1 0 0
outer loop
vertex 64.41775512695312 -70.96348571777344 -4
vertex 64.41775512695312 -72.16449737548828 -4
vertex 64.41775512695312 -71.16449737548828 0
endloop
endfacet
facet normal 0 0 1
outer loop
vertex 58.01775360107422 -72.16525268554688 -5
vertex 70.01775360107422 -69.46348571777344 -5
vertex 69.97969818115234 -69.27214050292969 -5
endloop
endfacet
facet normal 0 0 1
outer loop
vertex 58.326412200927734 -69.00154113769531 -5
vertex 58.01775360107422 -72.16525268554688 -5
vertex 69.70909881591797 -69.00154113769531 -5
endloop
endfacet
facet normal 0 0 1
outer loop
vertex 58.16419982910156 -69.10993194580078 -5
vertex 58.01775360107422 -72.16525268554688 -5
vertex 58.326412200927734 -69.00154113769531 -5
endloop
endfacet
facet normal 1 0 0
outer loop
vertex 63.61775588989258 -73.62848663330078 -1.5
vertex 63.61775588989258 -72.83204650878906 -1.5949000120162964
vertex 63.61775588989258 -72.83204650878906 -0.4050999879837036
endloop
endfacet
facet normal 0 0 1
outer loop
vertex 58.055816650390625 -69.27214050292969 -5
vertex 58.01775360107422 -72.16525268554688 -5
vertex 58.16419982910156 -69.10993194580078 -5
endloop
endfacet
facet normal 0 1 0
outer loop
vertex 69.51775360107422 -70.96348571777344 -4
vertex 64.41775512695312 -70.96348571777344 -4
vertex 69.51775360107422 -70.96348571777344 0
endloop
endfacet
facet normal 0 0 1
outer loop
vertex 58.01775360107422 -72.16525268554688 -5
vertex 58.055816650390625 -69.27214050292969 -5
vertex 58.01775360107422 -69.46348571777344 -5
endloop
endfacet
facet normal -1 0 0
outer loop
vertex 70.01775360107422 -72.16383361816406 -5
vertex 70.01775360107422 -72.16383361816406 -4
vertex 70.01775360107422 -70.46348571777344 -4
endloop
endfacet
facet normal -1 0 0
outer loop
vertex 70.01775360107422 -69.46348571777344 -5
vertex 70.01775360107422 -72.16383361816406 -5
vertex 70.01775360107422 -70.46348571777344 -4
endloop
endfacet
facet normal -0.8314541847760064 -0.5555933212507748 0
outer loop
vertex 69.87130737304688 -69.10993194580078 -5
vertex 69.97969818115234 -69.27214050292969 -5
vertex 69.97969818115234 -69.27214050292969 -4.099999904632568
endloop
endfacet
facet normal -0.5555933212507748 -0.8314541847760064 0
outer loop
vertex 69.70909881591797 -69.00154113769531 -5
vertex 69.87130737304688 -69.10993194580078 -5
vertex 69.87130737304688 -69.10993194580078 -4.099999904632568
endloop
endfacet
facet normal -0.9807906838391205 -0.19506315514312333 0
outer loop
vertex 69.97969818115234 -69.27214050292969 -5
vertex 70.01775360107422 -69.46348571777344 -5
vertex 70.01775360107422 -69.46348571777344 -4.099999904632568
endloop
endfacet
facet normal -1 0 0
outer loop
vertex 70.01775360107422 -69.46348571777344 -5
vertex 70.01775360107422 -70.46348571777344 -4
vertex 70.01775360107422 -69.66348266601562 -4.099999904632568
endloop
endfacet
facet normal -1 0 0
outer loop
vertex 70.01775360107422 -69.46348571777344 -4.099999904632568
vertex 70.01775360107422 -69.46348571777344 -5
vertex 70.01775360107422 -69.66348266601562 -4.099999904632568
endloop
endfacet
facet normal -0.5555933212507748 -0.8314541847760064 0
outer loop
vertex 69.70909881591797 -69.00154113769531 -4.099999904632568
vertex 69.70909881591797 -69.00154113769531 -5
vertex 69.87130737304688 -69.10993194580078 -4.099999904632568
endloop
endfacet
facet normal -1 0 0
outer loop
vertex 64.41775512695312 -71.16449737548828 0
vertex 64.41775512695312 -72.16449737548828 -1.666001796722412
vertex 64.41775512695312 -71.42766571044922 -0.26316821575164795
endloop
endfacet
facet normal 0 1 0
outer loop
vertex 69.51775360107422 -70.96348571777344 0
vertex 64.41775512695312 -70.96348571777344 -4
vertex 64.41775512695312 -70.96348571777344 0
endloop
endfacet
facet normal -1 0 0
outer loop
vertex 64.41775512695312 -71.16449737548828 0
vertex 64.41775512695312 -70.96348571777344 0
vertex 64.41775512695312 -70.96348571777344 -4
endloop
endfacet
facet normal 1 0 0
outer loop
vertex 63.61775588989258 -72.83204650878906 -1.5949000120162964
vertex 63.61775588989258 -72.16458892822266 -1.6659917831420898
vertex 63.61775588989258 -72.03447723388672 -0.32014966011047363
endloop
endfacet
facet normal -0.8314541847760064 -0.5555933212507748 0
outer loop
vertex 69.87130737304688 -69.10993194580078 -4.099999904632568
vertex 69.87130737304688 -69.10993194580078 -5
vertex 69.97969818115234 -69.27214050292969 -4.099999904632568
endloop
endfacet
facet normal -0.9807906838391205 -0.19506315514312333 0
outer loop
vertex 69.97969818115234 -69.27214050292969 -4.099999904632568
vertex 69.97969818115234 -69.27214050292969 -5
vertex 70.01775360107422 -69.46348571777344 -4.099999904632568
endloop
endfacet
facet normal -1 0 0
outer loop
vertex 64.41775512695312 -72.16449737548828 -1.666001796722412
vertex 64.41775512695312 -72.83204650878906 -1.5949000120162964
vertex 64.41775512695312 -72.83204650878906 -0.4050999879837036
endloop
endfacet
facet normal 1 0 0
outer loop
vertex 63.61775588989258 -70.96348571777344 0
vertex 63.61775588989258 -71.16458892822266 0
vertex 63.61775588989258 -72.16458892822266 -1.6659917831420898
endloop
endfacet
facet normal -0.19510077321173103 0.9807832014732841 0
outer loop
vertex 69.70909881591797 -70.92542266845703 0
vertex 69.70909881591797 -70.92542266845703 -4
vertex 69.51775360107422 -70.96348571777344 0
endloop
endfacet
facet normal -1 0 0
outer loop
vertex 64.41775512695312 -71.16449737548828 0
vertex 64.41775512695312 -72.16449737548828 -4
vertex 64.41775512695312 -72.16449737548828 -1.666001796722412
endloop
endfacet
facet normal 1 0 0
outer loop
vertex 63.61775588989258 -72.16458892822266 -1.6659917831420898
vertex 63.61775588989258 -70.96348571777344 -4
vertex 63.61775588989258 -70.96348571777344 0
endloop
endfacet
facet normal 0 0 -1
outer loop
vertex 70.01775360107422 -72.16383361816406 -4
vertex 69.51775360107422 -70.96348571777344 -4
vertex 69.70909881591797 -70.92542266845703 -4
endloop
endfacet
facet normal 0 0 -1
outer loop
vertex 70.01775360107422 -72.16383361816406 -4
vertex 69.70909881591797 -70.92542266845703 -4
vertex 69.87130737304688 -70.8170394897461 -4
endloop
endfacet
facet normal 0.007193270138980207 0.9999741280976762 0
outer loop
vertex 58.326412200927734 -70.92542266845703 -4
vertex 58.326412200927734 -70.92542266845703 0
vertex 63.61775588989258 -70.96348571777344 0
endloop
endfacet
facet normal 0 0 -1
outer loop
vertex 70.01775360107422 -72.16383361816406 -4
vertex 69.87130737304688 -70.8170394897461 -4
vertex 69.97969818115234 -70.65482330322266 -4
endloop
endfacet
facet normal 0 0 -1
outer loop
vertex 70.01775360107422 -70.46348571777344 -4
vertex 70.01775360107422 -72.16383361816406 -4
vertex 69.97969818115234 -70.65482330322266 -4
endloop
endfacet
facet normal 0.9807817128375009 0.19510825652323827 0
outer loop
vertex 58.055816650390625 -70.65482330322266 0
vertex 58.055816650390625 -70.65482330322266 -4
vertex 58.01775360107422 -70.46348571777344 0
endloop
endfacet
facet normal 0.8314843204337715 0.5555482201148602 0
outer loop
vertex 58.16419982910156 -70.8170394897461 -4
vertex 58.055816650390625 -70.65482330322266 -4
vertex 58.055816650390625 -70.65482330322266 0
endloop
endfacet
facet normal 0.5555572524753821 0.8314782854783427 0
outer loop
vertex 58.326412200927734 -70.92542266845703 -4
vertex 58.16419982910156 -70.8170394897461 -4
vertex 58.16419982910156 -70.8170394897461 0
endloop
endfacet
facet normal 1 0 0
outer loop
vertex 58.01775360107422 -70.46348571777344 0
vertex 58.01775360107422 -70.46348571777344 -4
vertex 58.01775360107422 -69.66348266601562 -4.099999904632568
endloop
endfacet
facet normal 0.9807817128375009 0.19510825652323827 0
outer loop
vertex 58.055816650390625 -70.65482330322266 -4
vertex 58.01775360107422 -70.46348571777344 -4
vertex 58.01775360107422 -70.46348571777344 0
endloop
endfacet
facet normal -0.19510077321173103 0.9807832014732841 0
outer loop
vertex 69.70909881591797 -70.92542266845703 -4
vertex 69.51775360107422 -70.96348571777344 -4
vertex 69.51775360107422 -70.96348571777344 0
endloop
endfacet
facet normal -0.555566285064051 0.8314722502285505 0
outer loop
vertex 69.87130737304688 -70.8170394897461 -4
vertex 69.70909881591797 -70.92542266845703 -4
vertex 69.70909881591797 -70.92542266845703 0
endloop
endfacet
facet normal -0.8314662558937794 0.5555752562074557 0
outer loop
vertex 69.97969818115234 -70.65482330322266 -4
vertex 69.87130737304688 -70.8170394897461 -4
vertex 69.87130737304688 -70.8170394897461 0
endloop
endfacet
facet normal -0.9807891957659867 0.19507063712591177 0
outer loop
vertex 70.01775360107422 -70.46348571777344 -4
vertex 69.97969818115234 -70.65482330322266 -4
vertex 69.97969818115234 -70.65482330322266 0
endloop
endfacet
facet normal -1 0 0
outer loop
vertex 70.01775360107422 -69.66348266601562 -4.099999904632568
vertex 70.01775360107422 -70.46348571777344 -4
vertex 70.01775360107422 -69.66348266601562 0
endloop
endfacet
facet normal 0 0 -1
outer loop
vertex 58.01775360107422 -72.16525268554688 -4
vertex 58.16419982910156 -70.8170394897461 -4
vertex 58.326412200927734 -70.92542266845703 -4
endloop
endfacet
facet normal 0 0 -1
outer loop
vertex 58.01775360107422 -72.16525268554688 -4
vertex 58.055816650390625 -70.65482330322266 -4
vertex 58.16419982910156 -70.8170394897461 -4
endloop
endfacet
facet normal 0 0 -1
outer loop
vertex 58.01775360107422 -72.16525268554688 -4
vertex 58.01775360107422 -70.46348571777344 -4
vertex 58.055816650390625 -70.65482330322266 -4
endloop
endfacet
facet normal 0.5555842886150507 -0.8314602204820793 0
outer loop
vertex 58.16419982910156 -69.10993194580078 -4.099999904632568
vertex 58.16419982910156 -69.10993194580078 -5
vertex 58.326412200927734 -69.00154113769531 -4.099999904632568
endloop
endfacet
facet normal 0.8314722502285505 -0.555566285064051 0
outer loop
vertex 58.055816650390625 -69.27214050292969 -4.099999904632568
vertex 58.055816650390625 -69.27214050292969 -5
vertex 58.16419982910156 -69.10993194580078 -4.099999904632568
endloop
endfacet
facet normal -0.555566285064051 0.8314722502285505 0
outer loop
vertex 69.87130737304688 -70.8170394897461 0
vertex 69.87130737304688 -70.8170394897461 -4
vertex 69.70909881591797 -70.92542266845703 0
endloop
endfacet
facet normal -0.9807891957659867 0.19507063712591177 0
outer loop
vertex 70.01775360107422 -70.46348571777344 -4
vertex 69.97969818115234 -70.65482330322266 0
vertex 70.01775360107422 -70.46348571777344 0
endloop
endfacet
facet normal -1 0 0
outer loop
vertex -50.556976318359375 -77.15962982177734 -1.6665198802947998
vertex -50.556976318359375 -77.83204650878906 -1.5949000120162964
vertex -50.556976318359375 -77.83204650878906 -0.4050999879837036
endloop
endfacet
facet normal -1 0 0
outer loop
vertex -44.95697784423828 -74.46348571777344 -5
vertex -44.95697784423828 -77.15972137451172 -5
vertex -44.95697784423828 -75.46348571777344 -4
endloop
endfacet
facet normal 0 0 -1
outer loop
vertex -50.556976318359375 -75.96348571777344 -4
vertex -44.95697784423828 -77.15972137451172 -4
vertex -50.556976318359375 -77.15962982177734 -4
endloop
endfacet
facet normal 0.0034003126485013372 -0.9999642572526322 0.007740936059942961
outer loop
vertex -56.648319244384766 -74.00154113769531 0
vertex -45.2656364440918 -74.00154113769531 -5
vertex -45.45697784423828 -73.96348571777344 0
endloop
endfacet
facet normal 1 0 0
outer loop
vertex -51.35697937011719 -78.62848663330078 -1.5
vertex -51.35697937011719 -77.83204650878906 -1.5949000120162964
vertex -51.35697937011719 -77.83204650878906 -0.4050999879837036
endloop
endfacet
facet normal 1 0 0
outer loop
vertex -51.35697937011719 -78.62848663330078 -0.5
vertex -51.35697937011719 -78.62848663330078 -1.5
vertex -51.35697937011719 -77.83204650878906 -0.4050999879837036
endloop
endfacet
facet normal 1 0 0
outer loop
vertex -51.35697937011719 -77.83204650878906 -0.4050999879837036
vertex -51.35697937011719 -77.83204650878906 -1.5949000120162964
vertex -51.35697937011719 -77.03447723388672 -0.32014966011047363
endloop
endfacet
facet normal 1 0 0
outer loop
vertex -51.35697937011719 -77.83204650878906 -1.5949000120162964
vertex -51.35697937011719 -77.15962219238281 -1.6665213108062744
vertex -51.35697937011719 -77.03447723388672 -0.32014966011047363
endloop
endfacet
facet normal 1 0 0
outer loop
vertex -51.35697937011719 -77.03447723388672 -0.32014966011047363
vertex -51.35697937011719 -77.15962219238281 -1.6665213108062744
vertex -51.35697937011719 -76.42228698730469 -0.262662798166275
endloop
endfacet
facet normal 1 0 0
outer loop
vertex -51.35697937011719 -76.42228698730469 -0.262662798166275
vertex -51.35697937011719 -77.15962219238281 -1.6665213108062744
vertex -51.35697937011719 -76.15962219238281 0
endloop
endfacet
facet normal -1 0 0
outer loop
vertex -50.556976318359375 -77.83204650878906 -1.5949000120162964
vertex -50.556976318359375 -78.62848663330078 -1.5
vertex -50.556976318359375 -77.83204650878906 -0.4050999879837036
endloop
endfacet
facet normal -1 0 0
outer loop
vertex -50.556976318359375 -77.83204650878906 -0.4050999879837036
vertex -50.556976318359375 -78.62848663330078 -1.5
vertex -50.556976318359375 -78.62848663330078 -0.5
endloop
endfacet
facet normal -1 0 0
outer loop
vertex -50.556976318359375 -77.83204650878906 -0.4050999879837036
vertex -50.556976318359375 -77.03447723388672 -0.32014966011047363
vertex -50.556976318359375 -77.15962982177734 -1.6665198802947998
endloop
endfacet
facet normal -1 0 0
outer loop
vertex -50.556976318359375 -77.03447723388672 -0.32014966011047363
vertex -50.556976318359375 -76.42229461669922 -0.2626640796661377
vertex -50.556976318359375 -77.15962982177734 -1.6665198802947998
endloop
endfacet
facet normal -1 0 0
outer loop
vertex -50.556976318359375 -76.42229461669922 -0.2626640796661377
vertex -50.556976318359375 -76.15962982177734 0
vertex -50.556976318359375 -77.15962982177734 -1.6665198802947998
endloop
endfacet
facet normal 1 0 0
outer loop
vertex -51.35697937011719 -76.15962219238281 0
vertex -51.35697937011719 -77.15962219238281 -1.6665213108062744
vertex -51.35697937011719 -75.96348571777344 0
endloop
endfacet
facet normal -1 0 0
outer loop
vertex -50.556976318359375 -75.96348571777344 0
vertex -50.556976318359375 -77.15962982177734 -1.6665198802947998
vertex -50.556976318359375 -76.15962982177734 0
endloop
endfacet
facet normal -0.0071932753245719 0.9999741280603738 0
outer loop
vertex -45.2656364440918 -75.92542266845703 0
vertex -50.556976318359375 -75.96348571777344 -4
vertex -50.556976318359375 -75.96348571777344 0
endloop
endfacet
facet normal -1 0 0
outer loop
vertex -50.556976318359375 -75.96348571777344 -4
vertex -50.556976318359375 -77.15962982177734 -1.6665198802947998
vertex -50.556976318359375 -75.96348571777344 0
endloop
endfacet
facet normal 1 0 0
outer loop
vertex -51.35697937011719 -77.15962219238281 -1.6665213108062744
vertex -51.35697937011719 -75.96348571777344 -4
vertex -51.35697937011719 -75.96348571777344 0
endloop
endfacet
facet normal 0 1 0
outer loop
vertex -51.35697937011719 -75.96348571777344 0
vertex -56.45697784423828 -75.96348571777344 -4
vertex -56.45697784423828 -75.96348571777344 0
endloop
endfacet
facet normal -0.19506689606419184 -0.9807899398239572 0
outer loop
vertex -45.45697784423828 -73.96348571777344 0
vertex -45.2656364440918 -74.00154113769531 -5
vertex -45.2656364440918 -74.00154113769531 0
endloop
endfacet
facet normal -0.5555842886150507 -0.8314602204820793 0
outer loop
vertex -45.2656364440918 -74.00154113769531 0
vertex -45.2656364440918 -74.00154113769531 -5
vertex -45.103424072265625 -74.10993194580078 0
endloop
endfacet
facet normal -1 0 0
outer loop
vertex -44.95697784423828 -74.46348571777344 0
vertex -44.95697784423828 -74.46348571777344 -5
vertex -44.95697784423828 -75.46348571777344 0
endloop
endfacet
facet normal -0.8314632175140401 -0.5555798033776967 0
outer loop
vertex -45.103424072265625 -74.10993194580078 0
vertex -45.103424072265625 -74.10993194580078 -5
vertex -44.99503707885742 -74.27214050292969 0
endloop
endfacet
facet normal 0.5555572524753821 0.8314782854783427 0
outer loop
vertex -56.648319244384766 -75.92542266845703 0
vertex -56.648319244384766 -75.92542266845703 -4
vertex -56.81053161621094 -75.8170394897461 0
endloop
endfacet
facet normal 0.19510451479714808 0.980782457176804 0
outer loop
vertex -56.45697784423828 -75.96348571777344 -4
vertex -56.648319244384766 -75.92542266845703 0
vertex -56.45697784423828 -75.96348571777344 0
endloop
endfacet
facet normal 1 0 0
outer loop
vertex -56.95697784423828 -75.46348571777344 0
vertex -56.95697784423828 -75.46348571777344 -4
vertex -56.95697784423828 -74.46348571777344 0
endloop
endfacet
facet normal 0.831475288175546 0.5555617383814266 0
outer loop
vertex -56.81053161621094 -75.8170394897461 0
vertex -56.81053161621094 -75.8170394897461 -4
vertex -56.91891860961914 -75.65482330322266 0
endloop
endfacet
facet normal 0.980785454467839 0.19508944693220684 0
outer loop
vertex -56.91891860961914 -75.65482330322266 0
vertex -56.91891860961914 -75.65482330322266 -4
vertex -56.95697784423828 -75.46348571777344 0
endloop
endfacet
facet normal 0.5555842886150507 -0.8314602204820793 0
outer loop
vertex -56.81053161621094 -74.10993194580078 0
vertex -56.81053161621094 -74.10993194580078 -5
vertex -56.648319244384766 -74.00154113769531 0
endloop
endfacet
facet normal 0.8314632175140401 -0.5555798033776967 0
outer loop
vertex -56.91891860961914 -74.27214050292969 0
vertex -56.91891860961914 -74.27214050292969 -5
vertex -56.81053161621094 -74.10993194580078 0
endloop
endfacet
facet normal 0.9807869428222868 -0.19508196428504695 0
outer loop
vertex -56.95697784423828 -74.46348571777344 0
vertex -56.95697784423828 -74.46348571777344 -5
vertex -56.91891860961914 -74.27214050292969 0
endloop
endfacet
facet normal -0.980785454467839 0.19508944693220684 0
outer loop
vertex -44.95697784423828 -75.46348571777344 -4
vertex -44.99503707885742 -75.65482330322266 -4
vertex -44.99503707885742 -75.65482330322266 0
endloop
endfacet
facet normal -0.831475288175546 0.5555617383814266 0
outer loop
vertex -44.99503707885742 -75.65482330322266 -4
vertex -45.103424072265625 -75.8170394897461 -4
vertex -45.103424072265625 -75.8170394897461 0
endloop
endfacet
facet normal -0.5555572524753821 0.8314782854783427 0
outer loop
vertex -45.103424072265625 -75.8170394897461 -4
vertex -45.2656364440918 -75.92542266845703 -4
vertex -45.2656364440918 -75.92542266845703 0
endloop
endfacet
facet normal -0.0071932753245719 0.9999741280603738 0
outer loop
vertex -45.2656364440918 -75.92542266845703 -4
vertex -50.556976318359375 -75.96348571777344 -4
vertex -45.2656364440918 -75.92542266845703 0
endloop
endfacet
facet normal -1 0 0
outer loop
vertex -44.95697784423828 -74.46348571777344 -5
vertex -44.95697784423828 -75.46348571777344 -4
vertex -44.95697784423828 -75.46348571777344 0
endloop
endfacet
facet normal -0.8314632175140401 -0.5555798033776967 0
outer loop
vertex -45.103424072265625 -74.10993194580078 -5
vertex -44.99503707885742 -74.27214050292969 -5
vertex -44.99503707885742 -74.27214050292969 0
endloop
endfacet
facet normal -0.5555842886150507 -0.8314602204820793 0
outer loop
vertex -45.2656364440918 -74.00154113769531 -5
vertex -45.103424072265625 -74.10993194580078 -5
vertex -45.103424072265625 -74.10993194580078 0
endloop
endfacet
facet normal -0.9807869428222868 -0.19508196428504695 0
outer loop
vertex -44.99503707885742 -74.27214050292969 -5
vertex -44.95697784423828 -74.46348571777344 -5
vertex -44.95697784423828 -74.46348571777344 0
endloop
endfacet
facet normal 0 0 -1
outer loop
vertex -44.95697784423828 -75.46348571777344 -4
vertex -44.95697784423828 -77.15972137451172 -4
vertex -44.99503707885742 -75.65482330322266 -4
endloop
endfacet
facet normal 0 0 -1
outer loop
vertex -44.95697784423828 -77.15972137451172 -4
vertex -45.103424072265625 -75.8170394897461 -4
vertex -44.99503707885742 -75.65482330322266 -4
endloop
endfacet
facet normal 0 0 -1
outer loop
vertex -44.95697784423828 -77.15972137451172 -4
vertex -45.2656364440918 -75.92542266845703 -4
vertex -45.103424072265625 -75.8170394897461 -4
endloop
endfacet
facet normal -0.9807869428222868 -0.19508196428504695 0
outer loop
vertex -44.99503707885742 -74.27214050292969 0
vertex -44.99503707885742 -74.27214050292969 -5
vertex -44.95697784423828 -74.46348571777344 0
endloop
endfacet
facet normal -0.5555572524753821 0.8314782854783427 0
outer loop
vertex -45.103424072265625 -75.8170394897461 0
vertex -45.103424072265625 -75.8170394897461 -4
vertex -45.2656364440918 -75.92542266845703 0
endloop
endfacet
facet normal 0 0 1
outer loop
vertex -56.95697784423828 -77.15953063964844 -5
vertex -56.91891860961914 -74.27214050292969 -5
vertex -56.95697784423828 -74.46348571777344 -5
endloop
endfacet
facet normal 0 0 1
outer loop
vertex -56.91891860961914 -74.27214050292969 -5
vertex -56.95697784423828 -77.15953063964844 -5
vertex -56.81053161621094 -74.10993194580078 -5
endloop
endfacet
facet normal 0 0 1
outer loop
vertex -56.81053161621094 -74.10993194580078 -5
vertex -56.95697784423828 -77.15953063964844 -5
vertex -56.648319244384766 -74.00154113769531 -5
endloop
endfacet
facet normal 0 0 1
outer loop
vertex -56.648319244384766 -74.00154113769531 -5
vertex -56.95697784423828 -77.15953063964844 -5
vertex -45.2656364440918 -74.00154113769531 -5
endloop
endfacet
facet normal 0 0 1
outer loop
vertex -44.95697784423828 -77.15972137451172 -5
vertex -44.95697784423828 -74.46348571777344 -5
vertex -56.95697784423828 -77.15953063964844 -5
endloop
endfacet
facet normal 0 0 1
outer loop
vertex -56.95697784423828 -77.15953063964844 -5
vertex -44.95697784423828 -74.46348571777344 -5
vertex -44.99503707885742 -74.27214050292969 -5
endloop
endfacet
facet normal 0 0 1
outer loop
vertex -56.95697784423828 -77.15953063964844 -5
vertex -44.99503707885742 -74.27214050292969 -5
vertex -45.103424072265625 -74.10993194580078 -5
endloop
endfacet
facet normal 0 0 1
outer loop
vertex -45.2656364440918 -74.00154113769531 -5
vertex -56.95697784423828 -77.15953063964844 -5
vertex -45.103424072265625 -74.10993194580078 -5
endloop
endfacet
facet normal 1 0 0
outer loop
vertex -56.95697784423828 -77.15953063964844 -4
vertex -56.95697784423828 -77.15953063964844 -5
vertex -56.95697784423828 -75.46348571777344 -4
endloop
endfacet
facet normal 1 0 0
outer loop
vertex -56.95697784423828 -75.46348571777344 -4
vertex -56.95697784423828 -77.15953063964844 -5
vertex -56.95697784423828 -74.46348571777344 -5
endloop
endfacet
facet normal 0 0 -1
outer loop
vertex -56.95697784423828 -77.15953063964844 -4
vertex -56.81053161621094 -75.8170394897461 -4
vertex -56.648319244384766 -75.92542266845703 -4
endloop
endfacet
facet normal 0 0 -1
outer loop
vertex -56.81053161621094 -75.8170394897461 -4
vertex -56.95697784423828 -77.15953063964844 -4
vertex -56.91891860961914 -75.65482330322266 -4
endloop
endfacet
facet normal 0 0 -1
outer loop
vertex -56.95697784423828 -77.15953063964844 -4
vertex -56.648319244384766 -75.92542266845703 -4
vertex -56.45697784423828 -75.96348571777344 -4
endloop
endfacet
facet normal 0 0 -1
outer loop
vertex -56.91891860961914 -75.65482330322266 -4
vertex -56.95697784423828 -77.15953063964844 -4
vertex -56.95697784423828 -75.46348571777344 -4
endloop
endfacet
facet normal 0 0 -1
outer loop
vertex -56.45697784423828 -75.96348571777344 -4
vertex -51.35697937011719 -77.15962219238281 -4
vertex -56.95697784423828 -77.15953063964844 -4
endloop
endfacet
facet normal -0.831475288175546 0.5555617383814266 0
outer loop
vertex -44.99503707885742 -75.65482330322266 0
vertex -44.99503707885742 -75.65482330322266 -4
vertex -45.103424072265625 -75.8170394897461 0
endloop
endfacet
facet normal 0 0 -1
outer loop
vertex -51.35697937011719 -77.15962219238281 -4
vertex -56.45697784423828 -75.96348571777344 -4
vertex -51.35697937011719 -75.96348571777344 -4
endloop
endfacet
facet normal 0 0 -1
outer loop
vertex -44.95697784423828 -77.15972137451172 -4
vertex -50.556976318359375 -75.96348571777344 -4
vertex -45.2656364440918 -75.92542266845703 -4
endloop
endfacet
facet normal 0.9807869428222868 -0.19508196428504695 0
outer loop
vertex -56.95697784423828 -74.46348571777344 -5
vertex -56.91891860961914 -74.27214050292969 -5
vertex -56.91891860961914 -74.27214050292969 0
endloop
endfacet
facet normal 0.8314632175140401 -0.5555798033776967 0
outer loop
vertex -56.91891860961914 -74.27214050292969 -5
vertex -56.81053161621094 -74.10993194580078 -5
vertex -56.81053161621094 -74.10993194580078 0
endloop
endfacet
facet normal 0.5555842886150507 -0.8314602204820793 0
outer loop
vertex -56.81053161621094 -74.10993194580078 -5
vertex -56.648319244384766 -74.00154113769531 -5
vertex -56.648319244384766 -74.00154113769531 0
endloop
endfacet
facet normal 1 0 0
outer loop
vertex -56.95697784423828 -75.46348571777344 -4
vertex -56.95697784423828 -74.46348571777344 -5
vertex -56.95697784423828 -74.46348571777344 0
endloop
endfacet
facet normal 0.831475288175546 0.5555617383814266 0
outer loop
vertex -56.81053161621094 -75.8170394897461 -4
vertex -56.91891860961914 -75.65482330322266 -4
vertex -56.91891860961914 -75.65482330322266 0
endloop
endfacet
facet normal 0.980785454467839 0.19508944693220684 0
outer loop
vertex -56.91891860961914 -75.65482330322266 -4
vertex -56.95697784423828 -75.46348571777344 -4
vertex -56.95697784423828 -75.46348571777344 0
endloop
endfacet
facet normal 0.19510451479714808 0.980782457176804 0
outer loop
vertex -56.45697784423828 -75.96348571777344 -4
vertex -56.648319244384766 -75.92542266845703 -4
vertex -56.648319244384766 -75.92542266845703 0
endloop
endfacet
facet normal 0.5555572524753821 0.8314782854783427 0
outer loop
vertex -56.648319244384766 -75.92542266845703 -4
vertex -56.81053161621094 -75.8170394897461 -4
vertex -56.81053161621094 -75.8170394897461 0
endloop
endfacet
facet normal 1 0 0
outer loop
vertex -51.35697937011719 -75.96348571777344 -4
vertex -51.35697937011719 -77.15962219238281 -1.6665213108062744
vertex -51.35697937011719 -77.15962219238281 -4
endloop
endfacet
facet normal 0 -1 0
outer loop
vertex -56.648319244384766 -74.00154113769531 -5
vertex -45.2656364440918 -74.00154113769531 -5
vertex -56.648319244384766 -74.00154113769531 0
endloop
endfacet
facet normal -1 0 0
outer loop
vertex -50.556976318359375 -77.15962982177734 -4
vertex -50.556976318359375 -77.15962982177734 -1.6665198802947998
vertex -50.556976318359375 -75.96348571777344 -4
endloop
endfacet
facet normal 0 1 0
outer loop
vertex -51.35697937011719 -75.96348571777344 -4
vertex -56.45697784423828 -75.96348571777344 -4
vertex -51.35697937011719 -75.96348571777344 0
endloop
endfacet
facet normal -1 0 0
outer loop
vertex -44.95697784423828 -77.15972137451172 -5
vertex -44.95697784423828 -77.15972137451172 -4
vertex -44.95697784423828 -75.46348571777344 -4
endloop
endfacet
facet normal -0.980785454467839 0.19508944693220684 0
outer loop
vertex -44.95697784423828 -75.46348571777344 0
vertex -44.95697784423828 -75.46348571777344 -4
vertex -44.99503707885742 -75.65482330322266 0
endloop
endfacet
facet normal 0 0 -1
outer loop
vertex -51.880855560302734 70.27765655517578 -3.5
vertex -51.93776321411133 70.46524810791016 -3.5
vertex -51.880855560302734 71.04302215576172 -3.5
endloop
endfacet
facet normal 0.29029578757115876 0.9569369653840532 0
outer loop
vertex -51.152069091796875 69.67955017089844 -7.373304843902588
vertex -51.33966064453125 69.73645782470703 -7.368826389312744
vertex -51.33966064453125 69.73645782470703 -3.5
endloop
endfacet
facet normal -0.6343995052974511 0.7730053477682733 0
outer loop
vertex -50.24987030029297 69.95323181152344 -3.5
vertex -50.24987030029297 69.95323181152344 -6.762897968292236
vertex -50.40140914916992 69.82886505126953 -3.5
endloop
endfacet
facet normal -0.471387970526712 0.8819259499769284 0
outer loop
vertex -50.40140914916992 69.82886505126953 -3.5
vertex -50.40140914916992 69.82886505126953 -6.970556259155273
vertex -50.57429504394531 69.73645782470703 -3.5
endloop
endfacet
facet normal 0.8819159313239885 -0.4714067140770717 0
outer loop
vertex -51.880855560302734 71.04302215576172 -3.5
vertex -51.880855560302734 71.04302215576172 -6.536345481872559
vertex -51.818607330322266 71.15947723388672 -3.5
endloop
endfacet
facet normal 0.9569369653840532 -0.29029578757115876 0
outer loop
vertex -51.93776321411133 70.85543060302734 -3.5
vertex -51.93776321411133 70.85543060302734 -6.757148742675781
vertex -51.880855560302734 71.04302215576172 -3.5
endloop
endfacet
facet normal 0.9951848165503705 -0.09801622777686082 0
outer loop
vertex -51.95697784423828 70.66033935546875 -3.5
vertex -51.95697784423828 70.66033935546875 -6.96525764465332
vertex -51.93776321411133 70.85543060302734 -3.5
endloop
endfacet
facet normal 0 0 -1
outer loop
vertex -51.93776321411133 70.46524810791016 -3.5
vertex -51.95697784423828 70.66033935546875 -3.5
vertex -51.880855560302734 71.04302215576172 -3.5
endloop
endfacet
facet normal -0.2902957875711588 0.9569369653840532 0
outer loop
vertex -50.57429504394531 69.73645782470703 -3.5
vertex -50.57429504394531 69.73645782470703 -7.15731954574585
vertex -50.76188659667969 69.67955017089844 -3.5
endloop
endfacet
facet normal -0.09799695542310247 0.9951867145052236 -3.176186808759182e-7
outer loop
vertex -50.76188659667969 69.67955017089844 -3.5
vertex -50.85275650024414 69.67060089111328 -7.374009132385254
vertex -50.95697784423828 69.66033935546875 -3.5
endloop
endfacet
facet normal 0.0979969554231074 0.9951867145052739 0
outer loop
vertex -50.95697784423828 69.66033935546875 -3.5
vertex -50.95697784423828 69.66033935546875 -7.374817371368408
vertex -51.152069091796875 69.67955017089844 -3.5
endloop
endfacet
facet normal 0.2902957875711588 0.9569369653840533 0
outer loop
vertex -51.152069091796875 69.67955017089844 -3.5
vertex -51.152069091796875 69.67955017089844 -7.373304843902588
vertex -51.33966064453125 69.73645782470703 -3.5
endloop
endfacet
facet normal 0.8819302739048788 0.47137988074382825 0
outer loop
vertex -51.788448333740234 70.10476684570312 -3.5
vertex -51.788448333740234 70.10476684570312 -7.339839935302734
vertex -51.880855560302734 70.27765655517578 -3.5
endloop
endfacet
facet normal 0.6343995052974511 0.7730053477682733 0
outer loop
vertex -51.51254653930664 69.82886505126953 -3.5
vertex -51.51254653930664 69.82886505126953 -7.36155366897583
vertex -51.664085388183594 69.95323181152344 -3.5
endloop
endfacet
facet normal 0.773007058863365 0.6343974203505327 0
outer loop
vertex -51.664085388183594 69.95323181152344 -3.5
vertex -51.664085388183594 69.95323181152344 -7.351766109466553
vertex -51.788448333740234 70.10476684570312 -3.5
endloop
endfacet
facet normal 0.9951848165503705 0.09801622777686082 0
outer loop
vertex -51.93776321411133 70.46524810791016 -3.5
vertex -51.93776321411133 70.46524810791016 -7.152675151824951
vertex -51.95697784423828 70.66033935546875 -3.5
endloop
endfacet
facet normal 0.9569362151373036 0.2902955599767833 0.0012522046391543144
outer loop
vertex -51.880855560302734 70.27765655517578 -3.5
vertex -51.869266510009766 70.25596618652344 -7.327939987182617
vertex -51.93776321411133 70.46524810791016 -3.5
endloop
endfacet
facet normal 0.47138797052671205 0.8819259499769285 0
outer loop
vertex -51.33966064453125 69.73645782470703 -3.5
vertex -51.33966064453125 69.73645782470703 -7.368826389312744
vertex -51.51254653930664 69.82886505126953 -3.5
endloop
endfacet
facet normal -0.7730070588633648 0.6343974203505326 0
outer loop
vertex -50.12550735473633 70.10476684570312 -3.5
vertex -50.12550735473633 70.10476684570312 -6.542324542999268
vertex -50.24987030029297 69.95323181152344 -3.5
endloop
endfacet
facet normal -0.881933378070031 0.47137407294629974 0
outer loop
vertex -50.0953483581543 70.16119384765625 -3.5
vertex -50.0953483581543 70.16119384765625 -6.4688849449157715
vertex -50.12550735473633 70.10476684570312 -3.5
endloop
endfacet
facet normal -0.8819333780700311 0.4713740729462998 0
outer loop
vertex -50.12550735473633 70.10476684570312 -6.542324542999268
vertex -50.12550735473633 70.10476684570312 -3.5
vertex -50.0953483581543 70.16119384765625 -6.4688849449157715
endloop
endfacet
facet normal -0.7730070588633648 0.6343974203505326 0
outer loop
vertex -50.24987030029297 69.95323181152344 -6.762897968292236
vertex -50.24987030029297 69.95323181152344 -3.5
vertex -50.12550735473633 70.10476684570312 -6.542324542999268
endloop
endfacet
facet normal -0.6343995052974511 0.7730053477682733 0
outer loop
vertex -50.24987030029297 69.95323181152344 -6.762897968292236
vertex -50.40140914916992 69.82886505126953 -6.970556259155273
vertex -50.40140914916992 69.82886505126953 -3.5
endloop
endfacet
facet normal -0.471387970526712 0.8819259499769284 0
outer loop
vertex -50.40140914916992 69.82886505126953 -6.970556259155273
vertex -50.57429504394531 69.73645782470703 -7.15731954574585
vertex -50.57429504394531 69.73645782470703 -3.5
endloop
endfacet
facet normal 0.8819159313239885 -0.4714067140770717 0
outer loop
vertex -51.880855560302734 71.04302215576172 -6.536345481872559
vertex -51.818607330322266 71.15947723388672 -6.384773254394531
vertex -51.818607330322266 71.15947723388672 -3.5
endloop
endfacet
facet normal 0.9569369653840532 -0.2902957875711588 0
outer loop
vertex -51.93776321411133 70.85543060302734 -6.757148742675781
vertex -51.880855560302734 71.04302215576172 -6.536345481872559
vertex -51.880855560302734 71.04302215576172 -3.5
endloop
endfacet
facet normal 0.9951848165503704 -0.09801622777686082 0
outer loop
vertex -51.95697784423828 70.66033935546875 -6.96525764465332
vertex -51.93776321411133 70.85543060302734 -6.757148742675781
vertex -51.93776321411133 70.85543060302734 -3.5
endloop
endfacet
facet normal 0.9951848165503705 0.09801622777686082 0
outer loop
vertex -51.93776321411133 70.46524810791016 -7.152675151824951
vertex -51.95697784423828 70.66033935546875 -6.96525764465332
vertex -51.95697784423828 70.66033935546875 -3.5
endloop
endfacet
facet normal -0.29029578757115876 0.9569369653840532 0
outer loop
vertex -50.57429504394531 69.73645782470703 -7.15731954574585
vertex -50.76188659667969 69.67955017089844 -7.316010475158691
vertex -50.76188659667969 69.67955017089844 -3.5
endloop
endfacet
facet normal -0.09801036622927715 0.9951853938395615 0
outer loop
vertex -50.76188659667969 69.67955017089844 -7.316010475158691
vertex -50.85275650024414 69.67060089111328 -7.374009132385254
vertex -50.76188659667969 69.67955017089844 -3.5
endloop
endfacet
facet normal -0.09798526258594731 0.9951878658403965 0
outer loop
vertex -50.85275650024414 69.67060089111328 -7.374009132385254
vertex -50.95697784423828 69.66033935546875 -7.374817371368408
vertex -50.95697784423828 69.66033935546875 -3.5
endloop
endfacet
facet normal 0.09799695542310739 0.9951867145052737 0
outer loop
vertex -50.95697784423828 69.66033935546875 -7.374817371368408
vertex -51.152069091796875 69.67955017089844 -7.373304843902588
vertex -51.152069091796875 69.67955017089844 -3.5
endloop
endfacet
facet normal 0.9503911699429557 0.3110572681910195 0
outer loop
vertex -51.869266510009766 70.25596618652344 -7.327939987182617
vertex -51.93776321411133 70.46524810791016 -7.152675151824951
vertex -51.93776321411133 70.46524810791016 -3.5
endloop
endfacet
facet normal 0.471387970526712 0.8819259499769285 0
outer loop
vertex -51.33966064453125 69.73645782470703 -7.368826389312744
vertex -51.51254653930664 69.82886505126953 -7.36155366897583
vertex -51.51254653930664 69.82886505126953 -3.5
endloop
endfacet
facet normal 0.8819201497406681 0.4713988221031054 -0.000001096481131858308
outer loop
vertex -51.788448333740234 70.10476684570312 -7.339839935302734
vertex -51.869266510009766 70.25596618652344 -7.327939987182617
vertex -51.880855560302734 70.27765655517578 -3.5
endloop
endfacet
facet normal 0.7730070588633648 0.6343974203505326 0
outer loop
vertex -51.664085388183594 69.95323181152344 -7.351766109466553
vertex -51.788448333740234 70.10476684570312 -7.339839935302734
vertex -51.788448333740234 70.10476684570312 -3.5
endloop
endfacet
facet normal 0 0 -1
outer loop
vertex -51.818607330322266 71.15947723388672 -3.5
vertex -51.880855560302734 70.27765655517578 -3.5
vertex -51.880855560302734 71.04302215576172 -3.5
endloop
endfacet
facet normal 0 0 -1
outer loop
vertex -50.76188659667969 69.67955017089844 -3.5
vertex -50.95697784423828 69.66033935546875 -3.5
vertex -51.818607330322266 71.15947723388672 -3.5
endloop
endfacet
facet normal 0 0 -1
outer loop
vertex -51.818607330322266 71.15947723388672 -3.5
vertex -51.788448333740234 70.10476684570312 -3.5
vertex -51.880855560302734 70.27765655517578 -3.5
endloop
endfacet
facet normal 0 0 -1
outer loop
vertex -51.818607330322266 71.15947723388672 -3.5
vertex -51.664085388183594 69.95323181152344 -3.5
vertex -51.788448333740234 70.10476684570312 -3.5
endloop
endfacet
facet normal 0 0 -1
outer loop
vertex -50.95697784423828 69.66033935546875 -3.5
vertex -51.152069091796875 69.67955017089844 -3.5
vertex -51.818607330322266 71.15947723388672 -3.5
endloop
endfacet
facet normal 0 0 -1
outer loop
vertex -51.818607330322266 71.15947723388672 -3.5
vertex -51.33966064453125 69.73645782470703 -3.5
vertex -51.51254653930664 69.82886505126953 -3.5
endloop
endfacet
facet normal 0 0 -1
outer loop
vertex -50.57429504394531 69.73645782470703 -3.5
vertex -50.76188659667969 69.67955017089844 -3.5
vertex -51.818607330322266 71.15947723388672 -3.5
endloop
endfacet
facet normal 0 0 -1
outer loop
vertex -50.40140914916992 69.82886505126953 -3.5
vertex -50.57429504394531 69.73645782470703 -3.5
vertex -51.818607330322266 71.15947723388672 -3.5
endloop
endfacet
facet normal 0 0 -1
outer loop
vertex -50.24987030029297 69.95323181152344 -3.5
vertex -50.40140914916992 69.82886505126953 -3.5
vertex -51.818607330322266 71.15947723388672 -3.5
endloop
endfacet
facet normal 0 0 -1
outer loop
vertex -50.12550735473633 70.10476684570312 -3.5
vertex -50.24987030029297 69.95323181152344 -3.5
vertex -51.818607330322266 71.15947723388672 -3.5
endloop
endfacet
facet normal 0 0 -1
outer loop
vertex -50.0953483581543 70.16119384765625 -3.5
vertex -50.12550735473633 70.10476684570312 -3.5
vertex -51.818607330322266 71.15947723388672 -3.5
endloop
endfacet
facet normal 0 0 -1
outer loop
vertex -51.152069091796875 69.67955017089844 -3.5
vertex -51.33966064453125 69.73645782470703 -3.5
vertex -51.818607330322266 71.15947723388672 -3.5
endloop
endfacet
facet normal 0 0 -1
outer loop
vertex -51.51254653930664 69.82886505126953 -3.5
vertex -51.664085388183594 69.95323181152344 -3.5
vertex -51.818607330322266 71.15947723388672 -3.5
endloop
endfacet
facet normal 0 0 -1
outer loop
vertex -51.880855560302734 71.04302215576172 -3.5
vertex -51.95697784423828 70.66033935546875 -3.5
vertex -51.93776321411133 70.85543060302734 -3.5
endloop
endfacet
facet normal 0.6343995052974511 0.7730053477682733 0
outer loop
vertex -51.51254653930664 69.82886505126953 -7.36155366897583
vertex -51.664085388183594 69.95323181152344 -7.351766109466553
vertex -51.664085388183594 69.95323181152344 -3.5
endloop
endfacet
facet normal -0.9569369653840532 0.2902957875711588 0
outer loop
vertex 64.99854278564453 59.14299774169922 -3.5
vertex 64.99854278564453 59.14299774169922 -7.593039035797119
vertex 64.94163513183594 58.955406188964844 -3.5
endloop
endfacet
facet normal -0.09801622777686082 0.9951848165503705 0
outer loop
vertex 64.21284484863281 58.357303619384766 -3.5
vertex 64.21284484863281 58.357303619384766 -8.264385223388672
vertex 64.01775360107422 58.33808898925781 -3.5
endloop
endfacet
facet normal 0.6343990617163389 0.7730057118116406 8.758253624062882e-8
outer loop
vertex 63.46218490600586 58.50661849975586 -8.252634048461914
vertex 63.365726470947266 58.58578109741211 -8.246403694152832
vertex 63.31064987182617 58.6309814453125 -3.5
endloop
endfacet
facet normal 0.6343945516430393 0.7730094131675417 0
outer loop
vertex 63.31064987182617 58.6309814453125 -3.5
vertex 63.365726470947266 58.58578109741211 -8.246403694152832
vertex 63.31064987182617 58.6309814453125 -8.193511962890625
endloop
endfacet
facet normal 0.7730070588633648 0.6343974203505326 0
outer loop
vertex 63.31064987182617 58.6309814453125 -8.193511962890625
vertex 63.18628692626953 58.78251647949219 -8.016158103942871
vertex 63.18628692626953 58.78251647949219 -3.5
endloop
endfacet
facet normal 0.8819221841853303 0.4713950159280179 0
outer loop
vertex 63.18628692626953 58.78251647949219 -8.016158103942871
vertex 63.093875885009766 58.955406188964844 -7.81378698348999
vertex 63.093875885009766 58.955406188964844 -3.5
endloop
endfacet
facet normal 0.9569369653840533 0.2902957875711588 0
outer loop
vertex 63.093875885009766 58.955406188964844 -7.81378698348999
vertex 63.03696823120117 59.14299774169922 -7.594176769256592
vertex 63.03696823120117 59.14299774169922 -3.5
endloop
endfacet
facet normal 0.9952401740509167 0.0974525280306972 0.00002712060736093506
outer loop
vertex 63.03696823120117 59.14299774169922 -7.594176769256592
vertex 63.01780700683594 59.338619232177734 -7.365144729614258
vertex 63.01775360107422 59.33808898925781 -3.5
endloop
endfacet
facet normal 0.2902725625063676 0.9569440106171242 0
outer loop
vertex 63.82266616821289 58.357303619384766 -8.264385223388672
vertex 63.63507080078125 58.414207458496094 -8.259906768798828
vertex 63.63507080078125 58.414207458496094 -3.5
endloop
endfacet
facet normal 0.09801812595133512 0.9951846295964323 0
outer loop
vertex 64.01775360107422 58.33808898925781 -8.265897750854492
vertex 63.82266616821289 58.357303619384766 -8.264385223388672
vertex 63.82266616821289 58.357303619384766 -3.5
endloop
endfacet
facet normal -0.09801622777686082 0.9951848165503705 0
outer loop
vertex 64.21284484863281 58.357303619384766 -8.264385223388672
vertex 64.01775360107422 58.33808898925781 -8.265897750854492
vertex 64.01775360107422 58.33808898925781 -3.5
endloop
endfacet
facet normal -0.2902779678676651 0.9569423709767578 0
outer loop
vertex 64.40043640136719 58.414207458496094 -8.259906768798828
vertex 64.21284484863281 58.357303619384766 -8.264385223388672
vertex 64.21284484863281 58.357303619384766 -3.5
endloop
endfacet
facet normal -0.4713950159280179 0.8819221841853304 0
outer loop
vertex 64.57332611083984 58.50661849975586 -8.252634048461914
vertex 64.40043640136719 58.414207458496094 -8.259906768798828
vertex 64.40043640136719 58.414207458496094 -3.5
endloop
endfacet
facet normal -0.8819302739048787 0.4713798807438282 0
outer loop
vertex 64.94163513183594 58.955406188964844 -7.81271505355835
vertex 64.84922790527344 58.78251647949219 -8.015192985534668
vertex 64.84922790527344 58.78251647949219 -3.5
endloop
endfacet
facet normal -0.9951873092363601 0.09799091557329961 0
outer loop
vertex 65.0177001953125 59.33755874633789 -7.365228176116943
vertex 64.99854278564453 59.14299774169922 -7.593039035797119
vertex 64.99854278564453 59.14299774169922 -3.5
endloop
endfacet
facet normal -0.9951873092363601 0.09799091557329961 0
outer loop
vertex 65.0177001953125 59.33755874633789 -3.5
vertex 65.0177001953125 59.33755874633789 -7.365228176116943
vertex 64.99854278564453 59.14299774169922 -3.5
endloop
endfacet
facet normal -0.6344026236812031 0.7730027885243401 0
outer loop
vertex 64.66893768310547 58.585086822509766 -8.246458053588867
vertex 64.57332611083984 58.50661849975586 -8.252634048461914
vertex 64.57332611083984 58.50661849975586 -3.5
endloop
endfacet
facet normal -0.6343885240880291 0.7730143598313114 0
outer loop
vertex 64.72486114501953 58.6309814453125 -8.192691802978516
vertex 64.66893768310547 58.585086822509766 -8.246458053588867
vertex 64.72486114501953 58.6309814453125 -3.5
endloop
endfacet
facet normal 0 0 -1
outer loop
vertex 63.63507080078125 58.414207458496094 -3.5
vertex 63.46218490600586 58.50661849975586 -3.5
vertex 63.01775360107422 59.33808898925781 -3.5
endloop
endfacet
facet normal 0 0 -1
outer loop
vertex 63.01775360107422 59.33808898925781 -3.5
vertex 63.46218490600586 58.50661849975586 -3.5
vertex 63.31064987182617 58.6309814453125 -3.5
endloop
endfacet
facet normal 0 0 -1
outer loop
vertex 63.82266616821289 58.357303619384766 -3.5
vertex 63.63507080078125 58.414207458496094 -3.5
vertex 63.01775360107422 59.33808898925781 -3.5
endloop
endfacet
facet normal 0 0 -1
outer loop
vertex 63.18628692626953 58.78251647949219 -3.5
vertex 63.093875885009766 58.955406188964844 -3.5
vertex 63.03696823120117 59.14299774169922 -3.5
endloop
endfacet
facet normal 0 0 -1
outer loop
vertex 63.18628692626953 58.78251647949219 -3.5
vertex 63.03696823120117 59.14299774169922 -3.5
vertex 63.01775360107422 59.33808898925781 -3.5
endloop
endfacet
facet normal 0 0 -1
outer loop
vertex 63.31064987182617 58.6309814453125 -3.5
vertex 63.18628692626953 58.78251647949219 -3.5
vertex 63.01775360107422 59.33808898925781 -3.5
endloop
endfacet
facet normal 0 0 -1
outer loop
vertex 64.01775360107422 58.33808898925781 -3.5
vertex 63.82266616821289 58.357303619384766 -3.5
vertex 63.01775360107422 59.33808898925781 -3.5
endloop
endfacet
facet normal 0 0 -1
outer loop
vertex 64.21284484863281 58.357303619384766 -3.5
vertex 64.01775360107422 58.33808898925781 -3.5
vertex 63.01775360107422 59.33808898925781 -3.5
endloop
endfacet
facet normal 0 0 -1
outer loop
vertex 64.40043640136719 58.414207458496094 -3.5
vertex 64.21284484863281 58.357303619384766 -3.5
vertex 63.01775360107422 59.33808898925781 -3.5
endloop
endfacet
facet normal 0 0 -1
outer loop
vertex 64.57332611083984 58.50661849975586 -3.5
vertex 64.40043640136719 58.414207458496094 -3.5
vertex 63.01775360107422 59.33808898925781 -3.5
endloop
endfacet
facet normal 0 0 -1
outer loop
vertex 64.72486114501953 58.6309814453125 -3.5
vertex 64.57332611083984 58.50661849975586 -3.5
vertex 63.01775360107422 59.33808898925781 -3.5
endloop
endfacet
facet normal 0 0 -1
outer loop
vertex 64.84922790527344 58.78251647949219 -3.5
vertex 64.72486114501953 58.6309814453125 -3.5
vertex 63.01775360107422 59.33808898925781 -3.5
endloop
endfacet
facet normal 0 0 -1
outer loop
vertex 64.94163513183594 58.955406188964844 -3.5
vertex 64.84922790527344 58.78251647949219 -3.5
vertex 63.01775360107422 59.33808898925781 -3.5
endloop
endfacet
facet normal 0 0 -1
outer loop
vertex 64.99854278564453 59.14299774169922 -3.5
vertex 64.94163513183594 58.955406188964844 -3.5
vertex 63.01775360107422 59.33808898925781 -3.5
endloop
endfacet
facet normal 0 0 -1
outer loop
vertex 65.0177001953125 59.33755874633789 -3.5
vertex 64.99854278564453 59.14299774169922 -3.5
vertex 63.01775360107422 59.33808898925781 -3.5
endloop
endfacet
facet normal -0.7729975161039842 0.6344090479312781 0
outer loop
vertex 64.84922790527344 58.78251647949219 -8.015192985534668
vertex 64.72486114501953 58.6309814453125 -8.192691802978516
vertex 64.72486114501953 58.6309814453125 -3.5
endloop
endfacet
facet normal 0.47140310582223166 0.881917860019375 0
outer loop
vertex 63.63507080078125 58.414207458496094 -8.259906768798828
vertex 63.46218490600586 58.50661849975586 -8.252634048461914
vertex 63.46218490600586 58.50661849975586 -3.5
endloop
endfacet
facet normal -0.8819302739048787 0.4713798807438282 0
outer loop
vertex 64.94163513183594 58.955406188964844 -3.5
vertex 64.94163513183594 58.955406188964844 -7.81271505355835
vertex 64.84922790527344 58.78251647949219 -3.5
endloop
endfacet
facet normal 0.6343974203505326 0.7730070588633647 0
outer loop
vertex 63.46218490600586 58.50661849975586 -3.5
vertex 63.46218490600586 58.50661849975586 -8.252634048461914
vertex 63.31064987182617 58.6309814453125 -3.5
endloop
endfacet
facet normal 0.7730070588633648 0.6343974203505326 0
outer loop
vertex 63.31064987182617 58.6309814453125 -3.5
vertex 63.31064987182617 58.6309814453125 -8.193511962890625
vertex 63.18628692626953 58.78251647949219 -3.5
endloop
endfacet
facet normal 0.8819221841853303 0.4713950159280179 0
outer loop
vertex 63.18628692626953 58.78251647949219 -3.5
vertex 63.18628692626953 58.78251647949219 -8.016158103942871
vertex 63.093875885009766 58.955406188964844 -3.5
endloop
endfacet
facet normal 0.9569369653840532 0.2902957875711588 0
outer loop
vertex 63.093875885009766 58.955406188964844 -3.5
vertex 63.093875885009766 58.955406188964844 -7.81378698348999
vertex 63.03696823120117 59.14299774169922 -3.5
endloop
endfacet
facet normal 0.9951848165503705 0.09801622777686082 0
outer loop
vertex 63.03696823120117 59.14299774169922 -3.5
vertex 63.03696823120117 59.14299774169922 -7.594176769256592
vertex 63.01775360107422 59.33808898925781 -3.5
endloop
endfacet
facet normal 0.4714031058222316 0.881917860019375 0
outer loop
vertex 63.63507080078125 58.414207458496094 -3.5
vertex 63.63507080078125 58.414207458496094 -8.259906768798828
vertex 63.46218490600586 58.50661849975586 -3.5
endloop
endfacet
facet normal 0.2902725625063677 0.9569440106171243 0
outer loop
vertex 63.82266616821289 58.357303619384766 -3.5
vertex 63.82266616821289 58.357303619384766 -8.264385223388672
vertex 63.63507080078125 58.414207458496094 -3.5
endloop
endfacet
facet normal 0.09801812595133513 0.9951846295964324 0
outer loop
vertex 64.01775360107422 58.33808898925781 -3.5
vertex 64.01775360107422 58.33808898925781 -8.265897750854492
vertex 63.82266616821289 58.357303619384766 -3.5
endloop
endfacet
facet normal -0.7729975161039842 0.6344090479312781 0
outer loop
vertex 64.84922790527344 58.78251647949219 -3.5
vertex 64.84922790527344 58.78251647949219 -8.015192985534668
vertex 64.72486114501953 58.6309814453125 -3.5
endloop
endfacet
facet normal -0.6343974203505229 0.773007058863353 1.7541184561014732e-7
outer loop
vertex 64.72486114501953 58.6309814453125 -3.5
vertex 64.66893768310547 58.585086822509766 -8.246458053588867
vertex 64.57332611083984 58.50661849975586 -3.5
endloop
endfacet
facet normal -0.4713950159280179 0.8819221841853303 0
outer loop
vertex 64.57332611083984 58.50661849975586 -3.5
vertex 64.57332611083984 58.50661849975586 -8.252634048461914
vertex 64.40043640136719 58.414207458496094 -3.5
endloop
endfacet
facet normal -0.2902779678676651 0.9569423709767578 0
outer loop
vertex 64.40043640136719 58.414207458496094 -3.5
vertex 64.40043640136719 58.414207458496094 -8.259906768798828
vertex 64.21284484863281 58.357303619384766 -3.5
endloop
endfacet
facet normal -0.9569369653840532 0.2902957875711588 0
outer loop
vertex 64.99854278564453 59.14299774169922 -7.593039035797119
vertex 64.94163513183594 58.955406188964844 -7.81271505355835
vertex 64.94163513183594 58.955406188964844 -3.5
endloop
endfacet
facet normal 0.5012662465378848 0.8652931006785045 0
outer loop
vertex -49.690670013427734 70.85130310058594 -1.2000000476837158
vertex -49.690670013427734 70.85130310058594 -2.4000000953674316
vertex -51.42125701904297 71.85383605957031 -2.4000000953674316
endloop
endfacet
facet normal 0.9610324115685686 -0.27643571389149707 0
outer loop
vertex -49.690670013427734 70.85130310058594 -1.2000000476837158
vertex -49.91862487792969 70.0588150024414 -2.5
vertex -49.690670013427734 70.85130310058594 -2.4000000953674316
endloop
endfacet
facet normal -0.717880636894951 0.6961662094437646 0
outer loop
vertex -51.42125701904297 71.85383605957031 -2.4000000953674316
vertex -51.995330810546875 71.26185607910156 -1.100000023841858
vertex -51.42125701904297 71.85383605957031 -1.2000000476837158
endloop
endfacet
facet normal 0.5012662465378848 0.8652931006785045 0
outer loop
vertex -49.690670013427734 70.85130310058594 -1.2000000476837158
vertex -51.42125701904297 71.85383605957031 -2.4000000953674316
vertex -51.42125701904297 71.85383605957031 -1.2000000476837158
endloop
endfacet
facet normal 0.9610324115685684 -0.276435713891497 0
outer loop
vertex -49.91862487792969 70.0588150024414 -2.5
vertex -49.690670013427734 70.85130310058594 -1.2000000476837158
vertex -49.91862487792969 70.0588150024414 -1.100000023841858
endloop
endfacet
facet normal 0.06217439736101656 0.10732635091013537 0.9922778838173857
outer loop
vertex -51.42125701904297 71.85383605957031 -1.2000000476837158
vertex -49.91862487792969 70.0588150024414 -1.100000023841858
vertex -49.690670013427734 70.85130310058594 -1.2000000476837158
endloop
endfacet
facet normal 0.062174461163854285 0.10732640377891878 0.9922778741012364
outer loop
vertex -49.91862487792969 70.0588150024414 -1.100000023841858
vertex -51.42125701904297 71.85383605957031 -1.2000000476837158
vertex -51.995330810546875 71.26185607910156 -1.100000023841858
endloop
endfacet
facet normal -0.7178806368949511 0.6961662094437647 0
outer loop
vertex -51.42125701904297 71.85383605957031 -2.4000000953674316
vertex -51.995330810546875 71.26185607910156 -2.5
vertex -51.995330810546875 71.26185607910156 -1.100000023841858
endloop
endfacet
facet normal 0.062174366888761406 0.10732629830848439 -0.9922778914161999
outer loop
vertex -49.690670013427734 70.85130310058594 -2.4000000953674316
vertex -51.995330810546875 71.26185607910156 -2.5
vertex -51.42125701904297 71.85383605957031 -2.4000000953674316
endloop
endfacet
facet normal 0.06217435276549587 0.10732621666019244 -0.9922779011323396
outer loop
vertex -51.995330810546875 71.26185607910156 -2.5
vertex -49.690670013427734 70.85130310058594 -2.4000000953674316
vertex -49.91862487792969 70.0588150024414 -2.5
endloop
endfacet
facet normal 0.9702705320202786 0.24202292183403945 0
outer loop
vertex 65.21775817871094 59.33745193481445 -2.5
vertex 65.01818084716797 60.13755798339844 -1.2000000476837158
vertex 65.21775817871094 59.33745193481445 -1.100000023841858
endloop
endfacet
facet normal 0.0005302428453809894 0.9999998594212525 0
outer loop
vertex 65.01818084716797 60.13755798339844 -1.2000000476837158
vertex 63.01818084716797 60.13861846923828 -2.4000000953674316
vertex 63.01818084716797 60.13861846923828 -1.2000000476837158
endloop
endfacet
facet normal 0.0005302428453809894 0.9999998594212525 0
outer loop
vertex 65.01818084716797 60.13755798339844 -2.4000000953674316
vertex 63.01818084716797 60.13861846923828 -2.4000000953674316
vertex 65.01818084716797 60.13755798339844 -1.2000000476837158
endloop
endfacet
facet normal 0.9702705320202786 0.24202292183403945 0
outer loop
vertex 65.01818084716797 60.13755798339844 -1.2000000476837158
vertex 65.21775817871094 59.33745193481445 -2.5
vertex 65.01818084716797 60.13755798339844 -2.4000000953674316
endloop
endfacet
facet normal -0.9700136516744708 0.243050438315092 0
outer loop
vertex 63.01818084716797 60.13861846923828 -2.4000000953674316
vertex 62.81775665283203 59.33872604370117 -1.100000023841858
vertex 63.01818084716797 60.13861846923828 -1.2000000476837158
endloop
endfacet
facet normal 0.00006584746756276723 0.12403494259654117 0.992277848527913
outer loop
vertex 63.01818084716797 60.13861846923828 -1.2000000476837158
vertex 62.81775665283203 59.33872604370117 -1.100000023841858
vertex 65.21775817871094 59.33745193481445 -1.100000023841858
endloop
endfacet
facet normal 0.00006576853699593307 0.12403472922490559 0.9922778752046242
outer loop
vertex 63.01818084716797 60.13861846923828 -1.2000000476837158
vertex 65.21775817871094 59.33745193481445 -1.100000023841858
vertex 65.01818084716797 60.13755798339844 -1.2000000476837158
endloop
endfacet
facet normal -0.970013651674471 0.24305043831509202 0
outer loop
vertex 63.01818084716797 60.13861846923828 -2.4000000953674316
vertex 62.81775665283203 59.33872604370117 -2.5
vertex 62.81775665283203 59.33872604370117 -1.100000023841858
endloop
endfacet
facet normal 0.00006584728727741401 0.12403460299831114 -0.9922778909777171
outer loop
vertex 62.81775665283203 59.33872604370117 -2.5
vertex 65.01818084716797 60.13755798339844 -2.4000000953674316
vertex 65.21775817871094 59.33745193481445 -2.5
endloop
endfacet
facet normal 0.00006576858324812269 0.12403481645320771 -0.99227786430108
outer loop
vertex 65.01818084716797 60.13755798339844 -2.4000000953674316
vertex 62.81775665283203 59.33872604370117 -2.5
vertex 63.01818084716797 60.13861846923828 -2.4000000953674316
endloop
endfacet
endsolid auto-kdk-case
